"square_token","square_sku","gtin","original_name","normalized_name","normalization_note","brand","square_category","catalog_category","original_variation","presentation","specifications_in_original_name","reference_handle","csv_file","csv_row","csv_line_start","csv_line_end","xlsx_file","xlsx_sheet","xlsx_row","same_name_rows","duplicate_sku_rows","match_status","rockwall_product_id","dynamite_candidates","evidence"
"4EEEP37RJXP5AXHKDI7YX772","943100700084","","#10 Color Sparklers-8 Count","#10 Color Sparklers-8 Count","Whitespace cleaned; uncertain abbreviations retained","Unknown","Unknown","Unknown","#10 Metal Color Sparklers 8 Pcs. BOGO","#10 Metal Color Sparklers 8 Pcs. BOGO","Unknown","#-10-color-sparklers-8-count--10-metal-color-sparklers-8-pcs-bogo","/Volumes/FACUNDO/Rockwall fireworks/MLTX6DPJDFYX7_catalog-2026-08-16-1724.csv","2","2","2","/Volumes/FACUNDO/Rockwall fireworks/rockwall fireworks items.xlsx","Items","3","1","1","no_match","","Unknown","No sufficiently specific candidate identified in the two Dynamite catalog files."
"MO7U7N23MCPWFMSUO6F7KPX5","887946060578","","#10 Colored Sparklers 12pk","#10 Colored Sparklers 12pk","Whitespace cleaned; uncertain abbreviations retained","Unknown","Unknown","Unknown","Regular","Unknown","Unknown","#-10-colored-sparklers-12pk-regular","/Volumes/FACUNDO/Rockwall fireworks/MLTX6DPJDFYX7_catalog-2026-08-16-1724.csv","3","3","3","/Volumes/FACUNDO/Rockwall fireworks/rockwall fireworks items.xlsx","Items","4","1","1","no_match","","Unknown","No sufficiently specific candidate identified in the two Dynamite catalog files."
"NPHHBP5U244PDNHQCP2QKIFW","813559000335","","#20 Wedding Sparklers","#20 Wedding Sparklers","Whitespace cleaned; uncertain abbreviations retained","Unknown","Unknown","Unknown","Regular","Unknown","Unknown","#-20-wedding-sparklers-regular","/Volumes/FACUNDO/Rockwall fireworks/MLTX6DPJDFYX7_catalog-2026-08-16-1724.csv","4","4","4","/Volumes/FACUNDO/Rockwall fireworks/rockwall fireworks items.xlsx","Items","5","1","1","no_match","","Unknown","No sufficiently specific candidate identified in the two Dynamite catalog files."
"TIP5YHEU5ZKBTV7XQE3XCN4Z","8145270110119","","#3 Cone","#3 Cone","Whitespace cleaned; uncertain abbreviations retained","Unknown","CONES","Unknown","Regular","Unknown","Unknown","#-3-cone-regular","/Volumes/FACUNDO/Rockwall fireworks/MLTX6DPJDFYX7_catalog-2026-08-16-1724.csv","5","5","5","/Volumes/FACUNDO/Rockwall fireworks/rockwall fireworks items.xlsx","Items","6","3","1","probable","","products.json[39] No. 3 Cone Fountain / Monkey Mania / /products/no3-cone-fountain.png","Name identifies a candidate only; manufacturer and exact presentation have not been established."
"OJQE63ODOA5VPD3QCXH5T5YC","","757201000062","#3 Cone","#3 Cone","Whitespace cleaned; uncertain abbreviations retained","Unknown","CONES","Unknown","n3 cone 2 pack","n3 cone 2 pack","Unknown","#-3-cone-1-n3-cone-2-pack","/Volumes/FACUNDO/Rockwall fireworks/MLTX6DPJDFYX7_catalog-2026-08-16-1724.csv","6","6","6","/Volumes/FACUNDO/Rockwall fireworks/rockwall fireworks items.xlsx","Items","7","3","0","probable","","products.json[39] No. 3 Cone Fountain / Monkey Mania / /products/no3-cone-fountain.png","Name identifies a candidate only; manufacturer and exact presentation have not been established."
"3PH6F5MR6FJAYXJ2USJNAAR2","8145270110317","","#3 Cone","#3 Cone","Whitespace cleaned; uncertain abbreviations retained","Unknown","CONES","Unknown","Regular","Unknown","Unknown","#-3-cone-1-regular","/Volumes/FACUNDO/Rockwall fireworks/MLTX6DPJDFYX7_catalog-2026-08-16-1724.csv","7","7","7","/Volumes/FACUNDO/Rockwall fireworks/rockwall fireworks items.xlsx","Items","8","3","1","probable","","products.json[39] No. 3 Cone Fountain / Monkey Mania / /products/no3-cone-fountain.png","Name identifies a candidate only; manufacturer and exact presentation have not been established."
"LVWCVY2ZMETIEEFYQ2IMJELD","8145270110218","","#3 Cone (Cutting Edge)","#3 Cone (Cutting Edge)","Whitespace cleaned; uncertain abbreviations retained","Unknown","CONES","Unknown","Regular","Unknown","Unknown","#-3-cone-cutting-edge--regular","/Volumes/FACUNDO/Rockwall fireworks/MLTX6DPJDFYX7_catalog-2026-08-16-1724.csv","8","8","8","/Volumes/FACUNDO/Rockwall fireworks/rockwall fireworks items.xlsx","Items","9","1","1","no_match","","Unknown","No sufficiently specific candidate identified in the two Dynamite catalog files."
"CDGWKPGVVZ4K54TBJPCZ4AV4","813559002230","","#3 Cone (Megabanger)","#3 Cone (Megabanger)","Whitespace cleaned; uncertain abbreviations retained","Unknown","CONES","Unknown","Regular","Unknown","Unknown","#-3-cone-megabanger--regular","/Volumes/FACUNDO/Rockwall fireworks/MLTX6DPJDFYX7_catalog-2026-08-16-1724.csv","9","9","9","/Volumes/FACUNDO/Rockwall fireworks/rockwall fireworks items.xlsx","Items","10","1","1","no_match","","Unknown","No sufficiently specific candidate identified in the two Dynamite catalog files."
"GW2BANHVFZKPULG4Y2RIAFNB","705108404957","","#3 Cone (Shogun)","#3 Cone (Shogun)","Whitespace cleaned; uncertain abbreviations retained","Unknown","CONES","Unknown","Regular","Unknown","Unknown","#-3-cone-shogun--regular","/Volumes/FACUNDO/Rockwall fireworks/MLTX6DPJDFYX7_catalog-2026-08-16-1724.csv","10","10","10","/Volumes/FACUNDO/Rockwall fireworks/rockwall fireworks items.xlsx","Items","11","1","1","no_match","","Unknown","No sufficiently specific candidate identified in the two Dynamite catalog files."
"VVMQPHPHLHQ5PLBD2WW6R5N7","816597933849","","#3 Mini Cones 12pc","#3 Mini Cones 12pc","Whitespace cleaned; uncertain abbreviations retained","Unknown","CONES","Unknown","Regular","Unknown","12pc","#-3-mini-cones-12pc-regular","/Volumes/FACUNDO/Rockwall fireworks/MLTX6DPJDFYX7_catalog-2026-08-16-1724.csv","11","11","11","/Volumes/FACUNDO/Rockwall fireworks/rockwall fireworks items.xlsx","Items","12","1","1","no_match","","Unknown","No sufficiently specific candidate identified in the two Dynamite catalog files."
"HPCVXOYT2OFAXABHQZESYK6X","715244102884","","#3 Solar Flare (BC)","#3 Solar Flare (BC)","Whitespace cleaned; uncertain abbreviations retained","Unknown","CONES","Unknown","Regular","Unknown","Unknown","#-3-solar-flare-bc--regular","/Volumes/FACUNDO/Rockwall fireworks/MLTX6DPJDFYX7_catalog-2026-08-16-1724.csv","12","12","12","/Volumes/FACUNDO/Rockwall fireworks/rockwall fireworks items.xlsx","Items","13","1","1","no_match","","Unknown","No sufficiently specific candidate identified in the two Dynamite catalog files."
"AL7PJVDQO5U7GMSPD7J3WPPL","715244002887","","#3 Solar Wave (BC)","#3 Solar Wave (BC)","Whitespace cleaned; uncertain abbreviations retained","Unknown","CONES","Unknown","Regular","Unknown","Unknown","#-3-solar-wave-bc--regular","/Volumes/FACUNDO/Rockwall fireworks/MLTX6DPJDFYX7_catalog-2026-08-16-1724.csv","13","13","13","/Volumes/FACUNDO/Rockwall fireworks/rockwall fireworks items.xlsx","Items","14","1","1","no_match","","Unknown","No sufficiently specific candidate identified in the two Dynamite catalog files."
"JYBDBSLRM7MBJD7YNRW5Z5LJ","821600011094","","#4 Cone","#4 Cone","Whitespace cleaned; uncertain abbreviations retained","Unknown","CONES","Unknown","#4 Cone (Suns)","#4 Cone (Suns)","Unknown","#-4-cone--4-cone-suns-","/Volumes/FACUNDO/Rockwall fireworks/MLTX6DPJDFYX7_catalog-2026-08-16-1724.csv","14","14","14","/Volumes/FACUNDO/Rockwall fireworks/rockwall fireworks items.xlsx","Items","15","2","1","no_match","","Unknown","No sufficiently specific candidate identified in the two Dynamite catalog files."
"2ZRYMSNE7SUXC3BUQPGZSS6L","715244002894","","#4 Cone","#4 Cone","Whitespace cleaned; uncertain abbreviations retained","Unknown","CONES","Unknown","#4 Turbo Flash (Black Cat)","#4 Turbo Flash (Black Cat)","Unknown","#-4-cone--4-turbo-flash-black-cat-","/Volumes/FACUNDO/Rockwall fireworks/MLTX6DPJDFYX7_catalog-2026-08-16-1724.csv","15","15","15","/Volumes/FACUNDO/Rockwall fireworks/rockwall fireworks items.xlsx","Items","16","2","1","no_match","","Unknown","No sufficiently specific candidate identified in the two Dynamite catalog files."
"XJKWJ2QUGHLISY77XDUXPQP6","064883500156","","#4 Texas Giant Cone","#4 Texas Giant Cone","Whitespace cleaned; uncertain abbreviations retained","Unknown","CONES","Unknown","Regular","Unknown","Unknown","#-4-texas-giant-cone-regular","/Volumes/FACUNDO/Rockwall fireworks/MLTX6DPJDFYX7_catalog-2026-08-16-1724.csv","16","16","16","/Volumes/FACUNDO/Rockwall fireworks/rockwall fireworks items.xlsx","Items","17","1","1","no_match","","Unknown","No sufficiently specific candidate identified in the two Dynamite catalog files."
"TRIEBHHYA5DFR35IA2XFLZID","8145270170519","","#6 Rocket","#6 Rocket","Whitespace cleaned; uncertain abbreviations retained","Unknown","Unknown","Unknown","Regular","Unknown","Unknown","#-6-rocket-regular","/Volumes/FACUNDO/Rockwall fireworks/MLTX6DPJDFYX7_catalog-2026-08-16-1724.csv","17","17","17","/Volumes/FACUNDO/Rockwall fireworks/rockwall fireworks items.xlsx","Items","18","1","1","no_match","","Unknown","No sufficiently specific candidate identified in the two Dynamite catalog files."
"F6EIOAIYFBSGWP3PKEN7SVCD","","8145270111215","#8 Cone","#8 Cone","Whitespace cleaned; uncertain abbreviations retained","Unknown","CONES","Unknown","Regular","Unknown","Unknown","#-8-cone-regular","/Volumes/FACUNDO/Rockwall fireworks/MLTX6DPJDFYX7_catalog-2026-08-16-1724.csv","18","18","18","/Volumes/FACUNDO/Rockwall fireworks/rockwall fireworks items.xlsx","Items","19","4","0","no_match","","Unknown","No sufficiently specific candidate identified in the two Dynamite catalog files."
"OP4I2X2T6BKOCAUYTPAZ6CLJ","8145270111116","","#8 Cone","#8 Cone","Whitespace cleaned; uncertain abbreviations retained","Unknown","CONES","Unknown","Regular","Unknown","Unknown","#-8-cone-1-regular","/Volumes/FACUNDO/Rockwall fireworks/MLTX6DPJDFYX7_catalog-2026-08-16-1724.csv","19","19","19","/Volumes/FACUNDO/Rockwall fireworks/rockwall fireworks items.xlsx","Items","20","4","1","no_match","","Unknown","No sufficiently specific candidate identified in the two Dynamite catalog files."
"P3MQGK5WIZM5YW7SIK4CC3YZ","8145270111314","","#8 Cone","#8 Cone","Whitespace cleaned; uncertain abbreviations retained","Unknown","CONES","Unknown","#8 Cone Generic #1","#8 Cone Generic #1","Unknown","#-8-cone-1--8-cone-generic-1","/Volumes/FACUNDO/Rockwall fireworks/MLTX6DPJDFYX7_catalog-2026-08-16-1724.csv","20","20","20","/Volumes/FACUNDO/Rockwall fireworks/rockwall fireworks items.xlsx","Items","21","4","1","no_match","","Unknown","No sufficiently specific candidate identified in the two Dynamite catalog files."
"UQ2NKDQND4Y44GQ4K36F7HFF","8145270111215","","#8 Cone","#8 Cone","Whitespace cleaned; uncertain abbreviations retained","Unknown","CONES","Unknown","#8 Cone Generic #2","#8 Cone Generic #2","Unknown","#-8-cone-1--8-cone-generic-2","/Volumes/FACUNDO/Rockwall fireworks/MLTX6DPJDFYX7_catalog-2026-08-16-1724.csv","21","21","21","/Volumes/FACUNDO/Rockwall fireworks/rockwall fireworks items.xlsx","Items","22","4","1","no_match","","Unknown","No sufficiently specific candidate identified in the two Dynamite catalog files."
"M3SQAVSS5EO5RBMNDWIOKUA2","8145270181119","","#8 Golden Sparkler 6 Pcs-BOGO","#8 Golden Sparkler 6 Pcs","Whitespace cleaned; historical BOGO marker removed from display name only","Unknown","Unknown","Unknown","Regular","Unknown","6 Pcs","#-8-golden-sparkler-6-pcs-bogo-regular","/Volumes/FACUNDO/Rockwall fireworks/MLTX6DPJDFYX7_catalog-2026-08-16-1724.csv","22","22","22","/Volumes/FACUNDO/Rockwall fireworks/rockwall fireworks items.xlsx","Items","23","1","1","no_match","","Unknown","No sufficiently specific candidate identified in the two Dynamite catalog files."
"OIJ7TSC5JP2IUVH2VMHIEGIM","715244002900","","#8 Pharaoh's Treasure (BC)","#8 Pharaoh's Treasure (BC)","Whitespace cleaned; uncertain abbreviations retained","Unknown","CONES","Unknown","Regular","Unknown","Unknown","#-8-pharaoh-s-treasure-bc--regular","/Volumes/FACUNDO/Rockwall fireworks/MLTX6DPJDFYX7_catalog-2026-08-16-1724.csv","23","23","23","/Volumes/FACUNDO/Rockwall fireworks/rockwall fireworks items.xlsx","Items","24","1","1","no_match","","Unknown","No sufficiently specific candidate identified in the two Dynamite catalog files."
"6AOFMZL7Z7QDPXT3DX7Y3D2M","8145270170700","","#8 Rocket","#8 Rocket","Whitespace cleaned; uncertain abbreviations retained","Unknown","Unknown","Unknown","Regular","Unknown","Unknown","#-8-rocket-regular","/Volumes/FACUNDO/Rockwall fireworks/MLTX6DPJDFYX7_catalog-2026-08-16-1724.csv","24","24","24","/Volumes/FACUNDO/Rockwall fireworks/rockwall fireworks items.xlsx","Items","25","1","1","no_match","","Unknown","No sufficiently specific candidate identified in the two Dynamite catalog files."
"OU3CLDPZSKPLLSYKQYLJU6RV","8145270170717","","#8 Rockets","#8 Rockets","Whitespace cleaned; uncertain abbreviations retained","Unknown","Unknown","Unknown","Regular","Unknown","Unknown","#-8-rockets-regular","/Volumes/FACUNDO/Rockwall fireworks/MLTX6DPJDFYX7_catalog-2026-08-16-1724.csv","25","25","25","/Volumes/FACUNDO/Rockwall fireworks/rockwall fireworks items.xlsx","Items","26","1","1","no_match","","Unknown","No sufficiently specific candidate identified in the two Dynamite catalog files."
"TBCIHOLYIDHKDKTJC663NQNF","064883100851","","#8 Texas Giant Cone","#8 Texas Giant Cone","Whitespace cleaned; uncertain abbreviations retained","Unknown","CONES","Unknown","Regular","Unknown","Unknown","#-8-texas-giant-cone-regular","/Volumes/FACUNDO/Rockwall fireworks/MLTX6DPJDFYX7_catalog-2026-08-16-1724.csv","26","26","26","/Volumes/FACUNDO/Rockwall fireworks/rockwall fireworks items.xlsx","Items","27","1","1","no_match","","Unknown","No sufficiently specific candidate identified in the two Dynamite catalog files."
"3WJMCMYZKMPO5XDMP5N3BO3H","8145270261118","","1"" Mini Artillery Balls (CE 12 pcs) (Orange Box)","1"" Mini Artillery Balls (CE 12 pcs) (Orange Box)","Whitespace cleaned; uncertain abbreviations retained","Unknown","Artillery/Festival Balls","Unknown","Regular","Unknown","1"" | 12 pcs","#1-mini-artillery-balls-ce-12-pcs-orange-box--regular","/Volumes/FACUNDO/Rockwall fireworks/MLTX6DPJDFYX7_catalog-2026-08-16-1724.csv","27","27","27","/Volumes/FACUNDO/Rockwall fireworks/rockwall fireworks items.xlsx","Items","28","1","1","no_match","","Unknown","No sufficiently specific candidate identified in the two Dynamite catalog files."
"WX7GBZIXZKXMZNUV7AGQX36N","8145270161111","","1"" Mini Artillery Shells 12 pcs","1"" Mini Artillery Shells 12 pcs","Whitespace cleaned; uncertain abbreviations retained","Unknown","Unknown","Unknown","Regular","Unknown","1"" | 12 pcs","#1-mini-artillery-shells-12-pcs-regular","/Volumes/FACUNDO/Rockwall fireworks/MLTX6DPJDFYX7_catalog-2026-08-16-1724.csv","28","28","28","/Volumes/FACUNDO/Rockwall fireworks/rockwall fireworks items.xlsx","Items","29","1","1","no_match","","Unknown","No sufficiently specific candidate identified in the two Dynamite catalog files."
"HY6JRS42XJTAXSJTLKOJFUQE","8145270121917","","10 Ball Assortment Pack","10 Ball Assortment Pack","Whitespace cleaned; uncertain abbreviations retained","Unknown","Unknown","Unknown","Regular","Unknown","Unknown","#10-ball-assortment-pack-regular","/Volumes/FACUNDO/Rockwall fireworks/MLTX6DPJDFYX7_catalog-2026-08-16-1724.csv","29","29","29","/Volumes/FACUNDO/Rockwall fireworks/rockwall fireworks items.xlsx","Items","30","1","1","no_match","","Unknown","No sufficiently specific candidate identified in the two Dynamite catalog files."
"HNBYE6I6SH7A4UHRXRRAFJUH","680149054579","","10 Min White Smoke","10 Min White Smoke","Whitespace cleaned; uncertain abbreviations retained","Unknown","Unknown","Unknown","Regular","Unknown","Unknown","#10-min-white-smoke-regular","/Volumes/FACUNDO/Rockwall fireworks/MLTX6DPJDFYX7_catalog-2026-08-16-1724.csv","30","30","30","/Volumes/FACUNDO/Rockwall fireworks/rockwall fireworks items.xlsx","Items","31","1","1","no_match","","Unknown","No sufficiently specific candidate identified in the two Dynamite catalog files."
"YIPN5KCTMVDGIH33DXXZID6U","887946003155","","100 Shot Barrage","100 Shot Barrage","Whitespace cleaned; uncertain abbreviations retained","Unknown","Unknown","Unknown","Regular","Unknown","100 Shot","#100-shot-barrage-regular","/Volumes/FACUNDO/Rockwall fireworks/MLTX6DPJDFYX7_catalog-2026-08-16-1724.csv","31","31","31","/Volumes/FACUNDO/Rockwall fireworks/rockwall fireworks items.xlsx","Items","32","1","1","no_match","","Unknown","No sufficiently specific candidate identified in the two Dynamite catalog files."
"DJGW2P764RZFK2JCOQD7IJSZ","693965000354","","100 Shot Magical Barrage","100 Shot Magical Barrage","Whitespace cleaned; uncertain abbreviations retained","Unknown","Unknown","Unknown","Regular","Unknown","100 Shot","#100-shot-magical-barrage-regular","/Volumes/FACUNDO/Rockwall fireworks/MLTX6DPJDFYX7_catalog-2026-08-16-1724.csv","32","32","33","/Volumes/FACUNDO/Rockwall fireworks/rockwall fireworks items.xlsx","Items","33","1","1","no_match","","Unknown","No sufficiently specific candidate identified in the two Dynamite catalog files."
"N52HRIF24SHJ6W5XI2UTRROS","8052530130919","","100 Shot Magical Shot Barrage","100 Shot Magical Shot Barrage","Whitespace cleaned; uncertain abbreviations retained","Unknown","Unknown","Unknown","Regular","Unknown","100 Shot","#100-shot-magical-shot-barrage-regular","/Volumes/FACUNDO/Rockwall fireworks/MLTX6DPJDFYX7_catalog-2026-08-16-1724.csv","33","34","34","/Volumes/FACUNDO/Rockwall fireworks/rockwall fireworks items.xlsx","Items","34","2","1","no_match","","Unknown","No sufficiently specific candidate identified in the two Dynamite catalog files."
"VOJNDZJPMSFCCTEVC3SUOTZC","725272730799","","100 Shot Magical Shot Barrage","100 Shot Magical Shot Barrage","Whitespace cleaned; uncertain abbreviations retained","Unknown","Unknown","Unknown","100 Shot Barrage Old","100 Shot Barrage Old","100 Shot","#100-shot-magical-shot-barrage-100-shot-barrage-old","/Volumes/FACUNDO/Rockwall fireworks/MLTX6DPJDFYX7_catalog-2026-08-16-1724.csv","34","35","35","/Volumes/FACUNDO/Rockwall fireworks/rockwall fireworks items.xlsx","Items","35","2","1","no_match","","Unknown","No sufficiently specific candidate identified in the two Dynamite catalog files."
"UFZR2ZDV7SEVEGE4QLRUZXKU","805253353718","","100 Shot Missle","100 Shot Missle","Whitespace cleaned; uncertain abbreviations retained","Unknown","Unknown","Unknown","Regular","Unknown","100 Shot","#100-shot-missle-regular","/Volumes/FACUNDO/Rockwall fireworks/MLTX6DPJDFYX7_catalog-2026-08-16-1724.csv","35","36","36","/Volumes/FACUNDO/Rockwall fireworks/rockwall fireworks items.xlsx","Items","36","1","1","no_match","","Unknown","No sufficiently specific candidate identified in the two Dynamite catalog files."
"I2K2S2XEXLGV6H2IBNPKGHL2","700000014280","","100 Shot Saturn Missle","100 Shot Saturn Missle","Whitespace cleaned; uncertain abbreviations retained","Unknown","Unknown","Unknown","Regular","Unknown","100 Shot","#100-shot-saturn-missle-regular","/Volumes/FACUNDO/Rockwall fireworks/MLTX6DPJDFYX7_catalog-2026-08-16-1724.csv","36","37","37","/Volumes/FACUNDO/Rockwall fireworks/rockwall fireworks items.xlsx","Items","37","1","2","probable","","products.json[46] Saturn Missile Battery 100's / Monkey Mania / /products/saturn-missile-battery-100.png","Name identifies a candidate only; manufacturer and exact presentation have not been established."
"CVQPQGAEURDRAKP55EZVIL6Z","900003471343","","1000 Roll Fire car","1000 Roll Fire car","Whitespace cleaned; uncertain abbreviations retained","Unknown","Unknown","Unknown","Regular","Unknown","Unknown","#1000-roll-fire-car-regular","/Volumes/FACUNDO/Rockwall fireworks/MLTX6DPJDFYX7_catalog-2026-08-16-1724.csv","37","38","38","/Volumes/FACUNDO/Rockwall fireworks/rockwall fireworks items.xlsx","Items","38","1","1","no_match","","Unknown","No sufficiently specific candidate identified in the two Dynamite catalog files."
"3SUE26Q6F6HMGVWFT4GG4SSM","715244964017","","1000 gram display","1000 gram display","Whitespace cleaned; uncertain abbreviations retained","Unknown","Unknown","Unknown","Regular","Unknown","1000 gram","#1000-gram-display-regular","/Volumes/FACUNDO/Rockwall fireworks/MLTX6DPJDFYX7_catalog-2026-08-16-1724.csv","38","39","39","/Volumes/FACUNDO/Rockwall fireworks/rockwall fireworks items.xlsx","Items","39","1","1","no_match","","Unknown","No sufficiently specific candidate identified in the two Dynamite catalog files."
"GKWFBV6MPTRMRUG3PHSI67NB","715244010714","","10000 Bkk Cat FireCrk","10000 Bkk Cat FireCrk","Whitespace cleaned; uncertain abbreviations retained","Unknown","Unknown","Unknown","Regular","Unknown","Unknown","#10000-bkk-cat-firecrk-regular","/Volumes/FACUNDO/Rockwall fireworks/MLTX6DPJDFYX7_catalog-2026-08-16-1724.csv","39","40","40","/Volumes/FACUNDO/Rockwall fireworks/rockwall fireworks items.xlsx","Items","40","1","1","no_match","","Unknown","No sufficiently specific candidate identified in the two Dynamite catalog files."
"T5SHAX3H2SLYWZ3VFB2WBPEK","8052530052518","","12 Firecrackers Bogo","12 Firecrackers","Whitespace cleaned; historical BOGO marker removed from display name only","Unknown","Unknown","Unknown","Regular","Unknown","Unknown","#12-firecrackers-bogo-regular","/Volumes/FACUNDO/Rockwall fireworks/MLTX6DPJDFYX7_catalog-2026-08-16-1724.csv","40","41","41","/Volumes/FACUNDO/Rockwall fireworks/rockwall fireworks items.xlsx","Items","41","1","1","no_match","","Unknown","No sufficiently specific candidate identified in the two Dynamite catalog files."
"ETMPUX6C7EPHRP4US5GCM5JQ","185108243105","","12 Inch Missile","12 Inch Missile","Whitespace cleaned; uncertain abbreviations retained","Unknown","Unknown","Unknown","Regular","Unknown","12 Inch","#12-inch-missile-regular","/Volumes/FACUNDO/Rockwall fireworks/MLTX6DPJDFYX7_catalog-2026-08-16-1724.csv","41","42","42","/Volumes/FACUNDO/Rockwall fireworks/rockwall fireworks items.xlsx","Items","42","2","1","no_match","","Unknown","No sufficiently specific candidate identified in the two Dynamite catalog files."
"YVHIF5R4TWUQ4TVDXZZYOO4R","816597923741","","12 Inch Missile","12 Inch Missile","Whitespace cleaned; uncertain abbreviations retained","Unknown","Unknown","Unknown","Regular","Unknown","12 Inch","#12-inch-missile-1-regular","/Volumes/FACUNDO/Rockwall fireworks/MLTX6DPJDFYX7_catalog-2026-08-16-1724.csv","42","43","43","/Volumes/FACUNDO/Rockwall fireworks/rockwall fireworks items.xlsx","Items","43","2","1","no_match","","Unknown","No sufficiently specific candidate identified in the two Dynamite catalog files."
"2XKEDNBW4SB5HAFPD74TWCQU","100000566015","","12 Pc Big Huge Burst","12 Pc Big Huge Burst","Whitespace cleaned; uncertain abbreviations retained","Unknown","Unknown","Unknown","Regular","Unknown","12 Pc","#12-pc-big-huge-burst-regular","/Volumes/FACUNDO/Rockwall fireworks/MLTX6DPJDFYX7_catalog-2026-08-16-1724.csv","43","44","44","/Volumes/FACUNDO/Rockwall fireworks/rockwall fireworks items.xlsx","Items","44","1","1","no_match","","Unknown","No sufficiently specific candidate identified in the two Dynamite catalog files."
"6W2PMFHVVSUEMCAZEM7CC6FO","680149047670","","12 Pk Neon Smoke Balls","12 Pk Neon Smoke Balls","Whitespace cleaned; uncertain abbreviations retained","Unknown","Unknown","Unknown","Regular","Unknown","Unknown","#12-pk-neon-smoke-balls-regular","/Volumes/FACUNDO/Rockwall fireworks/MLTX6DPJDFYX7_catalog-2026-08-16-1724.csv","44","45","45","/Volumes/FACUNDO/Rockwall fireworks/rockwall fireworks items.xlsx","Items","45","1","1","no_match","","Unknown","No sufficiently specific candidate identified in the two Dynamite catalog files."
"6FFX6S2ZDLIQKFSCCQF57TK7","813559007389","","12 pk magical shots","12 pk magical shots","Whitespace cleaned; uncertain abbreviations retained","Unknown","Unknown","Unknown","Regular","Unknown","Unknown","#12-pk-magical-shots-regular","/Volumes/FACUNDO/Rockwall fireworks/MLTX6DPJDFYX7_catalog-2026-08-16-1724.csv","45","46","46","/Volumes/FACUNDO/Rockwall fireworks/rockwall fireworks items.xlsx","Items","46","1","1","no_match","","Unknown","No sufficiently specific candidate identified in the two Dynamite catalog files."
"KBT3SVWZVERXSJWAFP5AQ6OG","705834210266","","12"" XXI Missile","12"" XXI Missile","Whitespace cleaned; uncertain abbreviations retained","Unknown","Unknown","Unknown","Regular","Unknown","12""","#12-xxi-missile-regular","/Volumes/FACUNDO/Rockwall fireworks/MLTX6DPJDFYX7_catalog-2026-08-16-1724.csv","46","47","47","/Volumes/FACUNDO/Rockwall fireworks/rockwall fireworks items.xlsx","Items","47","3","1","no_match","","Unknown","No sufficiently specific candidate identified in the two Dynamite catalog files."
"KE6KVYP7DAHPX7TFVFIKUJL7","100000103012","","12"" XXI Missile","12"" XXI Missile","Whitespace cleaned; uncertain abbreviations retained","Unknown","Unknown","Unknown","12 Missile","12 Missile","12""","#12-xxi-missile-12-missile","/Volumes/FACUNDO/Rockwall fireworks/MLTX6DPJDFYX7_catalog-2026-08-16-1724.csv","47","48","48","/Volumes/FACUNDO/Rockwall fireworks/rockwall fireworks items.xlsx","Items","48","3","1","no_match","","Unknown","No sufficiently specific candidate identified in the two Dynamite catalog files."
"D3QREITLNP6XJ5AOMNWFP3Y7","821600005031","","12"" XXI Missile","12"" XXI Missile","Whitespace cleaned; uncertain abbreviations retained","Unknown","Unknown","Unknown","12"" Star Shooter","12"" Star Shooter","12""","#12-xxi-missile-12-star-shooter","/Volumes/FACUNDO/Rockwall fireworks/MLTX6DPJDFYX7_catalog-2026-08-16-1724.csv","48","49","49","/Volumes/FACUNDO/Rockwall fireworks/rockwall fireworks items.xlsx","Items","49","3","1","no_match","","Unknown","No sufficiently specific candidate identified in the two Dynamite catalog files."
"45N4PAZ53P7YTNQENWTOP3XJ","652009905109","","120 Shot Camp Pk","120 Shot Camp Pk","Whitespace cleaned; uncertain abbreviations retained","Unknown","Unknown","Unknown","Regular","Unknown","120 Shot","#120-shot-camp-pk-regular","/Volumes/FACUNDO/Rockwall fireworks/MLTX6DPJDFYX7_catalog-2026-08-16-1724.csv","49","50","50","/Volumes/FACUNDO/Rockwall fireworks/rockwall fireworks items.xlsx","Items","50","1","1","no_match","","Unknown","No sufficiently specific candidate identified in the two Dynamite catalog files."
"QYAXPQDE2TYNMB7YTYR6PER7","813559006061","","12pc No.10 Gold Sparklers","12pc No.10 Gold Sparklers","Whitespace cleaned; uncertain abbreviations retained","Unknown","Unknown","Unknown","Regular","Unknown","12pc","#12pc-no-10-gold-sparklers-regular","/Volumes/FACUNDO/Rockwall fireworks/MLTX6DPJDFYX7_catalog-2026-08-16-1724.csv","50","51","51","/Volumes/FACUNDO/Rockwall fireworks/rockwall fireworks items.xlsx","Items","51","1","1","no_match","","Unknown","No sufficiently specific candidate identified in the two Dynamite catalog files."
"QXPW5W7TIS6F73NQR2KAHZKR","887946060400","","14"" Morning Glorys- Red Box","14"" Morning Glorys- Red Box","Whitespace cleaned; uncertain abbreviations retained","Unknown","Unknown","Unknown","Regular","Unknown","14""","#14-morning-glorys-red-box-regular","/Volumes/FACUNDO/Rockwall fireworks/MLTX6DPJDFYX7_catalog-2026-08-16-1724.csv","51","52","52","/Volumes/FACUNDO/Rockwall fireworks/rockwall fireworks items.xlsx","Items","52","1","1","no_match","","Unknown","No sufficiently specific candidate identified in the two Dynamite catalog files."
"6N3R23DAT7C5HMLM4GSIPQUL","8145270101612","","16000 Firecracker","16000 Firecracker","Whitespace cleaned; uncertain abbreviations retained","Unknown","Unknown","Unknown","Regular","Unknown","Unknown","#16000-firecracker-regular","/Volumes/FACUNDO/Rockwall fireworks/MLTX6DPJDFYX7_catalog-2026-08-16-1724.csv","52","53","53","/Volumes/FACUNDO/Rockwall fireworks/rockwall fireworks items.xlsx","Items","53","1","1","no_match","","Unknown","No sufficiently specific candidate identified in the two Dynamite catalog files."
"TAOG6BC2S6VLWKSKNKOUQG2N","821600001149","","16000 Thunder Bomb Crackert","16000 Thunder Bomb Crackert","Whitespace cleaned; uncertain abbreviations retained","Unknown","Unknown","Unknown","Regular","Unknown","Unknown","#16000-thunder-bomb-crackert-regular","/Volumes/FACUNDO/Rockwall fireworks/MLTX6DPJDFYX7_catalog-2026-08-16-1724.csv","53","54","54","/Volumes/FACUNDO/Rockwall fireworks/rockwall fireworks items.xlsx","Items","54","1","1","no_match","","Unknown","No sufficiently specific candidate identified in the two Dynamite catalog files."
"SU6AOYSN2DG4RQ4GOPTHS2CW","821600014309","","198 Shot Saturn Missle","198 Shot Saturn Missle","Whitespace cleaned; uncertain abbreviations retained","Unknown","Unknown","Unknown","Regular","Unknown","198 Shot","#198-shot-saturn-missle-regular","/Volumes/FACUNDO/Rockwall fireworks/MLTX6DPJDFYX7_catalog-2026-08-16-1724.csv","54","55","55","/Volumes/FACUNDO/Rockwall fireworks/rockwall fireworks items.xlsx","Items","55","1","1","no_match","","Unknown","No sufficiently specific candidate identified in the two Dynamite catalog files."
"EVMEMWULGO5FFPZTIZK4RDJJ","887946031059","","2 Color Space Ship 3 Pack","2 Color Space Ship 3 Pack","Whitespace cleaned; uncertain abbreviations retained","Unknown","Unknown","Unknown","Regular","Unknown","3 Pack","#2-color-space-ship-3-pack-regular","/Volumes/FACUNDO/Rockwall fireworks/MLTX6DPJDFYX7_catalog-2026-08-16-1724.csv","55","56","56","/Volumes/FACUNDO/Rockwall fireworks/rockwall fireworks items.xlsx","Items","56","1","1","no_match","","Unknown","No sufficiently specific candidate identified in the two Dynamite catalog files."
"IWBOGXXV5RRGXSNCIMCONMYJ","8052530220917","","2 Color Spaceship","2 Color Spaceship","Whitespace cleaned; uncertain abbreviations retained","Unknown","Unknown","Unknown","Regular","Unknown","Unknown","#2-color-spaceship-regular","/Volumes/FACUNDO/Rockwall fireworks/MLTX6DPJDFYX7_catalog-2026-08-16-1724.csv","56","57","57","/Volumes/FACUNDO/Rockwall fireworks/rockwall fireworks items.xlsx","Items","57","1","1","no_match","","Unknown","No sufficiently specific candidate identified in the two Dynamite catalog files."
"O6KNWSDF2BMIHQ37TUXZZLJJ","","","2 Color Spaceship BOGO","2 Color Spaceship","Whitespace cleaned; historical BOGO marker removed from display name only","Unknown","Unknown","Unknown","Regular","Unknown","Unknown","#2-color-spaceship-bogo-regular","/Volumes/FACUNDO/Rockwall fireworks/MLTX6DPJDFYX7_catalog-2026-08-16-1724.csv","57","58","58","/Volumes/FACUNDO/Rockwall fireworks/rockwall fireworks items.xlsx","Items","58","1","0","no_match","","Unknown","No sufficiently specific candidate identified in the two Dynamite catalog files."
"T3AVLYCRGWAKT6BREUWYYAAL","887946004213","","2 Min Extravaganza","2 Min Extravaganza","Whitespace cleaned; uncertain abbreviations retained","Unknown","Unknown","Unknown","Regular","Unknown","Unknown","#2-min-extravaganza-regular","/Volumes/FACUNDO/Rockwall fireworks/MLTX6DPJDFYX7_catalog-2026-08-16-1724.csv","58","59","59","/Volumes/FACUNDO/Rockwall fireworks/rockwall fireworks items.xlsx","Items","59","1","1","no_match","","Unknown","No sufficiently specific candidate identified in the two Dynamite catalog files."
"K5DWDAJDWJNG6DTWEO5DGLHG","757205302599","","2 Minute Bomb","2 Minute Bomb","Whitespace cleaned; uncertain abbreviations retained","Unknown","Unknown","Unknown","Regular","Unknown","2 Minute","#2-minute-bomb-regular","/Volumes/FACUNDO/Rockwall fireworks/MLTX6DPJDFYX7_catalog-2026-08-16-1724.csv","59","60","60","/Volumes/FACUNDO/Rockwall fireworks/rockwall fireworks items.xlsx","Items","60","1","1","no_match","","Unknown","No sufficiently specific candidate identified in the two Dynamite catalog files."
"GXTEUEIENPDZQX225VYUZXIE","","010901322156","2 Minute Finale 500 Gram","2 Minute Finale 500 Gram","Whitespace cleaned; uncertain abbreviations retained","Unknown","500 GRAM FINALE","Unknown","Regular","Unknown","2 Minute | 500 Gram","#2-minute-finale-500-gram-regular","/Volumes/FACUNDO/Rockwall fireworks/MLTX6DPJDFYX7_catalog-2026-08-16-1724.csv","60","61","61","/Volumes/FACUNDO/Rockwall fireworks/rockwall fireworks items.xlsx","Items","61","2","0","no_match","","Unknown","No sufficiently specific candidate identified in the two Dynamite catalog files."
"2FCJSUCY2M7JKMLZIKJUWXLJ","050050513210","","2 Minute Finale 500 Gram","2 Minute Finale 500 Gram","Whitespace cleaned; uncertain abbreviations retained","Unknown","500 GRAM FINALE","Unknown","Regular","Unknown","2 Minute | 500 Gram","#2-minute-finale-500-gram-1-regular","/Volumes/FACUNDO/Rockwall fireworks/MLTX6DPJDFYX7_catalog-2026-08-16-1724.csv","61","62","62","/Volumes/FACUNDO/Rockwall fireworks/rockwall fireworks items.xlsx","Items","62","2","1","no_match","","Unknown","No sufficiently specific candidate identified in the two Dynamite catalog files."
"NPIALSN4V63R3R64QQOCWAML","","757205302599","2 minute bomb","2 minute bomb","Whitespace cleaned; uncertain abbreviations retained","Unknown","Unknown","Unknown","Regular","Unknown","2 minute","#2-minute-bomb-1-regular","/Volumes/FACUNDO/Rockwall fireworks/MLTX6DPJDFYX7_catalog-2026-08-16-1724.csv","62","63","63","/Volumes/FACUNDO/Rockwall fireworks/rockwall fireworks items.xlsx","Items","63","1","0","no_match","","Unknown","No sufficiently specific candidate identified in the two Dynamite catalog files."
"WCBZ5V4BLD2KB7C52VNMEQE2","757201530675","","20 Alarm Fire","20 Alarm Fire","Whitespace cleaned; uncertain abbreviations retained","Unknown","Unknown","Unknown","Regular","Unknown","Unknown","#20-alarm-fire-regular","/Volumes/FACUNDO/Rockwall fireworks/MLTX6DPJDFYX7_catalog-2026-08-16-1724.csv","63","64","64","/Volumes/FACUNDO/Rockwall fireworks/rockwall fireworks items.xlsx","Items","64","1","1","no_match","","Unknown","No sufficiently specific candidate identified in the two Dynamite catalog files."
"GS5Y7ZP4PE7LE5FGYNR5O2YI","705669335523","","20 Clip On Lighters","20 Clip On Lighters","Whitespace cleaned; uncertain abbreviations retained","Unknown","Unknown","Unknown","Regular","Unknown","Unknown","#20-clip-on-lighters-regular","/Volumes/FACUNDO/Rockwall fireworks/MLTX6DPJDFYX7_catalog-2026-08-16-1724.csv","64","65","65","/Volumes/FACUNDO/Rockwall fireworks/rockwall fireworks items.xlsx","Items","65","1","1","no_match","","Unknown","No sufficiently specific candidate identified in the two Dynamite catalog files."
"PHBTZYIQ3GDXQH5VRHBKTPWF","715244120000","","2000 Blk Cat Fire Crk Roll","2000 Blk Cat Fire Crk Roll","Whitespace cleaned; uncertain abbreviations retained","Unknown","Unknown","Unknown","Regular","Unknown","Unknown","#2000-blk-cat-fire-crk-roll-regular","/Volumes/FACUNDO/Rockwall fireworks/MLTX6DPJDFYX7_catalog-2026-08-16-1724.csv","65","66","66","/Volumes/FACUNDO/Rockwall fireworks/rockwall fireworks items.xlsx","Items","66","1","1","no_match","","Unknown","No sufficiently specific candidate identified in the two Dynamite catalog files."
"KLGDXTOQZJLOLLWXZYP77NBO","8052530057117","","2000 Special Firecrackers","2000 Special Firecrackers","Whitespace cleaned; uncertain abbreviations retained","Unknown","Unknown","Unknown","Regular","Unknown","Unknown","#2000-special-firecrackers-regular","/Volumes/FACUNDO/Rockwall fireworks/MLTX6DPJDFYX7_catalog-2026-08-16-1724.csv","66","67","67","/Volumes/FACUNDO/Rockwall fireworks/rockwall fireworks items.xlsx","Items","67","1","1","no_match","","Unknown","No sufficiently specific candidate identified in the two Dynamite catalog files."
"55OSMECG4FX4FDJNAIZNJLGL","821600001118","","2000 Thunder Bomb Cracker","2000 Thunder Bomb Cracker","Whitespace cleaned; uncertain abbreviations retained","Unknown","Unknown","Unknown","Regular","Unknown","Unknown","#2000-thunder-bomb-cracker-regular","/Volumes/FACUNDO/Rockwall fireworks/MLTX6DPJDFYX7_catalog-2026-08-16-1724.csv","67","68","68","/Volumes/FACUNDO/Rockwall fireworks/rockwall fireworks items.xlsx","Items","68","1","1","no_match","","Unknown","No sufficiently specific candidate identified in the two Dynamite catalog files."
"Y3IFH74XUWEC2U3KZXSXVPQ2","821600000098","","24 Pack Roman Candles","24 Pack Roman Candles","Whitespace cleaned; uncertain abbreviations retained","Unknown","Unknown","Unknown","Regular","Unknown","24 Pack","#24-pack-roman-candles-regular","/Volumes/FACUNDO/Rockwall fireworks/MLTX6DPJDFYX7_catalog-2026-08-16-1724.csv","68","69","69","/Volumes/FACUNDO/Rockwall fireworks/rockwall fireworks items.xlsx","Items","69","1","1","no_match","","Unknown","No sufficiently specific candidate identified in the two Dynamite catalog files."
"QEODFH2T6BC2CTTMDFAN3ILS","805253354814","","25 Shot Sasturn Missiles","25 Shot Sasturn Missiles","Whitespace cleaned; uncertain abbreviations retained","Unknown","Unknown","Unknown","Regular","Unknown","25 Shot","#25-shot-sasturn-missiles-regular","/Volumes/FACUNDO/Rockwall fireworks/MLTX6DPJDFYX7_catalog-2026-08-16-1724.csv","69","70","70","/Volumes/FACUNDO/Rockwall fireworks/rockwall fireworks items.xlsx","Items","70","1","1","no_match","","Unknown","No sufficiently specific candidate identified in the two Dynamite catalog files."
"C6GOME5OVCZJNCJAW7LZPB3A","612005006798","","25 Shot Saturn Missile","25 Shot Saturn Missile","Whitespace cleaned; uncertain abbreviations retained","Unknown","Unknown","Unknown","Regular","Unknown","25 Shot","#25-shot-saturn-missile-regular","/Volumes/FACUNDO/Rockwall fireworks/MLTX6DPJDFYX7_catalog-2026-08-16-1724.csv","70","71","71","/Volumes/FACUNDO/Rockwall fireworks/rockwall fireworks items.xlsx","Items","71","1","1","no_match","","Unknown","No sufficiently specific candidate identified in the two Dynamite catalog files."
"W6SWRAF35UJN34Q2XJAD7F7V","688397661891","","25 shot cake assortment","25 shot cake assortment","Whitespace cleaned; uncertain abbreviations retained","Unknown","Unknown","Unknown","Regular","Unknown","25 shot","#25-shot-cake-assortment-regular","/Volumes/FACUNDO/Rockwall fireworks/MLTX6DPJDFYX7_catalog-2026-08-16-1724.csv","71","72","72","/Volumes/FACUNDO/Rockwall fireworks/rockwall fireworks items.xlsx","Items","72","1","1","no_match","","Unknown","No sufficiently specific candidate identified in the two Dynamite catalog files."
"4HWFFPKQHZTJ2Q7APAMG44QB","705108561407","","250 Paratroopers","250 Paratroopers","Whitespace cleaned; uncertain abbreviations retained","Unknown","Unknown","Unknown","Regular","Unknown","Unknown","#250-paratroopers-regular","/Volumes/FACUNDO/Rockwall fireworks/MLTX6DPJDFYX7_catalog-2026-08-16-1724.csv","72","73","73","/Volumes/FACUNDO/Rockwall fireworks/rockwall fireworks items.xlsx","Items","73","1","1","no_match","","Unknown","No sufficiently specific candidate identified in the two Dynamite catalog files."
"KDP4F2VSPPZOAWWNZM2FQ3EY","825272730758","","3 Artillery Box Deal","3 Artillery Box Deal","Whitespace cleaned; uncertain abbreviations retained","Unknown","Unknown","Unknown","Festival Balla","Festival Balla","Unknown","#3-artillery-box-deal-festival-balla","/Volumes/FACUNDO/Rockwall fireworks/MLTX6DPJDFYX7_catalog-2026-08-16-1724.csv","73","74","74","/Volumes/FACUNDO/Rockwall fireworks/rockwall fireworks items.xlsx","Items","74","1","1","no_match","","Unknown","No sufficiently specific candidate identified in the two Dynamite catalog files."
"P3CCHOLOIHGZVDYAXTMIOVS2","821600018185","","3 Minute Fireworks Barrage","3 Minute Fireworks Barrage","Whitespace cleaned; uncertain abbreviations retained","Unknown","Unknown","Unknown","Regular","Unknown","3 Minute","#3-minute-fireworks-barrage-regular","/Volumes/FACUNDO/Rockwall fireworks/MLTX6DPJDFYX7_catalog-2026-08-16-1724.csv","74","75","75","/Volumes/FACUNDO/Rockwall fireworks/rockwall fireworks items.xlsx","Items","75","1","1","no_match","","Unknown","No sufficiently specific candidate identified in the two Dynamite catalog files."
"MH57SPBVIQPICVM4BHIMB5O2","757202118087","","3 Minute Fountain","3 Minute Fountain","Whitespace cleaned; uncertain abbreviations retained","Unknown","Fountains","Unknown","Regular","Unknown","3 Minute","#3-minute-fountain-regular","/Volumes/FACUNDO/Rockwall fireworks/MLTX6DPJDFYX7_catalog-2026-08-16-1724.csv","75","76","76","/Volumes/FACUNDO/Rockwall fireworks/rockwall fireworks items.xlsx","Items","76","1","1","probable","","products.json[45] 3 MIN / Monkey Mania / /products/3-min.png | products.json[145] 3 Minute Fountain / Black Cat / /products/3-minute-fountain.png","Name identifies a candidate only; manufacturer and exact presentation have not been established."
"O4WED6SQAOYEZX67SYZ7HGIO","700000014327","","300 Saturn Missile","300 Saturn Missile","Whitespace cleaned; uncertain abbreviations retained","Unknown","Unknown","Unknown","Regular","Unknown","Unknown","#300-saturn-missile-regular","/Volumes/FACUNDO/Rockwall fireworks/MLTX6DPJDFYX7_catalog-2026-08-16-1724.csv","76","77","77","/Volumes/FACUNDO/Rockwall fireworks/rockwall fireworks items.xlsx","Items","77","1","1","no_match","","Unknown","No sufficiently specific candidate identified in the two Dynamite catalog files."
"3P62TB7PDFUGMV5XKWM4SPVM","849107066089","","36 "" Gold Sparklers","36 "" Gold Sparklers","Whitespace cleaned; uncertain abbreviations retained","Unknown","Unknown","Unknown","Regular","Unknown","36 ""","#36-gold-sparklers-regular","/Volumes/FACUNDO/Rockwall fireworks/MLTX6DPJDFYX7_catalog-2026-08-16-1724.csv","77","78","78","/Volumes/FACUNDO/Rockwall fireworks/rockwall fireworks items.xlsx","Items","78","1","1","no_match","","Unknown","No sufficiently specific candidate identified in the two Dynamite catalog files."
"IV3BJZUIFVT2PF6ZZBU334X3","821600003136","","36 Inch Wedding Sparklers","36 Inch Wedding Sparklers","Whitespace cleaned; uncertain abbreviations retained","Unknown","Unknown","Unknown","Regular","Unknown","36 Inch","#36-inch-wedding-sparklers-regular","/Volumes/FACUNDO/Rockwall fireworks/MLTX6DPJDFYX7_catalog-2026-08-16-1724.csv","78","79","79","/Volumes/FACUNDO/Rockwall fireworks/rockwall fireworks items.xlsx","Items","79","1","1","no_match","","Unknown","No sufficiently specific candidate identified in the two Dynamite catalog files."
"3BDVG5QR2QCQYDOZXHCWB2KF","705108900510","","36"" Gold Sparklers","36"" Gold Sparklers","Whitespace cleaned; uncertain abbreviations retained","Unknown","Unknown","Unknown","Regular","Unknown","36""","#36-gold-sparklers-1-regular","/Volumes/FACUNDO/Rockwall fireworks/MLTX6DPJDFYX7_catalog-2026-08-16-1724.csv","79","80","80","/Volumes/FACUNDO/Rockwall fireworks/rockwall fireworks items.xlsx","Items","80","1","1","no_match","","Unknown","No sufficiently specific candidate identified in the two Dynamite catalog files."
"KIIXD2PHKQRWSEL2DVRTHH3R","816597924441","","36"" Morning Glory","36"" Morning Glory","Whitespace cleaned; uncertain abbreviations retained","Unknown","Unknown","Unknown","Regular","Unknown","36""","#36-morning-glory-regular","/Volumes/FACUNDO/Rockwall fireworks/MLTX6DPJDFYX7_catalog-2026-08-16-1724.csv","80","81","81","/Volumes/FACUNDO/Rockwall fireworks/rockwall fireworks items.xlsx","Items","81","1","1","no_match","","Unknown","No sufficiently specific candidate identified in the two Dynamite catalog files."
"26PMZRVOBXZHMDNDBZNLSSG4","705108900336","","36"" Morning Glorys","36"" Morning Glorys","Whitespace cleaned; uncertain abbreviations retained","Unknown","Unknown","Unknown","Regular","Unknown","36""","#36-morning-glorys-regular","/Volumes/FACUNDO/Rockwall fireworks/MLTX6DPJDFYX7_catalog-2026-08-16-1724.csv","81","82","82","/Volumes/FACUNDO/Rockwall fireworks/rockwall fireworks items.xlsx","Items","82","1","1","no_match","","Unknown","No sufficiently specific candidate identified in the two Dynamite catalog files."
"FSLILKVUEZUCBWTLHGZ7G3DC","813559000403","","36' Gold Sparklers","36' Gold Sparklers","Whitespace cleaned; uncertain abbreviations retained","Unknown","Unknown","Unknown","Regular","Unknown","Unknown","#36-gold-sparklers-2-regular","/Volumes/FACUNDO/Rockwall fireworks/MLTX6DPJDFYX7_catalog-2026-08-16-1724.csv","82","83","83","/Volumes/FACUNDO/Rockwall fireworks/rockwall fireworks items.xlsx","Items","83","2","1","no_match","","Unknown","No sufficiently specific candidate identified in the two Dynamite catalog files."
"FVAI2736O6VVNLFZFUR5OMO6","705108900503","","36' Gold Sparklers","36' Gold Sparklers","Whitespace cleaned; uncertain abbreviations retained","Unknown","Unknown","Unknown","36 Inch Gold Sparklers","36 Inch Gold Sparklers","Unknown","#36-gold-sparklers-2-36-inch-gold-sparklers","/Volumes/FACUNDO/Rockwall fireworks/MLTX6DPJDFYX7_catalog-2026-08-16-1724.csv","83","84","84","/Volumes/FACUNDO/Rockwall fireworks/rockwall fireworks items.xlsx","Items","84","2","1","no_match","","Unknown","No sufficiently specific candidate identified in the two Dynamite catalog files."
"6XG66I5GX3TNWFSJGITBLXWB","8145270122723","","4 Assort Effect 10 Ball 12 Pack","4 Assort Effect 10 Ball 12 Pack","Whitespace cleaned; uncertain abbreviations retained","Unknown","Unknown","Unknown","Regular","Unknown","12 Pack","#4-assort-effect-10-ball-12-pack-regular","/Volumes/FACUNDO/Rockwall fireworks/MLTX6DPJDFYX7_catalog-2026-08-16-1724.csv","84","85","85","/Volumes/FACUNDO/Rockwall fireworks/rockwall fireworks items.xlsx","Items","85","1","1","no_match","","Unknown","No sufficiently specific candidate identified in the two Dynamite catalog files."
"5O66QKT6BJQUWDBZEA64YIJ4","705108309702","","4 Pk Mini Snow Cones","4 Pk Mini Snow Cones","Whitespace cleaned; uncertain abbreviations retained","Unknown","Fountains","Unknown","Regular","Unknown","Unknown","#4-pk-mini-snow-cones-regular","/Volumes/FACUNDO/Rockwall fireworks/MLTX6DPJDFYX7_catalog-2026-08-16-1724.csv","85","86","86","/Volumes/FACUNDO/Rockwall fireworks/rockwall fireworks items.xlsx","Items","86","1","1","probable","","products.json[114] Snow Cone / Winda / /products/snow-cone.png","Name identifies a candidate only; manufacturer and exact presentation have not been established."
"UJB7SIMZIOZNZYMFLLYRB6ZH","8052530170717","","40"" Mammoth Day Parachute","40"" Mammoth Day Parachute","Whitespace cleaned; uncertain abbreviations retained","Unknown","Unknown","Unknown","Regular","Unknown","40""","#40-mammoth-day-parachute-regular","/Volumes/FACUNDO/Rockwall fireworks/MLTX6DPJDFYX7_catalog-2026-08-16-1724.csv","86","87","87","/Volumes/FACUNDO/Rockwall fireworks/rockwall fireworks items.xlsx","Items","87","1","1","no_match","","Unknown","No sufficiently specific candidate identified in the two Dynamite catalog files."
"6PNXNZLUJTEFB4LXCTIWWKE5","8145270113721","","4pc Assortments 9"" Fountain","4pc Assortments 9"" Fountain","Whitespace cleaned; uncertain abbreviations retained","Unknown","Fountains","Unknown","Regular","Unknown","4pc | 9""","#4pc-assortments-9-fountain-regular","/Volumes/FACUNDO/Rockwall fireworks/MLTX6DPJDFYX7_catalog-2026-08-16-1724.csv","87","88","88","/Volumes/FACUNDO/Rockwall fireworks/rockwall fireworks items.xlsx","Items","88","1","1","no_match","","Unknown","No sufficiently specific candidate identified in the two Dynamite catalog files."
"GYJNBMUQGW2TG3B67MHZX6RI","8052530170724","","4pk Parachute","4pk Parachute","Whitespace cleaned; uncertain abbreviations retained","Unknown","Unknown","Unknown","Regular","Unknown","Unknown","#4pk-parachute-regular","/Volumes/FACUNDO/Rockwall fireworks/MLTX6DPJDFYX7_catalog-2026-08-16-1724.csv","88","89","89","/Volumes/FACUNDO/Rockwall fireworks/rockwall fireworks items.xlsx","Items","89","1","1","no_match","","Unknown","No sufficiently specific candidate identified in the two Dynamite catalog files."
"H5K3WTYZMTO4M7553I3M5UYE","705108002306","","4th Of July Backpack","4th Of July Backpack","Whitespace cleaned; uncertain abbreviations retained","Unknown","Family Pack Assortments","Unknown","Regular","Unknown","Unknown","#4th-of-july-backpack-regular","/Volumes/FACUNDO/Rockwall fireworks/MLTX6DPJDFYX7_catalog-2026-08-16-1724.csv","89","90","90","/Volumes/FACUNDO/Rockwall fireworks/rockwall fireworks items.xlsx","Items","90","1","1","no_match","","Unknown","No sufficiently specific candidate identified in the two Dynamite catalog files."
"A5YBHLDEGL7OUC573GBEWPRD","705108300020","","4th of July Pack","4th of July Pack","Whitespace cleaned; uncertain abbreviations retained","Unknown","Unknown","Unknown","Regular","Unknown","Unknown","#4th-of-july-pack-regular","/Volumes/FACUNDO/Rockwall fireworks/MLTX6DPJDFYX7_catalog-2026-08-16-1724.csv","90","91","91","/Volumes/FACUNDO/Rockwall fireworks/rockwall fireworks items.xlsx","Items","91","1","1","no_match","","Unknown","No sufficiently specific candidate identified in the two Dynamite catalog files."
"QGRX3L4LF562QHPZHUWFHRV5","887946060226","","4x 3157/3156 High Power 7W Turn Signal Tail Brake Stop Car LED Bulbs (Amber/Yellow)","4x 3157/3156 High Power 7W Turn Signal Tail Brake Stop Car LED Bulbs (Amber/Yellow)","Whitespace cleaned; uncertain abbreviations retained","Unknown","Roman Candles","Unknown","Regular","Unknown","Unknown","#4x-3157-3156-high-power-7w-turn-signal-tail-brake-stop-car-led-bulbs-amber-yellow--regular","/Volumes/FACUNDO/Rockwall fireworks/MLTX6DPJDFYX7_catalog-2026-08-16-1724.csv","91","92","92","/Volumes/FACUNDO/Rockwall fireworks/rockwall fireworks items.xlsx","Items","92","2","1","conflict","","Unknown","Item name describes automotive LED bulbs but Square category says Roman Candles; identity is corrupt, do not publish."
"4TA643RIR37SKN2TGQC4TVAG","800000002000","800000002000","4x 3157/3156 High Power 7W Turn Signal Tail Brake Stop Car LED Bulbs (Amber/Yellow)","4x 3157/3156 High Power 7W Turn Signal Tail Brake Stop Car LED Bulbs (Amber/Yellow)","Whitespace cleaned; uncertain abbreviations retained","Unknown","Roman Candles","Unknown","12/10 ball roman candle","12/10 ball roman candle","Unknown","#4x-3157-3156-high-power-7w-turn-signal-tail-brake-stop-car-led-bulbs-amber-yellow--12-10-ball-roman-candle","/Volumes/FACUNDO/Rockwall fireworks/MLTX6DPJDFYX7_catalog-2026-08-16-1724.csv","92","93","93","/Volumes/FACUNDO/Rockwall fireworks/rockwall fireworks items.xlsx","Items","93","2","1","conflict","","Unknown","Automotive LED-bulb item name conflicts with roman-candle variation and category; identity requires correction."
"6LV6YJMXWXIGBPXYPBYYMKIK","6950165423661","","5 Inch Megabanger Professional Shells","5 Inch Megabanger Professional Shells","Whitespace cleaned; uncertain abbreviations retained","Unknown","Unknown","Unknown","Regular","Unknown","5 Inch","#5-inch-megabanger-professional-shells-regular","/Volumes/FACUNDO/Rockwall fireworks/MLTX6DPJDFYX7_catalog-2026-08-16-1724.csv","93","94","94","/Volumes/FACUNDO/Rockwall fireworks/rockwall fireworks items.xlsx","Items","94","1","1","no_match","","Unknown","No sufficiently specific candidate identified in the two Dynamite catalog files."
"A6IN5BBRQ524DUHM5XIK22KD","887946004268","","6 3"" Parachutes","6 3"" Parachutes","Whitespace cleaned; uncertain abbreviations retained","Unknown","Unknown","Unknown","Regular","Unknown","3""","#6-3-parachutes-regular","/Volumes/FACUNDO/Rockwall fireworks/MLTX6DPJDFYX7_catalog-2026-08-16-1724.csv","94","95","95","/Volumes/FACUNDO/Rockwall fireworks/rockwall fireworks items.xlsx","Items","95","1","1","no_match","","Unknown","No sufficiently specific candidate identified in the two Dynamite catalog files."
"ARNCHSF72M2PGKYULV37DMUW","","841527101241","6 pc Artillery Shells Assorted","6 pc Artillery Shells Assorted","Whitespace cleaned; uncertain abbreviations retained","Unknown","Unknown","Unknown","Regular","Unknown","6 pc","#6-pc-artillery-shells-assorted-regular","/Volumes/FACUNDO/Rockwall fireworks/MLTX6DPJDFYX7_catalog-2026-08-16-1724.csv","95","96","96","/Volumes/FACUNDO/Rockwall fireworks/rockwall fireworks items.xlsx","Items","96","3","0","no_match","","Unknown","No sufficiently specific candidate identified in the two Dynamite catalog files."
"ZX3TJ5FTJU4TSBNYYZ25OE5P","841527101258","","6 pc Artillery Shells Assorted","6 pc Artillery Shells Assorted","Whitespace cleaned; uncertain abbreviations retained","Unknown","Unknown","Unknown","Whistling Buster","Whistling Buster","6 pc","#6-pc-artillery-shells-assorted-whistling-buster","/Volumes/FACUNDO/Rockwall fireworks/MLTX6DPJDFYX7_catalog-2026-08-16-1724.csv","96","97","97","/Volumes/FACUNDO/Rockwall fireworks/rockwall fireworks items.xlsx","Items","97","3","1","no_match","","Unknown","No sufficiently specific candidate identified in the two Dynamite catalog files."
"DEGTDLAZWR5MFPTCN24C5MYW","811273010029","","6 pc Artillery Shells Assorted","6 pc Artillery Shells Assorted","Whitespace cleaned; uncertain abbreviations retained","Unknown","Unknown","Unknown","Crackling","Crackling","6 pc","#6-pc-artillery-shells-assorted-crackling","/Volumes/FACUNDO/Rockwall fireworks/MLTX6DPJDFYX7_catalog-2026-08-16-1724.csv","97","98","98","/Volumes/FACUNDO/Rockwall fireworks/rockwall fireworks items.xlsx","Items","98","3","1","no_match","","Unknown","No sufficiently specific candidate identified in the two Dynamite catalog files."
"6LYJJH3ROCZPE5B25EYQFT2X","757201525176","","60 Infinity","60 Infinity","Whitespace cleaned; uncertain abbreviations retained","Unknown","Unknown","Unknown","Regular","Unknown","Unknown","#60-infinity-regular","/Volumes/FACUNDO/Rockwall fireworks/MLTX6DPJDFYX7_catalog-2026-08-16-1724.csv","98","99","99","/Volumes/FACUNDO/Rockwall fireworks/rockwall fireworks items.xlsx","Items","99","1","1","no_match","","Unknown","No sufficiently specific candidate identified in the two Dynamite catalog files."
"G4RPL673CZVIZPHF3JQIYTAV","064883100769","","6ct Texas Size Rocket","6ct Texas Size Rocket","Whitespace cleaned; uncertain abbreviations retained","Unknown","Unknown","Unknown","Regular","Unknown","6ct","#6ct-texas-size-rocket-regular","/Volumes/FACUNDO/Rockwall fireworks/MLTX6DPJDFYX7_catalog-2026-08-16-1724.csv","99","100","100","/Volumes/FACUNDO/Rockwall fireworks/rockwall fireworks items.xlsx","Items","100","1","1","no_match","","Unknown","No sufficiently specific candidate identified in the two Dynamite catalog files."
"WWS64AP47VXXTHHYX3D2E5Z2","","705108402311","6pc 10 ball roman candle","6pc 10 ball roman candle","Whitespace cleaned; uncertain abbreviations retained","Unknown","Unknown","Unknown","Regular","Unknown","6pc","#6pc-10-ball-roman-candle-regular","/Volumes/FACUNDO/Rockwall fireworks/MLTX6DPJDFYX7_catalog-2026-08-16-1724.csv","100","101","101","/Volumes/FACUNDO/Rockwall fireworks/rockwall fireworks items.xlsx","Items","101","1","0","no_match","","Unknown","No sufficiently specific candidate identified in the two Dynamite catalog files."
"IV465BAKK2EAWD5TK3S32FRX","805253414235","","6pc Artillery Shells: Huge Color Bursts","6pc Artillery Shells: Huge Color Bursts","Whitespace cleaned; uncertain abbreviations retained","Unknown","Unknown","Unknown","Regular","Unknown","6pc","#6pc-artillery-shells-huge-color-bursts-regular","/Volumes/FACUNDO/Rockwall fireworks/MLTX6DPJDFYX7_catalog-2026-08-16-1724.csv","101","102","102","/Volumes/FACUNDO/Rockwall fireworks/rockwall fireworks items.xlsx","Items","102","1","1","no_match","","Unknown","No sufficiently specific candidate identified in the two Dynamite catalog files."
"67Q5FTM7ANPDPMG4XUHW74DF","703674274226","","7 Disposable Lighters","7 Disposable Lighters","Whitespace cleaned; uncertain abbreviations retained","Unknown","Unknown","Unknown","Regular","Unknown","Unknown","#7-disposable-lighters-regular","/Volumes/FACUNDO/Rockwall fireworks/MLTX6DPJDFYX7_catalog-2026-08-16-1724.csv","102","103","103","/Volumes/FACUNDO/Rockwall fireworks/rockwall fireworks items.xlsx","Items","103","1","1","no_match","","Unknown","No sufficiently specific candidate identified in the two Dynamite catalog files."
"PAYQMSSER3UY2TBKFB63PVI7","887946070027","","7"" Defender Missile","7"" Defender Missile","Whitespace cleaned; uncertain abbreviations retained","Unknown","Unknown","Unknown","Regular","Unknown","7""","#7-defender-missile-regular","/Volumes/FACUNDO/Rockwall fireworks/MLTX6DPJDFYX7_catalog-2026-08-16-1724.csv","103","104","104","/Volumes/FACUNDO/Rockwall fireworks/rockwall fireworks items.xlsx","Items","104","1","1","no_match","","Unknown","No sufficiently specific candidate identified in the two Dynamite catalog files."
"XPH7RXILMQOK6PZWGNZX3SL5","888011307505","","750s Saturn Missile Battery","750s Saturn Missile Battery","Whitespace cleaned; uncertain abbreviations retained","Unknown","Unknown","Unknown","Regular","Unknown","Unknown","#750s-saturn-missile-battery-regular","/Volumes/FACUNDO/Rockwall fireworks/MLTX6DPJDFYX7_catalog-2026-08-16-1724.csv","104","105","105","/Volumes/FACUNDO/Rockwall fireworks/rockwall fireworks items.xlsx","Items","105","2","1","no_match","","Unknown","No sufficiently specific candidate identified in the two Dynamite catalog files."
"CJQNGWS3JU5HZJQ2XSK62B43","887946000499","","750s Saturn Missile Battery","750s Saturn Missile Battery","Whitespace cleaned; uncertain abbreviations retained","Unknown","Unknown","Unknown","750 Shot","750 Shot","Unknown","#750s-saturn-missile-battery-750-shot","/Volumes/FACUNDO/Rockwall fireworks/MLTX6DPJDFYX7_catalog-2026-08-16-1724.csv","105","106","106","/Volumes/FACUNDO/Rockwall fireworks/rockwall fireworks items.xlsx","Items","106","2","1","no_match","","Unknown","No sufficiently specific candidate identified in the two Dynamite catalog files."
"XDY67L6KGJ3UDL576VIBRNUO","821600005017","","8 Inch Missle","8 Inch Missle","Whitespace cleaned; uncertain abbreviations retained","Unknown","Unknown","Unknown","Regular","Unknown","8 Inch","#8-inch-missle-regular","/Volumes/FACUNDO/Rockwall fireworks/MLTX6DPJDFYX7_catalog-2026-08-16-1724.csv","106","107","107","/Volumes/FACUNDO/Rockwall fireworks/rockwall fireworks items.xlsx","Items","107","1","1","no_match","","Unknown","No sufficiently specific candidate identified in the two Dynamite catalog files."
"KVJM6GNGZVNLT2VHSMPTYOEQ","705108074006","","8"" color sparklers","8"" color sparklers","Whitespace cleaned; uncertain abbreviations retained","Unknown","Unknown","Unknown","Regular","Unknown","8""","#8-color-sparklers-regular","/Volumes/FACUNDO/Rockwall fireworks/MLTX6DPJDFYX7_catalog-2026-08-16-1724.csv","107","108","108","/Volumes/FACUNDO/Rockwall fireworks/rockwall fireworks items.xlsx","Items","108","1","1","no_match","","Unknown","No sufficiently specific candidate identified in the two Dynamite catalog files."
"H5ODOFIVBLH5KHPX3NEZ6ROR","821600001132","","8000 Thunder Bomb Cracker","8000 Thunder Bomb Cracker","Whitespace cleaned; uncertain abbreviations retained","Unknown","Unknown","Unknown","Regular","Unknown","Unknown","#8000-thunder-bomb-cracker-regular","/Volumes/FACUNDO/Rockwall fireworks/MLTX6DPJDFYX7_catalog-2026-08-16-1724.csv","108","109","109","/Volumes/FACUNDO/Rockwall fireworks/rockwall fireworks items.xlsx","Items","109","1","1","no_match","","Unknown","No sufficiently specific candidate identified in the two Dynamite catalog files."
"BXB6IDEAWPODTC7JWB3OGSL2","821600025213","","96 Shot Color Pearl","96 Shot Color Pearl","Whitespace cleaned; uncertain abbreviations retained","Unknown","Unknown","Unknown","Regular","Unknown","96 Shot","#96-shot-color-pearl-regular","/Volumes/FACUNDO/Rockwall fireworks/MLTX6DPJDFYX7_catalog-2026-08-16-1724.csv","109","110","110","/Volumes/FACUNDO/Rockwall fireworks/rockwall fireworks items.xlsx","Items","110","1","1","no_match","","Unknown","No sufficiently specific candidate identified in the two Dynamite catalog files."
"PI4EHRNLTIX3BTAGFZUATH7S","674662533833","","A Legacy Of Liberty 250 Years 500g","A Legacy Of Liberty 250 Years 500g","Whitespace cleaned; uncertain abbreviations retained","Unknown","Unknown","Unknown","Regular","Unknown","500g","#a-legacy-of-liberty-250-years-500g-regular","/Volumes/FACUNDO/Rockwall fireworks/MLTX6DPJDFYX7_catalog-2026-08-16-1724.csv","110","111","111","/Volumes/FACUNDO/Rockwall fireworks/rockwall fireworks items.xlsx","Items","111","1","1","no_match","","Unknown","No sufficiently specific candidate identified in the two Dynamite catalog files."
"YFAWGJZFEI4UUOC7GCETC7FX","872421130013","","A Million Missles","A Million Missles","Whitespace cleaned; uncertain abbreviations retained","Unknown","Unknown","Unknown","Regular","Unknown","Unknown","#a-million-missles-regular","/Volumes/FACUNDO/Rockwall fireworks/MLTX6DPJDFYX7_catalog-2026-08-16-1724.csv","111","112","112","/Volumes/FACUNDO/Rockwall fireworks/rockwall fireworks items.xlsx","Items","112","1","1","no_match","","Unknown","No sufficiently specific candidate identified in the two Dynamite catalog files."
"VP5CG67K35FAOWJPZ7IWO4KN","197031322116","","AK-47 FOUNTAIN","AK-47 FOUNTAIN","Whitespace cleaned; uncertain abbreviations retained","Unknown","Fountains","Unknown","Regular","Unknown","Unknown","#ak-47-fountain-regular","/Volumes/FACUNDO/Rockwall fireworks/MLTX6DPJDFYX7_catalog-2026-08-16-1724.csv","112","113","113","/Volumes/FACUNDO/Rockwall fireworks/rockwall fireworks items.xlsx","Items","113","1","1","no_match","","Unknown","No sufficiently specific candidate identified in the two Dynamite catalog files."
"4CG65TCNMRJDOS6ZNDPNVF2L","875330032508","","AK-47 Fountain","AK-47 Fountain","Whitespace cleaned; uncertain abbreviations retained","Unknown","Fountains","Unknown","Regular","Unknown","Unknown","#ak-47-fountain-1-regular","/Volumes/FACUNDO/Rockwall fireworks/MLTX6DPJDFYX7_catalog-2026-08-16-1724.csv","113","114","114","/Volumes/FACUNDO/Rockwall fireworks/rockwall fireworks items.xlsx","Items","114","1","1","no_match","","Unknown","No sufficiently specific candidate identified in the two Dynamite catalog files."
"DJGH4MOSEAF477EDNI4PRQ4O","","652009200020","Above The Law Family Pack BC","Above The Law Family Pack BC","Whitespace cleaned; uncertain abbreviations retained","Unknown","Family Pack Assortments","Unknown","Regular","Unknown","Unknown","#above-the-law-family-pack-bc-regular","/Volumes/FACUNDO/Rockwall fireworks/MLTX6DPJDFYX7_catalog-2026-08-16-1724.csv","114","115","115","/Volumes/FACUNDO/Rockwall fireworks/rockwall fireworks items.xlsx","Items","115","1","0","no_match","","Unknown","No sufficiently specific candidate identified in the two Dynamite catalog files."
"A3TTFCDNXBESWGPAC4RVRVLA","652009906540","","Absolute Pyro","Absolute Pyro","Whitespace cleaned; uncertain abbreviations retained","Unknown","500 GRAM FINALE > 500 GRAM FINALE ZIPPER CAKES","Unknown","Regular","Unknown","Unknown","#absolute-pyro-regular","/Volumes/FACUNDO/Rockwall fireworks/MLTX6DPJDFYX7_catalog-2026-08-16-1724.csv","115","116","116","/Volumes/FACUNDO/Rockwall fireworks/rockwall fireworks items.xlsx","Items","116","1","1","no_match","","Unknown","No sufficiently specific candidate identified in the two Dynamite catalog files."
"DVBX6GI2QDAKB3AOFVTXGCXS","757202300031","","Action Zone Family Pack","Action Zone","Reviewed commercial name; specifications retained separately","Monkey Mania","Family Pack Assortments","Assortments","Regular","Family pack","Unknown","#action-zone-family-pack-regular","/Volumes/FACUNDO/Rockwall fireworks/MLTX6DPJDFYX7_catalog-2026-08-16-1724.csv","116","117","117","/Volumes/FACUNDO/Rockwall fireworks/rockwall fireworks items.xlsx","Items","117","1","1","confirmed","action-zone","products.json[56] Action Zone / Monkey Mania / /products/action-zone.png","Square family-pack presentation, source Monkey Mania packaging and approved Rockwall image identify the same assortment; existing ID and assets retained."
"GPZVXC3S5TOL4YDFTGF2GZYP","849107002148","","Adult Snaps Bogo","Adult Snaps","Whitespace cleaned; historical BOGO marker removed from display name only","Unknown","Unknown","Unknown","Regular","Unknown","Unknown","#adult-snaps-bogo-regular","/Volumes/FACUNDO/Rockwall fireworks/MLTX6DPJDFYX7_catalog-2026-08-16-1724.csv","117","118","118","/Volumes/FACUNDO/Rockwall fireworks/rockwall fireworks items.xlsx","Items","118","1","1","no_match","","Unknown","No sufficiently specific candidate identified in the two Dynamite catalog files."
"YJIFUP2KPQJDBACJJP43G5SD","680149054289","","Aerojet (4 sticks)","Aerojet (4 sticks)","Whitespace cleaned; uncertain abbreviations retained","Unknown","Stick Rockets","Unknown","Regular","Unknown","4 sticks","#aerojet-4-sticks--regular","/Volumes/FACUNDO/Rockwall fireworks/MLTX6DPJDFYX7_catalog-2026-08-16-1724.csv","118","119","119","/Volumes/FACUNDO/Rockwall fireworks/rockwall fireworks items.xlsx","Items","119","1","1","no_match","","Unknown","No sufficiently specific candidate identified in the two Dynamite catalog files."
"SRP2KXXSRJ5ZLRYNRYPEYTA3","757201220071","","Aggression","Aggression","Whitespace cleaned; uncertain abbreviations retained","Unknown","Unknown","Unknown","Regular","Unknown","Unknown","#aggression-regular","/Volumes/FACUNDO/Rockwall fireworks/MLTX6DPJDFYX7_catalog-2026-08-16-1724.csv","119","120","120","/Volumes/FACUNDO/Rockwall fireworks/rockwall fireworks items.xlsx","Items","120","1","1","no_match","","Unknown","No sufficiently specific candidate identified in the two Dynamite catalog files."
"4334FNRTII6SMFRXQN7MAUHA","687985102822","","Air Force One Rocket (5 sticks)","Air Force One Rocket (5 sticks)","Whitespace cleaned; uncertain abbreviations retained","Unknown","Stick Rockets","Unknown","Regular","Unknown","5 sticks","#air-force-one-rocket-5-sticks--regular","/Volumes/FACUNDO/Rockwall fireworks/MLTX6DPJDFYX7_catalog-2026-08-16-1724.csv","120","121","121","/Volumes/FACUNDO/Rockwall fireworks/rockwall fireworks items.xlsx","Items","121","1","1","no_match","","Unknown","No sufficiently specific candidate identified in the two Dynamite catalog files."
"ASHLE2YBKFSZNM63ILNCUD23","202013250018","","Air Power 5"" Artillery Shells 24 pack","Air Power 5"" Artillery Shells 24 pack","Whitespace cleaned; uncertain abbreviations retained","Unknown","24 Pack Canister Artillery Shells 5 INCH","Unknown","Regular","Unknown","5"" | 24 pack","#air-power-5-artillery-shells-24-pack-regular","/Volumes/FACUNDO/Rockwall fireworks/MLTX6DPJDFYX7_catalog-2026-08-16-1724.csv","121","122","122","/Volumes/FACUNDO/Rockwall fireworks/rockwall fireworks items.xlsx","Items","122","1","1","no_match","","Unknown","No sufficiently specific candidate identified in the two Dynamite catalog files."
"M5WL2GWBEX24UFCMOYR2IV5P","052301913206","","Alien Attack 500 Gram","Alien Attack 500 Gram","Whitespace cleaned; uncertain abbreviations retained","Unknown","500 GRAM FINALE","Unknown","Regular","Unknown","500 Gram","#alien-attack-500-gram-regular","/Volumes/FACUNDO/Rockwall fireworks/MLTX6DPJDFYX7_catalog-2026-08-16-1724.csv","122","123","123","/Volumes/FACUNDO/Rockwall fireworks/rockwall fireworks items.xlsx","Items","123","2","1","no_match","","Unknown","No sufficiently specific candidate identified in the two Dynamite catalog files."
"WCIPTN2Z22OBJCOSXXECSVFO","6011401913206","","Alien Attack 500 Gram","Alien Attack 500 Gram","Whitespace cleaned; uncertain abbreviations retained","Unknown","500 GRAM FINALE","Unknown","Regular","Unknown","500 Gram","#alien-attack-500-gram-1-regular","/Volumes/FACUNDO/Rockwall fireworks/MLTX6DPJDFYX7_catalog-2026-08-16-1724.csv","123","124","124","/Volumes/FACUNDO/Rockwall fireworks/rockwall fireworks items.xlsx","Items","124","2","1","no_match","","Unknown","No sufficiently specific candidate identified in the two Dynamite catalog files."
"V6MU7TUWULGKPYU6OK3YD6HQ","816597943671","","Alien Invasion 6"" Artillery Shells 24 Pack","Alien Invasion 6"" Artillery Shells 24 Pack","Whitespace cleaned; uncertain abbreviations retained","Unknown","24 Pack Artillery Shells 6""","Unknown","Regular","Unknown","6"" | 24 Pack","#alien-invasion-6-artillery-shells-24-pack-regular","/Volumes/FACUNDO/Rockwall fireworks/MLTX6DPJDFYX7_catalog-2026-08-16-1724.csv","124","125","125","/Volumes/FACUNDO/Rockwall fireworks/rockwall fireworks items.xlsx","Items","125","1","1","no_match","","Unknown","No sufficiently specific candidate identified in the two Dynamite catalog files."
"XYXKR3DJY6RHOJASSPK5TYT5","8052530043813","","All Star Pack","All Star Pack","Whitespace cleaned; uncertain abbreviations retained","Unknown","Unknown","Unknown","Regular","Unknown","Unknown","#all-star-pack-regular","/Volumes/FACUNDO/Rockwall fireworks/MLTX6DPJDFYX7_catalog-2026-08-16-1724.csv","125","126","126","/Volumes/FACUNDO/Rockwall fireworks/rockwall fireworks items.xlsx","Items","126","1","1","no_match","","Unknown","No sufficiently specific candidate identified in the two Dynamite catalog files."
"XDBTTK6XNQUZN7Y5OLEMK7P4","514677961026","","Always Remember","Always Remember","Whitespace cleaned; uncertain abbreviations retained","Unknown","Unknown","Unknown","Regular","Unknown","Unknown","#always-remember-regular","/Volumes/FACUNDO/Rockwall fireworks/MLTX6DPJDFYX7_catalog-2026-08-16-1724.csv","126","127","127","/Volumes/FACUNDO/Rockwall fireworks/rockwall fireworks items.xlsx","Items","127","1","1","no_match","","Unknown","No sufficiently specific candidate identified in the two Dynamite catalog files."
"P4V5UWFOA4QKR7HDTQ2Y7NTA","192537122338","","America Enduring ","America Enduring","Whitespace cleaned; uncertain abbreviations retained","Unknown","Unknown","Unknown","Regular","Unknown","Unknown","#america-enduring--regular","/Volumes/FACUNDO/Rockwall fireworks/MLTX6DPJDFYX7_catalog-2026-08-16-1724.csv","127","128","128","/Volumes/FACUNDO/Rockwall fireworks/rockwall fireworks items.xlsx","Items","128","1","1","no_match","","Unknown","No sufficiently specific candidate identified in the two Dynamite catalog files."
"NNRAJOMOO6QMDDNVRN3MLQ2G","757201530644","","America First","America First","Whitespace cleaned; uncertain abbreviations retained","Unknown","Unknown","Unknown","Regular","Unknown","Unknown","#america-first-regular","/Volumes/FACUNDO/Rockwall fireworks/MLTX6DPJDFYX7_catalog-2026-08-16-1724.csv","128","129","129","/Volumes/FACUNDO/Rockwall fireworks/rockwall fireworks items.xlsx","Items","129","1","1","probable","","products.json[9] America First / Raccoon / /products/america-first.png","Name identifies a candidate only; manufacturer and exact presentation have not been established."
"OV5PX3WTPYLU7UAQX5H6BZWS","800000125037","","America Forever","America Forever","Whitespace cleaned; uncertain abbreviations retained","Unknown","Unknown","Unknown","Regular","Unknown","Unknown","#america-forever-regular","/Volumes/FACUNDO/Rockwall fireworks/MLTX6DPJDFYX7_catalog-2026-08-16-1724.csv","129","130","130","/Volumes/FACUNDO/Rockwall fireworks/rockwall fireworks items.xlsx","Items","130","1","1","no_match","","Unknown","No sufficiently specific candidate identified in the two Dynamite catalog files."
"NX53FTYFRKZQY6WLTR2DY3WJ","757201572187","","American Anthem","American Anthem","Whitespace cleaned; uncertain abbreviations retained","Unknown","9-SHOT 500 GRAM RACKS","Unknown","Regular","Unknown","Unknown","#american-anthem-regular","/Volumes/FACUNDO/Rockwall fireworks/MLTX6DPJDFYX7_catalog-2026-08-16-1724.csv","130","131","131","/Volumes/FACUNDO/Rockwall fireworks/rockwall fireworks items.xlsx","Items","131","1","1","no_match","","Unknown","No sufficiently specific candidate identified in the two Dynamite catalog files."
"MUGZGXIY22XE4VAAZZ7DVGMW","757202118070","","American Celebration Fountain","American Celebration Fountain","Whitespace cleaned; uncertain abbreviations retained","Unknown","Fountains","Unknown","Regular","Unknown","Unknown","#american-celebration-fountain-regular","/Volumes/FACUNDO/Rockwall fireworks/MLTX6DPJDFYX7_catalog-2026-08-16-1724.csv","131","132","132","/Volumes/FACUNDO/Rockwall fireworks/rockwall fireworks items.xlsx","Items","132","1","1","no_match","","Unknown","No sufficiently specific candidate identified in the two Dynamite catalog files."
"F4VHERHXUEKP2V34SZ4UB66R","715244965298","","American Freedom Train ","American Freedom Train","Whitespace cleaned; uncertain abbreviations retained","Unknown","Unknown","Unknown","Regular","Unknown","Unknown","#american-freedom-train--regular","/Volumes/FACUNDO/Rockwall fireworks/MLTX6DPJDFYX7_catalog-2026-08-16-1724.csv","132","133","133","/Volumes/FACUNDO/Rockwall fireworks/rockwall fireworks items.xlsx","Items","133","1","1","no_match","","Unknown","No sufficiently specific candidate identified in the two Dynamite catalog files."
"EJ67OI6GG3MOJJGKU6K6YPHX","805253311817","","American Pride Fountain","American Pride Fountain","Whitespace cleaned; uncertain abbreviations retained","Unknown","Fountains","Unknown","Regular","Unknown","Unknown","#american-pride-fountain-regular","/Volumes/FACUNDO/Rockwall fireworks/MLTX6DPJDFYX7_catalog-2026-08-16-1724.csv","133","134","134","/Volumes/FACUNDO/Rockwall fireworks/rockwall fireworks items.xlsx","Items","134","1","1","no_match","","Unknown","No sufficiently specific candidate identified in the two Dynamite catalog files."
"LXNCB5NMJNLAI6CU2C6JBNAC","","841527105072","American Spirit Show","American Spirit Show","Whitespace cleaned; uncertain abbreviations retained","Unknown","Unknown","Unknown","Regular","Unknown","Unknown","#american-spirit-show-regular","/Volumes/FACUNDO/Rockwall fireworks/MLTX6DPJDFYX7_catalog-2026-08-16-1724.csv","134","135","135","/Volumes/FACUNDO/Rockwall fireworks/rockwall fireworks items.xlsx","Items","135","1","0","no_match","","Unknown","No sufficiently specific candidate identified in the two Dynamite catalog files."
"QF4SJO5A26QPFJ3INJVAWKZB","687985961214","","American Wildcard 200G","American Wildcard 200G","Whitespace cleaned; uncertain abbreviations retained","Unknown","Unknown","Unknown","Regular","Unknown","200G","#american-wildcard-200g-regular","/Volumes/FACUNDO/Rockwall fireworks/MLTX6DPJDFYX7_catalog-2026-08-16-1724.csv","135","136","136","/Volumes/FACUNDO/Rockwall fireworks/rockwall fireworks items.xlsx","Items","136","1","1","no_match","","Unknown","No sufficiently specific candidate identified in the two Dynamite catalog files."
"LDTQWSGU6QA5LY4GLQ53WWQY","757205301271","","Americana 500 Gram","Americana 500 Gram","Whitespace cleaned; uncertain abbreviations retained","Unknown","500 GRAM FINALE","Unknown","Regular","Unknown","500 Gram","#americana-500-gram-regular","/Volumes/FACUNDO/Rockwall fireworks/MLTX6DPJDFYX7_catalog-2026-08-16-1724.csv","136","137","137","/Volumes/FACUNDO/Rockwall fireworks/rockwall fireworks items.xlsx","Items","137","1","1","no_match","","Unknown","No sufficiently specific candidate identified in the two Dynamite catalog files."
"CP7RE6RLLTS5YYWJJ5KWFDGD","816597941578","","Americas best snappers","Americas best snappers","Whitespace cleaned; uncertain abbreviations retained","Unknown","Unknown","Unknown","Regular","Unknown","Unknown","#americas-best-snappers-regular","/Volumes/FACUNDO/Rockwall fireworks/MLTX6DPJDFYX7_catalog-2026-08-16-1724.csv","137","138","138","/Volumes/FACUNDO/Rockwall fireworks/rockwall fireworks items.xlsx","Items","138","1","1","no_match","","Unknown","No sufficiently specific candidate identified in the two Dynamite catalog files."
"XEHFK3MLUWNJO53ONKR3COLJ","757205301677","","Ant Chant","Ant Chant","Whitespace cleaned; uncertain abbreviations retained","Unknown","500 GRAM FINALE > 500 GRAM FINALE ZIPPER CAKES","Unknown","Regular","Unknown","Unknown","#ant-chant-regular","/Volumes/FACUNDO/Rockwall fireworks/MLTX6DPJDFYX7_catalog-2026-08-16-1724.csv","138","139","139","/Volumes/FACUNDO/Rockwall fireworks/rockwall fireworks items.xlsx","Items","139","1","1","probable","","products.json[17] Ant Chant / Raccoon / /products/ant-chant.png","Name identifies a candidate only; manufacturer and exact presentation have not been established."
"MYCY5YAXU47YAWMJR6OTMGPJ","8145270114612","","Armadillo Fountain","Armadillo Fountain","Whitespace cleaned; uncertain abbreviations retained","Unknown","Fountains","Unknown","Regular","Unknown","Unknown","#armadillo-fountain-regular","/Volumes/FACUNDO/Rockwall fireworks/MLTX6DPJDFYX7_catalog-2026-08-16-1724.csv","139","140","140","/Volumes/FACUNDO/Rockwall fireworks/rockwall fireworks items.xlsx","Items","140","1","1","no_match","","Unknown","No sufficiently specific candidate identified in the two Dynamite catalog files."
"P4ESCHPHWPNNEQAO7CBR4SHE","805253310254","","Armed Forces 2.0","Armed Forces 2.0","Whitespace cleaned; uncertain abbreviations retained","Unknown","Unknown","Unknown","Regular","Unknown","Unknown","#armed-forces-2-0-regular","/Volumes/FACUNDO/Rockwall fireworks/MLTX6DPJDFYX7_catalog-2026-08-16-1724.csv","140","141","141","/Volumes/FACUNDO/Rockwall fireworks/rockwall fireworks items.xlsx","Items","141","1","1","conflict","","products.json[13] Armed forces / Raccoon / /products/armed-forces.png","Armed Forces generation/pack differs or is unspecified; source metadata says Raccoon but photographed branding says World Class. Do not conflate 2.0–6.0 or a three-pack."
"MZZ52RLGSBVYWVGTZBM3WP3A","805253310216","","Armed Forces 3.0","Armed Forces 3.0","Whitespace cleaned; uncertain abbreviations retained","Unknown","Unknown","Unknown","Regular","Unknown","Unknown","#armed-forces-3-0-regular","/Volumes/FACUNDO/Rockwall fireworks/MLTX6DPJDFYX7_catalog-2026-08-16-1724.csv","141","142","142","/Volumes/FACUNDO/Rockwall fireworks/rockwall fireworks items.xlsx","Items","142","1","1","conflict","","products.json[13] Armed forces / Raccoon / /products/armed-forces.png","Armed Forces generation/pack differs or is unspecified; source metadata says Raccoon but photographed branding says World Class. Do not conflate 2.0–6.0 or a three-pack."
"VW3Z4UDV6D74A3TIQ7L7S2PY","805253310261","","Armed Forces 4.0","Armed Forces 4.0","Whitespace cleaned; uncertain abbreviations retained","Unknown","Unknown","Unknown","Regular","Unknown","Unknown","#armed-forces-4-0-regular","/Volumes/FACUNDO/Rockwall fireworks/MLTX6DPJDFYX7_catalog-2026-08-16-1724.csv","142","143","143","/Volumes/FACUNDO/Rockwall fireworks/rockwall fireworks items.xlsx","Items","143","1","1","conflict","","products.json[13] Armed forces / Raccoon / /products/armed-forces.png","Armed Forces generation/pack differs or is unspecified; source metadata says Raccoon but photographed branding says World Class. Do not conflate 2.0–6.0 or a three-pack."
"4XFR7CLMTWG34WHO72ZRFLRW","805253310230","","Armed Forces 5.0","Armed Forces 5.0","Whitespace cleaned; uncertain abbreviations retained","Unknown","Unknown","Unknown","Regular","Unknown","Unknown","#armed-forces-5-0-regular","/Volumes/FACUNDO/Rockwall fireworks/MLTX6DPJDFYX7_catalog-2026-08-16-1724.csv","143","144","144","/Volumes/FACUNDO/Rockwall fireworks/rockwall fireworks items.xlsx","Items","144","1","1","conflict","","products.json[13] Armed forces / Raccoon / /products/armed-forces.png","Armed Forces generation/pack differs or is unspecified; source metadata says Raccoon but photographed branding says World Class. Do not conflate 2.0–6.0 or a three-pack."
"SMSO6AXTYFGVVTIJOT2FOHFG","805253310223","","Armed Forces 500 G","Armed Forces 500 G","Whitespace cleaned; uncertain abbreviations retained","Unknown","Unknown","Unknown","Regular","Unknown","500 G","#armed-forces-500-g-regular","/Volumes/FACUNDO/Rockwall fireworks/MLTX6DPJDFYX7_catalog-2026-08-16-1724.csv","144","145","145","/Volumes/FACUNDO/Rockwall fireworks/rockwall fireworks items.xlsx","Items","145","1","1","conflict","","products.json[13] Armed forces / Raccoon / /products/armed-forces.png","Armed Forces generation/pack differs or is unspecified; source metadata says Raccoon but photographed branding says World Class. Do not conflate 2.0–6.0 or a three-pack."
"TLWMARRYOFXJBZJWZIHCNGBA","805253310247","","Armed Forces 6.0","Armed Forces 6.0","Whitespace cleaned; uncertain abbreviations retained","Unknown","Unknown","Unknown","Regular","Unknown","Unknown","#armed-forces-6-0-regular","/Volumes/FACUNDO/Rockwall fireworks/MLTX6DPJDFYX7_catalog-2026-08-16-1724.csv","145","146","146","/Volumes/FACUNDO/Rockwall fireworks/rockwall fireworks items.xlsx","Items","146","1","1","conflict","","products.json[13] Armed forces / Raccoon / /products/armed-forces.png","Armed Forces generation/pack differs or is unspecified; source metadata says Raccoon but photographed branding says World Class. Do not conflate 2.0–6.0 or a three-pack."
"Y4SXCZVSAVHO2GCBJYKJPQZO","757201116015","","Arms Depot 4"" Artillery Shells 16 pack","Arms Depot 4"" Artillery Shells 16 pack","Whitespace cleaned; uncertain abbreviations retained","Unknown","12/16 Pack Artillery Shells 1.75"" RDX\, 4"" Pyro\, 5"" Xtra Lg","Unknown","Regular","Unknown","4"" | 16 pack","#arms-depot-4-artillery-shells-16-pack-regular","/Volumes/FACUNDO/Rockwall fireworks/MLTX6DPJDFYX7_catalog-2026-08-16-1724.csv","146","147","147","/Volumes/FACUNDO/Rockwall fireworks/rockwall fireworks items.xlsx","Items","147","1","1","no_match","","Unknown","No sufficiently specific candidate identified in the two Dynamite catalog files."
"5XZWDB3GDSY4KFRZGEOLUX2U","695071404002","","Army Issue Grenades","Army Issue Grenades","Whitespace cleaned; uncertain abbreviations retained","Unknown","Unknown","Unknown","Regular","Unknown","Unknown","#army-issue-grenades-regular","/Volumes/FACUNDO/Rockwall fireworks/MLTX6DPJDFYX7_catalog-2026-08-16-1724.csv","147","148","148","/Volumes/FACUNDO/Rockwall fireworks/rockwall fireworks items.xlsx","Items","148","1","1","no_match","","Unknown","No sufficiently specific candidate identified in the two Dynamite catalog files."
"T625WGBZWWYVCCKWJQXTUQAZ","943100700022","","Artificial Satellite 12 Ct","Artificial Satellite 12 Ct","Whitespace cleaned; uncertain abbreviations retained","Unknown","Unknown","Unknown","Regular","Unknown","12 Ct","#artificial-satellite-12-ct-regular","/Volumes/FACUNDO/Rockwall fireworks/MLTX6DPJDFYX7_catalog-2026-08-16-1724.csv","148","149","149","/Volumes/FACUNDO/Rockwall fireworks/rockwall fireworks items.xlsx","Items","149","1","1","no_match","","Unknown","No sufficiently specific candidate identified in the two Dynamite catalog files."
"TTQLPUHZV4KBK3ZBZYTFFCOS","705108204281","","Artificial Satellites Bogo","Artificial Satellites","Whitespace cleaned; historical BOGO marker removed from display name only","Unknown","Unknown","Unknown","Regular","Unknown","Unknown","#artificial-satellites-bogo-regular","/Volumes/FACUNDO/Rockwall fireworks/MLTX6DPJDFYX7_catalog-2026-08-16-1724.csv","149","150","150","/Volumes/FACUNDO/Rockwall fireworks/rockwall fireworks items.xlsx","Items","150","1","1","no_match","","Unknown","No sufficiently specific candidate identified in the two Dynamite catalog files."
"PFM347B2GJEBEXQEMR545CKS","821611115156","","Artillery Shell","Artillery Shell","Whitespace cleaned; uncertain abbreviations retained","Unknown","Unknown","Unknown","Regular","Unknown","Unknown","#artillery-shell-regular","/Volumes/FACUNDO/Rockwall fireworks/MLTX6DPJDFYX7_catalog-2026-08-16-1724.csv","150","151","151","/Volumes/FACUNDO/Rockwall fireworks/rockwall fireworks items.xlsx","Items","151","1","1","no_match","","Unknown","No sufficiently specific candidate identified in the two Dynamite catalog files."
"JKA7CKPRGWO7RXNGENDKELON","757202000085","","Artillery Shells (Boomer 6 pcs) (Black Box)","Artillery Shells (Boomer 6 pcs) (Black Box)","Whitespace cleaned; uncertain abbreviations retained","Boomer","Artillery/Festival Balls","Unknown","Regular","Unknown","6 pcs","#artillery-shells-boomer-6-pcs-black-box--regular","/Volumes/FACUNDO/Rockwall fireworks/MLTX6DPJDFYX7_catalog-2026-08-16-1724.csv","151","152","152","/Volumes/FACUNDO/Rockwall fireworks/rockwall fireworks items.xlsx","Items","152","1","1","no_match","","Unknown","No sufficiently specific candidate identified in the two Dynamite catalog files."
"DTIZFT2E72RKGH2NKDOLRBDD","757202015157","","Artillery Shells (MM 6 pcs) (Black Box)","Artillery Shells (MM 6 pcs) (Black Box)","Whitespace cleaned; uncertain abbreviations retained","Unknown","Artillery/Festival Balls","Unknown","Regular","Unknown","6 pcs","#artillery-shells-mm-6-pcs-black-box--regular","/Volumes/FACUNDO/Rockwall fireworks/MLTX6DPJDFYX7_catalog-2026-08-16-1724.csv","152","153","153","/Volumes/FACUNDO/Rockwall fireworks/rockwall fireworks items.xlsx","Items","153","1","1","no_match","","Unknown","No sufficiently specific candidate identified in the two Dynamite catalog files."
"KS3WIQC7PRDYQQCOWJTAGXZ5","064883101070","","Assorted Fountain I","Assorted Fountain I","Whitespace cleaned; uncertain abbreviations retained","Unknown","Fountains","Unknown","Regular","Unknown","Unknown","#assorted-fountain-i-regular","/Volumes/FACUNDO/Rockwall fireworks/MLTX6DPJDFYX7_catalog-2026-08-16-1724.csv","153","154","154","/Volumes/FACUNDO/Rockwall fireworks/rockwall fireworks items.xlsx","Items","154","1","1","no_match","","Unknown","No sufficiently specific candidate identified in the two Dynamite catalog files."
"DNIEAW7XOSEWEYTAS775EKEY","064883101087","","Assorted Fountain II","Assorted Fountain II","Whitespace cleaned; uncertain abbreviations retained","Unknown","Fountains","Unknown","Regular","Unknown","Unknown","#assorted-fountain-ii-regular","/Volumes/FACUNDO/Rockwall fireworks/MLTX6DPJDFYX7_catalog-2026-08-16-1724.csv","154","155","155","/Volumes/FACUNDO/Rockwall fireworks/rockwall fireworks items.xlsx","Items","155","1","1","no_match","","Unknown","No sufficiently specific candidate identified in the two Dynamite catalog files."
"2U44ZS5P6EKYO7OV7MODRTLK","064883101056","","Assorted Fountain III","Assorted Fountain III","Whitespace cleaned; uncertain abbreviations retained","Unknown","Unknown","Unknown","Regular","Unknown","Unknown","#assorted-fountain-iii-regular","/Volumes/FACUNDO/Rockwall fireworks/MLTX6DPJDFYX7_catalog-2026-08-16-1724.csv","155","156","156","/Volumes/FACUNDO/Rockwall fireworks/rockwall fireworks items.xlsx","Items","156","1","1","no_match","","Unknown","No sufficiently specific candidate identified in the two Dynamite catalog files."
"7LUO3VYYP77HCIOYYFIT3BYA","064883101063","","Assorted Fountain IV","Assorted Fountain IV","Whitespace cleaned; uncertain abbreviations retained","Unknown","Fountains","Unknown","Regular","Unknown","Unknown","#assorted-fountain-iv-regular","/Volumes/FACUNDO/Rockwall fireworks/MLTX6DPJDFYX7_catalog-2026-08-16-1724.csv","156","157","157","/Volumes/FACUNDO/Rockwall fireworks/rockwall fireworks items.xlsx","Items","157","1","1","no_match","","Unknown","No sufficiently specific candidate identified in the two Dynamite catalog files."
"22UELNC5XMR2TK3DDX6EWAAO","816597938257","","Assorted Smoke 4 Pieces Colo","Assorted Smoke 4 Pieces Colo","Whitespace cleaned; uncertain abbreviations retained","Unknown","Unknown","Unknown","Regular","Unknown","Unknown","#assorted-smoke-4-pieces-colo-regular","/Volumes/FACUNDO/Rockwall fireworks/MLTX6DPJDFYX7_catalog-2026-08-16-1724.csv","157","158","158","/Volumes/FACUNDO/Rockwall fireworks/rockwall fireworks items.xlsx","Items","158","1","1","no_match","","Unknown","No sufficiently specific candidate identified in the two Dynamite catalog files."
"2EMXWPZ26FAUW5BA65KVXUKS","285108243102","","Atlantic Liftoff 4 Pack","Atlantic Liftoff 4 Pack","Whitespace cleaned; uncertain abbreviations retained","Unknown","Unknown","Unknown","Regular","Unknown","4 Pack","#atlantic-liftoff-4-pack-regular","/Volumes/FACUNDO/Rockwall fireworks/MLTX6DPJDFYX7_catalog-2026-08-16-1724.csv","158","159","159","/Volumes/FACUNDO/Rockwall fireworks/rockwall fireworks items.xlsx","Items","159","1","1","no_match","","Unknown","No sufficiently specific candidate identified in the two Dynamite catalog files."
"5FGW7K44ZLKLWCCNLF46GVBU","687985901319","","Atom Bomb","Atom Bomb","Whitespace cleaned; uncertain abbreviations retained","Unknown","Unknown","Unknown","Regular","Unknown","Unknown","#atom-bomb-regular","/Volumes/FACUNDO/Rockwall fireworks/MLTX6DPJDFYX7_catalog-2026-08-16-1724.csv","159","160","160","/Volumes/FACUNDO/Rockwall fireworks/rockwall fireworks items.xlsx","Items","160","1","1","no_match","","Unknown","No sufficiently specific candidate identified in the two Dynamite catalog files."
"WY6IKUMGETEASD73VPPZ7MW4","814527200252","","Atomic Fireball 500 Gram 51 Shot","Atomic Fireball 500 Gram 51 Shot","Whitespace cleaned; uncertain abbreviations retained","Unknown","Unknown","Unknown","Regular","Unknown","500 Gram | 51 Shot","#atomic-fireball-500-gram-51-shot-regular","/Volumes/FACUNDO/Rockwall fireworks/MLTX6DPJDFYX7_catalog-2026-08-16-1724.csv","160","161","161","/Volumes/FACUNDO/Rockwall fireworks/rockwall fireworks items.xlsx","Items","161","1","1","no_match","","Unknown","No sufficiently specific candidate identified in the two Dynamite catalog files."
"L3RQWHODOW4DTUU5YRLV3EC7","","705108513802","Avalanche 200 G","Avalanche","Reviewed commercial name; specifications retained separately","Winda","Unknown","Cakes","Regular","200 gram","200 G","#avalanche-200-g-regular","/Volumes/FACUNDO/Rockwall fireworks/MLTX6DPJDFYX7_catalog-2026-08-16-1724.csv","161","162","162","/Volumes/FACUNDO/Rockwall fireworks/rockwall fireworks items.xlsx","Items","162","1","0","confirmed","avalanche","products.json[151] Avalanche / Winda / /products/avalanche.png","Distinctive name and 200-gram classification agree between Square and the Winda package; Warning Avalanche Ahead 500 gram is a different product and excluded from this match."
"WEQRBF4GHTPAJWQGHPHFFC5J","715244211104","","BC 1000 Firecracker Roll RWB BOGO","BC 1000 Firecracker Roll RWB","Whitespace cleaned; historical BOGO marker removed from display name only","Unknown","Unknown","Unknown","Regular","Unknown","Unknown","#bc-1000-firecracker-roll-rwb-bogo-regular","/Volumes/FACUNDO/Rockwall fireworks/MLTX6DPJDFYX7_catalog-2026-08-16-1724.csv","162","163","163","/Volumes/FACUNDO/Rockwall fireworks/rockwall fireworks items.xlsx","Items","163","1","1","no_match","","Unknown","No sufficiently specific candidate identified in the two Dynamite catalog files."
"6CSS3ISX42RRXQQ2MENLSZC6","715244101085","","BC 8000 Firecracker","BC 8000 Firecracker","Whitespace cleaned; uncertain abbreviations retained","Unknown","Unknown","Unknown","Regular","Unknown","Unknown","#bc-8000-firecracker-regular","/Volumes/FACUNDO/Rockwall fireworks/MLTX6DPJDFYX7_catalog-2026-08-16-1724.csv","163","164","164","/Volumes/FACUNDO/Rockwall fireworks/rockwall fireworks items.xlsx","Items","164","1","1","no_match","","Unknown","No sufficiently specific candidate identified in the two Dynamite catalog files."
"FOCSC6IBOIVACCWHZTLBLZQT","715244101054","","BC Little Dynamite RWB BOGO","BC Little Dynamite RWB","Whitespace cleaned; historical BOGO marker removed from display name only","Unknown","Unknown","Unknown","Regular","Unknown","Unknown","#bc-little-dynamite-rwb-bogo-regular","/Volumes/FACUNDO/Rockwall fireworks/MLTX6DPJDFYX7_catalog-2026-08-16-1724.csv","164","165","165","/Volumes/FACUNDO/Rockwall fireworks/rockwall fireworks items.xlsx","Items","165","1","1","no_match","","Unknown","No sufficiently specific candidate identified in the two Dynamite catalog files."
"U3PPF3HY5PVYEJ3EA2TQTIWV","715244006809","","BC Missile Base 100 Shot","BC Missile Base 100 Shot","Whitespace cleaned; uncertain abbreviations retained","Unknown","Unknown","Unknown","Regular","Unknown","100 Shot","#bc-missile-base-100-shot-regular","/Volumes/FACUNDO/Rockwall fireworks/MLTX6DPJDFYX7_catalog-2026-08-16-1724.csv","165","166","166","/Volumes/FACUNDO/Rockwall fireworks/rockwall fireworks items.xlsx","Items","166","1","1","no_match","","Unknown","No sufficiently specific candidate identified in the two Dynamite catalog files."
"K7LGOK3VETTHC3B4FVUAAFDY","715244065431","","BC Pro 8"" XXL Canister Shells 24ct","BC Pro 8"" XXL Canister Shells 24ct","Whitespace cleaned; uncertain abbreviations retained","Unknown","Unknown","Unknown","Regular","Unknown","8"" | 24ct","#bc-pro-8-xxl-canister-shells-24ct-regular","/Volumes/FACUNDO/Rockwall fireworks/MLTX6DPJDFYX7_catalog-2026-08-16-1724.csv","166","167","167","/Volumes/FACUNDO/Rockwall fireworks/rockwall fireworks items.xlsx","Items","167","1","1","no_match","","Unknown","No sufficiently specific candidate identified in the two Dynamite catalog files."
"YDY6DLZFEDXO5ONL2ZCVMVQB","887946004398","","Baby Boy 12 Shots--Blue","Baby Boy 12 Shots--Blue","Whitespace cleaned; uncertain abbreviations retained","Unknown","Unknown","Unknown","Regular","Unknown","12 Shots","#baby-boy-12-shots-blue-regular","/Volumes/FACUNDO/Rockwall fireworks/MLTX6DPJDFYX7_catalog-2026-08-16-1724.csv","167","168","168","/Volumes/FACUNDO/Rockwall fireworks/rockwall fireworks items.xlsx","Items","168","1","1","no_match","","Unknown","No sufficiently specific candidate identified in the two Dynamite catalog files."
"64B7IEPPO6WBABC24VSHNYKB","887946004404","","Baby Girl 12 Shots-Pink","Baby Girl 12 Shots-Pink","Whitespace cleaned; uncertain abbreviations retained","Unknown","Unknown","Unknown","Regular","Unknown","12 Shots","#baby-girl-12-shots-pink-regular","/Volumes/FACUNDO/Rockwall fireworks/MLTX6DPJDFYX7_catalog-2026-08-16-1724.csv","168","169","169","/Volumes/FACUNDO/Rockwall fireworks/rockwall fireworks items.xlsx","Items","169","1","1","no_match","","Unknown","No sufficiently specific candidate identified in the two Dynamite catalog files."
"SZDGLTRVCWG4HBUU3DVAIC43","8145270148617","","Back Off 200 Gram 16 Shot","Back Off 200 Gram 16 Shot","Whitespace cleaned; uncertain abbreviations retained","Unknown","Unknown","Unknown","Regular","Unknown","200 Gram | 16 Shot","#back-off-200-gram-16-shot-regular","/Volumes/FACUNDO/Rockwall fireworks/MLTX6DPJDFYX7_catalog-2026-08-16-1724.csv","169","170","170","/Volumes/FACUNDO/Rockwall fireworks/rockwall fireworks items.xlsx","Items","170","1","1","no_match","","Unknown","No sufficiently specific candidate identified in the two Dynamite catalog files."
"2BR2UEEEH65IBA7ISTM7J27E","705108308507","","Ballerina Ball","Ballerina Ball","Whitespace cleaned; uncertain abbreviations retained","Unknown","Unknown","Unknown","Regular","Unknown","Unknown","#ballerina-ball-regular","/Volumes/FACUNDO/Rockwall fireworks/MLTX6DPJDFYX7_catalog-2026-08-16-1724.csv","170","171","171","/Volumes/FACUNDO/Rockwall fireworks/rockwall fireworks items.xlsx","Items","171","1","1","no_match","","Unknown","No sufficiently specific candidate identified in the two Dynamite catalog files."
"AREZ7BUJBZVK2OEMOVNEZLRN","687985245512","","Bamboozle 500 Gram","Bamboozle 500 Gram","Whitespace cleaned; uncertain abbreviations retained","Unknown","500 GRAM FINALE","Unknown","Regular","Unknown","500 Gram","#bamboozle-500-gram-regular","/Volumes/FACUNDO/Rockwall fireworks/MLTX6DPJDFYX7_catalog-2026-08-16-1724.csv","171","172","172","/Volumes/FACUNDO/Rockwall fireworks/rockwall fireworks items.xlsx","Items","172","1","1","no_match","","Unknown","No sufficiently specific candidate identified in the two Dynamite catalog files."
"57DECKRO7MDG7677XMRI6MNV","757202300178","","Banana Cracko Assortment Pack","Banana Cracko Assortment Pack","Whitespace cleaned; uncertain abbreviations retained","Unknown","Unknown","Unknown","Regular","Unknown","Unknown","#banana-cracko-assortment-pack-regular","/Volumes/FACUNDO/Rockwall fireworks/MLTX6DPJDFYX7_catalog-2026-08-16-1724.csv","172","173","173","/Volumes/FACUNDO/Rockwall fireworks/rockwall fireworks items.xlsx","Items","173","1","1","no_match","","Unknown","No sufficiently specific candidate identified in the two Dynamite catalog files."
"5WOBUE3YYS4WYVYLWDNIR7WP","757201536530","","Band Of Brothers","Band Of Brothers","Whitespace cleaned; uncertain abbreviations retained","Brothers","Unknown","Unknown","Regular","Unknown","Unknown","#band-of-brothers-regular","/Volumes/FACUNDO/Rockwall fireworks/MLTX6DPJDFYX7_catalog-2026-08-16-1724.csv","173","174","174","/Volumes/FACUNDO/Rockwall fireworks/rockwall fireworks items.xlsx","Items","174","1","1","no_match","","Unknown","No sufficiently specific candidate identified in the two Dynamite catalog files."
"C2C7EL6NNRTZWJT3IFXTDJMD","757201530781","","Bang Bros","Bang Bros","Whitespace cleaned; uncertain abbreviations retained","Unknown","Unknown","Unknown","Regular","Unknown","Unknown","#bang-bros-regular","/Volumes/FACUNDO/Rockwall fireworks/MLTX6DPJDFYX7_catalog-2026-08-16-1724.csv","174","175","175","/Volumes/FACUNDO/Rockwall fireworks/rockwall fireworks items.xlsx","Items","175","1","1","no_match","","Unknown","No sufficiently specific candidate identified in the two Dynamite catalog files."
"TCFS7DODQT6FOX5OZPYXNCX3","757201572033","","Battle Cry","Battle Cry","Whitespace cleaned; uncertain abbreviations retained","Unknown","9-SHOT 500 GRAM RACKS","Unknown","Regular","Unknown","Unknown","#battle-cry-regular","/Volumes/FACUNDO/Rockwall fireworks/MLTX6DPJDFYX7_catalog-2026-08-16-1724.csv","175","176","176","/Volumes/FACUNDO/Rockwall fireworks/rockwall fireworks items.xlsx","Items","176","1","1","no_match","","Unknown","No sufficiently specific candidate identified in the two Dynamite catalog files."
"OXROLOESSRJH2XC6XMZC7UJ3","757205301721","","Beware 500 Gram","Beware 500 Gram","Whitespace cleaned; uncertain abbreviations retained","Unknown","500 GRAM FINALE","Unknown","Regular","Unknown","500 Gram","#beware-500-gram-regular","/Volumes/FACUNDO/Rockwall fireworks/MLTX6DPJDFYX7_catalog-2026-08-16-1724.csv","176","177","177","/Volumes/FACUNDO/Rockwall fireworks/rockwall fireworks items.xlsx","Items","177","1","1","no_match","","Unknown","No sufficiently specific candidate identified in the two Dynamite catalog files."
"ALYGOFAKRFQEAIMKXDLUL3Y7","875650100550","","Big Brother Family Pack 825 Shots","Big Brother Family Pack 825 Shots","Whitespace cleaned; uncertain abbreviations retained","Unknown","Family Pack Assortments","Unknown","Regular","Unknown","825 Shots","#big-brother-family-pack-825-shots-regular","/Volumes/FACUNDO/Rockwall fireworks/MLTX6DPJDFYX7_catalog-2026-08-16-1724.csv","177","178","178","/Volumes/FACUNDO/Rockwall fireworks/rockwall fireworks items.xlsx","Items","178","1","1","no_match","","Unknown","No sufficiently specific candidate identified in the two Dynamite catalog files."
"4UDECG7T6TXR37II5JLGEPWG","652009001092","","Big City Display Family Pack","Big City Display Family Pack","Whitespace cleaned; uncertain abbreviations retained","Unknown","Family Pack Assortments","Unknown","Regular","Unknown","Unknown","#big-city-display-family-pack-regular","/Volumes/FACUNDO/Rockwall fireworks/MLTX6DPJDFYX7_catalog-2026-08-16-1724.csv","178","179","179","/Volumes/FACUNDO/Rockwall fireworks/rockwall fireworks items.xlsx","Items","179","1","1","no_match","","Unknown","No sufficiently specific candidate identified in the two Dynamite catalog files."
"QNJZYSS4LXEZ7GZZTMHYM6MT","847294088396","","Big Gun","Big Gun","Whitespace cleaned; uncertain abbreviations retained","Unknown","Unknown","Unknown","Regular","Unknown","Unknown","#big-gun-regular","/Volumes/FACUNDO/Rockwall fireworks/MLTX6DPJDFYX7_catalog-2026-08-16-1724.csv","179","180","180","/Volumes/FACUNDO/Rockwall fireworks/rockwall fireworks items.xlsx","Items","180","1","1","no_match","","Unknown","No sufficiently specific candidate identified in the two Dynamite catalog files."
"DDPQ6MPSO2E3DLTPJTFGMOWN","","6950165427560","Big Mudder","Big Mudder","Whitespace cleaned; uncertain abbreviations retained","Unknown","Unknown","Unknown","Regular","Unknown","Unknown","#big-mudder-regular","/Volumes/FACUNDO/Rockwall fireworks/MLTX6DPJDFYX7_catalog-2026-08-16-1724.csv","180","181","181","/Volumes/FACUNDO/Rockwall fireworks/rockwall fireworks items.xlsx","Items","181","1","0","no_match","","Unknown","No sufficiently specific candidate identified in the two Dynamite catalog files."
"4TH237NF56TPMUBWACH7JUXN","715244004768","","Big N Bad (6 sticks)","Big N Bad (6 sticks)","Whitespace cleaned; uncertain abbreviations retained","Unknown","Stick Rockets","Unknown","Regular","Unknown","6 sticks","#big-n-bad-6-sticks--regular","/Volumes/FACUNDO/Rockwall fireworks/MLTX6DPJDFYX7_catalog-2026-08-16-1724.csv","181","182","182","/Volumes/FACUNDO/Rockwall fireworks/rockwall fireworks items.xlsx","Items","182","1","1","no_match","","Unknown","No sufficiently specific candidate identified in the two Dynamite catalog files."
"BNWVUD62G4H3RHAG6WM5WJ7D","687985203512","","Big Top","Big Top","Whitespace cleaned; uncertain abbreviations retained","Unknown","Unknown","Unknown","Regular","Unknown","Unknown","#big-top-regular","/Volumes/FACUNDO/Rockwall fireworks/MLTX6DPJDFYX7_catalog-2026-08-16-1724.csv","182","183","183","/Volumes/FACUNDO/Rockwall fireworks/rockwall fireworks items.xlsx","Items","183","1","1","probable","","products.json[70] Big Top / Brothers / products/big-top.png","Name identifies a candidate only; manufacturer and exact presentation have not been established."
"YWUCGQYY4FAJPWF6EZQKVZZM","757205301752","","Big Win","Big Win","Whitespace cleaned; uncertain abbreviations retained","Unknown","Unknown","Unknown","Regular","Unknown","Unknown","#big-win-regular","/Volumes/FACUNDO/Rockwall fireworks/MLTX6DPJDFYX7_catalog-2026-08-16-1724.csv","183","184","184","/Volumes/FACUNDO/Rockwall fireworks/rockwall fireworks items.xlsx","Items","184","1","1","no_match","","Unknown","No sufficiently specific candidate identified in the two Dynamite catalog files."
"EVDWR5AUPPHH6HMALH6YPL7H","725272730768","","Biker (Small)","Biker (Small)","Whitespace cleaned; uncertain abbreviations retained","Unknown","Unknown","Unknown","Regular","Unknown","Unknown","#biker-small--regular","/Volumes/FACUNDO/Rockwall fireworks/MLTX6DPJDFYX7_catalog-2026-08-16-1724.csv","184","185","185","/Volumes/FACUNDO/Rockwall fireworks/rockwall fireworks items.xlsx","Items","185","1","1","no_match","","Unknown","No sufficiently specific candidate identified in the two Dynamite catalog files."
"BUMXMJPSJYVZURKWZNIUYRFH","695071403340","","Billy's Big Blast-78 Shots","Billy's Big Blast-78 Shots","Whitespace cleaned; uncertain abbreviations retained","Unknown","Unknown","Unknown","Regular","Unknown","78 Shots","#billy-s-big-blast-78-shots-regular","/Volumes/FACUNDO/Rockwall fireworks/MLTX6DPJDFYX7_catalog-2026-08-16-1724.csv","185","186","186","/Volumes/FACUNDO/Rockwall fireworks/rockwall fireworks items.xlsx","Items","186","1","1","no_match","","Unknown","No sufficiently specific candidate identified in the two Dynamite catalog files."
"63W6GHULIGTKDUDEOJI2ATNP","715244111107","","Black Cat 1000ct Firecracker","Black Cat 1000ct Firecracker","Whitespace cleaned; uncertain abbreviations retained","Black Cat","Unknown","Unknown","Regular","Unknown","1000ct","#black-cat-1000ct-firecracker-regular","/Volumes/FACUNDO/Rockwall fireworks/MLTX6DPJDFYX7_catalog-2026-08-16-1724.csv","186","187","187","/Volumes/FACUNDO/Rockwall fireworks/rockwall fireworks items.xlsx","Items","187","1","1","no_match","","Unknown","No sufficiently specific candidate identified in the two Dynamite catalog files."
"HPRUK354SRZV3EBF6JC7ZQ3N","715244101009","","Black Cat 100ct BOGO","Black Cat 100ct","Whitespace cleaned; historical BOGO marker removed from display name only","Black Cat","Unknown","Unknown","Regular","Unknown","100ct","#black-cat-100ct-bogo-regular","/Volumes/FACUNDO/Rockwall fireworks/MLTX6DPJDFYX7_catalog-2026-08-16-1724.csv","187","188","188","/Volumes/FACUNDO/Rockwall fireworks/rockwall fireworks items.xlsx","Items","188","2","1","no_match","","Unknown","No sufficiently specific candidate identified in the two Dynamite catalog files."
"XVLRJSMAMPAD5I2SPFLPZBDH","715244111008","","Black Cat 100ct BOGO","Black Cat 100ct","Whitespace cleaned; historical BOGO marker removed from display name only","Black Cat","Unknown","Unknown","Brick","Brick","100ct","#black-cat-100ct-bogo-brick","/Volumes/FACUNDO/Rockwall fireworks/MLTX6DPJDFYX7_catalog-2026-08-16-1724.csv","188","189","189","/Volumes/FACUNDO/Rockwall fireworks/rockwall fireworks items.xlsx","Items","189","2","1","no_match","","Unknown","No sufficiently specific candidate identified in the two Dynamite catalog files."
"TFRD5P7HBFY2P3RJRCMINLOG","715244016716","","Black Cat 16000 Roll","Black Cat 16000 Roll","Whitespace cleaned; uncertain abbreviations retained","Black Cat","Unknown","Unknown","Regular","Unknown","Unknown","#black-cat-16000-roll-regular","/Volumes/FACUNDO/Rockwall fireworks/MLTX6DPJDFYX7_catalog-2026-08-16-1724.csv","189","190","190","/Volumes/FACUNDO/Rockwall fireworks/rockwall fireworks items.xlsx","Items","190","1","1","no_match","","Unknown","No sufficiently specific candidate identified in the two Dynamite catalog files."
"FGFX64NVIPVVGVKKJOLPICWS","715244103010","","Black Cat 300 Count BOGO","Black Cat 300 Count","Whitespace cleaned; historical BOGO marker removed from display name only","Black Cat","Unknown","Unknown","Regular","Unknown","Unknown","#black-cat-300-count-bogo-regular","/Volumes/FACUNDO/Rockwall fireworks/MLTX6DPJDFYX7_catalog-2026-08-16-1724.csv","190","191","191","/Volumes/FACUNDO/Rockwall fireworks/rockwall fireworks items.xlsx","Items","191","2","1","no_match","","Unknown","No sufficiently specific candidate identified in the two Dynamite catalog files."
"EZEGN4ZQNUKUAOTPHA7TRQOD","715244103003","","Black Cat 300 Count BOGO","Black Cat 300 Count","Whitespace cleaned; historical BOGO marker removed from display name only","Black Cat","Unknown","Unknown","300","300","Unknown","#black-cat-300-count-bogo-300","/Volumes/FACUNDO/Rockwall fireworks/MLTX6DPJDFYX7_catalog-2026-08-16-1724.csv","191","192","192","/Volumes/FACUNDO/Rockwall fireworks/rockwall fireworks items.xlsx","Items","192","2","1","no_match","","Unknown","No sufficiently specific candidate identified in the two Dynamite catalog files."
"PJKIMAXNIM5ZCOSCTTQD3UFL","715244154005","","Black Cat 400 count firecracker","Black Cat 400 count firecracker","Whitespace cleaned; uncertain abbreviations retained","Black Cat","Unknown","Unknown","Regular","Unknown","Unknown","#black-cat-400-count-firecracker-regular","/Volumes/FACUNDO/Rockwall fireworks/MLTX6DPJDFYX7_catalog-2026-08-16-1724.csv","192","193","193","/Volumes/FACUNDO/Rockwall fireworks/rockwall fireworks items.xlsx","Items","193","1","1","no_match","","Unknown","No sufficiently specific candidate identified in the two Dynamite catalog files."
"YSCA5EM7QBGQ26342HWEVWIJ","715244140008","","Black Cat 4000","Black Cat 4000","Whitespace cleaned; uncertain abbreviations retained","Black Cat","Unknown","Unknown","Regular","Unknown","Unknown","#black-cat-4000-regular","/Volumes/FACUNDO/Rockwall fireworks/MLTX6DPJDFYX7_catalog-2026-08-16-1724.csv","193","194","194","/Volumes/FACUNDO/Rockwall fireworks/rockwall fireworks items.xlsx","Items","194","1","1","no_match","","Unknown","No sufficiently specific candidate identified in the two Dynamite catalog files."
"WE4BJSDDQ2RUISDGUILR7WWQ","715244020454","","Black Cat 4ct Fountain","Black Cat 4ct Fountain","Whitespace cleaned; uncertain abbreviations retained","Black Cat","Fountains","Unknown","Regular","Unknown","4ct","#black-cat-4ct-fountain-regular","/Volumes/FACUNDO/Rockwall fireworks/MLTX6DPJDFYX7_catalog-2026-08-16-1724.csv","194","195","195","/Volumes/FACUNDO/Rockwall fireworks/rockwall fireworks items.xlsx","Items","195","6","1","no_match","","Unknown","No sufficiently specific candidate identified in the two Dynamite catalog files."
"VXHKPOAYSSTE6SOAD6R25KBA","715244204519","","Black Cat 4ct Fountain","Black Cat 4ct Fountain","Whitespace cleaned; uncertain abbreviations retained","Black Cat","Fountains","Unknown","Peach Tree","Peach Tree","4ct","#black-cat-4ct-fountain-peach-tree","/Volumes/FACUNDO/Rockwall fireworks/MLTX6DPJDFYX7_catalog-2026-08-16-1724.csv","195","196","196","/Volumes/FACUNDO/Rockwall fireworks/rockwall fireworks items.xlsx","Items","196","6","1","no_match","","Unknown","No sufficiently specific candidate identified in the two Dynamite catalog files."
"7MTLDJ3YMV2C7PZJXGG3ABI5","715244204526","","Black Cat 4ct Fountain","Black Cat 4ct Fountain","Whitespace cleaned; uncertain abbreviations retained","Black Cat","Fountains","Unknown","Gold & Silver","Gold & Silver","4ct","#black-cat-4ct-fountain-gold-silver","/Volumes/FACUNDO/Rockwall fireworks/MLTX6DPJDFYX7_catalog-2026-08-16-1724.csv","196","197","197","/Volumes/FACUNDO/Rockwall fireworks/rockwall fireworks items.xlsx","Items","197","6","1","no_match","","Unknown","No sufficiently specific candidate identified in the two Dynamite catalog files."
"XRRJMRH6BO7MXAGCWIFAMRR2","715244204540","","Black Cat 4ct Fountain","Black Cat 4ct Fountain","Whitespace cleaned; uncertain abbreviations retained","Black Cat","Fountains","Unknown","Blue Ice","Blue Ice","4ct","#black-cat-4ct-fountain-blue-ice","/Volumes/FACUNDO/Rockwall fireworks/MLTX6DPJDFYX7_catalog-2026-08-16-1724.csv","197","198","198","/Volumes/FACUNDO/Rockwall fireworks/rockwall fireworks items.xlsx","Items","198","6","1","no_match","","Unknown","No sufficiently specific candidate identified in the two Dynamite catalog files."
"KEJ65JHKO6PDZGY3TF5HPABB","715244204533","","Black Cat 4ct Fountain","Black Cat 4ct Fountain","Whitespace cleaned; uncertain abbreviations retained","Black Cat","Fountains","Unknown","Green Garden","Green Garden","4ct","#black-cat-4ct-fountain-green-garden","/Volumes/FACUNDO/Rockwall fireworks/MLTX6DPJDFYX7_catalog-2026-08-16-1724.csv","198","199","199","/Volumes/FACUNDO/Rockwall fireworks/rockwall fireworks items.xlsx","Items","199","6","1","no_match","","Unknown","No sufficiently specific candidate identified in the two Dynamite catalog files."
"SZ5GTVLHSQZHQZF36S76IXVT","715244200115","","Black Cat 4ct Fountain","Black Cat 4ct Fountain","Whitespace cleaned; uncertain abbreviations retained","Black Cat","Fountains","Unknown","Black Cat 6 In Fountain","Black Cat 6 In Fountain","4ct","#black-cat-4ct-fountain-black-cat-6-in-fountain","/Volumes/FACUNDO/Rockwall fireworks/MLTX6DPJDFYX7_catalog-2026-08-16-1724.csv","199","200","200","/Volumes/FACUNDO/Rockwall fireworks/rockwall fireworks items.xlsx","Items","200","6","1","no_match","","Unknown","No sufficiently specific candidate identified in the two Dynamite catalog files."
"OLNNUWLN4NHN3YLZG3GE2IL2","715244064403","","Black Cat 5"" Artillery Shells 24 pack","Black Cat 5"" Artillery Shells 24 pack","Whitespace cleaned; uncertain abbreviations retained","Black Cat","24 Pack Canister Artillery Shells 5 INCH","Unknown","Regular","Unknown","5"" | 24 pack","#black-cat-5-artillery-shells-24-pack-regular","/Volumes/FACUNDO/Rockwall fireworks/MLTX6DPJDFYX7_catalog-2026-08-16-1724.csv","200","201","201","/Volumes/FACUNDO/Rockwall fireworks/rockwall fireworks items.xlsx","Items","201","1","1","no_match","","Unknown","No sufficiently specific candidate identified in the two Dynamite catalog files."
"OHKV5B66T3AXTW7D5M5EMGGO","715244105007","","Black Cat 500ct Firecracker","Black Cat 500ct Firecracker","Whitespace cleaned; uncertain abbreviations retained","Black Cat","Unknown","Unknown","Regular","Unknown","500ct","#black-cat-500ct-firecracker-regular","/Volumes/FACUNDO/Rockwall fireworks/MLTX6DPJDFYX7_catalog-2026-08-16-1724.csv","201","202","202","/Volumes/FACUNDO/Rockwall fireworks/rockwall fireworks items.xlsx","Items","202","1","1","no_match","","Unknown","No sufficiently specific candidate identified in the two Dynamite catalog files."
"QQYB6NNR36NTVUWQKAVKSFLH","715244101504","","Black Cat 50ct BOGO","Black Cat 50ct","Whitespace cleaned; historical BOGO marker removed from display name only","Black Cat","Unknown","Unknown","Regular","Unknown","50ct","#black-cat-50ct-bogo-regular","/Volumes/FACUNDO/Rockwall fireworks/MLTX6DPJDFYX7_catalog-2026-08-16-1724.csv","202","203","203","/Volumes/FACUNDO/Rockwall fireworks/rockwall fireworks items.xlsx","Items","203","1","1","no_match","","Unknown","No sufficiently specific candidate identified in the two Dynamite catalog files."
"HMO2P2U3P7TTHFJPMZIWTUIM","715244313068","","Black Cat 72 ct morning glory hole","Black Cat 72 ct morning glory hole","Whitespace cleaned; uncertain abbreviations retained","Black Cat","Unknown","Unknown","Regular","Unknown","72 ct","#black-cat-72-ct-morning-glory-hole-regular","/Volumes/FACUNDO/Rockwall fireworks/MLTX6DPJDFYX7_catalog-2026-08-16-1724.csv","203","204","204","/Volumes/FACUNDO/Rockwall fireworks/rockwall fireworks items.xlsx","Items","204","1","1","no_match","","Unknown","No sufficiently specific candidate identified in the two Dynamite catalog files."
"ZJCPCWGRIODBVZMR7O2VBAP7","715244084203","","Black Cat Cat Eyes- Spinners","Black Cat Cat Eyes- Spinners","Whitespace cleaned; uncertain abbreviations retained","Black Cat","Unknown","Unknown","Regular","Unknown","Unknown","#black-cat-cat-eyes-spinners-regular","/Volumes/FACUNDO/Rockwall fireworks/MLTX6DPJDFYX7_catalog-2026-08-16-1724.csv","204","205","205","/Volumes/FACUNDO/Rockwall fireworks/rockwall fireworks items.xlsx","Items","205","1","1","no_match","","Unknown","No sufficiently specific candidate identified in the two Dynamite catalog files."
"UXME6WAPLY5YYCNEMRWPYOG2","715244800025","","Black Cat Celebrate America","Black Cat Celebrate America","Whitespace cleaned; uncertain abbreviations retained","Black Cat","Unknown","Unknown","Regular","Unknown","Unknown","#black-cat-celebrate-america-regular","/Volumes/FACUNDO/Rockwall fireworks/MLTX6DPJDFYX7_catalog-2026-08-16-1724.csv","205","206","206","/Volumes/FACUNDO/Rockwall fireworks/rockwall fireworks items.xlsx","Items","206","1","1","no_match","","Unknown","No sufficiently specific candidate identified in the two Dynamite catalog files."
"OFSRHJBV5QEQRPP54T36Q6YH","715244063291","","Black Cat Diablo 5"" Artillery Shells 24 pack","Diablo","Reviewed commercial name; specifications retained separately","Black Cat","24 Pack Canister Artillery Shells 5 INCH","Artillery Shells","Regular","5-inch shells · 24 pack","5"" | 24 pack","#black-cat-diablo-5-artillery-shells-24-pack-regular","/Volumes/FACUNDO/Rockwall fireworks/MLTX6DPJDFYX7_catalog-2026-08-16-1724.csv","206","207","207","/Volumes/FACUNDO/Rockwall fireworks/rockwall fireworks items.xlsx","Items","207","1","1","confirmed","diablo","products.json[137] Diablo 24 / Black Cat / /products/diablo-24.png","Square Black Cat 5-inch 24-pack matches source and approved Rockwall package; existing ID and assets retained."
"IMSHHADLXVKXXU4KWSCGVL7P","715244102006","","Black Cat Firecracker 200ct BOGO","Black Cat Firecracker 200ct","Whitespace cleaned; historical BOGO marker removed from display name only","Black Cat","Unknown","Unknown","Regular","Unknown","200ct","#black-cat-firecracker-200ct-bogo-regular","/Volumes/FACUNDO/Rockwall fireworks/MLTX6DPJDFYX7_catalog-2026-08-16-1724.csv","207","208","208","/Volumes/FACUNDO/Rockwall fireworks/rockwall fireworks items.xlsx","Items","208","1","1","no_match","","Unknown","No sufficiently specific candidate identified in the two Dynamite catalog files."
"OQJ3UJAOXFEFEAN2NRWD3BCT","715244064496","","Black Cat Firework Fiesta-96 Shots","Black Cat Firework Fiesta-96 Shots","Whitespace cleaned; uncertain abbreviations retained","Black Cat","Unknown","Unknown","Regular","Unknown","96 Shots","#black-cat-firework-fiesta-96-shots-regular","/Volumes/FACUNDO/Rockwall fireworks/MLTX6DPJDFYX7_catalog-2026-08-16-1724.csv","208","209","209","/Volumes/FACUNDO/Rockwall fireworks/rockwall fireworks items.xlsx","Items","209","1","1","no_match","","Unknown","No sufficiently specific candidate identified in the two Dynamite catalog files."
"2CAQEPKBJEJ3RLNNXOSPI2WJ","715244021741","","Black Cat Fountain","Black Cat Fountain","Whitespace cleaned; uncertain abbreviations retained","Black Cat","Fountains","Unknown","Regular","Unknown","Unknown","#black-cat-fountain-regular","/Volumes/FACUNDO/Rockwall fireworks/MLTX6DPJDFYX7_catalog-2026-08-16-1724.csv","209","210","210","/Volumes/FACUNDO/Rockwall fireworks/rockwall fireworks items.xlsx","Items","210","1","1","no_match","","Unknown","No sufficiently specific candidate identified in the two Dynamite catalog files."
"Z42WT7QYMWVQSGSLZELGXT3L","715244201921","","Black Cat Fountain Assortment","Black Cat Fountain Assortment","Whitespace cleaned; uncertain abbreviations retained","Black Cat","Fountains","Unknown","Regular","Unknown","Unknown","#black-cat-fountain-assortment-regular","/Volumes/FACUNDO/Rockwall fireworks/MLTX6DPJDFYX7_catalog-2026-08-16-1724.csv","210","211","211","/Volumes/FACUNDO/Rockwall fireworks/rockwall fireworks items.xlsx","Items","211","1","1","no_match","","Unknown","No sufficiently specific candidate identified in the two Dynamite catalog files."
"N6QN4FBEXWHAXX7QJIWZPTS3","","514675400015","Black Cat Gold EditionFamily Pack","Black Cat Gold EditionFamily Pack","Whitespace cleaned; uncertain abbreviations retained","Black Cat","Family Pack Assortments","Unknown","Regular","Unknown","Unknown","#black-cat-gold-editionfamily-pack-regular","/Volumes/FACUNDO/Rockwall fireworks/MLTX6DPJDFYX7_catalog-2026-08-16-1724.csv","211","212","212","/Volumes/FACUNDO/Rockwall fireworks/rockwall fireworks items.xlsx","Items","212","1","0","no_match","","Unknown","No sufficiently specific candidate identified in the two Dynamite catalog files."
"JIYCGITHI56QQJBAUNYZA4EJ","715244800018","","Black Cat Heritage","Black Cat Heritage","Whitespace cleaned; uncertain abbreviations retained","Black Cat","Unknown","Unknown","Regular","Unknown","Unknown","#black-cat-heritage-regular","/Volumes/FACUNDO/Rockwall fireworks/MLTX6DPJDFYX7_catalog-2026-08-16-1724.csv","212","213","213","/Volumes/FACUNDO/Rockwall fireworks/rockwall fireworks items.xlsx","Items","213","1","1","no_match","","Unknown","No sufficiently specific candidate identified in the two Dynamite catalog files."
"FKOTG65DY2KEAIG72E6ZQNZX","715244001057","","Black Cat Little Dynamite 100ct BOGO","Black Cat Little Dynamite 100ct","Whitespace cleaned; historical BOGO marker removed from display name only","Black Cat","Unknown","Unknown","Regular","Unknown","100ct","#black-cat-little-dynamite-100ct-bogo-regular","/Volumes/FACUNDO/Rockwall fireworks/MLTX6DPJDFYX7_catalog-2026-08-16-1724.csv","213","214","214","/Volumes/FACUNDO/Rockwall fireworks/rockwall fireworks items.xlsx","Items","214","1","1","no_match","","Unknown","No sufficiently specific candidate identified in the two Dynamite catalog files."
"SBY3GLLCOXVL5YHSAJRZUXAU","715244064601","","Black Cat Neon Diablo 5"" Artillery Shells 24 pack","Neon Diablo","Reviewed commercial name; specifications retained separately","Black Cat","24 Pack Canister Artillery Shells 5 INCH","Artillery Shells","Regular","5-inch shells · 24 pack","5"" | 24 pack","#black-cat-neon-diablo-5-artillery-shells-24-pack-regular","/Volumes/FACUNDO/Rockwall fireworks/MLTX6DPJDFYX7_catalog-2026-08-16-1724.csv","214","215","215","/Volumes/FACUNDO/Rockwall fireworks/rockwall fireworks items.xlsx","Items","215","1","1","confirmed","neon-diablo-24-pack","products.json[123] Neon Diablo 24 / Black Cat / /products/neon-diablo-24.png","Square explicitly names Black Cat, 5-inch and 24 pack. All are visible in source packaging. Square 6-pack row is deliberately not mapped."
"2KTUHO3OXXDII2FN5JZYRHC5","715244064458","","Black Cat Neon Diablo 5"" Artillery Shells 6 Pack","Black Cat Neon Diablo 5"" Artillery Shells 6 Pack","Whitespace cleaned; uncertain abbreviations retained","Black Cat","6 Pack Artillery Shells 5""\, 6""","Unknown","Regular","Unknown","5"" | 6 Pack","#black-cat-neon-diablo-5-artillery-shells-6-pack-regular","/Volumes/FACUNDO/Rockwall fireworks/MLTX6DPJDFYX7_catalog-2026-08-16-1724.csv","215","216","216","/Volumes/FACUNDO/Rockwall fireworks/rockwall fireworks items.xlsx","Items","216","1","1","conflict","","Unknown","Square Neon Diablo is a 6-pack; source is a 24-pack. A matching 6-pack image is needed."
"HJGHH3DSBQ3WC6ZCQID7J7VX","715244313136","","Black Cat Neon Sparkler Special 5 Ct","Black Cat Neon Sparkler Special 5 Ct","Whitespace cleaned; uncertain abbreviations retained","Black Cat","Unknown","Unknown","Regular","Unknown","5 Ct","#black-cat-neon-sparkler-special-5-ct-regular","/Volumes/FACUNDO/Rockwall fireworks/MLTX6DPJDFYX7_catalog-2026-08-16-1724.csv","216","217","217","/Volumes/FACUNDO/Rockwall fireworks/rockwall fireworks items.xlsx","Items","217","2","1","no_match","","Unknown","No sufficiently specific candidate identified in the two Dynamite catalog files."
"IGYZ3FSCVEQTCHU556SVQHRY","715244313129","","Black Cat Neon Sparkler Special 5 Ct","Black Cat Neon Sparkler Special 5 Ct","Whitespace cleaned; uncertain abbreviations retained","Black Cat","Unknown","Unknown","Black Cat Neon Sparklers- Waterfall","Black Cat Neon Sparklers- Waterfall","5 Ct","#black-cat-neon-sparkler-special-5-ct-black-cat-neon-sparklers-waterfall","/Volumes/FACUNDO/Rockwall fireworks/MLTX6DPJDFYX7_catalog-2026-08-16-1724.csv","217","218","218","/Volumes/FACUNDO/Rockwall fireworks/rockwall fireworks items.xlsx","Items","218","2","1","no_match","","Unknown","No sufficiently specific candidate identified in the two Dynamite catalog files."
"TT2SFUZFZHFHXAQHVH2RAWZM","715244000012","","Black Cat Night Display","Black Cat Night Display","Whitespace cleaned; uncertain abbreviations retained","Black Cat","Family Pack Assortments","Unknown","Regular","Unknown","Unknown","#black-cat-night-display-regular","/Volumes/FACUNDO/Rockwall fireworks/MLTX6DPJDFYX7_catalog-2026-08-16-1724.csv","218","219","219","/Volumes/FACUNDO/Rockwall fireworks/rockwall fireworks items.xlsx","Items","219","1","1","no_match","","Unknown","No sufficiently specific candidate identified in the two Dynamite catalog files."
"EROQU5GO4XDUEGIESZCKSHZE","l","715244001002","Black Cat Party Pack 4 Family Pack","Black Cat Party Pack 4 Family Pack","Whitespace cleaned; uncertain abbreviations retained","Black Cat","Family Pack Assortments","Unknown","Regular","Unknown","Unknown","#black-cat-party-pack-4-family-pack-regular","/Volumes/FACUNDO/Rockwall fireworks/MLTX6DPJDFYX7_catalog-2026-08-16-1724.csv","219","220","220","/Volumes/FACUNDO/Rockwall fireworks/rockwall fireworks items.xlsx","Items","220","1","1","no_match","","Unknown","No sufficiently specific candidate identified in the two Dynamite catalog files."
"5C7IFQOUCWYTXJGISORCIBWN","715244064380","","Black Cat The Patriot 6"" Artillery Shells 24 Pack","The Patriot","Reviewed commercial name; specifications retained separately","Black Cat","24 Pack Artillery Shells 6""","Artillery Shells","Regular","6-inch shells · 24 pack","6"" | 24 Pack","#black-cat-the-patriot-6-artillery-shells-24-pack-regular","/Volumes/FACUNDO/Rockwall fireworks/MLTX6DPJDFYX7_catalog-2026-08-16-1724.csv","220","221","221","/Volumes/FACUNDO/Rockwall fireworks/rockwall fireworks items.xlsx","Items","221","1","1","confirmed","the-patriot-24-pack","products.json[146] The Patriot / Black Cat / /products/the-patriot.png","Square explicitly names Black Cat, 6-inch and 24 pack; photographed package says The Patriot, 6-inch shells and twenty-four canisters."
"C7MGH6L5OBMU2I7P6XRLCCYG","715244963935","","Black Cat combo Cakes","Black Cat combo Cakes","Whitespace cleaned; uncertain abbreviations retained","Black Cat","Unknown","Unknown","Regular","Unknown","Unknown","#black-cat-combo-cakes-regular","/Volumes/FACUNDO/Rockwall fireworks/MLTX6DPJDFYX7_catalog-2026-08-16-1724.csv","221","222","222","/Volumes/FACUNDO/Rockwall fireworks/rockwall fireworks items.xlsx","Items","222","1","1","no_match","","Unknown","No sufficiently specific candidate identified in the two Dynamite catalog files."
"BZQJPONZCT2MQBG76DYRMSJE","757205301585","","Black Hole 500 Gram","Black Hole 500 Gram","Whitespace cleaned; uncertain abbreviations retained","Unknown","500 GRAM FINALE","Unknown","Regular","Unknown","500 Gram","#black-hole-500-gram-regular","/Volumes/FACUNDO/Rockwall fireworks/MLTX6DPJDFYX7_catalog-2026-08-16-1724.csv","222","223","223","/Volumes/FACUNDO/Rockwall fireworks/rockwall fireworks items.xlsx","Items","223","1","1","no_match","","Unknown","No sufficiently specific candidate identified in the two Dynamite catalog files."
"W4JMTKXNQYUCIQGHZXDJTKTO","887946010375","","Black Panther Artillery Shell","Black Panther Artillery Shell","Whitespace cleaned; uncertain abbreviations retained","Unknown","Unknown","Unknown","Regular","Unknown","Unknown","#black-panther-artillery-shell-regular","/Volumes/FACUNDO/Rockwall fireworks/MLTX6DPJDFYX7_catalog-2026-08-16-1724.csv","223","224","224","/Volumes/FACUNDO/Rockwall fireworks/rockwall fireworks items.xlsx","Items","224","1","1","no_match","","Unknown","No sufficiently specific candidate identified in the two Dynamite catalog files."
"6DL57LCVLHNNTMKWBBIYB6Z5","8145270185919","","Black Snakes BOGO","Black Snakes","Whitespace cleaned; historical BOGO marker removed from display name only","Unknown","Unknown","Unknown","Regular","Unknown","Unknown","#black-snakes-bogo-regular","/Volumes/FACUNDO/Rockwall fireworks/MLTX6DPJDFYX7_catalog-2026-08-16-1724.csv","224","225","225","/Volumes/FACUNDO/Rockwall fireworks/rockwall fireworks items.xlsx","Items","225","1","1","no_match","","Unknown","No sufficiently specific candidate identified in the two Dynamite catalog files."
"EKGYPF5RGKPY6227FPL5HPLT","715244022243","","Blackcat 3 For 1","Blackcat 3 For 1","Whitespace cleaned; uncertain abbreviations retained","Unknown","Unknown","Unknown","Regular","Unknown","Unknown","#blackcat-3-for-1-regular","/Volumes/FACUNDO/Rockwall fireworks/MLTX6DPJDFYX7_catalog-2026-08-16-1724.csv","225","226","226","/Volumes/FACUNDO/Rockwall fireworks/rockwall fireworks items.xlsx","Items","226","1","1","no_match","","Unknown","No sufficiently specific candidate identified in the two Dynamite catalog files."
"XLO7UDEHBHTQYPEROBAO3RV4","687985909032","","Blood Money","Blood Money","Whitespace cleaned; uncertain abbreviations retained","Unknown","Unknown","Unknown","Regular","Unknown","Unknown","#blood-money-regular","/Volumes/FACUNDO/Rockwall fireworks/MLTX6DPJDFYX7_catalog-2026-08-16-1724.csv","226","227","227","/Volumes/FACUNDO/Rockwall fireworks/rockwall fireworks items.xlsx","Items","227","1","1","no_match","","Unknown","No sufficiently specific candidate identified in the two Dynamite catalog files."
"ETH2MEGPLHKWN4TS6CS66Q62","8145270182727","","Bloom Flower","Bloom Flower","Whitespace cleaned; uncertain abbreviations retained","Unknown","Unknown","Unknown","Regular","Unknown","Unknown","#bloom-flower-regular","/Volumes/FACUNDO/Rockwall fireworks/MLTX6DPJDFYX7_catalog-2026-08-16-1724.csv","227","228","228","/Volumes/FACUNDO/Rockwall fireworks/rockwall fireworks items.xlsx","Items","228","1","1","probable","","products.json[61] Ground Bloom Flower / Monkey Mania / /products/ground-bloom-flower.png","Name identifies a candidate only; manufacturer and exact presentation have not been established."
"UX7ODRUBPQVD2EVNWRTBHVVI","681402052189","","Bombas De LA Muerte 6"" Artillery Shells","Bombas De LA Muerte 6"" Artillery Shells","Whitespace cleaned; uncertain abbreviations retained","Unknown","24 Pack Artillery Shells 6""","Unknown","Regular","Unknown","6""","#bombas-de-la-muerte-6-artillery-shells-regular","/Volumes/FACUNDO/Rockwall fireworks/MLTX6DPJDFYX7_catalog-2026-08-16-1724.csv","228","229","229","/Volumes/FACUNDO/Rockwall fireworks/rockwall fireworks items.xlsx","Items","229","1","1","no_match","","Unknown","No sufficiently specific candidate identified in the two Dynamite catalog files."
"YNSK72CWCAZMY3Q742YZ2IA7","8052530220412","","Bomber BOGO","Bomber","Whitespace cleaned; historical BOGO marker removed from display name only","Unknown","Unknown","Unknown","Regular","Unknown","Unknown","#bomber-bogo-regular","/Volumes/FACUNDO/Rockwall fireworks/MLTX6DPJDFYX7_catalog-2026-08-16-1724.csv","229","230","230","/Volumes/FACUNDO/Rockwall fireworks/rockwall fireworks items.xlsx","Items","230","1","1","no_match","","Unknown","No sufficiently specific candidate identified in the two Dynamite catalog files."
"IWVVH23KXDAYSNRMLFAU5XK2","887946003711","","Bombing Mission 200g","Bombing Mission 200g","Whitespace cleaned; uncertain abbreviations retained","Unknown","Unknown","Unknown","Regular","Unknown","200g","#bombing-mission-200g-regular","/Volumes/FACUNDO/Rockwall fireworks/MLTX6DPJDFYX7_catalog-2026-08-16-1724.csv","230","231","231","/Volumes/FACUNDO/Rockwall fireworks/rockwall fireworks items.xlsx","Items","231","1","1","no_match","","Unknown","No sufficiently specific candidate identified in the two Dynamite catalog files."
"6GOZMNTKVUSLC6RHAW33N3KD","","","Bones","Bones","Whitespace cleaned; uncertain abbreviations retained","Unknown","Unknown","Unknown","Regular","Unknown","Unknown","#bones-regular","/Volumes/FACUNDO/Rockwall fireworks/MLTX6DPJDFYX7_catalog-2026-08-16-1724.csv","231","232","232","/Volumes/FACUNDO/Rockwall fireworks/rockwall fireworks items.xlsx","Items","232","1","0","no_match","","Unknown","No sufficiently specific candidate identified in the two Dynamite catalog files."
"Q342ESYA7XRFLJBOFQWVWPAM","211321323222","","Bones \ Skull","Bones \ Skull","Whitespace cleaned; uncertain abbreviations retained","Unknown","Fountains","Unknown","Regular","Unknown","Unknown","#bones-skull-regular","/Volumes/FACUNDO/Rockwall fireworks/MLTX6DPJDFYX7_catalog-2026-08-16-1724.csv","232","233","233","/Volumes/FACUNDO/Rockwall fireworks/rockwall fireworks items.xlsx","Items","233","2","1","no_match","","Unknown","No sufficiently specific candidate identified in the two Dynamite catalog files."
"NNYMAKIN6Z6PSP5AUYS4DUXN","816597942988","","Bones \ Skull","Bones \ Skull","Whitespace cleaned; uncertain abbreviations retained","Unknown","Fountains","Unknown","Skull Fountain","Skull Fountain","Unknown","#bones-skull-skull-fountain","/Volumes/FACUNDO/Rockwall fireworks/MLTX6DPJDFYX7_catalog-2026-08-16-1724.csv","233","234","234","/Volumes/FACUNDO/Rockwall fireworks/rockwall fireworks items.xlsx","Items","234","2","1","no_match","","Unknown","No sufficiently specific candidate identified in the two Dynamite catalog files."
"IGG6JYTEMGHDBF5V5HAML3QY","705108955992","","Born Leaders","Born Leaders","Whitespace cleaned; uncertain abbreviations retained","Unknown","Unknown","Unknown","Regular","Unknown","Unknown","#born-leaders-regular","/Volumes/FACUNDO/Rockwall fireworks/MLTX6DPJDFYX7_catalog-2026-08-16-1724.csv","234","235","235","/Volumes/FACUNDO/Rockwall fireworks/rockwall fireworks items.xlsx","Items","235","1","1","no_match","","Unknown","No sufficiently specific candidate identified in the two Dynamite catalog files."
"65OBLYIPE2NFJEMIMLWNUB7C","705108550609","","Boy Or Girl","Boy Or Girl","Whitespace cleaned; uncertain abbreviations retained","Unknown","Unknown","Unknown","Regular","Unknown","Unknown","#boy-or-girl-regular","/Volumes/FACUNDO/Rockwall fireworks/MLTX6DPJDFYX7_catalog-2026-08-16-1724.csv","235","236","236","/Volumes/FACUNDO/Rockwall fireworks/rockwall fireworks items.xlsx","Items","236","1","1","probable","","gender-reveal.json[3] Boy or Girl / Unknown / /products/boy-or-girl.png","Name identifies a candidate only; manufacturer and exact presentation have not been established."
"GUHP7YBGQBP6QBDGNRLZD6PI","705108320806","","Brave Eagle","Brave Eagle","Whitespace cleaned; uncertain abbreviations retained","Unknown","Fountains","Unknown","Regular","Unknown","Unknown","#brave-eagle-regular","/Volumes/FACUNDO/Rockwall fireworks/MLTX6DPJDFYX7_catalog-2026-08-16-1724.csv","236","237","237","/Volumes/FACUNDO/Rockwall fireworks/rockwall fireworks items.xlsx","Items","237","1","1","no_match","","Unknown","No sufficiently specific candidate identified in the two Dynamite catalog files."
"B3H4JUEABU6IQNEHHP3NSP7B","705108401505","","Break Of Dawn Roman Candles (4 Pk/5 Big Shots)","Break Of Dawn Roman Candles (4 Pk/5 Big Shots)","Whitespace cleaned; uncertain abbreviations retained","Unknown","Roman Candles","Unknown","Regular","Unknown","Unknown","#break-of-dawn-roman-candles-4-pk-5-big-shots--regular","/Volumes/FACUNDO/Rockwall fireworks/MLTX6DPJDFYX7_catalog-2026-08-16-1724.csv","237","238","238","/Volumes/FACUNDO/Rockwall fireworks/rockwall fireworks items.xlsx","Items","238","1","1","no_match","","Unknown","No sufficiently specific candidate identified in the two Dynamite catalog files."
"LC3DT2FV6CELZXJO3R6PA5GY","757201606011","","Break The Rules 6"" Artillery Shells 6 Pack","Break The Rules 6"" Artillery Shells 6 Pack","Whitespace cleaned; uncertain abbreviations retained","Unknown","6 Pack Artillery Shells 5""\, 6""","Unknown","Regular","Unknown","6"" | 6 Pack","#break-the-rules-6-artillery-shells-6-pack-regular","/Volumes/FACUNDO/Rockwall fireworks/MLTX6DPJDFYX7_catalog-2026-08-16-1724.csv","238","239","239","/Volumes/FACUNDO/Rockwall fireworks/rockwall fireworks items.xlsx","Items","239","1","1","no_match","","Unknown","No sufficiently specific candidate identified in the two Dynamite catalog files."
"7M2D3I5NCBOZXHSWT4EKOIEH","","","Brothers Container Load","Brothers Container Load","Whitespace cleaned; uncertain abbreviations retained","Brothers","Family Pack Assortments","Unknown","Regular","Unknown","Unknown","#brothers-container-load-regular","/Volumes/FACUNDO/Rockwall fireworks/MLTX6DPJDFYX7_catalog-2026-08-16-1724.csv","239","240","240","/Volumes/FACUNDO/Rockwall fireworks/rockwall fireworks items.xlsx","Items","240","1","0","no_match","","Unknown","No sufficiently specific candidate identified in the two Dynamite catalog files."
"4RRYVZ5ZPMQBRZZ3G5LM7S6L","705108321704","","Bucket Of Fun Family Pack","Bucket Of Fun Family Pack","Whitespace cleaned; uncertain abbreviations retained","Unknown","Family Pack Assortments","Unknown","Regular","Unknown","Unknown","#bucket-of-fun-family-pack-regular","/Volumes/FACUNDO/Rockwall fireworks/MLTX6DPJDFYX7_catalog-2026-08-16-1724.csv","240","241","241","/Volumes/FACUNDO/Rockwall fireworks/rockwall fireworks items.xlsx","Items","241","1","1","no_match","","Unknown","No sufficiently specific candidate identified in the two Dynamite catalog files."
"CGWOHHQGU7JBE2J5CGXROKAI","715244110063","","Bucket o Fun Assortment","Bucket o Fun Assortment","Whitespace cleaned; uncertain abbreviations retained","Unknown","Family Pack Assortments, Fountains","Unknown","Regular","Unknown","Unknown","#bucket-o-fun-assortment-regular","/Volumes/FACUNDO/Rockwall fireworks/MLTX6DPJDFYX7_catalog-2026-08-16-1724.csv","241","242","242","/Volumes/FACUNDO/Rockwall fireworks/rockwall fireworks items.xlsx","Items","242","1","1","no_match","","Unknown","No sufficiently specific candidate identified in the two Dynamite catalog files."
"GD57R3MMQSLWM4HWGJGAKPWL","887946030656","","Bumble Bees","Bumble Bees","Whitespace cleaned; uncertain abbreviations retained","Unknown","Unknown","Unknown","Regular","Unknown","Unknown","#bumble-bees-regular","/Volumes/FACUNDO/Rockwall fireworks/MLTX6DPJDFYX7_catalog-2026-08-16-1724.csv","242","243","243","/Volumes/FACUNDO/Rockwall fireworks/rockwall fireworks items.xlsx","Items","243","1","1","no_match","","Unknown","No sufficiently specific candidate identified in the two Dynamite catalog files."
"IY6MWRW7CYTAK7UCS62P2V47","757201530798","","Bumpin Trumpin 500 Gram 42 Shots","Bumpin Trumpin 500 Gram 42 Shots","Whitespace cleaned; uncertain abbreviations retained","Unknown","500 GRAM FINALE","Unknown","Regular","Unknown","500 Gram | 42 Shots","#bumpin-trumpin-500-gram-42-shots-regular","/Volumes/FACUNDO/Rockwall fireworks/MLTX6DPJDFYX7_catalog-2026-08-16-1724.csv","243","244","244","/Volumes/FACUNDO/Rockwall fireworks/rockwall fireworks items.xlsx","Items","244","1","1","no_match","","Unknown","No sufficiently specific candidate identified in the two Dynamite catalog files."
"NVV6Y56O2YNTT3EEODY3VB6U","6942037750050","","Bustin Balls","Bustin Balls","Whitespace cleaned; uncertain abbreviations retained","Unknown","Unknown","Unknown","Regular","Unknown","Unknown","#bustin-balls-regular","/Volumes/FACUNDO/Rockwall fireworks/MLTX6DPJDFYX7_catalog-2026-08-16-1724.csv","244","245","245","/Volumes/FACUNDO/Rockwall fireworks/rockwall fireworks items.xlsx","Items","245","1","1","no_match","","Unknown","No sufficiently specific candidate identified in the two Dynamite catalog files."
"VO47WF5A2JD5HOT74KZ743W4","8145270155912","","CE 100","CE 100","Whitespace cleaned; uncertain abbreviations retained","Unknown","Unknown","Unknown","Regular","Unknown","Unknown","#ce-100-regular","/Volumes/FACUNDO/Rockwall fireworks/MLTX6DPJDFYX7_catalog-2026-08-16-1724.csv","245","246","246","/Volumes/FACUNDO/Rockwall fireworks/rockwall fireworks items.xlsx","Items","246","1","1","no_match","","Unknown","No sufficiently specific candidate identified in the two Dynamite catalog files."
"PNEATVLI5R2PZV4VZYILIJRB","8145271620211","","CE-DC 500 Gram 30 Shot","CE-DC 500 Gram 30 Shot","Whitespace cleaned; uncertain abbreviations retained","Unknown","Unknown","Unknown","Regular","Unknown","500 Gram | 30 Shot","#ce-dc-500-gram-30-shot-regular","/Volumes/FACUNDO/Rockwall fireworks/MLTX6DPJDFYX7_catalog-2026-08-16-1724.csv","246","247","247","/Volumes/FACUNDO/Rockwall fireworks/rockwall fireworks items.xlsx","Items","247","1","1","no_match","","Unknown","No sufficiently specific candidate identified in the two Dynamite catalog files."
"EEB6GYW6OKUONPAP7CIMSVUX","705108003907","","CEO Family Pack Assortment","CEO Family Pack Assortment","Whitespace cleaned; uncertain abbreviations retained","Unknown","Family Pack Assortments","Unknown","Regular","Unknown","Unknown","#ceo-family-pack-assortment-regular","/Volumes/FACUNDO/Rockwall fireworks/MLTX6DPJDFYX7_catalog-2026-08-16-1724.csv","247","248","248","/Volumes/FACUNDO/Rockwall fireworks/rockwall fireworks items.xlsx","Items","248","1","1","no_match","","Unknown","No sufficiently specific candidate identified in the two Dynamite catalog files."
"YBTSQXW5MJG6UTYHOSOYIBRG","715244165100","","Call The Cops 200G","Call The Cops 200G","Whitespace cleaned; uncertain abbreviations retained","Unknown","Unknown","Unknown","Regular","Unknown","200G","#call-the-cops-200g-regular","/Volumes/FACUNDO/Rockwall fireworks/MLTX6DPJDFYX7_catalog-2026-08-16-1724.csv","248","249","249","/Volumes/FACUNDO/Rockwall fireworks/rockwall fireworks items.xlsx","Items","249","1","1","no_match","","Unknown","No sufficiently specific candidate identified in the two Dynamite catalog files."
"7KHVOFXS6SBVFD3SWNDZTBNE","","705108805006","Cameleon 5"" Artillery Shells 24 pack","Cameleon 5"" Artillery Shells 24 pack","Whitespace cleaned; uncertain abbreviations retained","Unknown","24 Pack Canister Artillery Shells 5 INCH","Unknown","Regular","Unknown","5"" | 24 pack","#cameleon-5-artillery-shells-24-pack-regular","/Volumes/FACUNDO/Rockwall fireworks/MLTX6DPJDFYX7_catalog-2026-08-16-1724.csv","249","250","250","/Volumes/FACUNDO/Rockwall fireworks/rockwall fireworks items.xlsx","Items","250","1","0","no_match","","Unknown","No sufficiently specific candidate identified in the two Dynamite catalog files."
"Y7JONQCQHQJOPPQHB5DNKGSE","757201024013","","Camo Blast 4"" Artillery Shells 24 Pack","Camo Blast 4"" Artillery Shells 24 Pack","Whitespace cleaned; uncertain abbreviations retained","Unknown","24 Pack Artillery Shells 4""","Unknown","Regular","Unknown","4"" | 24 Pack","#camo-blast-4-artillery-shells-24-pack-regular","/Volumes/FACUNDO/Rockwall fireworks/MLTX6DPJDFYX7_catalog-2026-08-16-1724.csv","250","251","251","/Volumes/FACUNDO/Rockwall fireworks/rockwall fireworks items.xlsx","Items","251","1","1","no_match","","Unknown","No sufficiently specific candidate identified in the two Dynamite catalog files."
"YQ5XSAV4O7JC4DVQKJAPRWIR","652009001757","","Camo Smoke","Camo Smoke","Whitespace cleaned; uncertain abbreviations retained","Unknown","Unknown","Unknown","Regular","Unknown","Unknown","#camo-smoke-regular","/Volumes/FACUNDO/Rockwall fireworks/MLTX6DPJDFYX7_catalog-2026-08-16-1724.csv","251","252","252","/Volumes/FACUNDO/Rockwall fireworks/rockwall fireworks items.xlsx","Items","252","1","1","no_match","","Unknown","No sufficiently specific candidate identified in the two Dynamite catalog files."
"BZM75VLS7V57JD3765BT6ND4","687985908417","","Canopus","Canopus","Whitespace cleaned; uncertain abbreviations retained","Unknown","Unknown","Unknown","Regular","Unknown","Unknown","#canopus-regular","/Volumes/FACUNDO/Rockwall fireworks/MLTX6DPJDFYX7_catalog-2026-08-16-1724.csv","252","253","253","/Volumes/FACUNDO/Rockwall fireworks/rockwall fireworks items.xlsx","Items","253","1","1","no_match","","Unknown","No sufficiently specific candidate identified in the two Dynamite catalog files."
"RGD7OXT4MUNLMZKZWWNOE6YH","687985908448","","Capella","Capella","Whitespace cleaned; uncertain abbreviations retained","Unknown","Unknown","Unknown","Regular","Unknown","Unknown","#capella-regular","/Volumes/FACUNDO/Rockwall fireworks/MLTX6DPJDFYX7_catalog-2026-08-16-1724.csv","253","254","254","/Volumes/FACUNDO/Rockwall fireworks/rockwall fireworks items.xlsx","Items","254","1","1","no_match","","Unknown","No sufficiently specific candidate identified in the two Dynamite catalog files."
"4BECHQGPMIFJ2I3VL7Q6BJWV","687985222810","","Captain Sam 500 Gram","Captain Sam 500 Gram","Whitespace cleaned; uncertain abbreviations retained","Unknown","500 GRAM FINALE","Unknown","Regular","Unknown","500 Gram","#captain-sam-500-gram-regular","/Volumes/FACUNDO/Rockwall fireworks/MLTX6DPJDFYX7_catalog-2026-08-16-1724.csv","254","255","255","/Volumes/FACUNDO/Rockwall fireworks/rockwall fireworks items.xlsx","Items","255","1","1","no_match","","Unknown","No sufficiently specific candidate identified in the two Dynamite catalog files."
"AQNB2RNRDBP7KRY6KJDU52TF","8145270204917","","Castaway 500 Gram 36 Shots","Castaway 500 Gram 36 Shots","Whitespace cleaned; uncertain abbreviations retained","Unknown","Unknown","Unknown","Regular","Unknown","500 Gram | 36 Shots","#castaway-500-gram-36-shots-regular","/Volumes/FACUNDO/Rockwall fireworks/MLTX6DPJDFYX7_catalog-2026-08-16-1724.csv","255","256","256","/Volumes/FACUNDO/Rockwall fireworks/rockwall fireworks items.xlsx","Items","256","1","1","no_match","","Unknown","No sufficiently specific candidate identified in the two Dynamite catalog files."
"2E2Q275KE2HTKEBVXFMTTI3B","705108001316","","Celebration","Celebration","Whitespace cleaned; uncertain abbreviations retained","Unknown","Unknown","Unknown","Regular","Unknown","Unknown","#celebration-regular","/Volumes/FACUNDO/Rockwall fireworks/MLTX6DPJDFYX7_catalog-2026-08-16-1724.csv","256","257","257","/Volumes/FACUNDO/Rockwall fireworks/rockwall fireworks items.xlsx","Items","257","1","1","no_match","","Unknown","No sufficiently specific candidate identified in the two Dynamite catalog files."
"5SOYZ27LJ73CYTCXGVI6XIJN","687985908424","","Centauri","Centauri","Whitespace cleaned; uncertain abbreviations retained","Unknown","Unknown","Unknown","Regular","Unknown","Unknown","#centauri-regular","/Volumes/FACUNDO/Rockwall fireworks/MLTX6DPJDFYX7_catalog-2026-08-16-1724.csv","257","258","258","/Volumes/FACUNDO/Rockwall fireworks/rockwall fireworks items.xlsx","Items","258","1","1","no_match","","Unknown","No sufficiently specific candidate identified in the two Dynamite catalog files."
"LYFTBDX6SYEMIV5CPX2ISXGE","757202120073","","Charm Fountain","Charm Fountain","Whitespace cleaned; uncertain abbreviations retained","Unknown","Fountains","Unknown","Regular","Unknown","Unknown","#charm-fountain-regular","/Volumes/FACUNDO/Rockwall fireworks/MLTX6DPJDFYX7_catalog-2026-08-16-1724.csv","258","259","259","/Volumes/FACUNDO/Rockwall fireworks/rockwall fireworks items.xlsx","Items","259","1","1","no_match","","Unknown","No sufficiently specific candidate identified in the two Dynamite catalog files."
"HD3E2RE4OCT4P6HVCZ6EKZLJ","8052530203620","","Chick Stick Pink Smoke","Chick Stick Pink Smoke","Whitespace cleaned; uncertain abbreviations retained","Unknown","Unknown","Unknown","Regular","Unknown","Unknown","#chick-stick-pink-smoke-regular","/Volumes/FACUNDO/Rockwall fireworks/MLTX6DPJDFYX7_catalog-2026-08-16-1724.csv","259","260","260","/Volumes/FACUNDO/Rockwall fireworks/rockwall fireworks items.xlsx","Items","260","1","1","no_match","","Unknown","No sufficiently specific candidate identified in the two Dynamite catalog files."
"CKV2SHWIY7BXZPYD5Q3VLVYA","887946050135","","Chicken Balloon Bogo","Chicken Balloon","Whitespace cleaned; historical BOGO marker removed from display name only","Unknown","Unknown","Unknown","Regular","Unknown","Unknown","#chicken-balloon-bogo-regular","/Volumes/FACUNDO/Rockwall fireworks/MLTX6DPJDFYX7_catalog-2026-08-16-1724.csv","260","261","261","/Volumes/FACUNDO/Rockwall fireworks/rockwall fireworks items.xlsx","Items","261","1","1","no_match","","Unknown","No sufficiently specific candidate identified in the two Dynamite catalog files."
"AIC5CSUHVVWXD4F72WXLHJ3H","946050135","","Chicken Blowing Balloon","Chicken Blowing Balloon","Whitespace cleaned; uncertain abbreviations retained","Unknown","Unknown","Unknown","Regular","Unknown","Unknown","#chicken-blowing-balloon-regular","/Volumes/FACUNDO/Rockwall fireworks/MLTX6DPJDFYX7_catalog-2026-08-16-1724.csv","261","262","262","/Volumes/FACUNDO/Rockwall fireworks/rockwall fireworks items.xlsx","Items","262","1","1","no_match","","Unknown","No sufficiently specific candidate identified in the two Dynamite catalog files."
"WYIBDCIU4Z4PGWURAOWBDH5P","8052530161814","","Chickens","Chickens","Whitespace cleaned; uncertain abbreviations retained","Unknown","Unknown","Unknown","Regular","Unknown","Unknown","#chickens-regular","/Volumes/FACUNDO/Rockwall fireworks/MLTX6DPJDFYX7_catalog-2026-08-16-1724.csv","262","263","263","/Volumes/FACUNDO/Rockwall fireworks/rockwall fireworks items.xlsx","Items","263","1","1","no_match","","Unknown","No sufficiently specific candidate identified in the two Dynamite catalog files."
"3SVJF54LTIL4K57W6IBPJABW","022203132166","","Christmas Tree","Christmas Tree","Whitespace cleaned; uncertain abbreviations retained","Unknown","Unknown","Unknown","Regular","Unknown","Unknown","#christmas-tree-regular","/Volumes/FACUNDO/Rockwall fireworks/MLTX6DPJDFYX7_catalog-2026-08-16-1724.csv","263","264","264","/Volumes/FACUNDO/Rockwall fireworks/rockwall fireworks items.xlsx","Items","264","2","1","no_match","","Unknown","No sufficiently specific candidate identified in the two Dynamite catalog files."
"6B5C73FKXNOL5YTMSMOAEQTT","6942037705210","","Christmas Tree","Christmas Tree","Whitespace cleaned; uncertain abbreviations retained","Unknown","Unknown","Unknown","Regular","Unknown","Unknown","#christmas-tree-1-regular","/Volumes/FACUNDO/Rockwall fireworks/MLTX6DPJDFYX7_catalog-2026-08-16-1724.csv","264","265","265","/Volumes/FACUNDO/Rockwall fireworks/rockwall fireworks items.xlsx","Items","265","2","2","no_match","","Unknown","No sufficiently specific candidate identified in the two Dynamite catalog files."
"VRQIDYXEMI2KTKYQZJHB2FAD","6942037705210","","Christmas Trees","Christmas Trees","Whitespace cleaned; uncertain abbreviations retained","Unknown","Unknown","Unknown","Regular","Unknown","Unknown","#christmas-trees-regular","/Volumes/FACUNDO/Rockwall fireworks/MLTX6DPJDFYX7_catalog-2026-08-16-1724.csv","265","266","266","/Volumes/FACUNDO/Rockwall fireworks/rockwall fireworks items.xlsx","Items","266","1","2","no_match","","Unknown","No sufficiently specific candidate identified in the two Dynamite catalog files."
"MT72I3FPXV4NP3IIIIYL4FJJ","683318813915","","Chroma 5"" Artillery Shells 24 pack","Chroma 5"" Artillery Shells 24 pack","Whitespace cleaned; uncertain abbreviations retained","Unknown","24 Pack Canister Artillery Shells 5 INCH","Unknown","Regular","Unknown","5"" | 24 pack","#chroma-5-artillery-shells-24-pack-regular","/Volumes/FACUNDO/Rockwall fireworks/MLTX6DPJDFYX7_catalog-2026-08-16-1724.csv","266","267","267","/Volumes/FACUNDO/Rockwall fireworks/rockwall fireworks items.xlsx","Items","267","1","1","no_match","","Unknown","No sufficiently specific candidate identified in the two Dynamite catalog files."
"BDRHRJ7HW3ZEOVHORHON5YRU","715244022236","","Citrus Fountain","Citrus Fountain","Whitespace cleaned; uncertain abbreviations retained","Unknown","Fountains","Unknown","Regular","Unknown","Unknown","#citrus-fountain-regular","/Volumes/FACUNDO/Rockwall fireworks/MLTX6DPJDFYX7_catalog-2026-08-16-1724.csv","267","268","268","/Volumes/FACUNDO/Rockwall fireworks/rockwall fireworks items.xlsx","Items","268","1","1","no_match","","Unknown","No sufficiently specific candidate identified in the two Dynamite catalog files."
"JV4RAMJ3YYQSBMJGOV3LQC7H","8052530052310","","Class Crackers 50ct BOGO","Class Crackers 50ct","Whitespace cleaned; historical BOGO marker removed from display name only","Unknown","Unknown","Unknown","Regular","Unknown","50ct","#class-crackers-50ct-bogo-regular","/Volumes/FACUNDO/Rockwall fireworks/MLTX6DPJDFYX7_catalog-2026-08-16-1724.csv","268","269","269","/Volumes/FACUNDO/Rockwall fireworks/rockwall fireworks items.xlsx","Items","269","1","1","no_match","","Unknown","No sufficiently specific candidate identified in the two Dynamite catalog files."
"SMZBAID5XZCSLQEYFZV5WJUQ","8052530051917","","Classic Crackers","Classic Crackers","Whitespace cleaned; uncertain abbreviations retained","Unknown","Unknown","Unknown","Regular","Unknown","Unknown","#classic-crackers-regular","/Volumes/FACUNDO/Rockwall fireworks/MLTX6DPJDFYX7_catalog-2026-08-16-1724.csv","269","270","270","/Volumes/FACUNDO/Rockwall fireworks/rockwall fireworks items.xlsx","Items","270","1","1","no_match","","Unknown","No sufficiently specific candidate identified in the two Dynamite catalog files."
"JZIJYSNHXZB5STADOAZ57JXD","680149047069","","Close Combat","Close Combat","Whitespace cleaned; uncertain abbreviations retained","Unknown","Unknown","Unknown","Regular","Unknown","Unknown","#close-combat-regular","/Volumes/FACUNDO/Rockwall fireworks/MLTX6DPJDFYX7_catalog-2026-08-16-1724.csv","270","271","271","/Volumes/FACUNDO/Rockwall fireworks/rockwall fireworks items.xlsx","Items","271","1","1","no_match","","Unknown","No sufficiently specific candidate identified in the two Dynamite catalog files."
"ILCUK2NMBSHM2346N44FLBD4","757205301196","","Cluster Bomb 500 Gram","Cluster Bomb 500 Gram","Whitespace cleaned; uncertain abbreviations retained","Unknown","500 GRAM FINALE","Unknown","Regular","Unknown","500 Gram","#cluster-bomb-500-gram-regular","/Volumes/FACUNDO/Rockwall fireworks/MLTX6DPJDFYX7_catalog-2026-08-16-1724.csv","271","272","272","/Volumes/FACUNDO/Rockwall fireworks/rockwall fireworks items.xlsx","Items","272","1","1","no_match","","Unknown","No sufficiently specific candidate identified in the two Dynamite catalog files."
"MGK6SZ2H563SI4HJP3OBSS5U","687985901340","","Cobalt Bomb","Cobalt Bomb","Whitespace cleaned; uncertain abbreviations retained","Unknown","Unknown","Unknown","Regular","Unknown","Unknown","#cobalt-bomb-regular","/Volumes/FACUNDO/Rockwall fireworks/MLTX6DPJDFYX7_catalog-2026-08-16-1724.csv","272","273","273","/Volumes/FACUNDO/Rockwall fireworks/rockwall fireworks items.xlsx","Items","273","1","1","no_match","","Unknown","No sufficiently specific candidate identified in the two Dynamite catalog files."
"66TOMKXWMPIFHL57L3PU6WDD","875330252111","","Color Pearl 96 Shot","Color Pearl 96 Shot","Whitespace cleaned; uncertain abbreviations retained","Unknown","Unknown","Unknown","Regular","Unknown","96 Shot","#color-pearl-96-shot-regular","/Volumes/FACUNDO/Rockwall fireworks/MLTX6DPJDFYX7_catalog-2026-08-16-1724.csv","273","274","274","/Volumes/FACUNDO/Rockwall fireworks/rockwall fireworks items.xlsx","Items","274","1","1","no_match","","Unknown","No sufficiently specific candidate identified in the two Dynamite catalog files."
"D2T55XL6ZRDLB5FBDSPK7ZXR","8145270121719","","Color Pearl Roman Candle","Color Pearl Roman Candle","Whitespace cleaned; uncertain abbreviations retained","Unknown","Roman Candles","Unknown","Regular","Unknown","Unknown","#color-pearl-roman-candle-regular","/Volumes/FACUNDO/Rockwall fireworks/MLTX6DPJDFYX7_catalog-2026-08-16-1724.csv","274","275","275","/Volumes/FACUNDO/Rockwall fireworks/rockwall fireworks items.xlsx","Items","275","1","1","no_match","","Unknown","No sufficiently specific candidate identified in the two Dynamite catalog files."
"AHWAKFTGBPF373W5QDDGRP75","8145270121726","","Color Pearl Roman Candles BOGO","Color Pearl Roman Candles","Whitespace cleaned; historical BOGO marker removed from display name only","Unknown","Roman Candles","Unknown","Regular","Unknown","Unknown","#color-pearl-roman-candles-bogo-regular","/Volumes/FACUNDO/Rockwall fireworks/MLTX6DPJDFYX7_catalog-2026-08-16-1724.csv","275","276","276","/Volumes/FACUNDO/Rockwall fireworks/rockwall fireworks items.xlsx","Items","276","1","1","no_match","","Unknown","No sufficiently specific candidate identified in the two Dynamite catalog files."
"COXDJRGHTJG3HD2HXGP232WI","8052530180426","","Color Pearl With Bang Boomer-10 Ball BOGO","Color Pearl With Bang Boomer-10 Ball","Whitespace cleaned; historical BOGO marker removed from display name only","Boomer","Roman Candles","Unknown","Regular","Unknown","Unknown","#color-pearl-with-bang-boomer-10-ball-bogo-regular","/Volumes/FACUNDO/Rockwall fireworks/MLTX6DPJDFYX7_catalog-2026-08-16-1724.csv","276","277","277","/Volumes/FACUNDO/Rockwall fireworks/rockwall fireworks items.xlsx","Items","277","2","1","no_match","","Unknown","No sufficiently specific candidate identified in the two Dynamite catalog files."
"47HJ4LUC2CLMGPTPX4I2RA2M","8052530180419","","Color Pearl With Bang Boomer-10 Ball BOGO","Color Pearl With Bang Boomer-10 Ball","Whitespace cleaned; historical BOGO marker removed from display name only","Boomer","Roman Candles","Unknown","Color Pearl Boomer With Bang-10 Ball","Color Pearl Boomer With Bang-10 Ball","Unknown","#color-pearl-with-bang-boomer-10-ball-bogo-color-pearl-boomer-with-bang-10-ball","/Volumes/FACUNDO/Rockwall fireworks/MLTX6DPJDFYX7_catalog-2026-08-16-1724.csv","277","278","278","/Volumes/FACUNDO/Rockwall fireworks/rockwall fireworks items.xlsx","Items","278","2","1","no_match","","Unknown","No sufficiently specific candidate identified in the two Dynamite catalog files."
"5TX5WRF6MO5NFJHE43HO4GRQ","821600025077","","Color Pearls","Color Pearls","Whitespace cleaned; uncertain abbreviations retained","Unknown","Unknown","Unknown","Regular","Unknown","Unknown","#color-pearls-regular","/Volumes/FACUNDO/Rockwall fireworks/MLTX6DPJDFYX7_catalog-2026-08-16-1724.csv","278","279","279","/Volumes/FACUNDO/Rockwall fireworks/rockwall fireworks items.xlsx","Items","279","1","1","probable","","products.json[49] 10 Ball Color Pearls / Monkey Mania / /products/10-ball-color-pearls.png","Name identifies a candidate only; manufacturer and exact presentation have not been established."
"OYEEC66PCRJITCFCS4FL5RUP","757202018066","","Color Pearls 6 Count 10 Shot","Color Pearls 6 Count 10 Shot","Whitespace cleaned; uncertain abbreviations retained","Unknown","Roman Candles","Unknown","Regular","Unknown","10 Shot","#color-pearls-6-count-10-shot-regular","/Volumes/FACUNDO/Rockwall fireworks/MLTX6DPJDFYX7_catalog-2026-08-16-1724.csv","279","280","280","/Volumes/FACUNDO/Rockwall fireworks/rockwall fireworks items.xlsx","Items","280","1","1","no_match","","Unknown","No sufficiently specific candidate identified in the two Dynamite catalog files."
"VLK3AKYITHQA2VRQ2QD7MWRS","757201530729","","Color Rage","Color Rage","Whitespace cleaned; uncertain abbreviations retained","Unknown","Unknown","Unknown","Regular","Unknown","Unknown","#color-rage-regular","/Volumes/FACUNDO/Rockwall fireworks/MLTX6DPJDFYX7_catalog-2026-08-16-1724.csv","280","281","281","/Volumes/FACUNDO/Rockwall fireworks/rockwall fireworks items.xlsx","Items","281","1","1","no_match","","Unknown","No sufficiently specific candidate identified in the two Dynamite catalog files."
"TCVY46WIOJRSRTJX242W266K","8145270185216","","Color Smoke Ball 6 Pc","Color Smoke Ball 6 Pc","Whitespace cleaned; uncertain abbreviations retained","Unknown","Unknown","Unknown","Regular","Unknown","6 Pc","#color-smoke-ball-6-pc-regular","/Volumes/FACUNDO/Rockwall fireworks/MLTX6DPJDFYX7_catalog-2026-08-16-1724.csv","281","282","282","/Volumes/FACUNDO/Rockwall fireworks/rockwall fireworks items.xlsx","Items","282","1","1","no_match","","Unknown","No sufficiently specific candidate identified in the two Dynamite catalog files."
"3MVMFOQG4D2LVDZ6CG42453F","887946021029","","Color Smoke Balls","Color Smoke Balls","Whitespace cleaned; uncertain abbreviations retained","Unknown","Unknown","Unknown","Regular","Unknown","Unknown","#color-smoke-balls-regular","/Volumes/FACUNDO/Rockwall fireworks/MLTX6DPJDFYX7_catalog-2026-08-16-1724.csv","282","283","283","/Volumes/FACUNDO/Rockwall fireworks/rockwall fireworks items.xlsx","Items","283","1","1","no_match","","Unknown","No sufficiently specific candidate identified in the two Dynamite catalog files."
"X55AAZNJ5H4A3WYATQWHUJC6","705108260256","","Color Smoke Grenade","Color Smoke Grenade","Whitespace cleaned; uncertain abbreviations retained","Unknown","Unknown","Unknown","Regular","Unknown","Unknown","#color-smoke-grenade-regular","/Volumes/FACUNDO/Rockwall fireworks/MLTX6DPJDFYX7_catalog-2026-08-16-1724.csv","283","284","284","/Volumes/FACUNDO/Rockwall fireworks/rockwall fireworks items.xlsx","Items","284","1","1","no_match","","Unknown","No sufficiently specific candidate identified in the two Dynamite catalog files."
"HEQRXJPC54BDZL3AERGXQY7Y","715244007028","","Color Smokeballs","Color Smokeballs","Whitespace cleaned; uncertain abbreviations retained","Unknown","Unknown","Unknown","Regular","Unknown","Unknown","#color-smokeballs-regular","/Volumes/FACUNDO/Rockwall fireworks/MLTX6DPJDFYX7_catalog-2026-08-16-1724.csv","284","285","285","/Volumes/FACUNDO/Rockwall fireworks/rockwall fireworks items.xlsx","Items","285","1","1","no_match","","Unknown","No sufficiently specific candidate identified in the two Dynamite catalog files."
"CNOC2VMJH3XFZJMHJI4N5R45","043100700074","","Color Sparklers #10","Color Sparklers #10","Whitespace cleaned; uncertain abbreviations retained","Unknown","Unknown","Unknown","Sparklers","Sparklers","Unknown","#color-sparklers-10-sparklers","/Volumes/FACUNDO/Rockwall fireworks/MLTX6DPJDFYX7_catalog-2026-08-16-1724.csv","285","286","286","/Volumes/FACUNDO/Rockwall fireworks/rockwall fireworks items.xlsx","Items","286","1","1","no_match","","Unknown","No sufficiently specific candidate identified in the two Dynamite catalog files."
"7URDOO5AVQK3XPYBFVZG3BCI","757201220033","","Colorful Skies","Colorful Skies","Whitespace cleaned; uncertain abbreviations retained","Unknown","Unknown","Unknown","Regular","Unknown","Unknown","#colorful-skies-regular","/Volumes/FACUNDO/Rockwall fireworks/MLTX6DPJDFYX7_catalog-2026-08-16-1724.csv","286","287","287","/Volumes/FACUNDO/Rockwall fireworks/rockwall fireworks items.xlsx","Items","287","1","1","no_match","","Unknown","No sufficiently specific candidate identified in the two Dynamite catalog files."
"2UXYY5LMMJRHVZCVIFAAOUXN","849107065013","","Comet Cannon","Comet Cannon","Whitespace cleaned; uncertain abbreviations retained","Unknown","Roman Candles","Unknown","Regular","Unknown","Unknown","#comet-cannon-regular","/Volumes/FACUNDO/Rockwall fireworks/MLTX6DPJDFYX7_catalog-2026-08-16-1724.csv","287","288","288","/Volumes/FACUNDO/Rockwall fireworks/rockwall fireworks items.xlsx","Items","288","1","1","no_match","","Unknown","No sufficiently specific candidate identified in the two Dynamite catalog files."
"ZYEQGHWQMW24XASSI2XV3ECG","777319994121","","Confetti Blaster","Confetti Blaster","Whitespace cleaned; uncertain abbreviations retained","Unknown","Unknown","Unknown","Regular","Unknown","Unknown","#confetti-blaster-regular","/Volumes/FACUNDO/Rockwall fireworks/MLTX6DPJDFYX7_catalog-2026-08-16-1724.csv","288","289","289","/Volumes/FACUNDO/Rockwall fireworks/rockwall fireworks items.xlsx","Items","289","1","1","no_match","","Unknown","No sufficiently specific candidate identified in the two Dynamite catalog files."
"54J2U37QPJAWUQCUXQONKKAM","687985121427","","Corona (6 sitcks)","Corona (6 sitcks)","Whitespace cleaned; uncertain abbreviations retained","Unknown","Stick Rockets","Unknown","Regular","Unknown","Unknown","#corona-6-sitcks--regular","/Volumes/FACUNDO/Rockwall fireworks/MLTX6DPJDFYX7_catalog-2026-08-16-1724.csv","289","290","290","/Volumes/FACUNDO/Rockwall fireworks/rockwall fireworks items.xlsx","Items","290","1","1","no_match","","Unknown","No sufficiently specific candidate identified in the two Dynamite catalog files."
"YOI6577F23QO7PGR4CUPKEPI","715244004867","","Cowboy Rockets (9 sticks)","Cowboy Rockets (9 sticks)","Whitespace cleaned; uncertain abbreviations retained","Unknown","Stick Rockets","Unknown","Regular","Unknown","9 sticks","#cowboy-rockets-9-sticks--regular","/Volumes/FACUNDO/Rockwall fireworks/MLTX6DPJDFYX7_catalog-2026-08-16-1724.csv","290","291","291","/Volumes/FACUNDO/Rockwall fireworks/rockwall fireworks items.xlsx","Items","291","1","1","no_match","","Unknown","No sufficiently specific candidate identified in the two Dynamite catalog files."
"RNY5C7YANLXHN4FDUF6G7SDX","649762148126","","Coyote Sam 500g","Coyote Sam 500g","Whitespace cleaned; uncertain abbreviations retained","Unknown","Unknown","Unknown","Regular","Unknown","500g","#coyote-sam-500g-regular","/Volumes/FACUNDO/Rockwall fireworks/MLTX6DPJDFYX7_catalog-2026-08-16-1724.csv","291","292","292","/Volumes/FACUNDO/Rockwall fireworks/rockwall fireworks items.xlsx","Items","292","1","1","no_match","","Unknown","No sufficiently specific candidate identified in the two Dynamite catalog files."
"ODY4X5F35PDVTDU6QVKBRWBZ","715244003402","","Cracker Balls","Cracker Balls","Whitespace cleaned; uncertain abbreviations retained","Unknown","Unknown","Unknown","Regular","Unknown","Unknown","#cracker-balls-regular","/Volumes/FACUNDO/Rockwall fireworks/MLTX6DPJDFYX7_catalog-2026-08-16-1724.csv","292","293","293","/Volumes/FACUNDO/Rockwall fireworks/rockwall fireworks items.xlsx","Items","293","1","1","no_match","","Unknown","No sufficiently specific candidate identified in the two Dynamite catalog files."
"LKBNUIDOVUHJUQVVRHSX2VM3","715244001187","","Cracker Bomb","Cracker Bomb","Whitespace cleaned; uncertain abbreviations retained","Unknown","Unknown","Unknown","Regular","Unknown","Unknown","#cracker-bomb-regular","/Volumes/FACUNDO/Rockwall fireworks/MLTX6DPJDFYX7_catalog-2026-08-16-1724.csv","293","294","294","/Volumes/FACUNDO/Rockwall fireworks/rockwall fireworks items.xlsx","Items","294","1","1","no_match","","Unknown","No sufficiently specific candidate identified in the two Dynamite catalog files."
"YPFHO6DMTAZG42ZDDG6C6PTV","715244063383","","Cracking Color Palms X 200 Gram 19 Shot","Cracking Color Palms X 200 Gram 19 Shot","Whitespace cleaned; uncertain abbreviations retained","Unknown","Unknown","Unknown","Regular","Unknown","200 Gram | 19 Shot","#cracking-color-palms-x-200-gram-19-shot-regular","/Volumes/FACUNDO/Rockwall fireworks/MLTX6DPJDFYX7_catalog-2026-08-16-1724.csv","294","295","295","/Volumes/FACUNDO/Rockwall fireworks/rockwall fireworks items.xlsx","Items","295","1","1","no_match","","Unknown","No sufficiently specific candidate identified in the two Dynamite catalog files."
"CARIESHRS7Z7SZK7NJTLEP7M","8145270182611","","Crackling Ball 6pc Bogo.","Crackling Ball 6pc .","Whitespace cleaned; historical BOGO marker removed from display name only","Unknown","Unknown","Unknown","Regular","Unknown","6pc","#crackling-ball-6pc-bogo--regular","/Volumes/FACUNDO/Rockwall fireworks/MLTX6DPJDFYX7_catalog-2026-08-16-1724.csv","295","296","296","/Volumes/FACUNDO/Rockwall fireworks/rockwall fireworks items.xlsx","Items","296","1","1","no_match","","Unknown","No sufficiently specific candidate identified in the two Dynamite catalog files."
"LT3UDBGRPQLI6X7TTOIMN4YO","688397661778","","Crash 25 Shot 200G","Crash 25 Shot 200G","Whitespace cleaned; uncertain abbreviations retained","Unknown","Unknown","Unknown","Regular","Unknown","25 Shot | 200G","#crash-25-shot-200g-regular","/Volumes/FACUNDO/Rockwall fireworks/MLTX6DPJDFYX7_catalog-2026-08-16-1724.csv","296","297","297","/Volumes/FACUNDO/Rockwall fireworks/rockwall fireworks items.xlsx","Items","297","3","1","no_match","","Unknown","No sufficiently specific candidate identified in the two Dynamite catalog files."
"2KHQJPY6XSLI3ELDKJ2OMW6C","688397661754","","Crash 25 Shot 200G","Crash 25 Shot 200G","Whitespace cleaned; uncertain abbreviations retained","Unknown","Unknown","Unknown","bazinga 25 shot 200G","bazinga 25 shot 200G","25 Shot | 200G","#crash-25-shot-200g-bazinga-25-shot-200g","/Volumes/FACUNDO/Rockwall fireworks/MLTX6DPJDFYX7_catalog-2026-08-16-1724.csv","297","298","298","/Volumes/FACUNDO/Rockwall fireworks/rockwall fireworks items.xlsx","Items","298","3","1","no_match","","Unknown","No sufficiently specific candidate identified in the two Dynamite catalog files."
"SLEB37QVCY2KFTUVOS3QP3JN","688397661761","","Crash 25 Shot 200G","Crash 25 Shot 200G","Whitespace cleaned; uncertain abbreviations retained","Unknown","Unknown","Unknown","krunch 25 shot 200G","krunch 25 shot 200G","25 Shot | 200G","#crash-25-shot-200g-krunch-25-shot-200g","/Volumes/FACUNDO/Rockwall fireworks/MLTX6DPJDFYX7_catalog-2026-08-16-1724.csv","298","299","299","/Volumes/FACUNDO/Rockwall fireworks/rockwall fireworks items.xlsx","Items","299","3","1","no_match","","Unknown","No sufficiently specific candidate identified in the two Dynamite catalog files."
"FIGJUNTJBEP3OSIX7BI6A6DZ","847294012131","","Crazy Chicken","Crazy Chicken","Whitespace cleaned; uncertain abbreviations retained","Unknown","Unknown","Unknown","Regular","Unknown","Unknown","#crazy-chicken-regular","/Volumes/FACUNDO/Rockwall fireworks/MLTX6DPJDFYX7_catalog-2026-08-16-1724.csv","299","300","300","/Volumes/FACUNDO/Rockwall fireworks/rockwall fireworks items.xlsx","Items","300","1","1","no_match","","Unknown","No sufficiently specific candidate identified in the two Dynamite catalog files."
"GFUHBZGQTVWBTZPNL5L4BB4L","687985909018","","Crime Scene","Crime Scene","Whitespace cleaned; uncertain abbreviations retained","Unknown","Unknown","Unknown","Regular","Unknown","Unknown","#crime-scene-regular","/Volumes/FACUNDO/Rockwall fireworks/MLTX6DPJDFYX7_catalog-2026-08-16-1724.csv","300","301","301","/Volumes/FACUNDO/Rockwall fireworks/rockwall fireworks items.xlsx","Items","301","1","1","no_match","","Unknown","No sufficiently specific candidate identified in the two Dynamite catalog files."
"ACH7X3F3TFHIS7RQSF7MTIEM","8145270150115","","Cruelty Devil 500 Gram 33 Shots","Cruelty Devil 500 Gram 33 Shots","Whitespace cleaned; uncertain abbreviations retained","Unknown","Unknown","Unknown","Regular","Unknown","500 Gram | 33 Shots","#cruelty-devil-500-gram-33-shots-regular","/Volumes/FACUNDO/Rockwall fireworks/MLTX6DPJDFYX7_catalog-2026-08-16-1724.csv","301","302","302","/Volumes/FACUNDO/Rockwall fireworks/rockwall fireworks items.xlsx","Items","302","1","1","no_match","","Unknown","No sufficiently specific candidate identified in the two Dynamite catalog files."
"FJT7BZ4ZU7GAW6WHFWBJ3JBT","887946041485","","Cuckoo BOGO","Cuckoo","Whitespace cleaned; historical BOGO marker removed from display name only","Unknown","Unknown","Unknown","Regular","Unknown","Unknown","#cuckoo-bogo-regular","/Volumes/FACUNDO/Rockwall fireworks/MLTX6DPJDFYX7_catalog-2026-08-16-1724.csv","302","303","303","/Volumes/FACUNDO/Rockwall fireworks/rockwall fireworks items.xlsx","Items","303","2","1","no_match","","Unknown","No sufficiently specific candidate identified in the two Dynamite catalog files."
"OG3TJTR7VFJSVHKTSYLMUMWX","887946041423","","Cuckoo BOGO","Cuckoo","Whitespace cleaned; historical BOGO marker removed from display name only","Unknown","Unknown","Unknown","Cuckoo 6 Pack","Cuckoo 6 Pack","Unknown","#cuckoo-bogo-cuckoo-6-pack","/Volumes/FACUNDO/Rockwall fireworks/MLTX6DPJDFYX7_catalog-2026-08-16-1724.csv","303","304","304","/Volumes/FACUNDO/Rockwall fireworks/rockwall fireworks items.xlsx","Items","304","2","1","no_match","","Unknown","No sufficiently specific candidate identified in the two Dynamite catalog files."
"GY7QHO54XRO6QWTAUGPDIZH3","612005106221","","Cuckoo/killer Bees","Cuckoo/killer Bees","Whitespace cleaned; uncertain abbreviations retained","Unknown","Unknown","Unknown","Regular","Unknown","Unknown","#cuckoo-killer-bees-regular","/Volumes/FACUNDO/Rockwall fireworks/MLTX6DPJDFYX7_catalog-2026-08-16-1724.csv","304","305","305","/Volumes/FACUNDO/Rockwall fireworks/rockwall fireworks items.xlsx","Items","305","1","1","no_match","","Unknown","No sufficiently specific candidate identified in the two Dynamite catalog files."
"PVA6PRTMEZGNEUVU222I6IMV","8145270155219","","Customary Enforcer 500 Gram 75 Shots","Customary Enforcer 500 Gram 75 Shots","Whitespace cleaned; uncertain abbreviations retained","Unknown","Unknown","Unknown","Regular","Unknown","500 Gram | 75 Shots","#customary-enforcer-500-gram-75-shots-regular","/Volumes/FACUNDO/Rockwall fireworks/MLTX6DPJDFYX7_catalog-2026-08-16-1724.csv","305","306","306","/Volumes/FACUNDO/Rockwall fireworks/rockwall fireworks items.xlsx","Items","306","1","1","no_match","","Unknown","No sufficiently specific candidate identified in the two Dynamite catalog files."
"UCX3BSP3MEKX5BYC5OVIKUFY","8145270101216","","Cutting Edge 1000 Ct Firecracker","Cutting Edge 1000 Ct Firecracker","Whitespace cleaned; uncertain abbreviations retained","Unknown","Unknown","Unknown","Regular","Unknown","1000 Ct","#cutting-edge-1000-ct-firecracker-regular","/Volumes/FACUNDO/Rockwall fireworks/MLTX6DPJDFYX7_catalog-2026-08-16-1724.csv","306","307","307","/Volumes/FACUNDO/Rockwall fireworks/rockwall fireworks items.xlsx","Items","307","1","1","no_match","","Unknown","No sufficiently specific candidate identified in the two Dynamite catalog files."
"Y4LB5KXKEDFKQKP2GNQGEF4F","8145270161715","","Cutting Edge Artillery Shells","Cutting Edge Artillery Shells","Whitespace cleaned; uncertain abbreviations retained","Unknown","Artillery/Festival Balls","Unknown","Regular","Unknown","Unknown","#cutting-edge-artillery-shells-regular","/Volumes/FACUNDO/Rockwall fireworks/MLTX6DPJDFYX7_catalog-2026-08-16-1724.csv","307","308","308","/Volumes/FACUNDO/Rockwall fireworks/rockwall fireworks items.xlsx","Items","308","1","1","no_match","","Unknown","No sufficiently specific candidate identified in the two Dynamite catalog files."
"LYTQRC7FSGFBEKFPO6JB4QR6","8145270100813","","Cutting Edge Firecrackers 200ct BOGO","Cutting Edge Firecrackers 200ct","Whitespace cleaned; historical BOGO marker removed from display name only","Unknown","Unknown","Unknown","Regular","Unknown","200ct","#cutting-edge-firecrackers-200ct-bogo-regular","/Volumes/FACUNDO/Rockwall fireworks/MLTX6DPJDFYX7_catalog-2026-08-16-1724.csv","308","309","309","/Volumes/FACUNDO/Rockwall fireworks/rockwall fireworks items.xlsx","Items","309","1","1","no_match","","Unknown","No sufficiently specific candidate identified in the two Dynamite catalog files."
"J6SLR7ZFLS7GBVRMGAEKIT4T","","687985211517","Daffodil 200 Gram","Daffodil 200 Gram","Whitespace cleaned; uncertain abbreviations retained","Unknown","Unknown","Unknown","Regular","Unknown","200 Gram","#daffodil-200-gram-regular","/Volumes/FACUNDO/Rockwall fireworks/MLTX6DPJDFYX7_catalog-2026-08-16-1724.csv","309","310","310","/Volumes/FACUNDO/Rockwall fireworks/rockwall fireworks items.xlsx","Items","310","1","0","no_match","","Unknown","No sufficiently specific candidate identified in the two Dynamite catalog files."
"US6AED6QGLESYW7FW7TOXD47","705108115518","","Dagger","Dagger","Whitespace cleaned; uncertain abbreviations retained","Unknown","Unknown","Unknown","Regular","Unknown","Unknown","#dagger-regular","/Volumes/FACUNDO/Rockwall fireworks/MLTX6DPJDFYX7_catalog-2026-08-16-1724.csv","310","311","311","/Volumes/FACUNDO/Rockwall fireworks/rockwall fireworks items.xlsx","Items","311","1","1","no_match","","Unknown","No sufficiently specific candidate identified in the two Dynamite catalog files."
"TPBOMNN4CK7ETI3SUSVUTQZ7","757205301462","","Dance In The Rain 500 Gram","Dance In The Rain 500 Gram","Whitespace cleaned; uncertain abbreviations retained","Unknown","500 GRAM FINALE","Unknown","Regular","Unknown","500 Gram","#dance-in-the-rain-500-gram-regular","/Volumes/FACUNDO/Rockwall fireworks/MLTX6DPJDFYX7_catalog-2026-08-16-1724.csv","311","312","312","/Volumes/FACUNDO/Rockwall fireworks/rockwall fireworks items.xlsx","Items","312","1","1","no_match","","Unknown","No sufficiently specific candidate identified in the two Dynamite catalog files."
"SAEDDBA2AX5RXVFM64AUJRUU","943100700060","","Dancing Butterfly Fountain 6 Pk","Dancing Butterfly Fountain 6 Pk","Whitespace cleaned; uncertain abbreviations retained","Unknown","Fountains","Unknown","Regular","Unknown","Unknown","#dancing-butterfly-fountain-6-pk-regular","/Volumes/FACUNDO/Rockwall fireworks/MLTX6DPJDFYX7_catalog-2026-08-16-1724.csv","312","313","313","/Volumes/FACUNDO/Rockwall fireworks/rockwall fireworks items.xlsx","Items","313","1","1","no_match","","Unknown","No sufficiently specific candidate identified in the two Dynamite catalog files."
"GOIVSX5DISLUFTWXVSAEYSUG","705108146932","","Daytime Gender Reveal 16 Shot 200G","Daytime Gender Reveal 16 Shot 200G","Whitespace cleaned; uncertain abbreviations retained","Unknown","Unknown","Unknown","Regular","Unknown","16 Shot | 200G","#daytime-gender-reveal-16-shot-200g-regular","/Volumes/FACUNDO/Rockwall fireworks/MLTX6DPJDFYX7_catalog-2026-08-16-1724.csv","313","314","314","/Volumes/FACUNDO/Rockwall fireworks/rockwall fireworks items.xlsx","Items","314","1","1","probable","","gender-reveal.json[2] Gender Reveal / Unknown / /products/gender-reveal.png","Name identifies a candidate only; manufacturer and exact presentation have not been established."
"XES5VOPMCWFHSSS2Z36CIXHS","687985908592","","Deadly Dozen","Deadly Dozen","Whitespace cleaned; uncertain abbreviations retained","Unknown","Unknown","Unknown","Regular","Unknown","Unknown","#deadly-dozen-regular","/Volumes/FACUNDO/Rockwall fireworks/MLTX6DPJDFYX7_catalog-2026-08-16-1724.csv","314","315","315","/Volumes/FACUNDO/Rockwall fireworks/rockwall fireworks items.xlsx","Items","315","1","1","no_match","","Unknown","No sufficiently specific candidate identified in the two Dynamite catalog files."
"7IRY6HSNH4VNPLT6PXWZKT75","814527301416","","Death Craze 500 Gram 25 Shots","Death Craze 500 Gram 25 Shots","Whitespace cleaned; uncertain abbreviations retained","Unknown","Unknown","Unknown","Regular","Unknown","500 Gram | 25 Shots","#death-craze-500-gram-25-shots-regular","/Volumes/FACUNDO/Rockwall fireworks/MLTX6DPJDFYX7_catalog-2026-08-16-1724.csv","315","316","316","/Volumes/FACUNDO/Rockwall fireworks/rockwall fireworks items.xlsx","Items","316","1","1","no_match","","Unknown","No sufficiently specific candidate identified in the two Dynamite catalog files."
"FOBFNTFXNE7QORSE2A2AI7BT","8145270144916","","Death Rattle 200 Gram 25 Shot","Death Rattle 200 Gram 25 Shot","Whitespace cleaned; uncertain abbreviations retained","Unknown","Unknown","Unknown","Regular","Unknown","200 Gram | 25 Shot","#death-rattle-200-gram-25-shot-regular","/Volumes/FACUNDO/Rockwall fireworks/MLTX6DPJDFYX7_catalog-2026-08-16-1724.csv","316","317","317","/Volumes/FACUNDO/Rockwall fireworks/rockwall fireworks items.xlsx","Items","317","1","1","no_match","","Unknown","No sufficiently specific candidate identified in the two Dynamite catalog files."
"YQF53NHFFBFUSMKF35LBA6VG","400141322120","","Demon Shells","Demon Shells","Whitespace cleaned; uncertain abbreviations retained","Unknown","Unknown","Unknown","Regular","Unknown","Unknown","#demon-shells-regular","/Volumes/FACUNDO/Rockwall fireworks/MLTX6DPJDFYX7_catalog-2026-08-16-1724.csv","317","318","318","/Volumes/FACUNDO/Rockwall fireworks/rockwall fireworks items.xlsx","Items","318","1","1","no_match","","Unknown","No sufficiently specific candidate identified in the two Dynamite catalog files."
"HOJWUIDUTAOYK255JGDXN7E5","757201525183","","Demon Stinger 500 Gram","Demon Stinger 500 Gram","Whitespace cleaned; uncertain abbreviations retained","Unknown","500 GRAM FINALE","Unknown","Regular","Unknown","500 Gram","#demon-stinger-500-gram-regular","/Volumes/FACUNDO/Rockwall fireworks/MLTX6DPJDFYX7_catalog-2026-08-16-1724.csv","318","319","319","/Volumes/FACUNDO/Rockwall fireworks/rockwall fireworks items.xlsx","Items","319","1","1","no_match","","Unknown","No sufficiently specific candidate identified in the two Dynamite catalog files."
"XF6HKHESS6PH3D2OUJFBXNAH","037226808134","","Depth Charge","Depth Charge","Whitespace cleaned; uncertain abbreviations retained","Unknown","Unknown","Unknown","Regular","Unknown","Unknown","#depth-charge-regular","/Volumes/FACUNDO/Rockwall fireworks/MLTX6DPJDFYX7_catalog-2026-08-16-1724.csv","319","320","320","/Volumes/FACUNDO/Rockwall fireworks/rockwall fireworks items.xlsx","Items","320","1","1","no_match","","Unknown","No sufficiently specific candidate identified in the two Dynamite catalog files."
"4NC6DX6Y2QALM2DXWI2KTDPX","821600009305","","Desert At Night Fountain","Desert At Night Fountain","Whitespace cleaned; uncertain abbreviations retained","Unknown","Fountains","Unknown","Regular","Unknown","Unknown","#desert-at-night-fountain-regular","/Volumes/FACUNDO/Rockwall fireworks/MLTX6DPJDFYX7_catalog-2026-08-16-1724.csv","320","321","321","/Volumes/FACUNDO/Rockwall fireworks/rockwall fireworks items.xlsx","Items","321","1","1","no_match","","Unknown","No sufficiently specific candidate identified in the two Dynamite catalog files."
"XKO5S6U3AXIMVMIH2DN4FUOH","887946003407","","Desert Eagle 9 Shots","Desert Eagle 9 Shots","Whitespace cleaned; uncertain abbreviations retained","Unknown","Unknown","Unknown","Regular","Unknown","9 Shots","#desert-eagle-9-shots-regular","/Volumes/FACUNDO/Rockwall fireworks/MLTX6DPJDFYX7_catalog-2026-08-16-1724.csv","321","322","322","/Volumes/FACUNDO/Rockwall fireworks/rockwall fireworks items.xlsx","Items","322","1","1","no_match","","Unknown","No sufficiently specific candidate identified in the two Dynamite catalog files."
"4MNGOKBOL3IPGMHAVCPUY6MW","8052530200513","","Desert Smoke","Desert Smoke","Whitespace cleaned; uncertain abbreviations retained","Unknown","Unknown","Unknown","Regular","Unknown","Unknown","#desert-smoke-regular","/Volumes/FACUNDO/Rockwall fireworks/MLTX6DPJDFYX7_catalog-2026-08-16-1724.csv","322","323","323","/Volumes/FACUNDO/Rockwall fireworks/rockwall fireworks items.xlsx","Items","323","1","1","no_match","","Unknown","No sufficiently specific candidate identified in the two Dynamite catalog files."
"MUWPARNM5IHEUEY3Q3TOSK5C","687985905201","","Desperado 108 Breaks","Desperado 108 Breaks","Whitespace cleaned; uncertain abbreviations retained","Unknown","Unknown","Unknown","Regular","Unknown","108 Breaks","#desperado-108-breaks-regular","/Volumes/FACUNDO/Rockwall fireworks/MLTX6DPJDFYX7_catalog-2026-08-16-1724.csv","323","324","324","/Volumes/FACUNDO/Rockwall fireworks/rockwall fireworks items.xlsx","Items","324","1","1","no_match","","Unknown","No sufficiently specific candidate identified in the two Dynamite catalog files."
"NH3YFLWYGENMILFCAQSJMENN","757202300161","","Dino Eggsplosion Assortment Pack","Dino Eggsplosion Assortment Pack","Whitespace cleaned; uncertain abbreviations retained","Unknown","Unknown","Unknown","Regular","Unknown","Unknown","#dino-eggsplosion-assortment-pack-regular","/Volumes/FACUNDO/Rockwall fireworks/MLTX6DPJDFYX7_catalog-2026-08-16-1724.csv","324","325","325","/Volumes/FACUNDO/Rockwall fireworks/rockwall fireworks items.xlsx","Items","325","1","1","probable","","products.json[35] Dino Eggsplosion / Monkey Mania / /products/dino-eggsplosion.png","Name identifies a candidate only; manufacturer and exact presentation have not been established."
"XDAMKKBGUSBTYTB3QTKXU5RN","705108097807","","Diwali Dazzler","Diwali Dazzler","Whitespace cleaned; uncertain abbreviations retained","Unknown","Unknown","Unknown","Regular","Unknown","Unknown","#diwali-dazzler-regular","/Volumes/FACUNDO/Rockwall fireworks/MLTX6DPJDFYX7_catalog-2026-08-16-1724.csv","325","326","326","/Volumes/FACUNDO/Rockwall fireworks/rockwall fireworks items.xlsx","Items","326","2","1","probable","","products.json[149] Diwali Dazzler / Winda / /products/diwali-dazzler.png","Two Square tokens have the same Diwali Dazzler name but different SKUs. Source cannot distinguish their presentations; do not merge."
"6GDRTFRVROGYS5VXDFGBZLSK","705108003808","","Diwali Dazzler","Diwali Dazzler","Whitespace cleaned; uncertain abbreviations retained","Unknown","Unknown","Unknown","Regular","Unknown","Unknown","#diwali-dazzler-1-regular","/Volumes/FACUNDO/Rockwall fireworks/MLTX6DPJDFYX7_catalog-2026-08-16-1724.csv","326","327","327","/Volumes/FACUNDO/Rockwall fireworks/rockwall fireworks items.xlsx","Items","327","2","1","probable","","products.json[149] Diwali Dazzler / Winda / /products/diwali-dazzler.png","Two Square tokens have the same Diwali Dazzler name but different SKUs. Source cannot distinguish their presentations; do not merge."
"EOL2XMCH6ACC23AV2DB3TJRG","649762148690","","Doge This 200 G","Doge This 200 G","Whitespace cleaned; uncertain abbreviations retained","Unknown","Unknown","Unknown","Regular","Unknown","200 G","#doge-this-200-g-regular","/Volumes/FACUNDO/Rockwall fireworks/MLTX6DPJDFYX7_catalog-2026-08-16-1724.csv","327","328","328","/Volumes/FACUNDO/Rockwall fireworks/rockwall fireworks items.xlsx","Items","328","1","1","no_match","","Unknown","No sufficiently specific candidate identified in the two Dynamite catalog files."
"5TD5X4FLPVCTVQF7BHYK32IN","757205301738","","Dont Tread On Me 500 Gram","Dont Tread On Me 500 Gram","Whitespace cleaned; uncertain abbreviations retained","Unknown","500 GRAM FINALE","Unknown","Regular","Unknown","500 Gram","#dont-tread-on-me-500-gram-regular","/Volumes/FACUNDO/Rockwall fireworks/MLTX6DPJDFYX7_catalog-2026-08-16-1724.csv","328","329","329","/Volumes/FACUNDO/Rockwall fireworks/rockwall fireworks items.xlsx","Items","329","1","1","no_match","","Unknown","No sufficiently specific candidate identified in the two Dynamite catalog files."
"LKGFXCZ2K7OWM7KUC65CNSR2","821600012121","","Double Break Artillery Shells","Double Break Artillery Shells","Whitespace cleaned; uncertain abbreviations retained","Unknown","Unknown","Unknown","Regular","Unknown","Unknown","#double-break-artillery-shells-regular","/Volumes/FACUNDO/Rockwall fireworks/MLTX6DPJDFYX7_catalog-2026-08-16-1724.csv","329","330","330","/Volumes/FACUNDO/Rockwall fireworks/rockwall fireworks items.xlsx","Items","330","1","1","no_match","","Unknown","No sufficiently specific candidate identified in the two Dynamite catalog files."
"3WHGF7SVFDVFMRVXUCISOM7A","705108804405","","Double Dragon 6"" Artillery Shells 6 Pack","Double Dragon 6"" Artillery Shells 6 Pack","Whitespace cleaned; uncertain abbreviations retained","Unknown","6 Pack Artillery Shells 5""\, 6""","Unknown","Regular","Unknown","6"" | 6 Pack","#double-dragon-6-artillery-shells-6-pack-regular","/Volumes/FACUNDO/Rockwall fireworks/MLTX6DPJDFYX7_catalog-2026-08-16-1724.csv","330","331","331","/Volumes/FACUNDO/Rockwall fireworks/rockwall fireworks items.xlsx","Items","331","1","1","probable","","products.json[177] Double Dragon / Winda / /products/double-dragon.png","Name identifies a candidate only; manufacturer and exact presentation have not been established."
"LBTCKAS2RFQS5ZCE3YWQ2ECX","887946003315","","Double Knight Paraschutes","Double Knight Paraschutes","Whitespace cleaned; uncertain abbreviations retained","Unknown","Unknown","Unknown","Regular","Unknown","Unknown","#double-knight-paraschutes-regular","/Volumes/FACUNDO/Rockwall fireworks/MLTX6DPJDFYX7_catalog-2026-08-16-1724.csv","331","332","332","/Volumes/FACUNDO/Rockwall fireworks/rockwall fireworks items.xlsx","Items","332","1","1","no_match","","Unknown","No sufficiently specific candidate identified in the two Dynamite catalog files."
"CVUYVGDATU552XE7223KCXM7","811451015150","","Dragon Fire Fountain","Dragon Fire Fountain","Whitespace cleaned; uncertain abbreviations retained","Unknown","Fountains","Unknown","Regular","Unknown","Unknown","#dragon-fire-fountain-regular","/Volumes/FACUNDO/Rockwall fireworks/MLTX6DPJDFYX7_catalog-2026-08-16-1724.csv","332","333","333","/Volumes/FACUNDO/Rockwall fireworks/rockwall fireworks items.xlsx","Items","333","1","1","no_match","","Unknown","No sufficiently specific candidate identified in the two Dynamite catalog files."
"PQP2GSG52X57UH5U4X4ATBUH","757201220101","","Dreams From Heaven","Dreams From Heaven","Whitespace cleaned; uncertain abbreviations retained","Unknown","Unknown","Unknown","Regular","Unknown","Unknown","#dreams-from-heaven-regular","/Volumes/FACUNDO/Rockwall fireworks/MLTX6DPJDFYX7_catalog-2026-08-16-1724.csv","333","334","334","/Volumes/FACUNDO/Rockwall fireworks/rockwall fireworks items.xlsx","Items","334","1","1","no_match","","Unknown","No sufficiently specific candidate identified in the two Dynamite catalog files."
"UV4AAU7AWTUYZJHIN2BGVUDU","514677009001","","Drone","Drone","Whitespace cleaned; uncertain abbreviations retained","Unknown","Fountains","Unknown","Regular","Unknown","Unknown","#drone-regular","/Volumes/FACUNDO/Rockwall fireworks/MLTX6DPJDFYX7_catalog-2026-08-16-1724.csv","334","335","335","/Volumes/FACUNDO/Rockwall fireworks/rockwall fireworks items.xlsx","Items","335","1","1","no_match","","Unknown","No sufficiently specific candidate identified in the two Dynamite catalog files."
"EJW2WP3EQ26XQFIYAVT7XUJV","8052530020715","","Dyno Mighty Mite","Dyno Mighty Mite","Whitespace cleaned; uncertain abbreviations retained","Unknown","Unknown","Unknown","Regular","Unknown","Unknown","#dyno-mighty-mite-regular","/Volumes/FACUNDO/Rockwall fireworks/MLTX6DPJDFYX7_catalog-2026-08-16-1724.csv","335","336","336","/Volumes/FACUNDO/Rockwall fireworks/rockwall fireworks items.xlsx","Items","336","1","1","no_match","","Unknown","No sufficiently specific candidate identified in the two Dynamite catalog files."
"4JAYK7GEHVPQZLW4ANRC4HX3","757205301202","","Eagle Pride","Eagle Pride","Whitespace cleaned; uncertain abbreviations retained","Unknown","Unknown","Unknown","Regular","Unknown","Unknown","#eagle-pride-regular","/Volumes/FACUNDO/Rockwall fireworks/MLTX6DPJDFYX7_catalog-2026-08-16-1724.csv","336","337","337","/Volumes/FACUNDO/Rockwall fireworks/rockwall fireworks items.xlsx","Items","337","1","1","probable","","products.json[8] Eagle Pride / Raccoon / /products/eagle-pride.png","Name identifies a candidate only; manufacturer and exact presentation have not been established."
"EMV5KGIZEKFEZ47LERLTHHQ6","","841527120211","Echo Blast (2 sticks)","Echo Blast (2 sticks)","Whitespace cleaned; uncertain abbreviations retained","Unknown","Stick Rockets","Unknown","Regular","Unknown","2 sticks","#echo-blast-2-sticks--regular","/Volumes/FACUNDO/Rockwall fireworks/MLTX6DPJDFYX7_catalog-2026-08-16-1724.csv","337","338","338","/Volumes/FACUNDO/Rockwall fireworks/rockwall fireworks items.xlsx","Items","338","1","0","no_match","","Unknown","No sufficiently specific candidate identified in the two Dynamite catalog files."
"7PKHZPICZEFA4JUC4RVRVXGK","020165000110","","El Borracho 500 Gram","El Borracho 500 Gram","Whitespace cleaned; uncertain abbreviations retained","Unknown","500 GRAM FINALE","Unknown","Regular","Unknown","500 Gram","#el-borracho-500-gram-regular","/Volumes/FACUNDO/Rockwall fireworks/MLTX6DPJDFYX7_catalog-2026-08-16-1724.csv","338","339","339","/Volumes/FACUNDO/Rockwall fireworks/rockwall fireworks items.xlsx","Items","339","1","1","no_match","","Unknown","No sufficiently specific candidate identified in the two Dynamite catalog files."
"ADOJ2HOWLC3REE7GQSLVGOEP","680149005007","","Electric Sparklers ","Electric Sparklers","Whitespace cleaned; uncertain abbreviations retained","Unknown","Unknown","Unknown","Regular","Unknown","Unknown","#electric-sparklers--regular","/Volumes/FACUNDO/Rockwall fireworks/MLTX6DPJDFYX7_catalog-2026-08-16-1724.csv","339","340","340","/Volumes/FACUNDO/Rockwall fireworks/rockwall fireworks items.xlsx","Items","340","3","1","no_match","","Unknown","No sufficiently specific candidate identified in the two Dynamite catalog files."
"EUGR467EG6YBC7IZANAOIYUQ","680149004987","","Electric Sparklers ","Electric Sparklers","Whitespace cleaned; uncertain abbreviations retained","Unknown","Unknown","Unknown","Electric Sparklers BOGO","Electric Sparklers BOGO","Unknown","#electric-sparklers--electric-sparklers-bogo","/Volumes/FACUNDO/Rockwall fireworks/MLTX6DPJDFYX7_catalog-2026-08-16-1724.csv","340","341","341","/Volumes/FACUNDO/Rockwall fireworks/rockwall fireworks items.xlsx","Items","341","3","1","no_match","","Unknown","No sufficiently specific candidate identified in the two Dynamite catalog files."
"55MZDC6656ZFQBJ72GZUVDHL","680149004994","","Electric Sparklers ","Electric Sparklers","Whitespace cleaned; uncertain abbreviations retained","Unknown","Unknown","Unknown","Electric Sparklers","Electric Sparklers","Unknown","#electric-sparklers--electric-sparklers","/Volumes/FACUNDO/Rockwall fireworks/MLTX6DPJDFYX7_catalog-2026-08-16-1724.csv","341","342","342","/Volumes/FACUNDO/Rockwall fireworks/rockwall fireworks items.xlsx","Items","342","3","1","no_match","","Unknown","No sufficiently specific candidate identified in the two Dynamite catalog files."
"HMEMTGD4XOIEVVLSFIF3T662","849107066058","","Emoji Sparklers","Emoji Sparklers","Whitespace cleaned; uncertain abbreviations retained","Unknown","Unknown","Unknown","Regular","Unknown","Unknown","#emoji-sparklers-regular","/Volumes/FACUNDO/Rockwall fireworks/MLTX6DPJDFYX7_catalog-2026-08-16-1724.csv","342","343","343","/Volumes/FACUNDO/Rockwall fireworks/rockwall fireworks items.xlsx","Items","343","1","1","no_match","","Unknown","No sufficiently specific candidate identified in the two Dynamite catalog files."
"VYONZ7ZLNL2R6YKAJHXVZMXS","757201545082","","Evil Temptation","Evil Temptation","Whitespace cleaned; uncertain abbreviations retained","Unknown","Unknown","Unknown","Regular","Unknown","Unknown","#evil-temptation-regular","/Volumes/FACUNDO/Rockwall fireworks/MLTX6DPJDFYX7_catalog-2026-08-16-1724.csv","343","344","344","/Volumes/FACUNDO/Rockwall fireworks/rockwall fireworks items.xlsx","Items","344","1","1","no_match","","Unknown","No sufficiently specific candidate identified in the two Dynamite catalog files."
"KLAC5WRPOD32YE2RHQYR5D5T","8052530140116","","Excalibur 4""Artillery Shells 24 Pack","Excalibur 4""Artillery Shells 24 Pack","Whitespace cleaned; uncertain abbreviations retained","Unknown","24 Pack Artillery Shells 4""","Unknown","Regular","Unknown","4"" | 24 Pack","#excalibur-4-artillery-shells-24-pack-regular","/Volumes/FACUNDO/Rockwall fireworks/MLTX6DPJDFYX7_catalog-2026-08-16-1724.csv","344","345","345","/Volumes/FACUNDO/Rockwall fireworks/rockwall fireworks items.xlsx","Items","345","1","1","no_match","","Unknown","No sufficiently specific candidate identified in the two Dynamite catalog files."
"374DOYWQNPU2ZPQDA4RXLATG","","805253357013","Excalibur Platinum","Excalibur Platinum","Whitespace cleaned; uncertain abbreviations retained","Unknown","Unknown","Unknown","Regular","Unknown","Unknown","#excalibur-platinum-regular","/Volumes/FACUNDO/Rockwall fireworks/MLTX6DPJDFYX7_catalog-2026-08-16-1724.csv","345","346","346","/Volumes/FACUNDO/Rockwall fireworks/rockwall fireworks items.xlsx","Items","346","1","0","no_match","","Unknown","No sufficiently specific candidate identified in the two Dynamite catalog files."
"CN2UGPN7G32ABKP2HR4VE56Y","705108320714","","Explosso","Explosso","Whitespace cleaned; uncertain abbreviations retained","Unknown","Unknown","Unknown","Regular","Unknown","Unknown","#explosso-regular","/Volumes/FACUNDO/Rockwall fireworks/MLTX6DPJDFYX7_catalog-2026-08-16-1724.csv","346","347","347","/Volumes/FACUNDO/Rockwall fireworks/rockwall fireworks items.xlsx","Items","347","4","1","no_match","","Unknown","No sufficiently specific candidate identified in the two Dynamite catalog files."
"RRTRFIN5QPPFPDBBV7CIJF7C","705108320721","","Explosso","Explosso","Whitespace cleaned; uncertain abbreviations retained","Unknown","Unknown","Unknown","Banguccino","Banguccino","Unknown","#explosso-banguccino","/Volumes/FACUNDO/Rockwall fireworks/MLTX6DPJDFYX7_catalog-2026-08-16-1724.csv","347","348","348","/Volumes/FACUNDO/Rockwall fireworks/rockwall fireworks items.xlsx","Items","348","4","1","no_match","","Unknown","No sufficiently specific candidate identified in the two Dynamite catalog files."
"KVCMEBUSBBC2K6IEAVWCFPMM","705108320738","","Explosso","Explosso","Whitespace cleaned; uncertain abbreviations retained","Unknown","Unknown","Unknown","Boomcha","Boomcha","Unknown","#explosso-boomcha","/Volumes/FACUNDO/Rockwall fireworks/MLTX6DPJDFYX7_catalog-2026-08-16-1724.csv","348","349","349","/Volumes/FACUNDO/Rockwall fireworks/rockwall fireworks items.xlsx","Items","349","4","1","no_match","","Unknown","No sufficiently specific candidate identified in the two Dynamite catalog files."
"PY2S2TC72LQ7GCOBSZAKSH2I","705108320745","","Explosso","Explosso","Whitespace cleaned; uncertain abbreviations retained","Unknown","Unknown","Unknown","Explosso","Explosso","Unknown","#explosso-explosso","/Volumes/FACUNDO/Rockwall fireworks/MLTX6DPJDFYX7_catalog-2026-08-16-1724.csv","349","350","350","/Volumes/FACUNDO/Rockwall fireworks/rockwall fireworks items.xlsx","Items","350","4","1","no_match","","Unknown","No sufficiently specific candidate identified in the two Dynamite catalog files."
"UF6JHMTYDKFORDNS4HWDVFKD","715244000289","","Extra Large Missile Strike Force","Extra Large Missile Strike Force","Whitespace cleaned; uncertain abbreviations retained","Unknown","Unknown","Unknown","Regular","Unknown","Unknown","#extra-large-missile-strike-force-regular","/Volumes/FACUNDO/Rockwall fireworks/MLTX6DPJDFYX7_catalog-2026-08-16-1724.csv","350","351","351","/Volumes/FACUNDO/Rockwall fireworks/rockwall fireworks items.xlsx","Items","351","1","1","no_match","","Unknown","No sufficiently specific candidate identified in the two Dynamite catalog files."
"2OR3O44WVF5KVALIHJFA3LOR","725272730737","","Extra Small Missile BOGO","Extra Small Missile","Whitespace cleaned; historical BOGO marker removed from display name only","Unknown","Unknown","Unknown","Regular","Unknown","Unknown","#extra-small-missile-bogo-regular","/Volumes/FACUNDO/Rockwall fireworks/MLTX6DPJDFYX7_catalog-2026-08-16-1724.csv","351","352","352","/Volumes/FACUNDO/Rockwall fireworks/rockwall fireworks items.xlsx","Items","352","1","1","no_match","","Unknown","No sufficiently specific candidate identified in the two Dynamite catalog files."
"TZ7NZC3KAQMF42QI6KKDPPCB","","687985431519","Fairies in a Jar","Fairies in a Jar","Whitespace cleaned; uncertain abbreviations retained","Unknown","Fountains","Unknown","Regular","Unknown","Unknown","#fairies-in-a-jar-regular","/Volumes/FACUNDO/Rockwall fireworks/MLTX6DPJDFYX7_catalog-2026-08-16-1724.csv","352","353","353","/Volumes/FACUNDO/Rockwall fireworks/rockwall fireworks items.xlsx","Items","353","1","0","no_match","","Unknown","No sufficiently specific candidate identified in the two Dynamite catalog files."
"Y6HDHYHSC4SVETG4GORA6KKQ","514677060231","","Fallout 24 Shot","Fallout 24 Shot","Whitespace cleaned; uncertain abbreviations retained","Unknown","Unknown","Unknown","Regular","Unknown","24 Shot","#fallout-24-shot-regular","/Volumes/FACUNDO/Rockwall fireworks/MLTX6DPJDFYX7_catalog-2026-08-16-1724.csv","353","354","354","/Volumes/FACUNDO/Rockwall fireworks/rockwall fireworks items.xlsx","Items","354","1","1","no_match","","Unknown","No sufficiently specific candidate identified in the two Dynamite catalog files."
"IR3A4AZBTWTPF7MKEZLRKQLH","805253331518","","Family Truckster","Family Truckster","Whitespace cleaned; uncertain abbreviations retained","Unknown","Unknown","Unknown","Regular","Unknown","Unknown","#family-truckster-regular","/Volumes/FACUNDO/Rockwall fireworks/MLTX6DPJDFYX7_catalog-2026-08-16-1724.csv","354","355","355","/Volumes/FACUNDO/Rockwall fireworks/rockwall fireworks items.xlsx","Items","355","1","1","no_match","","Unknown","No sufficiently specific candidate identified in the two Dynamite catalog files."
"34WO5SSWVN4FZCU64IKAKXIY","887946003421","","Fantastic Thunder","Fantastic Thunder","Whitespace cleaned; uncertain abbreviations retained","Unknown","Unknown","Unknown","Regular","Unknown","Unknown","#fantastic-thunder-regular","/Volumes/FACUNDO/Rockwall fireworks/MLTX6DPJDFYX7_catalog-2026-08-16-1724.csv","355","356","356","/Volumes/FACUNDO/Rockwall fireworks/rockwall fireworks items.xlsx","Items","356","1","1","no_match","","Unknown","No sufficiently specific candidate identified in the two Dynamite catalog files."
"BRFA4UPVQ2UAQ6NV4GZ4EMPG","8145270211519","","Feel The Pain 200 Gram 16 Shot","Feel The Pain 200 Gram 16 Shot","Whitespace cleaned; uncertain abbreviations retained","Unknown","Unknown","Unknown","Regular","Unknown","200 Gram | 16 Shot","#feel-the-pain-200-gram-16-shot-regular","/Volumes/FACUNDO/Rockwall fireworks/MLTX6DPJDFYX7_catalog-2026-08-16-1724.csv","356","357","357","/Volumes/FACUNDO/Rockwall fireworks/rockwall fireworks items.xlsx","Items","357","1","1","no_match","","Unknown","No sufficiently specific candidate identified in the two Dynamite catalog files."
"TMKBXI7CUM5H2JOPFUNNWEJM","805253414211","","Festival Balls (Boomer 6 pcs) (Blue Box)","Festival Balls (Boomer 6 pcs) (Blue Box)","Whitespace cleaned; uncertain abbreviations retained","Boomer","Artillery/Festival Balls","Unknown","Regular","Unknown","6 pcs","#festival-balls-boomer-6-pcs-blue-box--regular","/Volumes/FACUNDO/Rockwall fireworks/MLTX6DPJDFYX7_catalog-2026-08-16-1724.csv","357","358","358","/Volumes/FACUNDO/Rockwall fireworks/rockwall fireworks items.xlsx","Items","358","1","1","probable","","products.json[65] Festival Balls / Monkey Mania / /products/festival-balls.png","Festival Balls variants have different named brands/box colors. Monkey Mania yellow-box assets do not establish identity of this variant."
"TGZ6I3LK5MKTW6422R4E6QJL","805253335219","","Festival Balls (Boomer 6 pcs) (Red/Black Box)","Festival Balls (Boomer 6 pcs) (Red/Black Box)","Whitespace cleaned; uncertain abbreviations retained","Boomer","Artillery/Festival Balls","Unknown","Regular","Unknown","6 pcs","#festival-balls-boomer-6-pcs-red-black-box--regular","/Volumes/FACUNDO/Rockwall fireworks/MLTX6DPJDFYX7_catalog-2026-08-16-1724.csv","358","359","359","/Volumes/FACUNDO/Rockwall fireworks/rockwall fireworks items.xlsx","Items","359","1","1","probable","","products.json[65] Festival Balls / Monkey Mania / /products/festival-balls.png","Festival Balls variants have different named brands/box colors. Monkey Mania yellow-box assets do not establish identity of this variant."
"BFEN6Q4PLHJEBALNWMHA4CCY","757201000086","","Festival Balls (MM 6 pcs) (Yellow Box)","Festival Balls","Reviewed commercial name; specifications retained separately","Monkey Mania","Artillery/Festival Balls","Reloadables","Regular","6-piece pack · yellow box","6 pcs","#festival-balls-mm-6-pcs-yellow-box--regular","/Volumes/FACUNDO/Rockwall fireworks/MLTX6DPJDFYX7_catalog-2026-08-16-1724.csv","359","360","360","/Volumes/FACUNDO/Rockwall fireworks/rockwall fireworks items.xlsx","Items","360","1","1","confirmed","festival-balls-reloadable","products.json[65] Festival Balls / Monkey Mania / /products/festival-balls.png","Square explicitly distinguishes MM, 6 pieces and yellow box; source Monkey Mania yellow packaging matches the approved Rockwall image. Other Festival Balls variants remain separate."
"I3H4AEXZ4NK55UI7K7BX3RKD","805253414228","","Festival Balls (WC 6 pcs) (Black Box)","Festival Balls (WC 6 pcs) (Black Box)","Whitespace cleaned; uncertain abbreviations retained","Unknown","Artillery/Festival Balls","Unknown","Regular","Unknown","6 pcs","#festival-balls-wc-6-pcs-black-box--regular","/Volumes/FACUNDO/Rockwall fireworks/MLTX6DPJDFYX7_catalog-2026-08-16-1724.csv","360","361","361","/Volumes/FACUNDO/Rockwall fireworks/rockwall fireworks items.xlsx","Items","361","1","1","probable","","products.json[65] Festival Balls / Monkey Mania / /products/festival-balls.png","Festival Balls variants have different named brands/box colors. Monkey Mania yellow-box assets do not establish identity of this variant."
"UHU3VWJJGHU7PL66542PKXTI","","715244022472","Festival Fountain Black Cat. Quiet","Festival Fountain Black Cat. Quiet","Whitespace cleaned; uncertain abbreviations retained","Black Cat","Fountains","Unknown","Regular","Unknown","Unknown","#festival-fountain-black-cat-quiet-regular","/Volumes/FACUNDO/Rockwall fireworks/MLTX6DPJDFYX7_catalog-2026-08-16-1724.csv","361","362","362","/Volumes/FACUNDO/Rockwall fireworks/rockwall fireworks items.xlsx","Items","362","1","0","no_match","","Unknown","No sufficiently specific candidate identified in the two Dynamite catalog files."
"IS6N3O5MBWG3G2ME7EQNMUQY","705108501168","","Fine Roulette","Fine Roulette","Whitespace cleaned; uncertain abbreviations retained","Unknown","Fountains","Unknown","Regular","Unknown","Unknown","#fine-roulette-regular","/Volumes/FACUNDO/Rockwall fireworks/MLTX6DPJDFYX7_catalog-2026-08-16-1724.csv","362","363","363","/Volumes/FACUNDO/Rockwall fireworks/rockwall fireworks items.xlsx","Items","363","1","1","no_match","","Unknown","No sufficiently specific candidate identified in the two Dynamite catalog files."
"ZILATYDCQAN5YQBBPDI23N4E","8145270162415","","Firearm 60 Gram 12 Pk","Firearm 60 Gram 12 Pk","Whitespace cleaned; uncertain abbreviations retained","Unknown","Unknown","Unknown","Regular","Unknown","60 Gram","#firearm-60-gram-12-pk-regular","/Volumes/FACUNDO/Rockwall fireworks/MLTX6DPJDFYX7_catalog-2026-08-16-1724.csv","363","364","364","/Volumes/FACUNDO/Rockwall fireworks/rockwall fireworks items.xlsx","Items","364","1","1","no_match","","Unknown","No sufficiently specific candidate identified in the two Dynamite catalog files."
"VKYRGSZNC6YMZXDE4NAH6CPI","680149044402","","Fireblade","Fireblade","Whitespace cleaned; uncertain abbreviations retained","Unknown","Unknown","Unknown","Regular","Unknown","Unknown","#fireblade-regular","/Volumes/FACUNDO/Rockwall fireworks/MLTX6DPJDFYX7_catalog-2026-08-16-1724.csv","364","365","365","/Volumes/FACUNDO/Rockwall fireworks/rockwall fireworks items.xlsx","Items","365","1","1","no_match","","Unknown","No sufficiently specific candidate identified in the two Dynamite catalog files."
"RQ33PWJDSRI4ZK4AMNMTR5EQ","705834260131","","Firefly 4pk","Firefly 4pk","Whitespace cleaned; uncertain abbreviations retained","Unknown","Unknown","Unknown","Regular","Unknown","Unknown","#firefly-4pk-regular","/Volumes/FACUNDO/Rockwall fireworks/MLTX6DPJDFYX7_catalog-2026-08-16-1724.csv","365","366","366","/Volumes/FACUNDO/Rockwall fireworks/rockwall fireworks items.xlsx","Items","366","1","1","no_match","","Unknown","No sufficiently specific candidate identified in the two Dynamite catalog files."
"UDPVVR2V6NSN2WD4JZAKTJSO","378001200027","","Fireworks Surprise Family Pack","Fireworks Surprise Family Pack","Whitespace cleaned; uncertain abbreviations retained","Unknown","Family Pack Assortments","Unknown","Regular","Unknown","Unknown","#fireworks-surprise-family-pack-regular","/Volumes/FACUNDO/Rockwall fireworks/MLTX6DPJDFYX7_catalog-2026-08-16-1724.csv","366","367","367","/Volumes/FACUNDO/Rockwall fireworks/rockwall fireworks items.xlsx","Items","367","1","1","no_match","","Unknown","No sufficiently specific candidate identified in the two Dynamite catalog files."
"7ESPDX7VV2UTIDYELFY6DLBY","100000208717","","Flag Missile","Flag Missile","Whitespace cleaned; uncertain abbreviations retained","Unknown","Unknown","Unknown","Regular","Unknown","Unknown","#flag-missile-regular","/Volumes/FACUNDO/Rockwall fireworks/MLTX6DPJDFYX7_catalog-2026-08-16-1724.csv","367","368","368","/Volumes/FACUNDO/Rockwall fireworks/rockwall fireworks items.xlsx","Items","368","1","1","no_match","","Unknown","No sufficiently specific candidate identified in the two Dynamite catalog files."
"TCSRFBWF6NWLUY3OTAFYOKXD","687985910601","","Flash Flood","Flash Flood","Whitespace cleaned; uncertain abbreviations retained","Unknown","Unknown","Unknown","Regular","Unknown","Unknown","#flash-flood-regular","/Volumes/FACUNDO/Rockwall fireworks/MLTX6DPJDFYX7_catalog-2026-08-16-1724.csv","368","369","369","/Volumes/FACUNDO/Rockwall fireworks/rockwall fireworks items.xlsx","Items","369","1","1","no_match","","Unknown","No sufficiently specific candidate identified in the two Dynamite catalog files."
"3JVV4TVKAANYSUX3UJ6L745V","887946050043","","Flashing Strobe 6pc BOGO","Flashing Strobe 6pc","Whitespace cleaned; historical BOGO marker removed from display name only","Unknown","Unknown","Unknown","Regular","Unknown","6pc","#flashing-strobe-6pc-bogo-regular","/Volumes/FACUNDO/Rockwall fireworks/MLTX6DPJDFYX7_catalog-2026-08-16-1724.csv","369","370","370","/Volumes/FACUNDO/Rockwall fireworks/rockwall fireworks items.xlsx","Items","370","1","1","no_match","","Unknown","No sufficiently specific candidate identified in the two Dynamite catalog files."
"LCIBT3AGJHZW4U3DKXCPZC7Q","910006681229","","Flashing Strobes Bogo","Flashing Strobes","Whitespace cleaned; historical BOGO marker removed from display name only","Unknown","Unknown","Unknown","Regular","Unknown","Unknown","#flashing-strobes-bogo-regular","/Volumes/FACUNDO/Rockwall fireworks/MLTX6DPJDFYX7_catalog-2026-08-16-1724.csv","370","371","371","/Volumes/FACUNDO/Rockwall fireworks/rockwall fireworks items.xlsx","Items","371","1","1","no_match","","Unknown","No sufficiently specific candidate identified in the two Dynamite catalog files."
"NKVGAJ4J2IE4Q36QIMNWDHPG","757201324090","","Flawless","Flawless","Whitespace cleaned; uncertain abbreviations retained","Unknown","Unknown","Unknown","Regular","Unknown","Unknown","#flawless-regular","/Volumes/FACUNDO/Rockwall fireworks/MLTX6DPJDFYX7_catalog-2026-08-16-1724.csv","371","372","372","/Volumes/FACUNDO/Rockwall fireworks/rockwall fireworks items.xlsx","Items","372","2","1","no_match","","Unknown","No sufficiently specific candidate identified in the two Dynamite catalog files."
"HSEE2QQE4BB7PJCN7CVTHR7V","","","Flawless","Flawless","Whitespace cleaned; uncertain abbreviations retained","Unknown","Unknown","Unknown","Regular","Unknown","Unknown","#flawless-1-regular","/Volumes/FACUNDO/Rockwall fireworks/MLTX6DPJDFYX7_catalog-2026-08-16-1724.csv","372","373","373","/Volumes/FACUNDO/Rockwall fireworks/rockwall fireworks items.xlsx","Items","373","2","0","no_match","","Unknown","No sufficiently specific candidate identified in the two Dynamite catalog files."
"BOYNUSWD2BEPCMM7CBZR3EJT","887946070355","","Flying Eagle Rocket 4pk","Flying Eagle Rocket 4pk","Whitespace cleaned; uncertain abbreviations retained","Unknown","Unknown","Unknown","Regular","Unknown","Unknown","#flying-eagle-rocket-4pk-regular","/Volumes/FACUNDO/Rockwall fireworks/MLTX6DPJDFYX7_catalog-2026-08-16-1724.csv","373","374","374","/Volumes/FACUNDO/Rockwall fireworks/rockwall fireworks items.xlsx","Items","374","1","1","no_match","","Unknown","No sufficiently specific candidate identified in the two Dynamite catalog files."
"6HTTDB3PZXERBXUHKFQRZ4JS","757202282016","","Flying Pig Rocket (5 sticks)","Flying Pig Rocket (5 sticks)","Whitespace cleaned; uncertain abbreviations retained","Unknown","Stick Rockets","Unknown","Regular","Unknown","5 sticks","#flying-pig-rocket-5-sticks--regular","/Volumes/FACUNDO/Rockwall fireworks/MLTX6DPJDFYX7_catalog-2026-08-16-1724.csv","374","375","375","/Volumes/FACUNDO/Rockwall fireworks/rockwall fireworks items.xlsx","Items","375","1","1","no_match","","Unknown","No sufficiently specific candidate identified in the two Dynamite catalog files."
"HGJJOE2YBJUPNO4R4QHDI7HR","887946030076","","Flying Pigs","Flying Pigs","Whitespace cleaned; uncertain abbreviations retained","Unknown","Unknown","Unknown","Regular","Unknown","Unknown","#flying-pigs-regular","/Volumes/FACUNDO/Rockwall fireworks/MLTX6DPJDFYX7_catalog-2026-08-16-1724.csv","375","376","376","/Volumes/FACUNDO/Rockwall fireworks/rockwall fireworks items.xlsx","Items","376","1","1","no_match","","Unknown","No sufficiently specific candidate identified in the two Dynamite catalog files."
"JCFBXIVT7KKBZBIRXVNJJBK7","705108001705","","Flying Space Family Assortment","Flying Space Family Assortment","Whitespace cleaned; uncertain abbreviations retained","Unknown","Family Pack Assortments","Unknown","Regular","Unknown","Unknown","#flying-space-family-assortment-regular","/Volumes/FACUNDO/Rockwall fireworks/MLTX6DPJDFYX7_catalog-2026-08-16-1724.csv","376","377","377","/Volumes/FACUNDO/Rockwall fireworks/rockwall fireworks items.xlsx","Items","377","1","1","no_match","","Unknown","No sufficiently specific candidate identified in the two Dynamite catalog files."
"CJ2BJYYYYUHQBERYD7AKM6GE","805253411715","","Football Fountain","Football Fountain","Whitespace cleaned; uncertain abbreviations retained","Unknown","Fountains","Unknown","Regular","Unknown","Unknown","#football-fountain-regular","/Volumes/FACUNDO/Rockwall fireworks/MLTX6DPJDFYX7_catalog-2026-08-16-1724.csv","377","378","378","/Volumes/FACUNDO/Rockwall fireworks/rockwall fireworks items.xlsx","Items","378","1","1","no_match","","Unknown","No sufficiently specific candidate identified in the two Dynamite catalog files."
"ERZ4KRTZQCD4FRIINSYC7KN6","","702367266043","Forever Loyal Pyro Shine 500 Gram","Forever Loyal Pyro Shine 500 Gram","Whitespace cleaned; uncertain abbreviations retained","Unknown","500 GRAM FINALE","Unknown","Regular","Unknown","500 Gram","#forever-loyal-pyro-shine-500-gram-regular","/Volumes/FACUNDO/Rockwall fireworks/MLTX6DPJDFYX7_catalog-2026-08-16-1724.csv","378","379","379","/Volumes/FACUNDO/Rockwall fireworks/rockwall fireworks items.xlsx","Items","379","1","0","no_match","","Unknown","No sufficiently specific candidate identified in the two Dynamite catalog files."
"CNXT2D6OUM7V6HXR6EQMLK6S","753321711314","","Four Elements 500 Gram Super Pack","Four Elements 500 Gram Super Pack","Whitespace cleaned; uncertain abbreviations retained","Unknown","Unknown","Unknown","Regular","Unknown","500 Gram","#four-elements-500-gram-super-pack-regular","/Volumes/FACUNDO/Rockwall fireworks/MLTX6DPJDFYX7_catalog-2026-08-16-1724.csv","379","380","380","/Volumes/FACUNDO/Rockwall fireworks/rockwall fireworks items.xlsx","Items","380","1","1","no_match","","Unknown","No sufficiently specific candidate identified in the two Dynamite catalog files."
"CNCE4EH5EQ2E7NTTNIHKLLS2","887946061575","","Four Elements Roman Candles 4 Pk","Four Elements Roman Candles 4 Pk","Whitespace cleaned; uncertain abbreviations retained","Unknown","Roman Candles","Unknown","Regular","Unknown","Unknown","#four-elements-roman-candles-4-pk-regular","/Volumes/FACUNDO/Rockwall fireworks/MLTX6DPJDFYX7_catalog-2026-08-16-1724.csv","380","381","381","/Volumes/FACUNDO/Rockwall fireworks/rockwall fireworks items.xlsx","Items","381","1","1","no_match","","Unknown","No sufficiently specific candidate identified in the two Dynamite catalog files."
"6GJMN5YEHLOMWFVG65L7N7HO","757202300048","","Freedom Anthem Assortment","Freedom Anthem Assortment","Whitespace cleaned; uncertain abbreviations retained","Unknown","Family Pack Assortments","Unknown","Regular","Unknown","Unknown","#freedom-anthem-assortment-regular","/Volumes/FACUNDO/Rockwall fireworks/MLTX6DPJDFYX7_catalog-2026-08-16-1724.csv","381","382","382","/Volumes/FACUNDO/Rockwall fireworks/rockwall fireworks items.xlsx","Items","382","1","1","no_match","","Unknown","No sufficiently specific candidate identified in the two Dynamite catalog files."
"RRQV3GPTRLIF6GJLHNKYENES","","841527121102","Freedom Cry","Freedom Cry","Whitespace cleaned; uncertain abbreviations retained","Unknown","Unknown","Unknown","Regular","Unknown","Unknown","#freedom-cry-regular","/Volumes/FACUNDO/Rockwall fireworks/MLTX6DPJDFYX7_catalog-2026-08-16-1724.csv","382","383","383","/Volumes/FACUNDO/Rockwall fireworks/rockwall fireworks items.xlsx","Items","383","1","0","no_match","","Unknown","No sufficiently specific candidate identified in the two Dynamite catalog files."
"KWOSSYTOXFESYUAUTGWTLWLT","687985962815","","Freedom Rains 500g","Freedom Rains 500g","Whitespace cleaned; uncertain abbreviations retained","Unknown","Unknown","Unknown","Regular","Unknown","500g","#freedom-rains-500g-regular","/Volumes/FACUNDO/Rockwall fireworks/MLTX6DPJDFYX7_catalog-2026-08-16-1724.csv","383","384","384","/Volumes/FACUNDO/Rockwall fireworks/rockwall fireworks items.xlsx","Items","384","1","1","no_match","","Unknown","No sufficiently specific candidate identified in the two Dynamite catalog files."
"WWNDBKUC4HP2HKKAY2MIMAD6","757201530668","","Freedom Rider 500 Gram","Freedom Rider 500 Gram","Whitespace cleaned; uncertain abbreviations retained","Unknown","500 GRAM FINALE","Unknown","Regular","Unknown","500 Gram","#freedom-rider-500-gram-regular","/Volumes/FACUNDO/Rockwall fireworks/MLTX6DPJDFYX7_catalog-2026-08-16-1724.csv","384","385","385","/Volumes/FACUNDO/Rockwall fireworks/rockwall fireworks items.xlsx","Items","385","1","1","no_match","","Unknown","No sufficiently specific candidate identified in the two Dynamite catalog files."
"2CYKZ3ADBOY7HQ3VRW2OTG76","705108603602","","Freedom Wings BOGO Fountain","Freedom Wings Fountain","Whitespace cleaned; historical BOGO marker removed from display name only","Unknown","Fountains","Unknown","Regular","Unknown","Unknown","#freedom-wings-bogo-fountain-regular","/Volumes/FACUNDO/Rockwall fireworks/MLTX6DPJDFYX7_catalog-2026-08-16-1724.csv","385","386","386","/Volumes/FACUNDO/Rockwall fireworks/rockwall fireworks items.xlsx","Items","386","1","1","no_match","","Unknown","No sufficiently specific candidate identified in the two Dynamite catalog files."
"BFHMO3VUSQUO2NEIBI67VEFL","757202118018","","Frog Bomb Fountain","Frog Bomb Fountain","Whitespace cleaned; uncertain abbreviations retained","Unknown","Fountains","Unknown","Regular","Unknown","Unknown","#frog-bomb-fountain-regular","/Volumes/FACUNDO/Rockwall fireworks/MLTX6DPJDFYX7_catalog-2026-08-16-1724.csv","386","387","387","/Volumes/FACUNDO/Rockwall fireworks/rockwall fireworks items.xlsx","Items","387","1","1","no_match","","Unknown","No sufficiently specific candidate identified in the two Dynamite catalog files."
"U236CCVWLTC54IK2KKOI7ELU","821600011148","","Frog Princess Fountain","Frog Princess Fountain","Whitespace cleaned; uncertain abbreviations retained","Unknown","Fountains","Unknown","Regular","Unknown","Unknown","#frog-princess-fountain-regular","/Volumes/FACUNDO/Rockwall fireworks/MLTX6DPJDFYX7_catalog-2026-08-16-1724.csv","387","388","388","/Volumes/FACUNDO/Rockwall fireworks/rockwall fireworks items.xlsx","Items","388","1","1","no_match","","Unknown","No sufficiently specific candidate identified in the two Dynamite catalog files."
"X4CPHPCI2B7MPNSZXV7FBZGG","757205301783","","Fruit Of The Boom 500 Gram","Fruit Of The Boom 500 Gram","Whitespace cleaned; uncertain abbreviations retained","Unknown","500 GRAM FINALE","Unknown","Regular","Unknown","500 Gram","#fruit-of-the-boom-500-gram-regular","/Volumes/FACUNDO/Rockwall fireworks/MLTX6DPJDFYX7_catalog-2026-08-16-1724.csv","388","389","389","/Volumes/FACUNDO/Rockwall fireworks/rockwall fireworks items.xlsx","Items","389","1","1","no_match","","Unknown","No sufficiently specific candidate identified in the two Dynamite catalog files."
"7EQHCPTRPGKCHMZ72HTQHAWQ","715244065370","","Fuego Loco 200G","Fuego Loco 200G","Whitespace cleaned; uncertain abbreviations retained","Unknown","Unknown","Unknown","Regular","Unknown","200G","#fuego-loco-200g-regular","/Volumes/FACUNDO/Rockwall fireworks/MLTX6DPJDFYX7_catalog-2026-08-16-1724.csv","389","390","390","/Volumes/FACUNDO/Rockwall fireworks/rockwall fireworks items.xlsx","Items","390","1","1","no_match","","Unknown","No sufficiently specific candidate identified in the two Dynamite catalog files."
"33MRBL6PIMW3VFZZO24AOADU","687985911301","","Full Speed Firework 7 Inch","Full Speed Firework 7 Inch","Whitespace cleaned; uncertain abbreviations retained","Unknown","Unknown","Unknown","Regular","Unknown","7 Inch","#full-speed-firework-7-inch-regular","/Volumes/FACUNDO/Rockwall fireworks/MLTX6DPJDFYX7_catalog-2026-08-16-1724.csv","390","391","391","/Volumes/FACUNDO/Rockwall fireworks/rockwall fireworks items.xlsx","Items","391","1","1","no_match","","Unknown","No sufficiently specific candidate identified in the two Dynamite catalog files."
"XLIUBKNNYOS7BPGUJMKEB7JA","705108519101","","Fun Fuel","Fun Fuel","Whitespace cleaned; uncertain abbreviations retained","Unknown","Unknown","Unknown","Regular","Unknown","Unknown","#fun-fuel-regular","/Volumes/FACUNDO/Rockwall fireworks/MLTX6DPJDFYX7_catalog-2026-08-16-1724.csv","391","392","392","/Volumes/FACUNDO/Rockwall fireworks/rockwall fireworks items.xlsx","Items","392","1","1","probable","","products.json[155] Fun Fuel / Winda / /products/fun-fuel.png","Name identifies a candidate only; manufacturer and exact presentation have not been established."
"K3H3HRKD5KBBRG7WLWHLONDC","821600000029","","Fun Pack","Fun Pack","Whitespace cleaned; uncertain abbreviations retained","Unknown","Unknown","Unknown","Regular","Unknown","Unknown","#fun-pack-regular","/Volumes/FACUNDO/Rockwall fireworks/MLTX6DPJDFYX7_catalog-2026-08-16-1724.csv","392","393","393","/Volumes/FACUNDO/Rockwall fireworks/rockwall fireworks items.xlsx","Items","393","1","1","no_match","","Unknown","No sufficiently specific candidate identified in the two Dynamite catalog files."
"K5FE2H4ORK6DTFKGEUMC253Y","850025775625","","Fuse","Fuse","Whitespace cleaned; uncertain abbreviations retained","Unknown","Unknown","Unknown","Regular","Unknown","Unknown","#fuse-regular","/Volumes/FACUNDO/Rockwall fireworks/MLTX6DPJDFYX7_catalog-2026-08-16-1724.csv","393","394","394","/Volumes/FACUNDO/Rockwall fireworks/rockwall fireworks items.xlsx","Items","394","3","1","no_match","","Unknown","No sufficiently specific candidate identified in the two Dynamite catalog files."
"LGUVGBZLCTN44YCLZPEKROBM","850025775724","","Fuse","Fuse","Whitespace cleaned; uncertain abbreviations retained","Unknown","Unknown","Unknown","Regular","Unknown","Unknown","#fuse-1-regular","/Volumes/FACUNDO/Rockwall fireworks/MLTX6DPJDFYX7_catalog-2026-08-16-1724.csv","394","395","395","/Volumes/FACUNDO/Rockwall fireworks/rockwall fireworks items.xlsx","Items","395","3","1","no_match","","Unknown","No sufficiently specific candidate identified in the two Dynamite catalog files."
"PX65NALOBYGQEFQA55IKEDJ7","850025775823","","Fuse","Fuse","Whitespace cleaned; uncertain abbreviations retained","Unknown","Unknown","Unknown","Regular","Unknown","Unknown","#fuse-2-regular","/Volumes/FACUNDO/Rockwall fireworks/MLTX6DPJDFYX7_catalog-2026-08-16-1724.csv","395","396","396","/Volumes/FACUNDO/Rockwall fireworks/rockwall fireworks items.xlsx","Items","396","3","1","no_match","","Unknown","No sufficiently specific candidate identified in the two Dynamite catalog files."
"TNVALDFGTARHACENIREHIXAS","757201712019","","Futurama (12 pcs)","Futurama (12 pcs)","Whitespace cleaned; uncertain abbreviations retained","Raccoon","Artillery/Festival Balls","Unknown","Regular","12-piece pack","12 pcs","#futurama-12-pcs--regular","/Volumes/FACUNDO/Rockwall fireworks/MLTX6DPJDFYX7_catalog-2026-08-16-1724.csv","396","397","397","/Volumes/FACUNDO/Rockwall fireworks/rockwall fireworks items.xlsx","Items","397","1","1","existing_rockwall","futurama-artillery","Unknown","Approved Rockwall package says Futurama Artillery, Raccoon, 12 shells; Square specifies Futurama 12pcs."
"N6OTOY4DNT3WRUBLSUR5YSC7","705108803101","","G Force 4"" Artillery Shells 24 Pack","G Force 4"" Artillery Shells 24 Pack","Whitespace cleaned; uncertain abbreviations retained","Unknown","24 Pack Artillery Shells 4""","Unknown","Regular","Unknown","4"" | 24 Pack","#g-force-4-artillery-shells-24-pack-regular","/Volumes/FACUNDO/Rockwall fireworks/MLTX6DPJDFYX7_catalog-2026-08-16-1724.csv","397","398","398","/Volumes/FACUNDO/Rockwall fireworks/rockwall fireworks items.xlsx","Items","398","1","1","no_match","","Unknown","No sufficiently specific candidate identified in the two Dynamite catalog files."
"R4GQVTO4EUT5C4LHMA44BP2K","757205301264","","Galactic Empire","Galactic Empire","Whitespace cleaned; uncertain abbreviations retained","Unknown","Unknown","Unknown","Regular","Unknown","Unknown","#galactic-empire-regular","/Volumes/FACUNDO/Rockwall fireworks/MLTX6DPJDFYX7_catalog-2026-08-16-1724.csv","398","399","399","/Volumes/FACUNDO/Rockwall fireworks/rockwall fireworks items.xlsx","Items","399","1","1","no_match","","Unknown","No sufficiently specific candidate identified in the two Dynamite catalog files."
"Y47P4UU2KPAGDIPI3IUAPIXT","715244046188","","Galaxy Pack (9 sticks)","Galaxy Pack","Reviewed commercial name; specifications retained separately","Black Cat","Stick Rockets","Rockets","Regular","9-stick pack","9 sticks","#galaxy-pack-9-sticks--regular","/Volumes/FACUNDO/Rockwall fireworks/MLTX6DPJDFYX7_catalog-2026-08-16-1724.csv","399","400","400","/Volumes/FACUNDO/Rockwall fireworks/rockwall fireworks items.xlsx","Items","400","1","1","confirmed","galaxy-pack","products.json[141] Galaxy Pack / Black Cat / /products/galaxy-pack.png","Name and 9-stick rocket presentation agree with the photographed Black Cat Galaxy Pack; Square category is Stick Rockets."
"ICD7FSXEG3O2Z2P6GWCUW6VI","681402052110","","Ganja 6"" Artillery Shells 24 Pack","Ganja 6"" Artillery Shells 24 Pack","Whitespace cleaned; uncertain abbreviations retained","Unknown","24 Pack Artillery Shells 6""","Unknown","Regular","Unknown","6"" | 24 Pack","#ganja-6-artillery-shells-24-pack-regular","/Volumes/FACUNDO/Rockwall fireworks/MLTX6DPJDFYX7_catalog-2026-08-16-1724.csv","400","401","401","/Volumes/FACUNDO/Rockwall fireworks/rockwall fireworks items.xlsx","Items","401","1","1","no_match","","Unknown","No sufficiently specific candidate identified in the two Dynamite catalog files."
"NPQM6WZFBTP4C4OTBCATSCF7","681402054039","","Ganja Blunt Roman","Ganja Blunt Roman","Whitespace cleaned; uncertain abbreviations retained","Unknown","Roman Candles","Unknown","Regular","Unknown","Unknown","#ganja-blunt-roman-regular","/Volumes/FACUNDO/Rockwall fireworks/MLTX6DPJDFYX7_catalog-2026-08-16-1724.csv","401","402","402","/Volumes/FACUNDO/Rockwall fireworks/rockwall fireworks items.xlsx","Items","402","1","1","no_match","","Unknown","No sufficiently specific candidate identified in the two Dynamite catalog files."
"QKJNWGQUAGSPJBWAPTAQN4PG","715244160594","","Garden In Spring Fountain","Garden In Spring Fountain","Whitespace cleaned; uncertain abbreviations retained","Unknown","Fountains","Unknown","Regular","Unknown","Unknown","#garden-in-spring-fountain-regular","/Volumes/FACUNDO/Rockwall fireworks/MLTX6DPJDFYX7_catalog-2026-08-16-1724.csv","402","403","403","/Volumes/FACUNDO/Rockwall fireworks/rockwall fireworks items.xlsx","Items","403","2","1","no_match","","Unknown","No sufficiently specific candidate identified in the two Dynamite catalog files."
"336PY3AGZI3IPTSXMNUKSSYZ","027736011414","","Garden In Spring Fountain","Garden In Spring Fountain","Whitespace cleaned; uncertain abbreviations retained","Unknown","Fountains","Unknown","Garden In Spring","Garden In Spring","Unknown","#garden-in-spring-fountain-garden-in-spring","/Volumes/FACUNDO/Rockwall fireworks/MLTX6DPJDFYX7_catalog-2026-08-16-1724.csv","403","404","404","/Volumes/FACUNDO/Rockwall fireworks/rockwall fireworks items.xlsx","Items","404","2","1","no_match","","Unknown","No sufficiently specific candidate identified in the two Dynamite catalog files."
"S27B6LDFK4CFX5ZLTUT7BE3Z","715244005055","","Gatlin pack 8pc roman candle","Gatlin pack 8pc roman candle","Whitespace cleaned; uncertain abbreviations retained","Unknown","Roman Candles","Unknown","Regular","Unknown","8pc","#gatlin-pack-8pc-roman-candle-regular","/Volumes/FACUNDO/Rockwall fireworks/MLTX6DPJDFYX7_catalog-2026-08-16-1724.csv","404","405","405","/Volumes/FACUNDO/Rockwall fireworks/rockwall fireworks items.xlsx","Items","405","1","1","no_match","","Unknown","No sufficiently specific candidate identified in the two Dynamite catalog files."
"GXES4E5ZSHJBQLWFWYTLT6FZ","821500004233","","Gatling Gun (Small)","Gatling Gun (Small)","Whitespace cleaned; uncertain abbreviations retained","Unknown","Roman Candles","Unknown","Regular","Unknown","Unknown","#gatling-gun-small--regular","/Volumes/FACUNDO/Rockwall fireworks/MLTX6DPJDFYX7_catalog-2026-08-16-1724.csv","405","406","406","/Volumes/FACUNDO/Rockwall fireworks/rockwall fireworks items.xlsx","Items","406","1","1","probable","","products.json[91] Gatling Gun / Brothers / products/gatling-gun.png","Name identifies a candidate only; manufacturer and exact presentation have not been established."
"E5JBUEZVKC3J7MB6OJHIZ3IJ","841527141186","","Gatling Gun Giant","Gatling Gun Giant","Whitespace cleaned; uncertain abbreviations retained","Unknown","Roman Candles","Unknown","Regular","Unknown","Unknown","#gatling-gun-giant-regular","/Volumes/FACUNDO/Rockwall fireworks/MLTX6DPJDFYX7_catalog-2026-08-16-1724.csv","406","407","407","/Volumes/FACUNDO/Rockwall fireworks/rockwall fireworks items.xlsx","Items","407","1","1","probable","","products.json[91] Gatling Gun / Brothers / products/gatling-gun.png","Name identifies a candidate only; manufacturer and exact presentation have not been established."
"A7OIX6PJ76PDR2G647NUEY6L","805253015029","","Gemini Missile 24 Pcs","Gemini Missile 24 Pcs","Whitespace cleaned; uncertain abbreviations retained","Unknown","Unknown","Unknown","Regular","Unknown","24 Pcs","#gemini-missile-24-pcs-regular","/Volumes/FACUNDO/Rockwall fireworks/MLTX6DPJDFYX7_catalog-2026-08-16-1724.csv","407","408","408","/Volumes/FACUNDO/Rockwall fireworks/rockwall fireworks items.xlsx","Items","408","1","1","no_match","","Unknown","No sufficiently specific candidate identified in the two Dynamite catalog files."
"ZZZOD7FS2XXTSZ6IZ3FF7YYO","8145270157510","","Get Some","Get Some","Whitespace cleaned; uncertain abbreviations retained","Unknown","Unknown","Unknown","Regular","Unknown","Unknown","#get-some-regular","/Volumes/FACUNDO/Rockwall fireworks/MLTX6DPJDFYX7_catalog-2026-08-16-1724.csv","408","409","409","/Volumes/FACUNDO/Rockwall fireworks/rockwall fireworks items.xlsx","Items","409","1","1","no_match","","Unknown","No sufficiently specific candidate identified in the two Dynamite catalog files."
"YDTEKK2YDLZUYQEMD6FZCZ2I","651137426296","","Ghost Banshee","Ghost Banshee","Whitespace cleaned; uncertain abbreviations retained","Unknown","Unknown","Unknown","Regular","Unknown","Unknown","#ghost-banshee-regular","/Volumes/FACUNDO/Rockwall fireworks/MLTX6DPJDFYX7_catalog-2026-08-16-1724.csv","409","410","410","/Volumes/FACUNDO/Rockwall fireworks/rockwall fireworks items.xlsx","Items","410","1","1","no_match","","Unknown","No sufficiently specific candidate identified in the two Dynamite catalog files."
"CX3WJWBLRRX53W7VQZFUUZ5C","757201572194","","Ghost Dragon","Ghost Dragon","Whitespace cleaned; uncertain abbreviations retained","Unknown","9-SHOT 500 GRAM RACKS","Unknown","Regular","Unknown","Unknown","#ghost-dragon-regular","/Volumes/FACUNDO/Rockwall fireworks/MLTX6DPJDFYX7_catalog-2026-08-16-1724.csv","410","411","411","/Volumes/FACUNDO/Rockwall fireworks/rockwall fireworks items.xlsx","Items","411","1","1","no_match","","Unknown","No sufficiently specific candidate identified in the two Dynamite catalog files."
"Q5DCX2MGZHMYFX7ADSL5C6FU","757201572170","","Ghost Killer","Ghost Killer","Whitespace cleaned; uncertain abbreviations retained","Unknown","9-SHOT 500 GRAM RACKS","Unknown","Regular","Unknown","Unknown","#ghost-killer-regular","/Volumes/FACUNDO/Rockwall fireworks/MLTX6DPJDFYX7_catalog-2026-08-16-1724.csv","411","412","412","/Volumes/FACUNDO/Rockwall fireworks/rockwall fireworks items.xlsx","Items","412","1","1","no_match","","Unknown","No sufficiently specific candidate identified in the two Dynamite catalog files."
"DK52TXNEXPJ5HDJE6462D23I","705108549801","","Ghost Rings","Ghost Rings","Whitespace cleaned; uncertain abbreviations retained","Unknown","9-SHOT 500 GRAM RACKS","Unknown","Regular","Unknown","Unknown","#ghost-rings-regular","/Volumes/FACUNDO/Rockwall fireworks/MLTX6DPJDFYX7_catalog-2026-08-16-1724.csv","412","413","413","/Volumes/FACUNDO/Rockwall fireworks/rockwall fireworks items.xlsx","Items","413","1","1","no_match","","Unknown","No sufficiently specific candidate identified in the two Dynamite catalog files."
"JENQHH5ASTDQRSU4AYNDS3DI","681402052820","","Ghost Roman Candle","Ghost Roman Candle","Whitespace cleaned; uncertain abbreviations retained","Unknown","Roman Candles","Unknown","Regular","Unknown","Unknown","#ghost-roman-candle-regular","/Volumes/FACUNDO/Rockwall fireworks/MLTX6DPJDFYX7_catalog-2026-08-16-1724.csv","413","414","414","/Volumes/FACUNDO/Rockwall fireworks/rockwall fireworks items.xlsx","Items","414","1","1","no_match","","Unknown","No sufficiently specific candidate identified in the two Dynamite catalog files."
"NCACSUIIUKFFX3YO6RFUXKZX","705108548606","","Ghost Shell","Ghost Shell","Whitespace cleaned; uncertain abbreviations retained","Unknown","Unknown","Unknown","Regular","Unknown","Unknown","#ghost-shell-regular","/Volumes/FACUNDO/Rockwall fireworks/MLTX6DPJDFYX7_catalog-2026-08-16-1724.csv","414","415","415","/Volumes/FACUNDO/Rockwall fireworks/rockwall fireworks items.xlsx","Items","415","1","1","no_match","","Unknown","No sufficiently specific candidate identified in the two Dynamite catalog files."
"RAXEGL5PWHZOIT73XXXQK362","757201324069","","Ghostacular 5"" Artillery Shells 24 pack","Ghostacular 5"" Artillery Shells 24 pack","Whitespace cleaned; uncertain abbreviations retained","Unknown","24 Pack Canister Artillery Shells 5 INCH","Unknown","Regular","Unknown","5"" | 24 pack","#ghostacular-5-artillery-shells-24-pack-regular","/Volumes/FACUNDO/Rockwall fireworks/MLTX6DPJDFYX7_catalog-2026-08-16-1724.csv","415","416","416","/Volumes/FACUNDO/Rockwall fireworks/rockwall fireworks items.xlsx","Items","416","1","1","no_match","","Unknown","No sufficiently specific candidate identified in the two Dynamite catalog files."
"CN65OGBPK2EDWQ7BC4INMBID","887946020794","","Giant Smoke Balls","Giant Smoke Balls","Whitespace cleaned; uncertain abbreviations retained","Unknown","Unknown","Unknown","Regular","Unknown","Unknown","#giant-smoke-balls-regular","/Volumes/FACUNDO/Rockwall fireworks/MLTX6DPJDFYX7_catalog-2026-08-16-1724.csv","416","417","417","/Volumes/FACUNDO/Rockwall fireworks/rockwall fireworks items.xlsx","Items","417","1","1","no_match","","Unknown","No sufficiently specific candidate identified in the two Dynamite catalog files."
"4L7HAUXUJ733VND4WOHYQ5NN","514677002200","","Goal!","Goal!","Whitespace cleaned; uncertain abbreviations retained","Unknown","Fountains","Unknown","Regular","Unknown","Unknown","#goal--regular","/Volumes/FACUNDO/Rockwall fireworks/MLTX6DPJDFYX7_catalog-2026-08-16-1724.csv","417","418","418","/Volumes/FACUNDO/Rockwall fireworks/rockwall fireworks items.xlsx","Items","418","1","1","no_match","","Unknown","No sufficiently specific candidate identified in the two Dynamite catalog files."
"4ZBIUB5CMBX2SGYMBJC3PEZZ","","805253439511","God Bless America","God Bless America","Whitespace cleaned; uncertain abbreviations retained","Unknown","Unknown","Unknown","Regular","Unknown","Unknown","#god-bless-america-regular","/Volumes/FACUNDO/Rockwall fireworks/MLTX6DPJDFYX7_catalog-2026-08-16-1724.csv","418","419","419","/Volumes/FACUNDO/Rockwall fireworks/rockwall fireworks items.xlsx","Items","419","1","0","no_match","","Unknown","No sufficiently specific candidate identified in the two Dynamite catalog files."
"ZVYL43NGAFQNYSHEFHDYKODL","757201530859","","Gold Rush 500 Gram","Gold Rush 500 Gram","Whitespace cleaned; uncertain abbreviations retained","Unknown","500 GRAM FINALE","Unknown","Regular","Unknown","500 Gram","#gold-rush-500-gram-regular","/Volumes/FACUNDO/Rockwall fireworks/MLTX6DPJDFYX7_catalog-2026-08-16-1724.csv","419","420","420","/Volumes/FACUNDO/Rockwall fireworks/rockwall fireworks items.xlsx","Items","420","1","1","no_match","","Unknown","No sufficiently specific candidate identified in the two Dynamite catalog files."
"TVYAYQ2S7BQF2VT574J6MLDZ","132201920020","","Gold Skull","Gold Skull","Whitespace cleaned; uncertain abbreviations retained","Unknown","Unknown","Unknown","Regular","Unknown","Unknown","#gold-skull-regular","/Volumes/FACUNDO/Rockwall fireworks/MLTX6DPJDFYX7_catalog-2026-08-16-1724.csv","420","421","421","/Volumes/FACUNDO/Rockwall fireworks/rockwall fireworks items.xlsx","Items","421","1","1","no_match","","Unknown","No sufficiently specific candidate identified in the two Dynamite catalog files."
"6AVGKVTQYLP3PSQNTCP4MSM4","687985211210","","Golden Peacock","Golden Peacock","Whitespace cleaned; uncertain abbreviations retained","Unknown","Unknown","Unknown","Regular","Unknown","Unknown","#golden-peacock-regular","/Volumes/FACUNDO/Rockwall fireworks/MLTX6DPJDFYX7_catalog-2026-08-16-1724.csv","421","422","422","/Volumes/FACUNDO/Rockwall fireworks/rockwall fireworks items.xlsx","Items","422","1","1","no_match","","Unknown","No sufficiently specific candidate identified in the two Dynamite catalog files."
"KVUXULCI4EXOSLFEDWCIZ2XP","8145270113714","","Golden Silver Assortment","Golden Silver Assortment","Whitespace cleaned; uncertain abbreviations retained","Unknown","Unknown","Unknown","Regular","Unknown","Unknown","#golden-silver-assortment-regular","/Volumes/FACUNDO/Rockwall fireworks/MLTX6DPJDFYX7_catalog-2026-08-16-1724.csv","422","423","423","/Volumes/FACUNDO/Rockwall fireworks/rockwall fireworks items.xlsx","Items","423","1","1","no_match","","Unknown","No sufficiently specific candidate identified in the two Dynamite catalog files."
"6HCFSGQXLROGN5BNWPU2MJVA","","705108558209","Good Thinkin Lincoln 134's","Good Thinkin’ Lincoln","Reviewed commercial name; specifications retained separately","Winda","Unknown","Cakes","Regular","134 shots","Unknown","#good-thinkin-lincoln-134-s-regular","/Volumes/FACUNDO/Rockwall fireworks/MLTX6DPJDFYX7_catalog-2026-08-16-1724.csv","423","424","424","/Volumes/FACUNDO/Rockwall fireworks/rockwall fireworks items.xlsx","Items","424","1","0","confirmed","good-thinkin-lincoln","products.json[156] Good Thinkin Lincoln / Winda / /products/good-thinkin-lincoln.png","Distinctive name and 134 shots agree between Square and photographed Winda package."
"VM2ZAA3FAPEOJJWLRFYDHRIP","757201530811","","Goooooal 500g Zipper Cake 102 shots","Goooooal 500g Zipper Cake 102 shots","Whitespace cleaned; uncertain abbreviations retained","Unknown","500 GRAM FINALE > 500 GRAM FINALE ZIPPER CAKES","Unknown","Regular","Unknown","500g | 102 shots","#goooooal-500g-zipper-cake-102-shots-regular","/Volumes/FACUNDO/Rockwall fireworks/MLTX6DPJDFYX7_catalog-2026-08-16-1724.csv","424","425","425","/Volumes/FACUNDO/Rockwall fireworks/rockwall fireworks items.xlsx","Items","425","1","1","no_match","","Unknown","No sufficiently specific candidate identified in the two Dynamite catalog files."
"D6YSBFIRNB6FTJX5527KRGFF","831100012088","","Gorilla 6"" Artillery Shells 24 Pack","Gorilla 6"" Artillery Shells 24 Pack","Whitespace cleaned; uncertain abbreviations retained","Unknown","24 Pack Artillery Shells 6""","Unknown","Regular","Unknown","6"" | 24 Pack","#gorilla-6-artillery-shells-24-pack-regular","/Volumes/FACUNDO/Rockwall fireworks/MLTX6DPJDFYX7_catalog-2026-08-16-1724.csv","425","426","426","/Volumes/FACUNDO/Rockwall fireworks/rockwall fireworks items.xlsx","Items","426","1","1","no_match","","Unknown","No sufficiently specific candidate identified in the two Dynamite catalog files."
"FUX46WMJ6KKMB42MBGW2QFQB","705108321506","","Grand Cannon Fountain","Grand Cannon Fountain","Whitespace cleaned; uncertain abbreviations retained","Unknown","Fountains","Unknown","Regular","Unknown","Unknown","#grand-cannon-fountain-regular","/Volumes/FACUNDO/Rockwall fireworks/MLTX6DPJDFYX7_catalog-2026-08-16-1724.csv","426","427","427","/Volumes/FACUNDO/Rockwall fireworks/rockwall fireworks items.xlsx","Items","427","1","1","no_match","","Unknown","No sufficiently specific candidate identified in the two Dynamite catalog files."
"D5FZBGNRT3CBD726J3R3LGWC","6942037750067","","Grand Slam","Grand Slam","Whitespace cleaned; uncertain abbreviations retained","Unknown","Fountains","Unknown","Regular","Unknown","Unknown","#grand-slam-regular","/Volumes/FACUNDO/Rockwall fireworks/MLTX6DPJDFYX7_catalog-2026-08-16-1724.csv","427","428","428","/Volumes/FACUNDO/Rockwall fireworks/rockwall fireworks items.xlsx","Items","428","1","1","no_match","","Unknown","No sufficiently specific candidate identified in the two Dynamite catalog files."
"WVJQMEDM4UWO7SU6ROOSBOKO","8052530042014","","Great Night extravaganza Assortment","Great Night extravaganza Assortment","Whitespace cleaned; uncertain abbreviations retained","Unknown","Unknown","Unknown","Regular","Unknown","Unknown","#great-night-extravaganza-assortment-regular","/Volumes/FACUNDO/Rockwall fireworks/MLTX6DPJDFYX7_catalog-2026-08-16-1724.csv","428","429","429","/Volumes/FACUNDO/Rockwall fireworks/rockwall fireworks items.xlsx","Items","429","1","1","no_match","","Unknown","No sufficiently specific candidate identified in the two Dynamite catalog files."
"7A3AOYPUE3CUC6B24G6BPSIH","652009119001","","Green Fuse","Green Fuse","Whitespace cleaned; uncertain abbreviations retained","Unknown","Unknown","Unknown","Regular","Unknown","Unknown","#green-fuse-regular","/Volumes/FACUNDO/Rockwall fireworks/MLTX6DPJDFYX7_catalog-2026-08-16-1724.csv","429","430","430","/Volumes/FACUNDO/Rockwall fireworks/rockwall fireworks items.xlsx","Items","430","1","1","no_match","","Unknown","No sufficiently specific candidate identified in the two Dynamite catalog files."
"4CBTD37T3BG3ABNFQKEB5YTD","816597935263","","Green Wasp","Green Wasp","Whitespace cleaned; uncertain abbreviations retained","Unknown","Unknown","Unknown","Regular","Unknown","Unknown","#green-wasp-regular","/Volumes/FACUNDO/Rockwall fireworks/MLTX6DPJDFYX7_catalog-2026-08-16-1724.csv","430","431","431","/Volumes/FACUNDO/Rockwall fireworks/rockwall fireworks items.xlsx","Items","431","1","1","no_match","","Unknown","No sufficiently specific candidate identified in the two Dynamite catalog files."
"47X66FNFQ5M5AE5BX67W7K4P","705108600960","","Grillin N Chillin","Grillin N Chillin","Whitespace cleaned; uncertain abbreviations retained","Unknown","Unknown","Unknown","Regular","Unknown","Unknown","#grillin-n-chillin-regular","/Volumes/FACUNDO/Rockwall fireworks/MLTX6DPJDFYX7_catalog-2026-08-16-1724.csv","431","432","432","/Volumes/FACUNDO/Rockwall fireworks/rockwall fireworks items.xlsx","Items","432","1","1","no_match","","Unknown","No sufficiently specific candidate identified in the two Dynamite catalog files."
"3SNMSXWD4H7ETDFWILOFMQ4E","8145270182833","","Ground Bloom Flower 12pk","Ground Bloom Flower 12pk","Whitespace cleaned; uncertain abbreviations retained","Unknown","Unknown","Unknown","Regular","Unknown","Unknown","#ground-bloom-flower-12pk-regular","/Volumes/FACUNDO/Rockwall fireworks/MLTX6DPJDFYX7_catalog-2026-08-16-1724.csv","432","433","433","/Volumes/FACUNDO/Rockwall fireworks/rockwall fireworks items.xlsx","Items","433","1","1","probable","","products.json[61] Ground Bloom Flower / Monkey Mania / /products/ground-bloom-flower.png","Name identifies a candidate only; manufacturer and exact presentation have not been established."
"5YTIGLOF5PCVASHW7AJFD5SZ","725272730706","","Ground Bloom Flower Spinner","Ground Bloom Flower Spinner","Whitespace cleaned; uncertain abbreviations retained","Unknown","Unknown","Unknown","Regular","Unknown","Unknown","#ground-bloom-flower-spinner-regular","/Volumes/FACUNDO/Rockwall fireworks/MLTX6DPJDFYX7_catalog-2026-08-16-1724.csv","433","434","434","/Volumes/FACUNDO/Rockwall fireworks/rockwall fireworks items.xlsx","Items","434","1","1","probable","","products.json[61] Ground Bloom Flower / Monkey Mania / /products/ground-bloom-flower.png","Name identifies a candidate only; manufacturer and exact presentation have not been established."
"75TEDZLHPLBRXIRIA5GDCIFL","693965500205","","Ground Bloom Flowers","Ground Bloom Flowers","Whitespace cleaned; uncertain abbreviations retained","Unknown","Unknown","Unknown","Regular","Unknown","Unknown","#ground-bloom-flowers-regular","/Volumes/FACUNDO/Rockwall fireworks/MLTX6DPJDFYX7_catalog-2026-08-16-1724.csv","434","435","435","/Volumes/FACUNDO/Rockwall fireworks/rockwall fireworks items.xlsx","Items","435","2","1","probable","","products.json[61] Ground Bloom Flower / Monkey Mania / /products/ground-bloom-flower.png","Name identifies a candidate only; manufacturer and exact presentation have not been established."
"4APSYIUKRRGGBOKLVCEU5N2Y","888000009014","","Ground Bloom Flowers","Ground Bloom Flowers","Whitespace cleaned; uncertain abbreviations retained","Unknown","Unknown","Unknown","ground bloom flowers","ground bloom flowers","Unknown","#ground-bloom-flowers-ground-bloom-flowers","/Volumes/FACUNDO/Rockwall fireworks/MLTX6DPJDFYX7_catalog-2026-08-16-1724.csv","435","436","436","/Volumes/FACUNDO/Rockwall fireworks/rockwall fireworks items.xlsx","Items","436","2","1","probable","","products.json[61] Ground Bloom Flower / Monkey Mania / /products/ground-bloom-flower.png","Name identifies a candidate only; manufacturer and exact presentation have not been established."
"I44W44ADWKVGTGLYWV2EVIWB","","6950165431222","Gush","Gush","Whitespace cleaned; uncertain abbreviations retained","Unknown","Fountains","Unknown","Regular","Unknown","Unknown","#gush-regular","/Volumes/FACUNDO/Rockwall fireworks/MLTX6DPJDFYX7_catalog-2026-08-16-1724.csv","436","437","437","/Volumes/FACUNDO/Rockwall fireworks/rockwall fireworks items.xlsx","Items","437","1","0","no_match","","Unknown","No sufficiently specific candidate identified in the two Dynamite catalog files."
"QEOAHTBTI755LXMWGKRW5EMG","705108321346","","Handheld Snow Cone","Handheld Snow Cone","Whitespace cleaned; uncertain abbreviations retained","Unknown","Fountains","Unknown","Regular","Unknown","Unknown","#handheld-snow-cone-regular","/Volumes/FACUNDO/Rockwall fireworks/MLTX6DPJDFYX7_catalog-2026-08-16-1724.csv","437","438","438","/Volumes/FACUNDO/Rockwall fireworks/rockwall fireworks items.xlsx","Items","438","1","1","conflict","","products.json[114] Snow Cone / Winda / /products/snow-cone.png | products.json[184] Handheld Snow Cone / Winda / /products/handheld-snow-cone.png","Handheld Snowcone source shows a multi-piece display; Square variants differ in color/SKU. Unit vs display-pack identity is not established."
"O7G3LQMSVRJE5CJTYAGVNF4T","705108321339","","Handheld Snowcone","Handheld Snowcone","Whitespace cleaned; uncertain abbreviations retained","Unknown","Fountains","Unknown","Regular","Unknown","Unknown","#handheld-snowcone-regular","/Volumes/FACUNDO/Rockwall fireworks/MLTX6DPJDFYX7_catalog-2026-08-16-1724.csv","438","439","439","/Volumes/FACUNDO/Rockwall fireworks/rockwall fireworks items.xlsx","Items","439","3","1","conflict","","products.json[114] Snow Cone / Winda / /products/snow-cone.png | products.json[184] Handheld Snow Cone / Winda / /products/handheld-snow-cone.png","Handheld Snowcone source shows a multi-piece display; Square variants differ in color/SKU. Unit vs display-pack identity is not established."
"YTBQUVMNKF7EU4VIEL4R3EAU","705108321322","","Handheld Snowcone","Handheld Snowcone","Whitespace cleaned; uncertain abbreviations retained","Unknown","Fountains","Unknown","Handheld Snowcone","Handheld Snowcone","Unknown","#handheld-snowcone-handheld-snowcone","/Volumes/FACUNDO/Rockwall fireworks/MLTX6DPJDFYX7_catalog-2026-08-16-1724.csv","439","440","440","/Volumes/FACUNDO/Rockwall fireworks/rockwall fireworks items.xlsx","Items","440","3","1","conflict","","products.json[114] Snow Cone / Winda / /products/snow-cone.png | products.json[184] Handheld Snow Cone / Winda / /products/handheld-snow-cone.png","Handheld Snowcone source shows a multi-piece display; Square variants differ in color/SKU. Unit vs display-pack identity is not established."
"QMHFOJ62GJMP6R7RMLHHGCSG","705108321315","","Handheld Snowcone","Handheld Snowcone","Whitespace cleaned; uncertain abbreviations retained","Unknown","Fountains","Unknown","Handheld Snowcone","Handheld Snowcone","Unknown","#handheld-snowcone-handheld-snowcone-1","/Volumes/FACUNDO/Rockwall fireworks/MLTX6DPJDFYX7_catalog-2026-08-16-1724.csv","440","441","441","/Volumes/FACUNDO/Rockwall fireworks/rockwall fireworks items.xlsx","Items","441","3","1","conflict","","products.json[114] Snow Cone / Winda / /products/snow-cone.png | products.json[184] Handheld Snow Cone / Winda / /products/handheld-snow-cone.png","Handheld Snowcone source shows a multi-piece display; Square variants differ in color/SKU. Unit vs display-pack identity is not established."
"N33QU2DRWYMNUYFPRTWK46YL","8145270242216","","Happy Camper 200 Gram 25 Shot","Happy Camper 200 Gram 25 Shot","Whitespace cleaned; uncertain abbreviations retained","Unknown","Unknown","Unknown","Regular","Unknown","200 Gram | 25 Shot","#happy-camper-200-gram-25-shot-regular","/Volumes/FACUNDO/Rockwall fireworks/MLTX6DPJDFYX7_catalog-2026-08-16-1724.csv","441","442","442","/Volumes/FACUNDO/Rockwall fireworks/rockwall fireworks items.xlsx","Items","442","1","1","no_match","","Unknown","No sufficiently specific candidate identified in the two Dynamite catalog files."
"OPKQIOVE4L5ZQDJ3U3KALWMX","705108700769","","Happy Dinosaur","Happy Dinosaur","Whitespace cleaned; uncertain abbreviations retained","Unknown","Unknown","Unknown","Regular","Unknown","Unknown","#happy-dinosaur-regular","/Volumes/FACUNDO/Rockwall fireworks/MLTX6DPJDFYX7_catalog-2026-08-16-1724.csv","442","443","443","/Volumes/FACUNDO/Rockwall fireworks/rockwall fireworks items.xlsx","Items","443","1","1","no_match","","Unknown","No sufficiently specific candidate identified in the two Dynamite catalog files."
"GCUCWW22VYRMJCKGYGLAMKAF","814527200160","","Hardcore 200 G","Hardcore 200 G","Whitespace cleaned; uncertain abbreviations retained","Unknown","Unknown","Unknown","Regular","Unknown","200 G","#hardcore-200-g-regular","/Volumes/FACUNDO/Rockwall fireworks/MLTX6DPJDFYX7_catalog-2026-08-16-1724.csv","443","444","444","/Volumes/FACUNDO/Rockwall fireworks/rockwall fireworks items.xlsx","Items","444","1","1","no_match","","Unknown","No sufficiently specific candidate identified in the two Dynamite catalog files."
"BKNQ623WTRVPWROLDUXP6Q6L","757201530637","","Hazmat","Hazmat","Whitespace cleaned; uncertain abbreviations retained","Unknown","Unknown","Unknown","Regular","Unknown","Unknown","#hazmat-regular","/Volumes/FACUNDO/Rockwall fireworks/MLTX6DPJDFYX7_catalog-2026-08-16-1724.csv","444","445","445","/Volumes/FACUNDO/Rockwall fireworks/rockwall fireworks items.xlsx","Items","445","1","1","no_match","","Unknown","No sufficiently specific candidate identified in the two Dynamite catalog files."
"DY5DP3QG2IV2MPEL5GFLUKCH","814527313518","","Heavy Handed 500 Gram 36 Shots","Heavy Handed 500 Gram 36 Shots","Whitespace cleaned; uncertain abbreviations retained","Unknown","Unknown","Unknown","Regular","Unknown","500 Gram | 36 Shots","#heavy-handed-500-gram-36-shots-regular","/Volumes/FACUNDO/Rockwall fireworks/MLTX6DPJDFYX7_catalog-2026-08-16-1724.csv","445","446","446","/Volumes/FACUNDO/Rockwall fireworks/rockwall fireworks items.xlsx","Items","446","1","1","no_match","","Unknown","No sufficiently specific candidate identified in the two Dynamite catalog files."
"IUIXJZMXJXNLT3RHGLUETYA7","841527141254","841527141254","Helix Terminator","Helix Terminator","Whitespace cleaned; uncertain abbreviations retained","Unknown","Unknown","Unknown","Regular","Unknown","Unknown","#helix-terminator-regular","/Volumes/FACUNDO/Rockwall fireworks/MLTX6DPJDFYX7_catalog-2026-08-16-1724.csv","446","447","447","/Volumes/FACUNDO/Rockwall fireworks/rockwall fireworks items.xlsx","Items","447","1","1","no_match","","Unknown","No sufficiently specific candidate identified in the two Dynamite catalog files."
"LLVKRTYFYMMNXUONBBVVBGGP","943100700039","","Hen Laying Egg BOGO","Hen Laying Egg","Whitespace cleaned; historical BOGO marker removed from display name only","Unknown","Unknown","Unknown","Regular","Unknown","Unknown","#hen-laying-egg-bogo-regular","/Volumes/FACUNDO/Rockwall fireworks/MLTX6DPJDFYX7_catalog-2026-08-16-1724.csv","447","448","448","/Volumes/FACUNDO/Rockwall fireworks/rockwall fireworks items.xlsx","Items","448","1","1","no_match","","Unknown","No sufficiently specific candidate identified in the two Dynamite catalog files."
"PCBVWGLH76TMB2THUXTY6OVG","000701613295","","Hen Laying Eggs. BOGO","Hen Laying Eggs.","Whitespace cleaned; historical BOGO marker removed from display name only","Unknown","Unknown","Unknown","Regular","Unknown","Unknown","#hen-laying-eggs-bogo-regular","/Volumes/FACUNDO/Rockwall fireworks/MLTX6DPJDFYX7_catalog-2026-08-16-1724.csv","448","449","449","/Volumes/FACUNDO/Rockwall fireworks/rockwall fireworks items.xlsx","Items","449","1","1","no_match","","Unknown","No sufficiently specific candidate identified in the two Dynamite catalog files."
"SRKN24ZARY5PSJI5Z5EHHKO5","687985245710","","High Flautin 500 Gram","High Falutin’","Reviewed commercial name; specifications retained separately","Brothers","500 GRAM FINALE","Cakes","Regular","500 gram","500 Gram","#high-flautin-500-gram-regular","/Volumes/FACUNDO/Rockwall fireworks/MLTX6DPJDFYX7_catalog-2026-08-16-1724.csv","449","450","450","/Volumes/FACUNDO/Rockwall fireworks/rockwall fireworks items.xlsx","Items","450","1","1","confirmed","high-falutin","products.json[76] High Falutin' / Brothers / products/high-falutin'.png","Square High Flautin 500 Gram is an evident transposition; distinctive name and 500-gram cake category agree with Brothers heavyweight packaging."
"FRCNZACDUCAW4XIN2KFT3M4L","814527200320","","High Voltage","High Voltage","Whitespace cleaned; uncertain abbreviations retained","Unknown","Unknown","Unknown","Regular","Unknown","Unknown","#high-voltage-regular","/Volumes/FACUNDO/Rockwall fireworks/MLTX6DPJDFYX7_catalog-2026-08-16-1724.csv","450","451","451","/Volumes/FACUNDO/Rockwall fireworks/rockwall fireworks items.xlsx","Items","451","1","1","no_match","","Unknown","No sufficiently specific candidate identified in the two Dynamite catalog files."
"EJ7FR42AGUDMBD2NDGHJLFJQ","687985245819","","Hit The Road Jack 500 Gram","Hit the Road Jack","Reviewed commercial name; specifications retained separately","Brothers","500 GRAM FINALE","Cakes","Regular","500 gram","500 Gram","#hit-the-road-jack-500-gram-regular","/Volumes/FACUNDO/Rockwall fireworks/MLTX6DPJDFYX7_catalog-2026-08-16-1724.csv","451","452","452","/Volumes/FACUNDO/Rockwall fireworks/rockwall fireworks items.xlsx","Items","452","1","1","confirmed","hit-the-road-jack","products.json[77] Hit the Road, Jack / Brothers / products/hit-the-road-jack.png","Distinctive name and Square 500-gram cake category agree with the Brothers heavyweight cake pictured in the source."
"4RFIIMK7QCQH5PJA2UORE7HK","","687985913701","Hoist of the Colors (3 Cakes)","Hoist of the Colors (3 Cakes)","Whitespace cleaned; uncertain abbreviations retained","Unknown","Unknown","Unknown","Regular","Unknown","Unknown","#hoist-of-the-colors-3-cakes--regular","/Volumes/FACUNDO/Rockwall fireworks/MLTX6DPJDFYX7_catalog-2026-08-16-1724.csv","452","453","453","/Volumes/FACUNDO/Rockwall fireworks/rockwall fireworks items.xlsx","Items","453","1","0","no_match","","Unknown","No sufficiently specific candidate identified in the two Dynamite catalog files."
"HJTMDSKH3C53TJXF64R6QW53","","715244022489","Holiday Lights Fountain Black Cat Quiet","Holiday Lights Fountain Black Cat Quiet","Whitespace cleaned; uncertain abbreviations retained","Black Cat","Fountains","Unknown","Regular","Unknown","Unknown","#holiday-lights-fountain-black-cat-quiet-regular","/Volumes/FACUNDO/Rockwall fireworks/MLTX6DPJDFYX7_catalog-2026-08-16-1724.csv","453","454","454","/Volumes/FACUNDO/Rockwall fireworks/rockwall fireworks items.xlsx","Items","454","1","0","no_match","","Unknown","No sufficiently specific candidate identified in the two Dynamite catalog files."
"AJ54GAY2B3V3IW5EFTAVU6DZ","816597941691","","Home Of The Brave 200 G","Home Of The Brave 200 G","Whitespace cleaned; uncertain abbreviations retained","Unknown","Unknown","Unknown","Regular","Unknown","200 G","#home-of-the-brave-200-g-regular","/Volumes/FACUNDO/Rockwall fireworks/MLTX6DPJDFYX7_catalog-2026-08-16-1724.csv","454","455","455","/Volumes/FACUNDO/Rockwall fireworks/rockwall fireworks items.xlsx","Items","455","1","1","no_match","","Unknown","No sufficiently specific candidate identified in the two Dynamite catalog files."
"R4GI34CWJNRTDFBMUUZ463NM","805253316492","","Home Of The Brave 24 Shells/24 Breaks","Home Of The Brave 24 Shells/24 Breaks","Whitespace cleaned; uncertain abbreviations retained","Unknown","Artillery Packs MultiShell MultiBreaks","Unknown","Regular","Unknown","24 Shells | 24 Breaks","#home-of-the-brave-24-shells-24-breaks-regular","/Volumes/FACUNDO/Rockwall fireworks/MLTX6DPJDFYX7_catalog-2026-08-16-1724.csv","455","456","456","/Volumes/FACUNDO/Rockwall fireworks/rockwall fireworks items.xlsx","Items","456","1","1","no_match","","Unknown","No sufficiently specific candidate identified in the two Dynamite catalog files."
"PF7MSTRWM3LEPHVVTJHTUGRH","757201400039","","Home Of The Brave 48 Shells/72 Breaks","Home Of The Brave 48 Shells/72 Breaks","Whitespace cleaned; uncertain abbreviations retained","Unknown","Artillery Packs MultiShell MultiBreaks","Unknown","Regular","Unknown","48 Shells | 72 Breaks","#home-of-the-brave-48-shells-72-breaks-regular","/Volumes/FACUNDO/Rockwall fireworks/MLTX6DPJDFYX7_catalog-2026-08-16-1724.csv","456","457","457","/Volumes/FACUNDO/Rockwall fireworks/rockwall fireworks items.xlsx","Items","457","1","1","no_match","","Unknown","No sufficiently specific candidate identified in the two Dynamite catalog files."
"5WWE7ULB44P5GEG5SPOE3C4H","","121823801299","Hometown 8 Ball Candles","Hometown 8 Ball Candles","Whitespace cleaned; uncertain abbreviations retained","Unknown","Unknown","Unknown","Regular","Unknown","Unknown","#hometown-8-ball-candles-regular","/Volumes/FACUNDO/Rockwall fireworks/MLTX6DPJDFYX7_catalog-2026-08-16-1724.csv","457","458","458","/Volumes/FACUNDO/Rockwall fireworks/rockwall fireworks items.xlsx","Items","458","1","0","no_match","","Unknown","No sufficiently specific candidate identified in the two Dynamite catalog files."
"VO5VKMURGPFHWLH2WHVHDHTY","757201572163","","Hot As Hell 9 Rack","Hot As Hell 9 Rack","Whitespace cleaned; uncertain abbreviations retained","Unknown","Unknown","Unknown","Regular","Unknown","Unknown","#hot-as-hell-9-rack-regular","/Volumes/FACUNDO/Rockwall fireworks/MLTX6DPJDFYX7_catalog-2026-08-16-1724.csv","458","459","459","/Volumes/FACUNDO/Rockwall fireworks/rockwall fireworks items.xlsx","Items","459","1","1","no_match","","Unknown","No sufficiently specific candidate identified in the two Dynamite catalog files."
"XJZEMQJXB5U2J6MBX7XQ6PCY","8052531342212","","Hot Dog 200 Gram 16 Shot","Hot Dog 200 Gram 16 Shot","Whitespace cleaned; uncertain abbreviations retained","Unknown","Unknown","Unknown","Regular","Unknown","200 Gram | 16 Shot","#hot-dog-200-gram-16-shot-regular","/Volumes/FACUNDO/Rockwall fireworks/MLTX6DPJDFYX7_catalog-2026-08-16-1724.csv","459","460","460","/Volumes/FACUNDO/Rockwall fireworks/rockwall fireworks items.xlsx","Items","460","1","1","no_match","","Unknown","No sufficiently specific candidate identified in the two Dynamite catalog files."
"4TLQKMAPJQY33RAKIVUWFQNU","8052530165928","","Hot Racer 2pk","Hot Racer 2pk","Whitespace cleaned; uncertain abbreviations retained","Unknown","Unknown","Unknown","Regular","Unknown","Unknown","#hot-racer-2pk-regular","/Volumes/FACUNDO/Rockwall fireworks/MLTX6DPJDFYX7_catalog-2026-08-16-1724.csv","460","461","461","/Volumes/FACUNDO/Rockwall fireworks/rockwall fireworks items.xlsx","Items","461","1","1","no_match","","Unknown","No sufficiently specific candidate identified in the two Dynamite catalog files."
"CLS3OVOY5B22WFA3L5P3RCOV","8145270245811","","Hot Rod","Hot Rod","Whitespace cleaned; uncertain abbreviations retained","Unknown","Unknown","Unknown","Regular","Unknown","Unknown","#hot-rod-regular","/Volumes/FACUNDO/Rockwall fireworks/MLTX6DPJDFYX7_catalog-2026-08-16-1724.csv","461","462","462","/Volumes/FACUNDO/Rockwall fireworks/rockwall fireworks items.xlsx","Items","462","1","1","no_match","","Unknown","No sufficiently specific candidate identified in the two Dynamite catalog files."
"FXE5QLUXVHWMCQYDRZA6DWMA","715244021970","","Hot Sauce Fountain","Hot Sauce Fountain","Whitespace cleaned; uncertain abbreviations retained","Unknown","Fountains","Unknown","Regular","Unknown","Unknown","#hot-sauce-fountain-regular","/Volumes/FACUNDO/Rockwall fireworks/MLTX6DPJDFYX7_catalog-2026-08-16-1724.csv","462","463","463","/Volumes/FACUNDO/Rockwall fireworks/rockwall fireworks items.xlsx","Items","463","1","1","no_match","","Unknown","No sufficiently specific candidate identified in the two Dynamite catalog files."
"4ZLDZRU4KVCXWE6IOXAFVKD2","757801578763","","Hot as Hell","Hot as Hell","Whitespace cleaned; uncertain abbreviations retained","Unknown","9-SHOT 500 GRAM RACKS","Unknown","Regular","Unknown","Unknown","#hot-as-hell-regular","/Volumes/FACUNDO/Rockwall fireworks/MLTX6DPJDFYX7_catalog-2026-08-16-1724.csv","463","464","464","/Volumes/FACUNDO/Rockwall fireworks/rockwall fireworks items.xlsx","Items","464","1","1","no_match","","Unknown","No sufficiently specific candidate identified in the two Dynamite catalog files."
"MKMB5MPSXF6UVGVQ3RMXR4EH","8145270114711","","Howler Fountain","Howler Fountain","Whitespace cleaned; uncertain abbreviations retained","Unknown","Fountains","Unknown","Regular","Unknown","Unknown","#howler-fountain-regular","/Volumes/FACUNDO/Rockwall fireworks/MLTX6DPJDFYX7_catalog-2026-08-16-1724.csv","464","465","465","/Volumes/FACUNDO/Rockwall fireworks/rockwall fireworks items.xlsx","Items","465","1","1","no_match","","Unknown","No sufficiently specific candidate identified in the two Dynamite catalog files."
"XSHQZDOB32OQODB4SVTRD6EY","705108203000","","Howling Commandos (6 sticks)","Howling Commandos (6 sticks)","Whitespace cleaned; uncertain abbreviations retained","Unknown","Stick Rockets","Unknown","Regular","Unknown","6 sticks","#howling-commandos-6-sticks--regular","/Volumes/FACUNDO/Rockwall fireworks/MLTX6DPJDFYX7_catalog-2026-08-16-1724.csv","465","466","466","/Volumes/FACUNDO/Rockwall fireworks/rockwall fireworks items.xlsx","Items","466","1","1","no_match","","Unknown","No sufficiently specific candidate identified in the two Dynamite catalog files."
"ZWQVO4JHHW32NG6NCSCNNTGY","757201538145","","Huge White Strobe 500 Gram","Huge White Strobe 500 Gram","Whitespace cleaned; uncertain abbreviations retained","Unknown","500 GRAM FINALE","Unknown","Regular","Unknown","500 Gram","#huge-white-strobe-500-gram-regular","/Volumes/FACUNDO/Rockwall fireworks/MLTX6DPJDFYX7_catalog-2026-08-16-1724.csv","466","467","467","/Volumes/FACUNDO/Rockwall fireworks/rockwall fireworks items.xlsx","Items","467","1","1","no_match","","Unknown","No sufficiently specific candidate identified in the two Dynamite catalog files."
"NWJSW2USYCV5YAHSLZZ3XUBB","8145270281512","","Hungry","Hungry","Whitespace cleaned; uncertain abbreviations retained","Unknown","Unknown","Unknown","Regular","Unknown","Unknown","#hungry-regular","/Volumes/FACUNDO/Rockwall fireworks/MLTX6DPJDFYX7_catalog-2026-08-16-1724.csv","467","468","468","/Volumes/FACUNDO/Rockwall fireworks/rockwall fireworks items.xlsx","Items","468","1","1","no_match","","Unknown","No sufficiently specific candidate identified in the two Dynamite catalog files."
"AKI3KKIBYKNIRZHLPMG6HPDE","687985901326","","Hydrogen Bomb","Hydrogen Bomb","Whitespace cleaned; uncertain abbreviations retained","Unknown","Unknown","Unknown","Regular","Unknown","Unknown","#hydrogen-bomb-regular","/Volumes/FACUNDO/Rockwall fireworks/MLTX6DPJDFYX7_catalog-2026-08-16-1724.csv","468","469","469","/Volumes/FACUNDO/Rockwall fireworks/rockwall fireworks items.xlsx","Items","469","1","1","no_match","","Unknown","No sufficiently specific candidate identified in the two Dynamite catalog files."
"URMFO7CTNSV5DHJHIIIIDGAJ","","840142208045","I Love America (3 Cakes)","I Love America (3 Cakes)","Whitespace cleaned; uncertain abbreviations retained","Unknown","Unknown","Unknown","Regular","Unknown","Unknown","#i-love-america-3-cakes--regular","/Volumes/FACUNDO/Rockwall fireworks/MLTX6DPJDFYX7_catalog-2026-08-16-1724.csv","469","470","470","/Volumes/FACUNDO/Rockwall fireworks/rockwall fireworks items.xlsx","Items","470","1","0","no_match","","Unknown","No sufficiently specific candidate identified in the two Dynamite catalog files."
"WMH4N3QCURROC2TYDS4KULOZ","681402055845","","I Love Fireworks 500 Gram","I Love Fireworks 500 Gram","Whitespace cleaned; uncertain abbreviations retained","Unknown","500 GRAM FINALE","Unknown","Regular","Unknown","500 Gram","#i-love-fireworks-500-gram-regular","/Volumes/FACUNDO/Rockwall fireworks/MLTX6DPJDFYX7_catalog-2026-08-16-1724.csv","470","471","471","/Volumes/FACUNDO/Rockwall fireworks/rockwall fireworks items.xlsx","Items","471","1","1","no_match","","Unknown","No sufficiently specific candidate identified in the two Dynamite catalog files."
"VW7ETH7XUUVOEGZVXZMRVCU7","022208813213","","I'm ready","I'm ready","Whitespace cleaned; uncertain abbreviations retained","Unknown","Fountains","Unknown","Regular","Unknown","Unknown","#i-m-ready-regular","/Volumes/FACUNDO/Rockwall fireworks/MLTX6DPJDFYX7_catalog-2026-08-16-1724.csv","471","472","472","/Volumes/FACUNDO/Rockwall fireworks/rockwall fireworks items.xlsx","Items","472","1","1","no_match","","Unknown","No sufficiently specific candidate identified in the two Dynamite catalog files."
"6356CC3S5APWLRMBKDQDCW5X","875330033918","","Ice Cream Cone 4 Pk","Ice Cream Cone 4 Pk","Whitespace cleaned; uncertain abbreviations retained","Unknown","Fountains","Unknown","Regular","Unknown","Unknown","#ice-cream-cone-4-pk-regular","/Volumes/FACUNDO/Rockwall fireworks/MLTX6DPJDFYX7_catalog-2026-08-16-1724.csv","472","473","473","/Volumes/FACUNDO/Rockwall fireworks/rockwall fireworks items.xlsx","Items","473","1","1","no_match","","Unknown","No sufficiently specific candidate identified in the two Dynamite catalog files."
"YXQH6SOSX4CN7OBFRF67NEVE","875330033901","","Ice Cream Cone Mini Fountain","Ice Cream Cone Mini Fountain","Whitespace cleaned; uncertain abbreviations retained","Unknown","Fountains","Unknown","Regular","Unknown","Unknown","#ice-cream-cone-mini-fountain-regular","/Volumes/FACUNDO/Rockwall fireworks/MLTX6DPJDFYX7_catalog-2026-08-16-1724.csv","473","474","474","/Volumes/FACUNDO/Rockwall fireworks/rockwall fireworks items.xlsx","Items","474","1","1","no_match","","Unknown","No sufficiently specific candidate identified in the two Dynamite catalog files."
"3MHU2W23G5WNERPNZEPAJUVA","705108917129","","Ice Fountains","Ice Fountains","Whitespace cleaned; uncertain abbreviations retained","Unknown","Fountains","Unknown","Regular","Unknown","Unknown","#ice-fountains-regular","/Volumes/FACUNDO/Rockwall fireworks/MLTX6DPJDFYX7_catalog-2026-08-16-1724.csv","474","475","475","/Volumes/FACUNDO/Rockwall fireworks/rockwall fireworks items.xlsx","Items","475","1","1","no_match","","Unknown","No sufficiently specific candidate identified in the two Dynamite catalog files."
"7J5NQF5D7C6KEDJJ4BNKEKG6","705669335516","","Ignite Large Battery Smartphone Enabled","Ignite Large Battery Smartphone Enabled","Whitespace cleaned; uncertain abbreviations retained","Unknown","Unknown","Unknown","Regular","Unknown","Unknown","#ignite-large-battery-smartphone-enabled-regular","/Volumes/FACUNDO/Rockwall fireworks/MLTX6DPJDFYX7_catalog-2026-08-16-1724.csv","475","476","476","/Volumes/FACUNDO/Rockwall fireworks/rockwall fireworks items.xlsx","Items","476","1","1","no_match","","Unknown","No sufficiently specific candidate identified in the two Dynamite catalog files."
"3TARO3566LXW5GTPWVXEX2P6","193936962112","","Ignite The Spark","Ignite The Spark","Whitespace cleaned; uncertain abbreviations retained","Unknown","Fountains","Unknown","Regular","Unknown","Unknown","#ignite-the-spark-regular","/Volumes/FACUNDO/Rockwall fireworks/MLTX6DPJDFYX7_catalog-2026-08-16-1724.csv","476","477","477","/Volumes/FACUNDO/Rockwall fireworks/rockwall fireworks items.xlsx","Items","477","1","1","no_match","","Unknown","No sufficiently specific candidate identified in the two Dynamite catalog files."
"WQAF65QJW3S7GIUF6IQ567YB","821600012060","","Illuminati 5 Inch Neon Shells 60 Gram","Illuminati 5 Inch Neon Shells 60 Gram","Whitespace cleaned; uncertain abbreviations retained","Unknown","Unknown","Unknown","Regular","Unknown","5 Inch | 60 Gram","#illuminati-5-inch-neon-shells-60-gram-regular","/Volumes/FACUNDO/Rockwall fireworks/MLTX6DPJDFYX7_catalog-2026-08-16-1724.csv","477","478","478","/Volumes/FACUNDO/Rockwall fireworks/rockwall fireworks items.xlsx","Items","478","1","1","no_match","","Unknown","No sufficiently specific candidate identified in the two Dynamite catalog files."
"3OPETP7EWBNMLSAR4WE6LQNY","821600012145","","Illuminati 60 Gram Canister Shells 6 Pack","Illuminati 60 Gram Canister Shells 6 Pack","Whitespace cleaned; uncertain abbreviations retained","Unknown","Unknown","Unknown","Regular","Unknown","60 Gram | 6 Pack","#illuminati-60-gram-canister-shells-6-pack-regular","/Volumes/FACUNDO/Rockwall fireworks/MLTX6DPJDFYX7_catalog-2026-08-16-1724.csv","478","479","479","/Volumes/FACUNDO/Rockwall fireworks/rockwall fireworks items.xlsx","Items","479","1","1","no_match","","Unknown","No sufficiently specific candidate identified in the two Dynamite catalog files."
"HBGF2TEENREDHRL5CCFUQF74","681402055838","","Ilove Fireworks","Ilove Fireworks","Whitespace cleaned; uncertain abbreviations retained","Unknown","Unknown","Unknown","Regular","Unknown","Unknown","#ilove-fireworks-regular","/Volumes/FACUNDO/Rockwall fireworks/MLTX6DPJDFYX7_catalog-2026-08-16-1724.csv","479","480","480","/Volumes/FACUNDO/Rockwall fireworks/rockwall fireworks items.xlsx","Items","480","1","1","no_match","","Unknown","No sufficiently specific candidate identified in the two Dynamite catalog files."
"4KWGG6GWZ5N3VGLDAW57YTH3","140000104916","","Immortal Phoenix 500g","Immortal Phoenix 500g","Whitespace cleaned; uncertain abbreviations retained","Unknown","Unknown","Unknown","Regular","Unknown","500g","#immortal-phoenix-500g-regular","/Volumes/FACUNDO/Rockwall fireworks/MLTX6DPJDFYX7_catalog-2026-08-16-1724.csv","480","481","481","/Volumes/FACUNDO/Rockwall fireworks/rockwall fireworks items.xlsx","Items","481","1","1","no_match","","Unknown","No sufficiently specific candidate identified in the two Dynamite catalog files."
"WNDDQWDUX5IMRUJBVDTK2UCH","8145270190111","","Incenerator","Incenerator","Whitespace cleaned; uncertain abbreviations retained","Unknown","Unknown","Unknown","Regular","Unknown","Unknown","#incenerator-regular","/Volumes/FACUNDO/Rockwall fireworks/MLTX6DPJDFYX7_catalog-2026-08-16-1724.csv","481","482","482","/Volumes/FACUNDO/Rockwall fireworks/rockwall fireworks items.xlsx","Items","482","1","1","no_match","","Unknown","No sufficiently specific candidate identified in the two Dynamite catalog files."
"S7YQMVG7VIYG56HEQ6EMBDTY","757205301769","","Infinity And Beyond 500 Gram","Infinity And Beyond 500 Gram","Whitespace cleaned; uncertain abbreviations retained","Unknown","500 GRAM FINALE","Unknown","Regular","Unknown","500 Gram","#infinity-and-beyond-500-gram-regular","/Volumes/FACUNDO/Rockwall fireworks/MLTX6DPJDFYX7_catalog-2026-08-16-1724.csv","482","483","483","/Volumes/FACUNDO/Rockwall fireworks/rockwall fireworks items.xlsx","Items","483","1","1","no_match","","Unknown","No sufficiently specific candidate identified in the two Dynamite catalog files."
"PB4BRS3FE2O4BB5DDXL53LT6","687985909025","","Inside Job","Inside Job","Whitespace cleaned; uncertain abbreviations retained","Unknown","Unknown","Unknown","Regular","Unknown","Unknown","#inside-job-regular","/Volumes/FACUNDO/Rockwall fireworks/MLTX6DPJDFYX7_catalog-2026-08-16-1724.csv","483","484","484","/Volumes/FACUNDO/Rockwall fireworks/rockwall fireworks items.xlsx","Items","484","1","1","no_match","","Unknown","No sufficiently specific candidate identified in the two Dynamite catalog files."
"SXECMCIGNTFKRD4Z3P4NBH77","6942037750043","","Intensedefense","Intensedefense","Whitespace cleaned; uncertain abbreviations retained","Unknown","Unknown","Unknown","Regular","Unknown","Unknown","#intensedefense-regular","/Volumes/FACUNDO/Rockwall fireworks/MLTX6DPJDFYX7_catalog-2026-08-16-1724.csv","484","485","485","/Volumes/FACUNDO/Rockwall fireworks/rockwall fireworks items.xlsx","Items","485","1","1","no_match","","Unknown","No sufficiently specific candidate identified in the two Dynamite catalog files."
"IOQGZSAZOI4GCUFZ3KNHHZ6V","757201512015","","Invincible 198 Shots","Invincible","Reviewed commercial name; specifications retained separately","Raccoon","Unknown","Cakes","Regular","500 gram · 198 shots","198 Shots","#invincible-198-shots-regular","/Volumes/FACUNDO/Rockwall fireworks/MLTX6DPJDFYX7_catalog-2026-08-16-1724.csv","485","486","486","/Volumes/FACUNDO/Rockwall fireworks/rockwall fireworks items.xlsx","Items","486","1","1","confirmed","invincible","products.json[22] Invincible / Raccoon / /products/invincible.png","Square specifies 198 shots; Raccoon package visibly shows 198 shots, same named zipper cake."
"SXXM66XTUQ7HW37YFSDHXTWB","705108955497","","Ipa 4 Pack","IPA 4-Pack","Reviewed commercial name; specifications retained separately","Winda","Unknown","Cakes","Regular","4-cake pack","4 Pack","#ipa-4-pack-regular","/Volumes/FACUNDO/Rockwall fireworks/MLTX6DPJDFYX7_catalog-2026-08-16-1724.csv","486","487","487","/Volumes/FACUNDO/Rockwall fireworks/rockwall fireworks items.xlsx","Items","487","1","1","confirmed","ipa-4-pack","products.json[158] IPA 4 Pack / Winda / /products/ipa-4-pack.png","Name and four-pack presentation agree; source image shows four individually named cakes within IPA 4-Pack. Imported as one pack, not four products."
"MN4MFAPAACK2RIXOGQUVPSPJ","757201536011","","Iron Wolf","Iron Wolf","Whitespace cleaned; uncertain abbreviations retained","Unknown","Unknown","Unknown","Regular","Unknown","Unknown","#iron-wolf-regular","/Volumes/FACUNDO/Rockwall fireworks/MLTX6DPJDFYX7_catalog-2026-08-16-1724.csv","487","488","488","/Volumes/FACUNDO/Rockwall fireworks/rockwall fireworks items.xlsx","Items","488","1","1","no_match","","Unknown","No sufficiently specific candidate identified in the two Dynamite catalog files."
"NJHD7SM6ZI3QNNOJHFYYRYZ4","753321710966","","Its A Boy","Its A Boy","Whitespace cleaned; uncertain abbreviations retained","Unknown","Unknown","Unknown","Regular","Unknown","Unknown","#its-a-boy-regular","/Volumes/FACUNDO/Rockwall fireworks/MLTX6DPJDFYX7_catalog-2026-08-16-1724.csv","488","489","489","/Volumes/FACUNDO/Rockwall fireworks/rockwall fireworks items.xlsx","Items","489","1","1","probable","","gender-reveal.json[0] It's a Boy/Girl - Boom Woow / Unknown / /products/it's-a-boy-girl.png | gender-reveal.json[1] It's a Boy/Girl - T-Sky / Unknown / /products/blue-pink-smoke.png","Name identifies a candidate only; manufacturer and exact presentation have not been established."
"P66VDAIWM6ZX7BAZELY54NQD","753321710959","","Its A Girl","Its A Girl","Whitespace cleaned; uncertain abbreviations retained","Unknown","Unknown","Unknown","Regular","Unknown","Unknown","#its-a-girl-regular","/Volumes/FACUNDO/Rockwall fireworks/MLTX6DPJDFYX7_catalog-2026-08-16-1724.csv","489","490","490","/Volumes/FACUNDO/Rockwall fireworks/rockwall fireworks items.xlsx","Items","490","1","1","no_match","","Unknown","No sufficiently specific candidate identified in the two Dynamite catalog files."
"5RHTFSG3AOTJRALXK7NLSZPO","8145270289310","","Jaw Breaker 200 Gram 25 Shot","Jaw Breaker 200 Gram 25 Shot","Whitespace cleaned; uncertain abbreviations retained","Unknown","Unknown","Unknown","Regular","Unknown","200 Gram | 25 Shot","#jaw-breaker-200-gram-25-shot-regular","/Volumes/FACUNDO/Rockwall fireworks/MLTX6DPJDFYX7_catalog-2026-08-16-1724.csv","490","491","491","/Volumes/FACUNDO/Rockwall fireworks/rockwall fireworks items.xlsx","Items","491","1","1","no_match","","Unknown","No sufficiently specific candidate identified in the two Dynamite catalog files."
"2I2ITQB4TQZX3IXYE3UZJNMR","757201220095","","Jawbreaker 25 Shots","Jawbreaker 25 Shots","Whitespace cleaned; uncertain abbreviations retained","Unknown","Unknown","Unknown","Regular","Unknown","25 Shots","#jawbreaker-25-shots-regular","/Volumes/FACUNDO/Rockwall fireworks/MLTX6DPJDFYX7_catalog-2026-08-16-1724.csv","491","492","492","/Volumes/FACUNDO/Rockwall fireworks/rockwall fireworks items.xlsx","Items","492","1","1","no_match","","Unknown","No sufficiently specific candidate identified in the two Dynamite catalog files."
"UZCBBHPKUEH64KANXEM37JVQ","687985237715","","Jaws 16 Shot","Jaws 16 Shot","Whitespace cleaned; uncertain abbreviations retained","Unknown","Unknown","Unknown","Regular","Unknown","16 Shot","#jaws-16-shot-regular","/Volumes/FACUNDO/Rockwall fireworks/MLTX6DPJDFYX7_catalog-2026-08-16-1724.csv","492","493","493","/Volumes/FACUNDO/Rockwall fireworks/rockwall fireworks items.xlsx","Items","493","1","1","no_match","","Unknown","No sufficiently specific candidate identified in the two Dynamite catalog files."
"JUSF3HFQOT35RZT5ID4CJ5CF","715244021840","","Joker","Joker","Whitespace cleaned; uncertain abbreviations retained","Unknown","Unknown","Unknown","Regular","Unknown","Unknown","#joker-regular","/Volumes/FACUNDO/Rockwall fireworks/MLTX6DPJDFYX7_catalog-2026-08-16-1724.csv","493","494","494","/Volumes/FACUNDO/Rockwall fireworks/rockwall fireworks items.xlsx","Items","494","3","1","no_match","","Unknown","No sufficiently specific candidate identified in the two Dynamite catalog files."
"X6GYAZRENGEQ4LKUM7HSEQHR","P8","","Joker","Joker","Whitespace cleaned; uncertain abbreviations retained","Unknown","Unknown","Unknown","Regular","Unknown","Unknown","#joker-1-regular","/Volumes/FACUNDO/Rockwall fireworks/MLTX6DPJDFYX7_catalog-2026-08-16-1724.csv","494","495","495","/Volumes/FACUNDO/Rockwall fireworks/rockwall fireworks items.xlsx","Items","495","3","1","no_match","","Unknown","No sufficiently specific candidate identified in the two Dynamite catalog files."
"KIQSPT7TDOXOPH6FPCTYHWUM","757201225175","","Joker","Joker","Whitespace cleaned; uncertain abbreviations retained","Unknown","Unknown","Unknown","Regular","Unknown","Unknown","#joker-2-regular","/Volumes/FACUNDO/Rockwall fireworks/MLTX6DPJDFYX7_catalog-2026-08-16-1724.csv","495","496","496","/Volumes/FACUNDO/Rockwall fireworks/rockwall fireworks items.xlsx","Items","496","3","1","no_match","","Unknown","No sufficiently specific candidate identified in the two Dynamite catalog files."
"5JYX2SBZ4EQGLVLJKUKNZ5HG","132201950034","","Joker's Wild 500 Gram","Joker's Wild 500 Gram","Whitespace cleaned; uncertain abbreviations retained","Unknown","500 GRAM FINALE","Unknown","Regular","Unknown","500 Gram","#joker-s-wild-500-gram-regular","/Volumes/FACUNDO/Rockwall fireworks/MLTX6DPJDFYX7_catalog-2026-08-16-1724.csv","496","497","497","/Volumes/FACUNDO/Rockwall fireworks/rockwall fireworks items.xlsx","Items","497","1","1","no_match","","Unknown","No sufficiently specific candidate identified in the two Dynamite catalog files."
"VFDWZ7GPUOWDTWBKHLSGJRVM","715244000890","","Jr. Pyro Backpack","Jr. Pyro Backpack","Whitespace cleaned; uncertain abbreviations retained","Unknown","Unknown","Unknown","Regular","Unknown","Unknown","#jr-pyro-backpack-regular","/Volumes/FACUNDO/Rockwall fireworks/MLTX6DPJDFYX7_catalog-2026-08-16-1724.csv","497","498","498","/Volumes/FACUNDO/Rockwall fireworks/rockwall fireworks items.xlsx","Items","498","1","1","no_match","","Unknown","No sufficiently specific candidate identified in the two Dynamite catalog files."
"7VYA7XIP3PONIS57MJEGTCTA","757202522495","","Juicy Punch 200g","Juicy Punch 200g","Whitespace cleaned; uncertain abbreviations retained","Unknown","Unknown","Unknown","Regular","Unknown","200g","#juicy-punch-200g-regular","/Volumes/FACUNDO/Rockwall fireworks/MLTX6DPJDFYX7_catalog-2026-08-16-1724.csv","498","499","499","/Volumes/FACUNDO/Rockwall fireworks/rockwall fireworks items.xlsx","Items","499","1","1","no_match","","Unknown","No sufficiently specific candidate identified in the two Dynamite catalog files."
"W34HU7UYYJB7LDAOD6P4LPVL","805253191013","","Jumbo","Jumbo","Whitespace cleaned; uncertain abbreviations retained","Unknown","Unknown","Unknown","Regular","Unknown","Unknown","#jumbo-regular","/Volumes/FACUNDO/Rockwall fireworks/MLTX6DPJDFYX7_catalog-2026-08-16-1724.csv","499","500","500","/Volumes/FACUNDO/Rockwall fireworks/rockwall fireworks items.xlsx","Items","500","1","1","probable","","products.json[60] Jumbo Crackling Ball MM / Monkey Mania / /products/jumbo-crackling-ball-mm.png | products.json[97] Jumbo Crackling Ball BP / Brothers / /products/jumbo-crackling-ball-bp.png | products.json[192] Jumbo Neon Smoke Ball / Winda / /products/jumbo-neon-smoke-ball.png","Name identifies a candidate only; manufacturer and exact presentation have not been established."
"U4RZFA74W7UMWQXRGYKXPVE6","111218312882","","Jumbo 8 ball roman candle","Jumbo 8 ball roman candle","Whitespace cleaned; uncertain abbreviations retained","Unknown","Roman Candles","Unknown","Regular","Unknown","Unknown","#jumbo-8-ball-roman-candle-regular","/Volumes/FACUNDO/Rockwall fireworks/MLTX6DPJDFYX7_catalog-2026-08-16-1724.csv","500","501","501","/Volumes/FACUNDO/Rockwall fireworks/rockwall fireworks items.xlsx","Items","501","1","1","probable","","products.json[51] 8 Ball Roman Candle / Monkey Mania / /products/8-ball-roman-candle.png","Name identifies a candidate only; manufacturer and exact presentation have not been established."
"PNV3BCPEOI56E2CYQFOWT24C","170000000079","","Jumbo Ground Bloom 4pc","Jumbo Ground Bloom 4pc","Whitespace cleaned; uncertain abbreviations retained","Unknown","Unknown","Unknown","Regular","Unknown","4pc","#jumbo-ground-bloom-4pc-regular","/Volumes/FACUNDO/Rockwall fireworks/MLTX6DPJDFYX7_catalog-2026-08-16-1724.csv","501","502","502","/Volumes/FACUNDO/Rockwall fireworks/rockwall fireworks items.xlsx","Items","502","1","1","no_match","","Unknown","No sufficiently specific candidate identified in the two Dynamite catalog files."
"SW2SLUS3A4M3XE5YO5YIJZ4D","705108601400","","Jumbo Neon Smoke Balls","Jumbo Neon Smoke Balls","Whitespace cleaned; uncertain abbreviations retained","Unknown","Unknown","Unknown","Regular","Unknown","Unknown","#jumbo-neon-smoke-balls-regular","/Volumes/FACUNDO/Rockwall fireworks/MLTX6DPJDFYX7_catalog-2026-08-16-1724.csv","502","503","503","/Volumes/FACUNDO/Rockwall fireworks/rockwall fireworks items.xlsx","Items","503","2","1","probable","","products.json[192] Jumbo Neon Smoke Ball / Winda / /products/jumbo-neon-smoke-ball.png","Name identifies a candidate only; manufacturer and exact presentation have not been established."
"RR5AKZQ5WYTXF32B4QNILETM","715244037230","","Jumbo Neon Smoke Balls","Jumbo Neon Smoke Balls","Whitespace cleaned; uncertain abbreviations retained","Unknown","Unknown","Unknown","Jumbo Smoke Bombs","Jumbo Smoke Bombs","Unknown","#jumbo-neon-smoke-balls-jumbo-smoke-bombs","/Volumes/FACUNDO/Rockwall fireworks/MLTX6DPJDFYX7_catalog-2026-08-16-1724.csv","503","504","504","/Volumes/FACUNDO/Rockwall fireworks/rockwall fireworks items.xlsx","Items","504","2","1","probable","","products.json[192] Jumbo Neon Smoke Ball / Winda / /products/jumbo-neon-smoke-ball.png","Name identifies a candidate only; manufacturer and exact presentation have not been established."
"A7MJHPJKX7PZSWVUZS63N7EX","715244057238","","Jumbo Smoke Bomb","Jumbo Smoke Bomb","Whitespace cleaned; uncertain abbreviations retained","Unknown","Unknown","Unknown","Regular","Unknown","Unknown","#jumbo-smoke-bomb-regular","/Volumes/FACUNDO/Rockwall fireworks/MLTX6DPJDFYX7_catalog-2026-08-16-1724.csv","504","505","505","/Volumes/FACUNDO/Rockwall fireworks/rockwall fireworks items.xlsx","Items","505","3","1","no_match","","Unknown","No sufficiently specific candidate identified in the two Dynamite catalog files."
"B6525IJMRT4TZHPC7KLWUVNP","715244047239","","Jumbo Smoke Bomb","Jumbo Smoke Bomb","Whitespace cleaned; uncertain abbreviations retained","Unknown","Unknown","Unknown","Regular","Unknown","Unknown","#jumbo-smoke-bomb-1-regular","/Volumes/FACUNDO/Rockwall fireworks/MLTX6DPJDFYX7_catalog-2026-08-16-1724.csv","505","506","506","/Volumes/FACUNDO/Rockwall fireworks/rockwall fireworks items.xlsx","Items","506","3","1","no_match","","Unknown","No sufficiently specific candidate identified in the two Dynamite catalog files."
"YKNOZA5YQVLENZX6KF62UIZ6","715244017232","","Jumbo Smoke Bomb","Jumbo Smoke Bomb","Whitespace cleaned; uncertain abbreviations retained","Unknown","Unknown","Unknown","Regular","Unknown","Unknown","#jumbo-smoke-bomb-2-regular","/Volumes/FACUNDO/Rockwall fireworks/MLTX6DPJDFYX7_catalog-2026-08-16-1724.csv","506","507","507","/Volumes/FACUNDO/Rockwall fireworks/rockwall fireworks items.xlsx","Items","507","3","1","no_match","","Unknown","No sufficiently specific candidate identified in the two Dynamite catalog files."
"YX55CVQXMUBMWCTOKMWCKXCU","211471323387","","Jumbo Texas Rocket (6 sticks)","Jumbo Texas Rocket (6 sticks)","Whitespace cleaned; uncertain abbreviations retained","Unknown","Stick Rockets","Unknown","Regular","Unknown","6 sticks","#jumbo-texas-rocket-6-sticks--regular","/Volumes/FACUNDO/Rockwall fireworks/MLTX6DPJDFYX7_catalog-2026-08-16-1724.csv","507","508","508","/Volumes/FACUNDO/Rockwall fireworks/rockwall fireworks items.xlsx","Items","508","2","1","no_match","","Unknown","No sufficiently specific candidate identified in the two Dynamite catalog files."
"MOXRWPWWMQ5SUT4WOH6OQJLB","715244004843","","Jumbo Texas Rocket (6 sticks)","Jumbo Texas Rocket (6 sticks)","Whitespace cleaned; uncertain abbreviations retained","Unknown","Stick Rockets","Unknown","Texas Bandit Rocket","Texas Bandit Rocket","6 sticks","#jumbo-texas-rocket-6-sticks--texas-bandit-rocket","/Volumes/FACUNDO/Rockwall fireworks/MLTX6DPJDFYX7_catalog-2026-08-16-1724.csv","508","509","509","/Volumes/FACUNDO/Rockwall fireworks/rockwall fireworks items.xlsx","Items","509","2","1","no_match","","Unknown","No sufficiently specific candidate identified in the two Dynamite catalog files."
"G5DP2C4PMD5CQGRSTL3IRSZA","","687985424719","Jumboshell Fountain","Jumboshell Fountain","Whitespace cleaned; uncertain abbreviations retained","Unknown","Unknown","Unknown","Regular","Unknown","Unknown","#jumboshell-fountain-regular","/Volumes/FACUNDO/Rockwall fireworks/MLTX6DPJDFYX7_catalog-2026-08-16-1724.csv","509","510","510","/Volumes/FACUNDO/Rockwall fireworks/rockwall fireworks items.xlsx","Items","510","1","0","no_match","","Unknown","No sufficiently specific candidate identified in the two Dynamite catalog files."
"DV35VE7B7THZWF5QNIBDNOZB","687985271115","","Jump Master","Jump Master","Whitespace cleaned; uncertain abbreviations retained","Unknown","Unknown","Unknown","Regular","Unknown","Unknown","#jump-master-regular","/Volumes/FACUNDO/Rockwall fireworks/MLTX6DPJDFYX7_catalog-2026-08-16-1724.csv","510","511","511","/Volumes/FACUNDO/Rockwall fireworks/rockwall fireworks items.xlsx","Items","511","1","1","no_match","","Unknown","No sufficiently specific candidate identified in the two Dynamite catalog files."
"IU3TKO7KVSVTFEZ2FTB6KEXE","200000902018","","Jumping Jacks 12 Pk","Jumping Jacks 12 Pk","Whitespace cleaned; uncertain abbreviations retained","Unknown","Unknown","Unknown","Regular","Unknown","Unknown","#jumping-jacks-12-pk-regular","/Volumes/FACUNDO/Rockwall fireworks/MLTX6DPJDFYX7_catalog-2026-08-16-1724.csv","511","512","512","/Volumes/FACUNDO/Rockwall fireworks/rockwall fireworks items.xlsx","Items","512","1","1","no_match","","Unknown","No sufficiently specific candidate identified in the two Dynamite catalog files."
"MVWLXKMOVOHGCSTSHQCKAW53","725272730713","","Jumping Jacks 48 Packs Brick","Jumping Jacks 48 Packs Brick","Whitespace cleaned; uncertain abbreviations retained","Unknown","Unknown","Unknown","Regular","Unknown","48 Pack","#jumping-jacks-48-packs-brick-regular","/Volumes/FACUNDO/Rockwall fireworks/MLTX6DPJDFYX7_catalog-2026-08-16-1724.csv","512","513","513","/Volumes/FACUNDO/Rockwall fireworks/rockwall fireworks items.xlsx","Items","513","1","1","no_match","","Unknown","No sufficiently specific candidate identified in the two Dynamite catalog files."
"63ABDUN5QZKYCRCKJWCMX43N","725272730720","","Jumping Jacks Single Pack BOGO","Jumping Jacks Single Pack","Whitespace cleaned; historical BOGO marker removed from display name only","Unknown","Unknown","Unknown","Regular","Unknown","Unknown","#jumping-jacks-single-pack-bogo-regular","/Volumes/FACUNDO/Rockwall fireworks/MLTX6DPJDFYX7_catalog-2026-08-16-1724.csv","513","514","514","/Volumes/FACUNDO/Rockwall fireworks/rockwall fireworks items.xlsx","Items","514","1","1","no_match","","Unknown","No sufficiently specific candidate identified in the two Dynamite catalog files."
"PCD2Q6Z2XMIGC4HW3QMTTN4K","952009001017","","Junior Pyro Pack","Junior Pyro Pack","Whitespace cleaned; uncertain abbreviations retained","Unknown","Family Pack Assortments","Unknown","Regular","Unknown","Unknown","#junior-pyro-pack-regular","/Volumes/FACUNDO/Rockwall fireworks/MLTX6DPJDFYX7_catalog-2026-08-16-1724.csv","514","515","515","/Volumes/FACUNDO/Rockwall fireworks/rockwall fireworks items.xlsx","Items","515","1","1","no_match","","Unknown","No sufficiently specific candidate identified in the two Dynamite catalog files."
"DMBYJ54GK3GFAH6WXUJ6V2VI","","","Ka Kaw","Ka Kaw","Whitespace cleaned; uncertain abbreviations retained","Unknown","Unknown","Unknown","Regular","Unknown","Unknown","#ka-kaw-regular","/Volumes/FACUNDO/Rockwall fireworks/MLTX6DPJDFYX7_catalog-2026-08-16-1724.csv","515","516","516","/Volumes/FACUNDO/Rockwall fireworks/rockwall fireworks items.xlsx","Items","516","1","0","no_match","","Unknown","No sufficiently specific candidate identified in the two Dynamite catalog files."
"HP6WUDDBL7N7TKZ753OPIJSA","814527200245","","Keeping It Real","Keeping It Real","Whitespace cleaned; uncertain abbreviations retained","Unknown","Unknown","Unknown","Regular","Unknown","Unknown","#keeping-it-real-regular","/Volumes/FACUNDO/Rockwall fireworks/MLTX6DPJDFYX7_catalog-2026-08-16-1724.csv","516","517","517","/Volumes/FACUNDO/Rockwall fireworks/rockwall fireworks items.xlsx","Items","517","1","1","no_match","","Unknown","No sufficiently specific candidate identified in the two Dynamite catalog files."
"CLEPS4WYDO4XJDMUPA2CKO23","193936959969","","Kids Backpack Girl an d Boys","Kids Backpack Girl an d Boys","Whitespace cleaned; uncertain abbreviations retained","Unknown","Family Pack Assortments","Unknown","Regular","Unknown","Unknown","#kids-backpack-girl-an-d-boys-regular","/Volumes/FACUNDO/Rockwall fireworks/MLTX6DPJDFYX7_catalog-2026-08-16-1724.csv","517","518","518","/Volumes/FACUNDO/Rockwall fireworks/rockwall fireworks items.xlsx","Items","518","2","1","no_match","","Unknown","No sufficiently specific candidate identified in the two Dynamite catalog files."
"QI3R6QYYRQTBZYVBWLC7HM56","8052530044315","","Kids Backpack Girl an d Boys","Kids Backpack Girl an d Boys","Whitespace cleaned; uncertain abbreviations retained","Unknown","Family Pack Assortments","Unknown","Kids Bag","Kids Bag","Unknown","#kids-backpack-girl-an-d-boys-kids-bag","/Volumes/FACUNDO/Rockwall fireworks/MLTX6DPJDFYX7_catalog-2026-08-16-1724.csv","518","519","519","/Volumes/FACUNDO/Rockwall fireworks/rockwall fireworks items.xlsx","Items","519","2","1","no_match","","Unknown","No sufficiently specific candidate identified in the two Dynamite catalog files."
"LRWLP66BQSB3PJEXKSCASG2E","705108003402","","Kids Fun Assortment Pack","Kids Fun Assortment Pack","Whitespace cleaned; uncertain abbreviations retained","Unknown","Unknown","Unknown","Regular","Unknown","Unknown","#kids-fun-assortment-pack-regular","/Volumes/FACUNDO/Rockwall fireworks/MLTX6DPJDFYX7_catalog-2026-08-16-1724.csv","519","520","520","/Volumes/FACUNDO/Rockwall fireworks/rockwall fireworks items.xlsx","Items","520","1","1","no_match","","Unknown","No sufficiently specific candidate identified in the two Dynamite catalog files."
"QKRK7IYAFXKSB4YNKICGHL7J","715244001705","","Kids Pack Family Pack","Kids Pack Family Pack","Whitespace cleaned; uncertain abbreviations retained","Unknown","Family Pack Assortments","Unknown","Regular","Unknown","Unknown","#kids-pack-family-pack-regular","/Volumes/FACUNDO/Rockwall fireworks/MLTX6DPJDFYX7_catalog-2026-08-16-1724.csv","520","521","521","/Volumes/FACUNDO/Rockwall fireworks/rockwall fireworks items.xlsx","Items","521","1","1","no_match","","Unknown","No sufficiently specific candidate identified in the two Dynamite catalog files."
"BZP7WM6U5DGAMNC6KELDK7KF","816597940465","","Killer Bee","Killer Bee","Whitespace cleaned; uncertain abbreviations retained","Unknown","Unknown","Unknown","Regular","Unknown","Unknown","#killer-bee-regular","/Volumes/FACUNDO/Rockwall fireworks/MLTX6DPJDFYX7_catalog-2026-08-16-1724.csv","521","522","522","/Volumes/FACUNDO/Rockwall fireworks/rockwall fireworks items.xlsx","Items","522","1","1","no_match","","Unknown","No sufficiently specific candidate identified in the two Dynamite catalog files."
"ECRRSP2ZMN4T7UNEMZ4BZFUH","","612005102001","Killer Bee/Cuckoo","Killer Bee/Cuckoo","Whitespace cleaned; uncertain abbreviations retained","Unknown","Fountains","Unknown","Regular","Unknown","Unknown","#killer-bee-cuckoo-regular","/Volumes/FACUNDO/Rockwall fireworks/MLTX6DPJDFYX7_catalog-2026-08-16-1724.csv","522","523","523","/Volumes/FACUNDO/Rockwall fireworks/rockwall fireworks items.xlsx","Items","523","1","0","no_match","","Unknown","No sufficiently specific candidate identified in the two Dynamite catalog files."
"GN6GTM3R7RHZGWD5MT7VVRG4","816597940458","","Killerbee","Killerbee","Whitespace cleaned; uncertain abbreviations retained","Unknown","Unknown","Unknown","Regular","Unknown","Unknown","#killerbee-regular","/Volumes/FACUNDO/Rockwall fireworks/MLTX6DPJDFYX7_catalog-2026-08-16-1724.csv","523","524","524","/Volumes/FACUNDO/Rockwall fireworks/rockwall fireworks items.xlsx","Items","524","1","1","no_match","","Unknown","No sufficiently specific candidate identified in the two Dynamite catalog files."
"OMGMX6DJTL7HV73NBAQWE5BL","","690151170174","King Bird 500ct roll","King Bird 500ct roll","Whitespace cleaned; uncertain abbreviations retained","Unknown","Unknown","Unknown","Regular","Unknown","500ct","#king-bird-500ct-roll-regular","/Volumes/FACUNDO/Rockwall fireworks/MLTX6DPJDFYX7_catalog-2026-08-16-1724.csv","524","525","525","/Volumes/FACUNDO/Rockwall fireworks/rockwall fireworks items.xlsx","Items","525","1","0","no_match","","Unknown","No sufficiently specific candidate identified in the two Dynamite catalog files."
"PWYZQFTHJFKS7DQI5MFQSDSU","757201624015","","King Dragon 6"" Artillery Shells 24 pack","King Dragon 6"" Artillery Shells 24 pack","Whitespace cleaned; uncertain abbreviations retained","Unknown","24 Pack Artillery Shells 6""","Unknown","Regular","Unknown","6"" | 24 pack","#king-dragon-6-artillery-shells-24-pack-regular","/Volumes/FACUNDO/Rockwall fireworks/MLTX6DPJDFYX7_catalog-2026-08-16-1724.csv","525","526","526","/Volumes/FACUNDO/Rockwall fireworks/rockwall fireworks items.xlsx","Items","526","1","1","no_match","","Unknown","No sufficiently specific candidate identified in the two Dynamite catalog files."
"RA4VSFNKBR2CEE73XSVYKDAB","814527311613","","Kiss Of The Dead Fountain","Kiss Of The Dead Fountain","Whitespace cleaned; uncertain abbreviations retained","Unknown","Fountains","Unknown","Regular","Unknown","Unknown","#kiss-of-the-dead-fountain-regular","/Volumes/FACUNDO/Rockwall fireworks/MLTX6DPJDFYX7_catalog-2026-08-16-1724.csv","526","527","527","/Volumes/FACUNDO/Rockwall fireworks/rockwall fireworks items.xlsx","Items","527","1","1","no_match","","Unknown","No sufficiently specific candidate identified in the two Dynamite catalog files."
"2EIQZBY4IHX6J4BPEZ2XX2GS","757202119619","","Knight Rider 96 Shot Fiesta","Knight Rider 96 Shot Fiesta","Whitespace cleaned; uncertain abbreviations retained","Unknown","Unknown","Unknown","Regular","Unknown","96 Shot","#knight-rider-96-shot-fiesta-regular","/Volumes/FACUNDO/Rockwall fireworks/MLTX6DPJDFYX7_catalog-2026-08-16-1724.csv","527","528","528","/Volumes/FACUNDO/Rockwall fireworks/rockwall fireworks items.xlsx","Items","528","1","1","no_match","","Unknown","Square Knight Rider 96 Shot Fiesta resembles approved Night Rider 96 Shot Monkey Mania, but brand/name difference remains unresolved; existing item preserved, no duplicate imported."
"X5O47VHFJNLVVTMJW4FUZ5UB","687985429417","","Krakatoa Fountain","Krakatoa Fountain","Whitespace cleaned; uncertain abbreviations retained","Unknown","Fountains","Unknown","Regular","Unknown","Unknown","#krakatoa-fountain-regular","/Volumes/FACUNDO/Rockwall fireworks/MLTX6DPJDFYX7_catalog-2026-08-16-1724.csv","528","529","529","/Volumes/FACUNDO/Rockwall fireworks/rockwall fireworks items.xlsx","Items","529","1","1","no_match","","Unknown","No sufficiently specific candidate identified in the two Dynamite catalog files."
"Q5HH6SPCEJBA62VMBYKNGSOV","8052531605126","","Lady Bugs-3 Pk","Lady Bugs-3 Pk","Whitespace cleaned; uncertain abbreviations retained","Unknown","Unknown","Unknown","Regular","Unknown","Unknown","#lady-bugs-3-pk-regular","/Volumes/FACUNDO/Rockwall fireworks/MLTX6DPJDFYX7_catalog-2026-08-16-1724.csv","529","530","530","/Volumes/FACUNDO/Rockwall fireworks/rockwall fireworks items.xlsx","Items","530","2","1","probable","","products.json[96] Lady Bugs / Brothers / products/lady-bugs.png","Name identifies a candidate only; manufacturer and exact presentation have not been established."
"UNM6M7P645DLCLTNLXP5OQJ4","687985503520","","Lady Bugs-3 Pk","Lady Bugs-3 Pk","Whitespace cleaned; uncertain abbreviations retained","Unknown","Unknown","Unknown","Lady Bug 2","Lady Bug 2","Unknown","#lady-bugs-3-pk-lady-bug-2","/Volumes/FACUNDO/Rockwall fireworks/MLTX6DPJDFYX7_catalog-2026-08-16-1724.csv","530","531","531","/Volumes/FACUNDO/Rockwall fireworks/rockwall fireworks items.xlsx","Items","531","2","1","probable","","products.json[96] Lady Bugs / Brothers / products/lady-bugs.png","Name identifies a candidate only; manufacturer and exact presentation have not been established."
"FXAWO2ORUEY3N7AYTOIPM244","132190190015","","Ladybug","Ladybug","Whitespace cleaned; uncertain abbreviations retained","Unknown","Unknown","Unknown","Regular","Unknown","Unknown","#ladybug-regular","/Volumes/FACUNDO/Rockwall fireworks/MLTX6DPJDFYX7_catalog-2026-08-16-1724.csv","531","532","532","/Volumes/FACUNDO/Rockwall fireworks/rockwall fireworks items.xlsx","Items","532","1","1","probable","","products.json[96] Lady Bugs / Brothers / products/lady-bugs.png","Name identifies a candidate only; manufacturer and exact presentation have not been established."
"OBPFIRSKYIEBMVW777KGEAUA","887946030052","","Ladybugs","Ladybugs","Whitespace cleaned; uncertain abbreviations retained","Unknown","Unknown","Unknown","Regular","Unknown","Unknown","#ladybugs-regular","/Volumes/FACUNDO/Rockwall fireworks/MLTX6DPJDFYX7_catalog-2026-08-16-1724.csv","532","533","533","/Volumes/FACUNDO/Rockwall fireworks/rockwall fireworks items.xlsx","Items","533","1","1","probable","","products.json[96] Lady Bugs / Brothers / products/lady-bugs.png","Name identifies a candidate only; manufacturer and exact presentation have not been established."
"TSVQXFSUPJ6YFG3POYTTB6UR","821611108035","","Ladybugs 3pk","Ladybugs 3pk","Whitespace cleaned; uncertain abbreviations retained","Unknown","Unknown","Unknown","Regular","Unknown","Unknown","#ladybugs-3pk-regular","/Volumes/FACUNDO/Rockwall fireworks/MLTX6DPJDFYX7_catalog-2026-08-16-1724.csv","533","534","534","/Volumes/FACUNDO/Rockwall fireworks/rockwall fireworks items.xlsx","Items","534","1","1","probable","","products.json[96] Lady Bugs / Brothers / products/lady-bugs.png","Name identifies a candidate only; manufacturer and exact presentation have not been established."
"XZN7DKWNDG3J6PTPAD2S5X2W","757202400021","","Land Of Free Artillery Shells 36 Shells/54 Breaks","Land Of Free Artillery Shells 36 Shells/54 Breaks","Whitespace cleaned; uncertain abbreviations retained","Unknown","Artillery Packs MultiShell MultiBreaks","Unknown","Regular","Unknown","36 Shells | 54 Breaks","#land-of-free-artillery-shells-36-shells-54-breaks-regular","/Volumes/FACUNDO/Rockwall fireworks/MLTX6DPJDFYX7_catalog-2026-08-16-1724.csv","534","535","535","/Volumes/FACUNDO/Rockwall fireworks/rockwall fireworks items.xlsx","Items","535","1","1","probable","","products.json[59] The Land of the Free / Monkey Mania / /products/land-of-the-free.png","Name identifies a candidate only; manufacturer and exact presentation have not been established."
"5PZUSQXRNXS7BQS5NFUUIQSE","753321710454","","Lantern Fountain","Lantern Fountain","Whitespace cleaned; uncertain abbreviations retained","Unknown","Fountains","Unknown","Regular","Unknown","Unknown","#lantern-fountain-regular","/Volumes/FACUNDO/Rockwall fireworks/MLTX6DPJDFYX7_catalog-2026-08-16-1724.csv","535","536","536","/Volumes/FACUNDO/Rockwall fireworks/rockwall fireworks items.xlsx","Items","536","1","1","no_match","","Unknown","No sufficiently specific candidate identified in the two Dynamite catalog files."
"3EEWE3FYRYUDB6PR7KTM2HCK","943100700107","","Large Tank. 2 Pcs","Large Tank. 2 Pcs","Whitespace cleaned; uncertain abbreviations retained","Unknown","Unknown","Unknown","Regular","Unknown","2 Pcs","#large-tank-2-pcs-regular","/Volumes/FACUNDO/Rockwall fireworks/MLTX6DPJDFYX7_catalog-2026-08-16-1724.csv","536","537","537","/Volumes/FACUNDO/Rockwall fireworks/rockwall fireworks items.xlsx","Items","537","1","1","no_match","","Unknown","No sufficiently specific candidate identified in the two Dynamite catalog files."
"4GI5LHY7Q6XWJEL5UGID7TZC","841527142015","","Laser Show","Laser Show","Whitespace cleaned; uncertain abbreviations retained","Unknown","Unknown","Unknown","Regular","Unknown","Unknown","#laser-show-regular","/Volumes/FACUNDO/Rockwall fireworks/MLTX6DPJDFYX7_catalog-2026-08-16-1724.csv","537","538","538","/Volumes/FACUNDO/Rockwall fireworks/rockwall fireworks items.xlsx","Items","538","1","1","no_match","","Unknown","No sufficiently specific candidate identified in the two Dynamite catalog files."
"XV7KE6QBZI7WEMU4JOBKEQJ2","757201324052","","Let Freedom Ring 5"" Artillery Shells 24 pack","Let Freedom Ring 5"" Artillery Shells 24 pack","Whitespace cleaned; uncertain abbreviations retained","Unknown","24 Pack Canister Artillery Shells 5 INCH","Unknown","Regular","Unknown","5"" | 24 pack","#let-freedom-ring-5-artillery-shells-24-pack-regular","/Volumes/FACUNDO/Rockwall fireworks/MLTX6DPJDFYX7_catalog-2026-08-16-1724.csv","538","539","539","/Volumes/FACUNDO/Rockwall fireworks/rockwall fireworks items.xlsx","Items","539","1","1","no_match","","Unknown","No sufficiently specific candidate identified in the two Dynamite catalog files."
"CZJ7INCFGQDXNS7QLTRFONXQ","757202300024","","Lets Celebrate Assortment Pack Monkey Mania","Let’s Celebrate","Reviewed commercial name; specifications retained separately","Monkey Mania","Family Pack Assortments","Assortments","Regular","Assortment pack","Unknown","#lets-celebrate-assortment-pack-monkey-mania-regular","/Volumes/FACUNDO/Rockwall fireworks/MLTX6DPJDFYX7_catalog-2026-08-16-1724.csv","539","540","540","/Volumes/FACUNDO/Rockwall fireworks/rockwall fireworks items.xlsx","Items","540","1","1","confirmed","lets-celebrate","products.json[55] Let's Celebrate / Monkey Mania / /products/let's-celebrate.png","Square explicitly names Monkey Mania and assortment pack; source name, brand and photographed assortment agree."
"BMPHOHCUPLEU37EOBN6ERLMH","8145270160510","","Liberty Artillery (12 pcs)","Liberty Artillery (12 pcs)","Whitespace cleaned; uncertain abbreviations retained","Unknown","Artillery/Festival Balls","Unknown","Regular","Unknown","12 pcs","#liberty-artillery-12-pcs--regular","/Volumes/FACUNDO/Rockwall fireworks/MLTX6DPJDFYX7_catalog-2026-08-16-1724.csv","540","541","541","/Volumes/FACUNDO/Rockwall fireworks/rockwall fireworks items.xlsx","Items","541","1","1","no_match","","Unknown","No sufficiently specific candidate identified in the two Dynamite catalog files."
"GP4VTTYIGJ6FXPLM52AVKSEX","687985245314","","Light Bergade","Light Bergade","Whitespace cleaned; uncertain abbreviations retained","Unknown","Unknown","Unknown","Regular","Unknown","Unknown","#light-bergade-regular","/Volumes/FACUNDO/Rockwall fireworks/MLTX6DPJDFYX7_catalog-2026-08-16-1724.csv","541","542","542","/Volumes/FACUNDO/Rockwall fireworks/rockwall fireworks items.xlsx","Items","542","1","1","no_match","","Unknown","No sufficiently specific candidate identified in the two Dynamite catalog files."
"PLXKY7XP7HIFWURQKCXESCDY","849107066003","","Light Force","Light Force","Whitespace cleaned; uncertain abbreviations retained","Unknown","Unknown","Unknown","Regular","Unknown","Unknown","#light-force-regular","/Volumes/FACUNDO/Rockwall fireworks/MLTX6DPJDFYX7_catalog-2026-08-16-1724.csv","542","543","543","/Volumes/FACUNDO/Rockwall fireworks/rockwall fireworks items.xlsx","Items","543","1","1","no_match","","Unknown","No sufficiently specific candidate identified in the two Dynamite catalog files."
"VCUKBUQFGBHITI5MGJF2ATJD","201207210883","","Light Sabber","Light Sabber","Whitespace cleaned; uncertain abbreviations retained","Unknown","Unknown","Unknown","Regular","Unknown","Unknown","#light-sabber-regular","/Volumes/FACUNDO/Rockwall fireworks/MLTX6DPJDFYX7_catalog-2026-08-16-1724.csv","543","544","544","/Volumes/FACUNDO/Rockwall fireworks/rockwall fireworks items.xlsx","Items","544","1","1","no_match","","Unknown","No sufficiently specific candidate identified in the two Dynamite catalog files."
"PI624V7CGZSW6BMHCLL66ANX","201207210807","","Light Saber","Light Saber","Whitespace cleaned; uncertain abbreviations retained","Unknown","Unknown","Unknown","Regular","Unknown","Unknown","#light-saber-regular","/Volumes/FACUNDO/Rockwall fireworks/MLTX6DPJDFYX7_catalog-2026-08-16-1724.csv","544","545","545","/Volumes/FACUNDO/Rockwall fireworks/rockwall fireworks items.xlsx","Items","545","1","1","no_match","","Unknown","No sufficiently specific candidate identified in the two Dynamite catalog files."
"TRDQTM43H6XJ7JTOME3ED7FC","","","Lightning Strike 500 Gram","Lightning Strike 500 Gram","Whitespace cleaned; uncertain abbreviations retained","Unknown","500 GRAM FINALE","Unknown","Regular","Unknown","500 Gram","#lightning-strike-500-gram-regular","/Volumes/FACUNDO/Rockwall fireworks/MLTX6DPJDFYX7_catalog-2026-08-16-1724.csv","545","546","546","/Volumes/FACUNDO/Rockwall fireworks/rockwall fireworks items.xlsx","Items","546","2","0","no_match","","Unknown","No sufficiently specific candidate identified in the two Dynamite catalog files."
"FUFWY64SEL3Y52JVLL2IP6O4","757201536387","","Lightning Strike 500 Gram","Lightning Strike 500 Gram","Whitespace cleaned; uncertain abbreviations retained","Unknown","500 GRAM FINALE","Unknown","Regular","Unknown","500 Gram","#lightning-strike-500-gram-1-regular","/Volumes/FACUNDO/Rockwall fireworks/MLTX6DPJDFYX7_catalog-2026-08-16-1724.csv","546","547","547","/Volumes/FACUNDO/Rockwall fireworks/rockwall fireworks items.xlsx","Items","547","2","1","no_match","","Unknown","No sufficiently specific candidate identified in the two Dynamite catalog files."
"M7GH3VKDSETMT54262ZWTB7W","","805253438415","Line of Duty","Line of Duty","Whitespace cleaned; uncertain abbreviations retained","Unknown","Unknown","Unknown","Regular","Unknown","Unknown","#line-of-duty-regular","/Volumes/FACUNDO/Rockwall fireworks/MLTX6DPJDFYX7_catalog-2026-08-16-1724.csv","547","548","548","/Volumes/FACUNDO/Rockwall fireworks/rockwall fireworks items.xlsx","Items","548","1","0","no_match","","Unknown","No sufficiently specific candidate identified in the two Dynamite catalog files."
"63X5ZTQYID5MAA2WEKPI7PEC","805253131064","","Loyal To None 500 Gram","Loyal To None 500 Gram","Whitespace cleaned; uncertain abbreviations retained","Unknown","500 GRAM FINALE","Unknown","Regular","Unknown","500 Gram","#loyal-to-none-500-gram-regular","/Volumes/FACUNDO/Rockwall fireworks/MLTX6DPJDFYX7_catalog-2026-08-16-1724.csv","548","549","549","/Volumes/FACUNDO/Rockwall fireworks/rockwall fireworks items.xlsx","Items","549","2","1","no_match","","Unknown","No sufficiently specific candidate identified in the two Dynamite catalog files."
"VMYN6UPNN3KN2G2KWMHQSAU3","8052531312116","","Loyal To None 500 Gram","Loyal To None 500 Gram","Whitespace cleaned; uncertain abbreviations retained","Unknown","500 GRAM FINALE","Unknown","Regular","Unknown","500 Gram","#loyal-to-none-500-gram-1-regular","/Volumes/FACUNDO/Rockwall fireworks/MLTX6DPJDFYX7_catalog-2026-08-16-1724.csv","549","550","550","/Volumes/FACUNDO/Rockwall fireworks/rockwall fireworks items.xlsx","Items","550","2","1","no_match","","Unknown","No sufficiently specific candidate identified in the two Dynamite catalog files."
"DM4RMWLVBBUGLXYFTBGIJX3N","705108602063","705108602063","Lucky Streak","Lucky Streak","Whitespace cleaned; uncertain abbreviations retained","Unknown","Unknown","Unknown","Regular","Unknown","Unknown","#lucky-streak-regular","/Volumes/FACUNDO/Rockwall fireworks/MLTX6DPJDFYX7_catalog-2026-08-16-1724.csv","550","551","551","/Volumes/FACUNDO/Rockwall fireworks/rockwall fireworks items.xlsx","Items","551","1","1","no_match","","Unknown","No sufficiently specific candidate identified in the two Dynamite catalog files."
"B6MEMAN2F7QOS724HQMX2VKA","687985003938","","M- Firecracker","M- Firecracker","Whitespace cleaned; uncertain abbreviations retained","Unknown","Unknown","Unknown","Regular","Unknown","Unknown","#m-firecracker-regular","/Volumes/FACUNDO/Rockwall fireworks/MLTX6DPJDFYX7_catalog-2026-08-16-1724.csv","551","552","552","/Volumes/FACUNDO/Rockwall fireworks/rockwall fireworks items.xlsx","Items","552","1","1","no_match","","Unknown","No sufficiently specific candidate identified in the two Dynamite catalog files."
"QPUT43JR5KAG6XLZUI3INWCD","851866115410","","M-1000 12 Pk","M-1000 12 Pk","Whitespace cleaned; uncertain abbreviations retained","Unknown","Unknown","Unknown","Regular","Unknown","Unknown","#m-1000-12-pk-regular","/Volumes/FACUNDO/Rockwall fireworks/MLTX6DPJDFYX7_catalog-2026-08-16-1724.csv","552","553","553","/Volumes/FACUNDO/Rockwall fireworks/rockwall fireworks items.xlsx","Items","553","1","1","no_match","","Unknown","No sufficiently specific candidate identified in the two Dynamite catalog files."
"X7P67M6U25SNAVKSLJSSR6XU","715244001170","","M-150BlackCat 12 ct.   BOGO $6.00 TOTAL","M-150BlackCat 12 ct. $6.00 TOTAL","Whitespace cleaned; historical BOGO marker removed from display name only","Unknown","Unknown","Unknown","Regular","Unknown","12 ct","#m-150blackcat-12-ct-bogo-6-00-total-regular","/Volumes/FACUNDO/Rockwall fireworks/MLTX6DPJDFYX7_catalog-2026-08-16-1724.csv","553","554","554","/Volumes/FACUNDO/Rockwall fireworks/rockwall fireworks items.xlsx","Items","554","1","1","no_match","","Unknown","No sufficiently specific candidate identified in the two Dynamite catalog files."
"33DEEREZKI62DJXZO7UKLFFK","816597923727","","M-200 Salute","M-200 Salute","Whitespace cleaned; uncertain abbreviations retained","Unknown","Unknown","Unknown","Regular","Unknown","Unknown","#m-200-salute-regular","/Volumes/FACUNDO/Rockwall fireworks/MLTX6DPJDFYX7_catalog-2026-08-16-1724.csv","554","555","555","/Volumes/FACUNDO/Rockwall fireworks/rockwall fireworks items.xlsx","Items","555","1","1","no_match","","Unknown","No sufficiently specific candidate identified in the two Dynamite catalog files."
"BRJJ5AYGIIXJVXDAM3MSGXVS","8052530020210","","M-5000 36pc","M-5000 36pc","Whitespace cleaned; uncertain abbreviations retained","Unknown","Unknown","Unknown","Regular","Unknown","36pc","#m-5000-36pc-regular","/Volumes/FACUNDO/Rockwall fireworks/MLTX6DPJDFYX7_catalog-2026-08-16-1724.csv","555","556","556","/Volumes/FACUNDO/Rockwall fireworks/rockwall fireworks items.xlsx","Items","556","1","1","no_match","","Unknown","No sufficiently specific candidate identified in the two Dynamite catalog files."
"WXWPSN4ND2Z3WGEC2GAJCWE6","8052530020319","","M-5000 Salute Cracker 12 pcs BOGO","M-5000 Salute Cracker 12 pcs","Whitespace cleaned; historical BOGO marker removed from display name only","Unknown","Unknown","Unknown","Regular","Unknown","12 pcs","#m-5000-salute-cracker-12-pcs-bogo-regular","/Volumes/FACUNDO/Rockwall fireworks/MLTX6DPJDFYX7_catalog-2026-08-16-1724.csv","556","557","557","/Volumes/FACUNDO/Rockwall fireworks/rockwall fireworks items.xlsx","Items","557","1","1","no_match","","Unknown","No sufficiently specific candidate identified in the two Dynamite catalog files."
"3NQOHAQKGQEEURIQHZHJ4DRU","8145270103616","","M-5000 Salute Crackers","M-5000 Salute Crackers","Whitespace cleaned; uncertain abbreviations retained","Unknown","Unknown","Unknown","Regular","Unknown","Unknown","#m-5000-salute-crackers-regular","/Volumes/FACUNDO/Rockwall fireworks/MLTX6DPJDFYX7_catalog-2026-08-16-1724.csv","557","558","558","/Volumes/FACUNDO/Rockwall fireworks/rockwall fireworks items.xlsx","Items","558","1","1","no_match","","Unknown","No sufficiently specific candidate identified in the two Dynamite catalog files."
"WAREXJ2FSP76WHLIUSUS2B44","851866091479","","M-60 Firecrackers","M-60 Firecrackers","Whitespace cleaned; uncertain abbreviations retained","Unknown","Unknown","Unknown","Regular","Unknown","Unknown","#m-60-firecrackers-regular","/Volumes/FACUNDO/Rockwall fireworks/MLTX6DPJDFYX7_catalog-2026-08-16-1724.csv","558","559","559","/Volumes/FACUNDO/Rockwall fireworks/rockwall fireworks items.xlsx","Items","559","1","1","no_match","","Unknown","No sufficiently specific candidate identified in the two Dynamite catalog files."
"HGMXNTVC7ZU4LQK4OWFPHQBW","715244003501","","M-85 Tank Black Cat","M-85 Tank Black Cat","Whitespace cleaned; uncertain abbreviations retained","Black Cat","Unknown","Unknown","Regular","Unknown","Unknown","#m-85-tank-black-cat-regular","/Volumes/FACUNDO/Rockwall fireworks/MLTX6DPJDFYX7_catalog-2026-08-16-1724.csv","559","560","560","/Volumes/FACUNDO/Rockwall fireworks/rockwall fireworks items.xlsx","Items","560","1","1","no_match","","Unknown","No sufficiently specific candidate identified in the two Dynamite catalog files."
"VNSBHW2JFT7YH7Z45FOYZXPC","687985712700","","M1 Abrams","M1 Abrams","Whitespace cleaned; uncertain abbreviations retained","Unknown","Unknown","Unknown","Regular","Unknown","Unknown","#m1-abrams-regular","/Volumes/FACUNDO/Rockwall fireworks/MLTX6DPJDFYX7_catalog-2026-08-16-1724.csv","560","561","561","/Volumes/FACUNDO/Rockwall fireworks/rockwall fireworks items.xlsx","Items","561","1","1","no_match","","Unknown","No sufficiently specific candidate identified in the two Dynamite catalog files."
"MYGOS6NQDT54NB7PCTWKCZ3Z","715244001149","","M150","M150","Whitespace cleaned; uncertain abbreviations retained","Unknown","Unknown","Unknown","Regular","Unknown","Unknown","#m150-regular","/Volumes/FACUNDO/Rockwall fireworks/MLTX6DPJDFYX7_catalog-2026-08-16-1724.csv","561","562","562","/Volumes/FACUNDO/Rockwall fireworks/rockwall fireworks items.xlsx","Items","562","1","1","no_match","","Unknown","No sufficiently specific candidate identified in the two Dynamite catalog files."
"IWCZSPONSC7YZZZ4ASZW7EOB","814527302710","","Machine Gun","Machine Gun","Whitespace cleaned; uncertain abbreviations retained","Unknown","Roman Candles","Unknown","Regular","Unknown","Unknown","#machine-gun-regular","/Volumes/FACUNDO/Rockwall fireworks/MLTX6DPJDFYX7_catalog-2026-08-16-1724.csv","562","563","563","/Volumes/FACUNDO/Rockwall fireworks/rockwall fireworks items.xlsx","Items","563","1","1","no_match","","Unknown","No sufficiently specific candidate identified in the two Dynamite catalog files."
"IS467D3ZI7OHYACMDLLSTIGE","715244022410","","Mad Cat Fountain","Mad Cat Fountain","Whitespace cleaned; uncertain abbreviations retained","Unknown","Fountains","Unknown","Regular","Unknown","Unknown","#mad-cat-fountain-regular","/Volumes/FACUNDO/Rockwall fireworks/MLTX6DPJDFYX7_catalog-2026-08-16-1724.csv","563","564","564","/Volumes/FACUNDO/Rockwall fireworks/rockwall fireworks items.xlsx","Items","564","1","1","no_match","","Unknown","No sufficiently specific candidate identified in the two Dynamite catalog files."
"4TG53MYUHLIM42CZSPF6DYWV","687985910908","","Maelstrom  24 Shell 6""","Maelstrom 24 Shell 6""","Whitespace cleaned; uncertain abbreviations retained","Unknown","Unknown","Unknown","Regular","Unknown","24 Shell | 6""","#maelstrom-24-shell-6--regular","/Volumes/FACUNDO/Rockwall fireworks/MLTX6DPJDFYX7_catalog-2026-08-16-1724.csv","564","565","565","/Volumes/FACUNDO/Rockwall fireworks/rockwall fireworks items.xlsx","Items","565","1","1","no_match","","Unknown","No sufficiently specific candidate identified in the two Dynamite catalog files."
"HZAI6FQNRWPH7CBFYH23JPRX","814527200436","","Mafia 200 Gram 16 Shot","Mafia 200 Gram 16 Shot","Whitespace cleaned; uncertain abbreviations retained","Unknown","Unknown","Unknown","Regular","Unknown","200 Gram | 16 Shot","#mafia-200-gram-16-shot-regular","/Volumes/FACUNDO/Rockwall fireworks/MLTX6DPJDFYX7_catalog-2026-08-16-1724.csv","565","566","566","/Volumes/FACUNDO/Rockwall fireworks/rockwall fireworks items.xlsx","Items","566","1","1","no_match","","Unknown","No sufficiently specific candidate identified in the two Dynamite catalog files."
"RSRJ5PRTCUG52YISOMQOF4VO","705108700714","","Magic Bunny_BOGO","Magic Bunny_BOGO","Whitespace cleaned; uncertain abbreviations retained","Unknown","Unknown","Unknown","Regular","Unknown","Unknown","#magic-bunny_bogo-regular","/Volumes/FACUNDO/Rockwall fireworks/MLTX6DPJDFYX7_catalog-2026-08-16-1724.csv","566","567","567","/Volumes/FACUNDO/Rockwall fireworks/rockwall fireworks items.xlsx","Items","567","1","1","no_match","","Unknown","No sufficiently specific candidate identified in the two Dynamite catalog files."
"XIZ5ULSCWUKFNWGTUJN7RBC7","287985242216","","Magic Carpet 200g","Magic Carpet 200g","Whitespace cleaned; uncertain abbreviations retained","Unknown","Unknown","Unknown","Regular","Unknown","200g","#magic-carpet-200g-regular","/Volumes/FACUNDO/Rockwall fireworks/MLTX6DPJDFYX7_catalog-2026-08-16-1724.csv","567","568","568","/Volumes/FACUNDO/Rockwall fireworks/rockwall fireworks items.xlsx","Items","568","1","1","no_match","","Unknown","No sufficiently specific candidate identified in the two Dynamite catalog files."
"DNK6Z7PLBHKQRMCA3SSJLZ3T","687985502820","","Magic Crystal","Magic Crystal","Whitespace cleaned; uncertain abbreviations retained","Unknown","Unknown","Unknown","Regular","Unknown","Unknown","#magic-crystal-regular","/Volumes/FACUNDO/Rockwall fireworks/MLTX6DPJDFYX7_catalog-2026-08-16-1724.csv","568","569","569","/Volumes/FACUNDO/Rockwall fireworks/rockwall fireworks items.xlsx","Items","569","1","1","no_match","","Unknown","No sufficiently specific candidate identified in the two Dynamite catalog files."
"DNDROXQ36U2E6P3ESPN3OFYO","8145270245514","","Magic Eye 42 Shot","Magic Eye 42 Shot","Whitespace cleaned; uncertain abbreviations retained","Unknown","Unknown","Unknown","Regular","Unknown","42 Shot","#magic-eye-42-shot-regular","/Volumes/FACUNDO/Rockwall fireworks/MLTX6DPJDFYX7_catalog-2026-08-16-1724.csv","569","570","570","/Volumes/FACUNDO/Rockwall fireworks/rockwall fireworks items.xlsx","Items","570","1","1","no_match","","Unknown","No sufficiently specific candidate identified in the two Dynamite catalog files."
"G74C3PQXCCIBCMYS72BLUZYP","757205301745","","Magic Light","Magic Light","Whitespace cleaned; uncertain abbreviations retained","Unknown","Unknown","Unknown","Regular","Unknown","Unknown","#magic-light-regular","/Volumes/FACUNDO/Rockwall fireworks/MLTX6DPJDFYX7_catalog-2026-08-16-1724.csv","570","571","571","/Volumes/FACUNDO/Rockwall fireworks/rockwall fireworks items.xlsx","Items","571","1","1","no_match","","Unknown","No sufficiently specific candidate identified in the two Dynamite catalog files."
"LSG5WQCGT6ZAPEYBEPB25DRC","","8145270120521","Magic Sky","Magic Sky","Whitespace cleaned; uncertain abbreviations retained","Unknown","Unknown","Unknown","Regular","Unknown","Unknown","#magic-sky-regular","/Volumes/FACUNDO/Rockwall fireworks/MLTX6DPJDFYX7_catalog-2026-08-16-1724.csv","571","572","572","/Volumes/FACUNDO/Rockwall fireworks/rockwall fireworks items.xlsx","Items","572","1","0","no_match","","Unknown","No sufficiently specific candidate identified in the two Dynamite catalog files."
"YM3NLUUHT3EWEGLHTFGS5RBM","","000000339162","Magic Wands","Magic Wands","Whitespace cleaned; uncertain abbreviations retained","Unknown","Unknown","Unknown","Regular","Unknown","Unknown","#magic-wands-regular","/Volumes/FACUNDO/Rockwall fireworks/MLTX6DPJDFYX7_catalog-2026-08-16-1724.csv","572","573","573","/Volumes/FACUNDO/Rockwall fireworks/rockwall fireworks items.xlsx","Items","573","1","0","no_match","","Unknown","No sufficiently specific candidate identified in the two Dynamite catalog files."
"ELISRVGSZLOV7VVRCNLZLY5O","715244064120","","Magical Garage 100 shot","Magical Garage 100 shot","Whitespace cleaned; uncertain abbreviations retained","Unknown","Unknown","Unknown","Regular","Unknown","100 shot","#magical-garage-100-shot-regular","/Volumes/FACUNDO/Rockwall fireworks/MLTX6DPJDFYX7_catalog-2026-08-16-1724.csv","573","574","574","/Volumes/FACUNDO/Rockwall fireworks/rockwall fireworks items.xlsx","Items","574","1","1","no_match","","Unknown","No sufficiently specific candidate identified in the two Dynamite catalog files."
"2LT37G7DBZSXXTSZOJEXGBDM","6801490056874","","Magical Shots Barrage 100 Shot","Magical Shots Barrage 100 Shot","Whitespace cleaned; uncertain abbreviations retained","Unknown","Unknown","Unknown","Regular","Unknown","100 Shot","#magical-shots-barrage-100-shot-regular","/Volumes/FACUNDO/Rockwall fireworks/MLTX6DPJDFYX7_catalog-2026-08-16-1724.csv","574","575","575","/Volumes/FACUNDO/Rockwall fireworks/rockwall fireworks items.xlsx","Items","575","1","1","no_match","","Unknown","No sufficiently specific candidate identified in the two Dynamite catalog files."
"BATDQ2BB2DBWSRLIYDMUHFPI","757201572064","","Magnum Tremors","Magnum Tremors","Whitespace cleaned; uncertain abbreviations retained","Unknown","9-SHOT 500 GRAM RACKS","Unknown","Regular","Unknown","Unknown","#magnum-tremors-regular","/Volumes/FACUNDO/Rockwall fireworks/MLTX6DPJDFYX7_catalog-2026-08-16-1724.csv","575","576","576","/Volumes/FACUNDO/Rockwall fireworks/rockwall fireworks items.xlsx","Items","576","1","1","no_match","","Unknown","No sufficiently specific candidate identified in the two Dynamite catalog files."
"QHR2H5KR63JK43L2NX2HHNCI","","805253396814","Major Mojo Family Pack","Major Mojo Family Pack","Whitespace cleaned; uncertain abbreviations retained","Unknown","Family Pack Assortments","Unknown","Regular","Unknown","Unknown","#major-mojo-family-pack-regular","/Volumes/FACUNDO/Rockwall fireworks/MLTX6DPJDFYX7_catalog-2026-08-16-1724.csv","576","577","577","/Volumes/FACUNDO/Rockwall fireworks/rockwall fireworks items.xlsx","Items","577","1","0","no_match","","Unknown","No sufficiently specific candidate identified in the two Dynamite catalog files."
"JN7TQYKX5GLXNYUYEFUJVRHO","705108550210","","Make America Great Again 500 Gram","Make America Great Again","Reviewed commercial name; specifications retained separately","Winda","500 GRAM FINALE","Cakes","Regular","500 gram","500 Gram","#make-america-great-again-500-gram-regular","/Volumes/FACUNDO/Rockwall fireworks/MLTX6DPJDFYX7_catalog-2026-08-16-1724.csv","577","578","578","/Volumes/FACUNDO/Rockwall fireworks/rockwall fireworks items.xlsx","Items","578","1","1","confirmed","make-america-great-again","products.json[160] Make America Great Again / Winda / /products/make-america-great-again.png","Distinctive name and 500-gram cake category agree between Square and photographed Winda package."
"R3E444VOODWZJ3YN4WLMQE5M","943100700046","","Mammoth Smoke","Mammoth Smoke","Whitespace cleaned; uncertain abbreviations retained","Unknown","Unknown","Unknown","Regular","Unknown","Unknown","#mammoth-smoke-regular","/Volumes/FACUNDO/Rockwall fireworks/MLTX6DPJDFYX7_catalog-2026-08-16-1724.csv","578","579","579","/Volumes/FACUNDO/Rockwall fireworks/rockwall fireworks items.xlsx","Items","579","1","1","no_match","","Unknown","No sufficiently specific candidate identified in the two Dynamite catalog files."
"3XD2NWMYF7T7SYWH6ZXIRL6C","705108552702","","Man Cave 500G","Man Cave","Reviewed commercial name; specifications retained separately","Winda","Unknown","Cakes","Regular","500 gram","500G","#man-cave-500g-regular","/Volumes/FACUNDO/Rockwall fireworks/MLTX6DPJDFYX7_catalog-2026-08-16-1724.csv","579","580","580","/Volumes/FACUNDO/Rockwall fireworks/rockwall fireworks items.xlsx","Items","580","1","1","confirmed","man-cave","products.json[161] Man Cave / Winda / /products/man-cave.png","Name and 500-gram cake category agree between Square and photographed Winda package."
"Q55HTE45LQTGDHAPZE5PBSHG","043100700128","","Mardigrais","Mardigrais","Whitespace cleaned; uncertain abbreviations retained","Unknown","Unknown","Unknown","Regular","Unknown","Unknown","#mardigrais-regular","/Volumes/FACUNDO/Rockwall fireworks/MLTX6DPJDFYX7_catalog-2026-08-16-1724.csv","580","581","581","/Volumes/FACUNDO/Rockwall fireworks/rockwall fireworks items.xlsx","Items","581","1","1","no_match","","Unknown","No sufficiently specific candidate identified in the two Dynamite catalog files."
"5JPUFA6DW2VVHUQEXK7JAJC3","715244065356","","Mass Confusion 500G 45 Shot","Mass Confusion 500G 45 Shot","Whitespace cleaned; uncertain abbreviations retained","Unknown","Unknown","Unknown","Regular","Unknown","500G | 45 Shot","#mass-confusion-500g-45-shot-regular","/Volumes/FACUNDO/Rockwall fireworks/MLTX6DPJDFYX7_catalog-2026-08-16-1724.csv","581","582","582","/Volumes/FACUNDO/Rockwall fireworks/rockwall fireworks items.xlsx","Items","582","1","1","no_match","","Unknown","No sufficiently specific candidate identified in the two Dynamite catalog files."
"URA6MCFC6SIPCMFNC37DWJZ7","023063113241","","Mat Beast (12 pcs)","Mat Beast (12 pcs)","Whitespace cleaned; uncertain abbreviations retained","Unknown","Artillery/Festival Balls","Unknown","Regular","Unknown","12 pcs","#mat-beast-12-pcs--regular","/Volumes/FACUNDO/Rockwall fireworks/MLTX6DPJDFYX7_catalog-2026-08-16-1724.csv","582","583","583","/Volumes/FACUNDO/Rockwall fireworks/rockwall fireworks items.xlsx","Items","583","1","1","no_match","","Unknown","No sufficiently specific candidate identified in the two Dynamite catalog files."
"HGIK5WH6JXZ7ZN67PVW5BCLM","662019061016","","Max Caliber 24 Shots","Max Caliber 24 Shots","Whitespace cleaned; uncertain abbreviations retained","Unknown","Unknown","Unknown","Regular","Unknown","24 Shots","#max-caliber-24-shots-regular","/Volumes/FACUNDO/Rockwall fireworks/MLTX6DPJDFYX7_catalog-2026-08-16-1724.csv","583","584","584","/Volumes/FACUNDO/Rockwall fireworks/rockwall fireworks items.xlsx","Items","584","1","1","no_match","","Unknown","No sufficiently specific candidate identified in the two Dynamite catalog files."
"7OHLMFFWUS7NBPRKIHKWX3HX","687985121229","","Maximum Altitude","Maximum Altitude","Whitespace cleaned; uncertain abbreviations retained","Unknown","Unknown","Unknown","Regular","Unknown","Unknown","#maximum-altitude-regular","/Volumes/FACUNDO/Rockwall fireworks/MLTX6DPJDFYX7_catalog-2026-08-16-1724.csv","584","585","585","/Volumes/FACUNDO/Rockwall fireworks/rockwall fireworks items.xlsx","Items","585","1","1","no_match","","Unknown","No sufficiently specific candidate identified in the two Dynamite catalog files."
"MD45INUFCC64T2JKSK5NHQNX","687985283811","","Mechanical Bug 100 Shots","Mechanical Bug 100 Shots","Whitespace cleaned; uncertain abbreviations retained","Unknown","Unknown","Unknown","Regular","Unknown","100 Shots","#mechanical-bug-100-shots-regular","/Volumes/FACUNDO/Rockwall fireworks/MLTX6DPJDFYX7_catalog-2026-08-16-1724.csv","585","586","586","/Volumes/FACUNDO/Rockwall fireworks/rockwall fireworks items.xlsx","Items","586","1","1","no_match","","Unknown","No sufficiently specific candidate identified in the two Dynamite catalog files."
"HJH4HOGWHQBLBADRC7JH2ALP","680149048844","","Mega Black Smoke","Mega Black Smoke","Whitespace cleaned; uncertain abbreviations retained","Unknown","Unknown","Unknown","Regular","Unknown","Unknown","#mega-black-smoke-regular","/Volumes/FACUNDO/Rockwall fireworks/MLTX6DPJDFYX7_catalog-2026-08-16-1724.csv","586","587","587","/Volumes/FACUNDO/Rockwall fireworks/rockwall fireworks items.xlsx","Items","587","1","1","no_match","","Unknown","No sufficiently specific candidate identified in the two Dynamite catalog files."
"Z5MKLBVDY42ZEGMNQM634VML","821500004240","","Mega Gatling gun","Mega Gatling gun","Whitespace cleaned; uncertain abbreviations retained","Unknown","Roman Candles","Unknown","Regular","Unknown","Unknown","#mega-gatling-gun-regular","/Volumes/FACUNDO/Rockwall fireworks/MLTX6DPJDFYX7_catalog-2026-08-16-1724.csv","587","588","588","/Volumes/FACUNDO/Rockwall fireworks/rockwall fireworks items.xlsx","Items","588","2","1","probable","","products.json[91] Gatling Gun / Brothers / products/gatling-gun.png","Name identifies a candidate only; manufacturer and exact presentation have not been established."
"A3F734LVXNN23JWR536FAGGM","702367266708","","Mega Gatling gun","Mega Gatling gun","Whitespace cleaned; uncertain abbreviations retained","Unknown","Roman Candles","Unknown","gatling gun","gatling gun","Unknown","#mega-gatling-gun-gatling-gun","/Volumes/FACUNDO/Rockwall fireworks/MLTX6DPJDFYX7_catalog-2026-08-16-1724.csv","588","589","589","/Volumes/FACUNDO/Rockwall fireworks/rockwall fireworks items.xlsx","Items","589","2","1","probable","","products.json[91] Gatling Gun / Brothers / products/gatling-gun.png","Name identifies a candidate only; manufacturer and exact presentation have not been established."
"KRKT5JIOTMJLYMEFOTCJ5EIA","6510475378978","","Mega Pyro Huge Burst (6 pcs)","Mega Pyro Huge Burst (6 pcs)","Whitespace cleaned; uncertain abbreviations retained","Unknown","Artillery/Festival Balls","Unknown","Regular","Unknown","6 pcs","#mega-pyro-huge-burst-6-pcs--regular","/Volumes/FACUNDO/Rockwall fireworks/MLTX6DPJDFYX7_catalog-2026-08-16-1724.csv","589","590","590","/Volumes/FACUNDO/Rockwall fireworks/rockwall fireworks items.xlsx","Items","590","1","1","no_match","","Unknown","No sufficiently specific candidate identified in the two Dynamite catalog files."
"HQNE5XO5MPLYQSKG3O7U6WCT","757201536219","","Mega Shark","Mega Shark","Whitespace cleaned; uncertain abbreviations retained","Unknown","Unknown","Unknown","Regular","Unknown","Unknown","#mega-shark-regular","/Volumes/FACUNDO/Rockwall fireworks/MLTX6DPJDFYX7_catalog-2026-08-16-1724.csv","590","591","591","/Volumes/FACUNDO/Rockwall fireworks/rockwall fireworks items.xlsx","Items","591","1","1","no_match","","Unknown","No sufficiently specific candidate identified in the two Dynamite catalog files."
"JZSYHXE4DQ7QGMED4JK76XXM","687985260812","","Megawatt-295 Shots","Megawatt-295 Shots","Whitespace cleaned; uncertain abbreviations retained","Unknown","Unknown","Unknown","Regular","Unknown","295 Shots","#megawatt-295-shots-regular","/Volumes/FACUNDO/Rockwall fireworks/MLTX6DPJDFYX7_catalog-2026-08-16-1724.csv","591","592","592","/Volumes/FACUNDO/Rockwall fireworks/rockwall fireworks items.xlsx","Items","592","1","1","no_match","","Unknown","No sufficiently specific candidate identified in the two Dynamite catalog files."
"TCGFJ3MNAOY5DEHCFZ2BL2R5","8143270144011","","Mexican Jumping Beans","Mexican Jumping Beans","Whitespace cleaned; uncertain abbreviations retained","Unknown","Fountains","Unknown","Regular","Unknown","Unknown","#mexican-jumping-beans-regular","/Volumes/FACUNDO/Rockwall fireworks/MLTX6DPJDFYX7_catalog-2026-08-16-1724.csv","592","593","593","/Volumes/FACUNDO/Rockwall fireworks/rockwall fireworks items.xlsx","Items","593","1","1","no_match","","Unknown","No sufficiently specific candidate identified in the two Dynamite catalog files."
"KHIVIS7UANCQIZECYUTTC465","8145271617112","","Mickealangelo","Mickealangelo","Whitespace cleaned; uncertain abbreviations retained","Unknown","Unknown","Unknown","Regular","Unknown","Unknown","#mickealangelo-regular","/Volumes/FACUNDO/Rockwall fireworks/MLTX6DPJDFYX7_catalog-2026-08-16-1724.csv","593","594","594","/Volumes/FACUNDO/Rockwall fireworks/rockwall fireworks items.xlsx","Items","594","1","1","no_match","","Unknown","No sufficiently specific candidate identified in the two Dynamite catalog files."
"E3UXSYRN2VAH4HHUW5HI4IHN","687985234615","","Midnight 500 Gram","Midnight 500 Gram","Whitespace cleaned; uncertain abbreviations retained","Unknown","500 GRAM FINALE > 500 GRAM FINALE ZIPPER CAKES","Unknown","Regular","Unknown","500 Gram","#midnight-500-gram-regular","/Volumes/FACUNDO/Rockwall fireworks/MLTX6DPJDFYX7_catalog-2026-08-16-1724.csv","594","595","595","/Volumes/FACUNDO/Rockwall fireworks/rockwall fireworks items.xlsx","Items","595","1","1","no_match","","Unknown","No sufficiently specific candidate identified in the two Dynamite catalog files."
"L57MW34TGTU7YAZAPRRLPOM6","705108550906","","Midnight Sun 500 Gram","Midnight Sun 500 Gram","Whitespace cleaned; uncertain abbreviations retained","Unknown","500 GRAM FINALE","Unknown","Regular","Unknown","500 Gram","#midnight-sun-500-gram-regular","/Volumes/FACUNDO/Rockwall fireworks/MLTX6DPJDFYX7_catalog-2026-08-16-1724.csv","595","596","596","/Volumes/FACUNDO/Rockwall fireworks/rockwall fireworks items.xlsx","Items","596","1","1","no_match","","Unknown","No sufficiently specific candidate identified in the two Dynamite catalog files."
"53PBIUYJWPQ6AXGVJZXUFE2J","757205301578","","Midnight Sun 500g","Midnight Sun 500g","Whitespace cleaned; uncertain abbreviations retained","Unknown","500 GRAM FINALE","Unknown","Regular","Unknown","500g","#midnight-sun-500g-regular","/Volumes/FACUNDO/Rockwall fireworks/MLTX6DPJDFYX7_catalog-2026-08-16-1724.csv","596","597","597","/Volumes/FACUNDO/Rockwall fireworks/rockwall fireworks items.xlsx","Items","597","1","1","no_match","","Unknown","No sufficiently specific candidate identified in the two Dynamite catalog files."
"NNYHMJELCPBMXZXPPDDZYQXP","8052530054413","","Mighty Cracker 100pc BOGO","Mighty Cracker 100pc","Whitespace cleaned; historical BOGO marker removed from display name only","Unknown","Unknown","Unknown","30","30","100pc","#mighty-cracker-100pc-bogo-30","/Volumes/FACUNDO/Rockwall fireworks/MLTX6DPJDFYX7_catalog-2026-08-16-1724.csv","597","598","598","/Volumes/FACUNDO/Rockwall fireworks/rockwall fireworks items.xlsx","Items","598","2","1","no_match","","Unknown","No sufficiently specific candidate identified in the two Dynamite catalog files."
"FAKGVMBHNQU7F7YPGIINCLPD","821600001156","","Mighty Cracker 100pc BOGO","Mighty Cracker 100pc","Whitespace cleaned; historical BOGO marker removed from display name only","Unknown","Unknown","Unknown","Mighty Crackers","Mighty Crackers","100pc","#mighty-cracker-100pc-bogo-mighty-crackers","/Volumes/FACUNDO/Rockwall fireworks/MLTX6DPJDFYX7_catalog-2026-08-16-1724.csv","598","599","599","/Volumes/FACUNDO/Rockwall fireworks/rockwall fireworks items.xlsx","Items","599","2","1","no_match","","Unknown","No sufficiently specific candidate identified in the two Dynamite catalog files."
"BHYRBZW52FWBQHJ6QZ4MKZPT","200000606015","","Mighty Max Candle Assortment","Mighty Max Candle Assortment","Whitespace cleaned; uncertain abbreviations retained","Unknown","Roman Candles","Unknown","Regular","Unknown","Unknown","#mighty-max-candle-assortment-regular","/Volumes/FACUNDO/Rockwall fireworks/MLTX6DPJDFYX7_catalog-2026-08-16-1724.csv","599","600","600","/Volumes/FACUNDO/Rockwall fireworks/rockwall fireworks items.xlsx","Items","600","1","1","no_match","","Unknown","No sufficiently specific candidate identified in the two Dynamite catalog files."
"OKCB2UOBBJRUB7NBKFRGDTUE","757201572071","","Migraine","Migraine","Whitespace cleaned; uncertain abbreviations retained","Unknown","9-SHOT 500 GRAM RACKS","Unknown","Regular","Unknown","Unknown","#migraine-regular","/Volumes/FACUNDO/Rockwall fireworks/MLTX6DPJDFYX7_catalog-2026-08-16-1724.csv","600","601","601","/Volumes/FACUNDO/Rockwall fireworks/rockwall fireworks items.xlsx","Items","601","1","1","no_match","","Unknown","No sufficiently specific candidate identified in the two Dynamite catalog files."
"WGWVTKV5LLYGNVGTHJWBKKJC","","","Military Parachute","Military Parachute","Whitespace cleaned; uncertain abbreviations retained","Unknown","Unknown","Unknown","Regular","Unknown","Unknown","#military-parachute-regular","/Volumes/FACUNDO/Rockwall fireworks/MLTX6DPJDFYX7_catalog-2026-08-16-1724.csv","601","602","602","/Volumes/FACUNDO/Rockwall fireworks/rockwall fireworks items.xlsx","Items","602","1","0","probable","","products.json[189] Military Parachute / Winda / /products/military-parachute.png","Name identifies a candidate only; manufacturer and exact presentation have not been established."
"UZ3IJ3UW3ZVS2M3E74R3VNLV","705108508303","","Military Parachute Box 2 Pack","Military Parachute Box 2 Pack","Whitespace cleaned; uncertain abbreviations retained","Unknown","Unknown","Unknown","Regular","Unknown","2 Pack","#military-parachute-box-2-pack-regular","/Volumes/FACUNDO/Rockwall fireworks/MLTX6DPJDFYX7_catalog-2026-08-16-1724.csv","602","603","603","/Volumes/FACUNDO/Rockwall fireworks/rockwall fireworks items.xlsx","Items","603","1","1","probable","","products.json[189] Military Parachute / Winda / /products/military-parachute.png","Name identifies a candidate only; manufacturer and exact presentation have not been established."
"7A5IAAVZGOY7OFQE4GL6VVMN","757201306041","","Minecraft 5"" Artillery Shells 6 Pack","Minecraft 5"" Artillery Shells 6 Pack","Whitespace cleaned; uncertain abbreviations retained","Unknown","6 Pack Artillery Shells 5""\, 6""","Unknown","Regular","Unknown","5"" | 6 Pack","#minecraft-5-artillery-shells-6-pack-regular","/Volumes/FACUNDO/Rockwall fireworks/MLTX6DPJDFYX7_catalog-2026-08-16-1724.csv","603","604","604","/Volumes/FACUNDO/Rockwall fireworks/rockwall fireworks items.xlsx","Items","604","1","1","no_match","","Unknown","No sufficiently specific candidate identified in the two Dynamite catalog files."
"KHQGTUGPX2ABWY6TBLOAXTS7","757201225212","","Monkey Business","Monkey Business","Whitespace cleaned; uncertain abbreviations retained","Unknown","Unknown","Unknown","Regular","Unknown","Unknown","#monkey-business-regular","/Volumes/FACUNDO/Rockwall fireworks/MLTX6DPJDFYX7_catalog-2026-08-16-1724.csv","604","605","605","/Volumes/FACUNDO/Rockwall fireworks/rockwall fireworks items.xlsx","Items","605","1","1","no_match","","Unknown","No sufficiently specific candidate identified in the two Dynamite catalog files."
"5T7VMN3SVTVIGJJRBSPLAP32","805253394414","","Monkey Business 200G","Monkey Business 200G","Whitespace cleaned; uncertain abbreviations retained","Unknown","Unknown","Unknown","Regular","Unknown","200G","#monkey-business-200g-regular","/Volumes/FACUNDO/Rockwall fireworks/MLTX6DPJDFYX7_catalog-2026-08-16-1724.csv","605","606","606","/Volumes/FACUNDO/Rockwall fireworks/rockwall fireworks items.xlsx","Items","606","1","1","no_match","","Unknown","No sufficiently specific candidate identified in the two Dynamite catalog files."
"GGZBALOR7JK3HCSJSAB5FJOB","821611109810","","Morning Glories 24\6 144 Pieces sparklers","Morning Glories 24\6 144 Pieces sparklers","Whitespace cleaned; uncertain abbreviations retained","Unknown","Unknown","Unknown","Regular","Unknown","Unknown","#morning-glories-24-6-144-pieces-sparklers-regular","/Volumes/FACUNDO/Rockwall fireworks/MLTX6DPJDFYX7_catalog-2026-08-16-1724.csv","606","607","607","/Volumes/FACUNDO/Rockwall fireworks/rockwall fireworks items.xlsx","Items","607","2","1","no_match","","Unknown","No sufficiently specific candidate identified in the two Dynamite catalog files."
"AV5JMGED5UC4OG7NH7O7O47E","8145270180211","","Morning Glories 24\6 144 Pieces sparklers","Morning Glories 24\6 144 Pieces sparklers","Whitespace cleaned; uncertain abbreviations retained","Unknown","Unknown","Unknown","Morning Glorys Pack 144","Morning Glorys Pack 144","Unknown","#morning-glories-24-6-144-pieces-sparklers-morning-glorys-pack-144","/Volumes/FACUNDO/Rockwall fireworks/MLTX6DPJDFYX7_catalog-2026-08-16-1724.csv","607","608","608","/Volumes/FACUNDO/Rockwall fireworks/rockwall fireworks items.xlsx","Items","608","2","1","no_match","","Unknown","No sufficiently specific candidate identified in the two Dynamite catalog files."
"JW46UDVVNSF442AA7SCDR5FU","7059000109810","","Morning Glories-14""","Morning Glories-14""","Whitespace cleaned; uncertain abbreviations retained","Unknown","Unknown","Unknown","Regular","Unknown","14""","#morning-glories-14--regular","/Volumes/FACUNDO/Rockwall fireworks/MLTX6DPJDFYX7_catalog-2026-08-16-1724.csv","608","609","609","/Volumes/FACUNDO/Rockwall fireworks/rockwall fireworks items.xlsx","Items","609","1","1","no_match","","Unknown","No sufficiently specific candidate identified in the two Dynamite catalog files."
"QWEMUCQK2V2YIXKJR2APJNVK","705108098101","","Morning Glory","Morning Glory","Whitespace cleaned; uncertain abbreviations retained","Unknown","Unknown","Unknown","Regular","Unknown","Unknown","#morning-glory-regular","/Volumes/FACUNDO/Rockwall fireworks/MLTX6DPJDFYX7_catalog-2026-08-16-1724.csv","609","610","610","/Volumes/FACUNDO/Rockwall fireworks/rockwall fireworks items.xlsx","Items","610","2","1","no_match","","Unknown","No sufficiently specific candidate identified in the two Dynamite catalog files."
"NCTBJPN7RMTQTZDDSFLCPOWS","814327011041","","Morning Glory","Morning Glory","Whitespace cleaned; uncertain abbreviations retained","Unknown","Unknown","Unknown","Regular","Unknown","Unknown","#morning-glory-1-regular","/Volumes/FACUNDO/Rockwall fireworks/MLTX6DPJDFYX7_catalog-2026-08-16-1724.csv","610","611","611","/Volumes/FACUNDO/Rockwall fireworks/rockwall fireworks items.xlsx","Items","611","2","1","no_match","","Unknown","No sufficiently specific candidate identified in the two Dynamite catalog files."
"WAF5VDGW2OT77X5XMU545NI2","821600981366","","Morning Glory 36 Inch sparklers","Morning Glory 36 Inch sparklers","Whitespace cleaned; uncertain abbreviations retained","Unknown","Unknown","Unknown","Regular","Unknown","36 Inch","#morning-glory-36-inch-sparklers-regular","/Volumes/FACUNDO/Rockwall fireworks/MLTX6DPJDFYX7_catalog-2026-08-16-1724.csv","611","612","612","/Volumes/FACUNDO/Rockwall fireworks/rockwall fireworks items.xlsx","Items","612","1","1","no_match","","Unknown","No sufficiently specific candidate identified in the two Dynamite catalog files."
"GNN7EVLU5MZWTGQGLPYVSSZ4","158130736068","","Morning Glory 36"".","Morning Glory 36"".","Whitespace cleaned; uncertain abbreviations retained","Unknown","Unknown","Unknown","Regular","Unknown","36""","#morning-glory-36--regular","/Volumes/FACUNDO/Rockwall fireworks/MLTX6DPJDFYX7_catalog-2026-08-16-1724.csv","612","613","613","/Volumes/FACUNDO/Rockwall fireworks/rockwall fireworks items.xlsx","Items","613","1","1","no_match","","Unknown","No sufficiently specific candidate identified in the two Dynamite catalog files."
"LC6EYG7KJQI7FT56KOSTYUHV","943100700053","","Morning Glory Sparklers 6pk Individual BOGO","Morning Glory Sparklers 6pk Individual","Whitespace cleaned; historical BOGO marker removed from display name only","Unknown","Unknown","Unknown","Regular","Unknown","Unknown","#morning-glory-sparklers-6pk-individual-bogo-regular","/Volumes/FACUNDO/Rockwall fireworks/MLTX6DPJDFYX7_catalog-2026-08-16-1724.csv","613","614","614","/Volumes/FACUNDO/Rockwall fireworks/rockwall fireworks items.xlsx","Items","614","1","1","no_match","","Unknown","No sufficiently specific candidate identified in the two Dynamite catalog files."
"FJ6A27NZQWFNEC45WRS7B735","757201124027","","Mother Of All Fireworks 4"" Artillery Shells 24 Pack","Mother of All Fireworks","Reviewed commercial name; specifications retained separately","Raccoon","24 Pack Artillery Shells 4""","Artillery Shells","Regular","4-inch shells · 24 pack","4"" | 24 Pack","#mother-of-all-fireworks-4-artillery-shells-24-pack-regular","/Volumes/FACUNDO/Rockwall fireworks/MLTX6DPJDFYX7_catalog-2026-08-16-1724.csv","614","615","615","/Volumes/FACUNDO/Rockwall fireworks/rockwall fireworks items.xlsx","Items","615","1","1","confirmed","mother-of-all-fireworks","products.json[5] Mother of all Fireworks / Raccoon / /products/mother-of-all-fireworks.png","Distinctive name, artillery category and 24-pack presentation agree; Raccoon packaging visibly says 24 pack. The 4-inch size is retained from Square."
"XU4GLMW4LWFIZRWQQPIAXQLF","705108549405","","Mother Of The Bombs","Mother Of The Bombs","Whitespace cleaned; uncertain abbreviations retained","Unknown","Unknown","Unknown","Regular","Unknown","Unknown","#mother-of-the-bombs-regular","/Volumes/FACUNDO/Rockwall fireworks/MLTX6DPJDFYX7_catalog-2026-08-16-1724.csv","615","616","616","/Volumes/FACUNDO/Rockwall fireworks/rockwall fireworks items.xlsx","Items","616","1","1","no_match","","Unknown","No sufficiently specific candidate identified in the two Dynamite catalog files."
"KAWMWSNND6CWWITR7TTFBLLC","8145270161616","","Motion Maker","Motion Maker","Whitespace cleaned; uncertain abbreviations retained","Unknown","Unknown","Unknown","Regular","Unknown","Unknown","#motion-maker-regular","/Volumes/FACUNDO/Rockwall fireworks/MLTX6DPJDFYX7_catalog-2026-08-16-1724.csv","616","617","617","/Volumes/FACUNDO/Rockwall fireworks/rockwall fireworks items.xlsx","Items","617","1","1","no_match","","Unknown","No sufficiently specific candidate identified in the two Dynamite catalog files."
"Z3OHILX3F5STN22AG3IR2YH7","687985421312","","Movie Time","Movie Time","Whitespace cleaned; uncertain abbreviations retained","Unknown","Unknown","Unknown","Regular","Unknown","Unknown","#movie-time-regular","/Volumes/FACUNDO/Rockwall fireworks/MLTX6DPJDFYX7_catalog-2026-08-16-1724.csv","617","618","620","/Volumes/FACUNDO/Rockwall fireworks/rockwall fireworks items.xlsx","Items","618","1","1","no_match","","Unknown","No sufficiently specific candidate identified in the two Dynamite catalog files."
"I23QLAHWWSGHYYDBAMASVDFZ","705108518401","","Nation Ovation 200g","Nation Ovation","Reviewed commercial name; specifications retained separately","Winda","Unknown","Cakes","Regular","200 gram","200g","#nation-ovation-200g-regular","/Volumes/FACUNDO/Rockwall fireworks/MLTX6DPJDFYX7_catalog-2026-08-16-1724.csv","618","621","621","/Volumes/FACUNDO/Rockwall fireworks/rockwall fireworks items.xlsx","Items","619","1","1","confirmed","nation-ovation","products.json[163] Nation Ovation / Winda / /products/nation-ovation.png","Distinctive name and 200 gram agree between Square and the Winda package, which visibly says 200 grams."
"ML6UCMKNFT5Q6VWXICGN6TO2","821600016129","","Naughty Dog","Naughty Dog","Whitespace cleaned; uncertain abbreviations retained","Unknown","Unknown","Unknown","Regular","Unknown","Unknown","#naughty-dog-regular","/Volumes/FACUNDO/Rockwall fireworks/MLTX6DPJDFYX7_catalog-2026-08-16-1724.csv","619","622","622","/Volumes/FACUNDO/Rockwall fireworks/rockwall fireworks items.xlsx","Items","620","1","1","no_match","","Unknown","No sufficiently specific candidate identified in the two Dynamite catalog files."
"ILXOA5TDDYIBJD2RMHPXESV6","811451013439","","Naughty Elephant","Naughty Elephant","Whitespace cleaned; uncertain abbreviations retained","Unknown","Unknown","Unknown","Regular","Unknown","Unknown","#naughty-elephant-regular","/Volumes/FACUNDO/Rockwall fireworks/MLTX6DPJDFYX7_catalog-2026-08-16-1724.csv","620","623","623","/Volumes/FACUNDO/Rockwall fireworks/rockwall fireworks items.xlsx","Items","621","1","1","no_match","","Unknown","No sufficiently specific candidate identified in the two Dynamite catalog files."
"J52CWDQSQYWOKE7XZILPSEI5","705108804306","","Neon Beef 5"" Artillery Shells 24 pack","Neon Beef 5"" Artillery Shells 24 pack","Whitespace cleaned; uncertain abbreviations retained","Unknown","24 Pack Canister Artillery Shells 5 INCH","Unknown","Regular","5-inch shells · 24 pack","5"" | 24 pack","#neon-beef-5-artillery-shells-24-pack-regular","/Volumes/FACUNDO/Rockwall fireworks/MLTX6DPJDFYX7_catalog-2026-08-16-1724.csv","621","624","624","/Volumes/FACUNDO/Rockwall fireworks/rockwall fireworks items.xlsx","Items","622","1","1","existing_rockwall","neon-beef","Unknown","Approved Rockwall package says Neon Beef, 5 inch and 24; Square agrees."
"6XC2CG64XOVFC5ZSL4AL6TQS","757201530408","","Neon Boom 25 Shot","Neon Boom 25 Shot","Whitespace cleaned; uncertain abbreviations retained","Unknown","Unknown","Unknown","Regular","Unknown","25 Shot","#neon-boom-25-shot-regular","/Volumes/FACUNDO/Rockwall fireworks/MLTX6DPJDFYX7_catalog-2026-08-16-1724.csv","622","625","625","/Volumes/FACUNDO/Rockwall fireworks/rockwall fireworks items.xlsx","Items","623","1","1","no_match","","Unknown","No sufficiently specific candidate identified in the two Dynamite catalog files."
"NQCEENLY6NB6N2PB42Q6ZDJH","757201520027","","Neon Butterflies 54 Shot","Neon Butterflies 54 Shot","Whitespace cleaned; uncertain abbreviations retained","Unknown","Unknown","Unknown","Regular","Unknown","54 Shot","#neon-butterflies-54-shot-regular","/Volumes/FACUNDO/Rockwall fireworks/MLTX6DPJDFYX7_catalog-2026-08-16-1724.csv","623","626","626","/Volumes/FACUNDO/Rockwall fireworks/rockwall fireworks items.xlsx","Items","624","1","1","no_match","","Unknown","No sufficiently specific candidate identified in the two Dynamite catalog files."
"65SPR36TT4PVNGW7PZMKA67K","715244007257","","Neon Camo Smoke","Neon Camo Smoke","Whitespace cleaned; uncertain abbreviations retained","Unknown","Unknown","Unknown","Regular","Unknown","Unknown","#neon-camo-smoke-regular","/Volumes/FACUNDO/Rockwall fireworks/MLTX6DPJDFYX7_catalog-2026-08-16-1724.csv","624","627","627","/Volumes/FACUNDO/Rockwall fireworks/rockwall fireworks items.xlsx","Items","625","1","1","no_match","","Unknown","No sufficiently specific candidate identified in the two Dynamite catalog files."
"6SA6Q2XJKOHET5CW5VO67ZPO","757201520034","","Neon Celebration","Neon Celebration","Whitespace cleaned; uncertain abbreviations retained","Unknown","Unknown","Unknown","Regular","Unknown","Unknown","#neon-celebration-regular","/Volumes/FACUNDO/Rockwall fireworks/MLTX6DPJDFYX7_catalog-2026-08-16-1724.csv","625","628","628","/Volumes/FACUNDO/Rockwall fireworks/rockwall fireworks items.xlsx","Items","626","1","1","no_match","","Unknown","No sufficiently specific candidate identified in the two Dynamite catalog files."
"JQ237JASEB65EVAXBN5T6GGF","757202118063","","Neon Fish Fountain","Neon Fish","Reviewed commercial name; specifications retained separately","Monkey Mania","Fountains","Fountains","Regular","Fountain","Unknown","#neon-fish-fountain-regular","/Volumes/FACUNDO/Rockwall fireworks/MLTX6DPJDFYX7_catalog-2026-08-16-1724.csv","626","629","629","/Volumes/FACUNDO/Rockwall fireworks/rockwall fireworks items.xlsx","Items","627","1","1","confirmed","neon-fish","products.json[44] Neon Fish / Monkey Mania / /products/neon-fish.png","Distinctive name and fountain category agree with the fish-shaped Monkey Mania package; no conflicting variant in Square."
"DESWK5DRCHLMT5AZZI2Q6SBM","207401322193","","Neon Night  Artillery (12 pcs)","Neon Night Artillery (12 pcs)","Whitespace cleaned; uncertain abbreviations retained","Unknown","Artillery/Festival Balls","Unknown","Regular","Unknown","12 pcs","#neon-night-artillery-12-pcs--regular","/Volumes/FACUNDO/Rockwall fireworks/MLTX6DPJDFYX7_catalog-2026-08-16-1724.csv","627","630","630","/Volumes/FACUNDO/Rockwall fireworks/rockwall fireworks items.xlsx","Items","628","1","1","no_match","","Unknown","No sufficiently specific candidate identified in the two Dynamite catalog files."
"NOAY7B4DBXXTUNGXXQ3RZGPF","","000000339209","Neon Saber Sparklers","Neon Saber Sparklers","Whitespace cleaned; uncertain abbreviations retained","Unknown","Unknown","Unknown","Regular","Unknown","Unknown","#neon-saber-sparklers-regular","/Volumes/FACUNDO/Rockwall fireworks/MLTX6DPJDFYX7_catalog-2026-08-16-1724.csv","628","631","631","/Volumes/FACUNDO/Rockwall fireworks/rockwall fireworks items.xlsx","Items","629","1","0","no_match","","Unknown","No sufficiently specific candidate identified in the two Dynamite catalog files."
"DL437RUBTEAUEVYUK7LTENDQ","887946004305","","Neon Show 16 Shots","Neon Show 16 Shots","Whitespace cleaned; uncertain abbreviations retained","Unknown","Unknown","Unknown","Regular","Unknown","16 Shots","#neon-show-16-shots-regular","/Volumes/FACUNDO/Rockwall fireworks/MLTX6DPJDFYX7_catalog-2026-08-16-1724.csv","629","632","632","/Volumes/FACUNDO/Rockwall fireworks/rockwall fireworks items.xlsx","Items","630","1","1","no_match","","Unknown","No sufficiently specific candidate identified in the two Dynamite catalog files."
"H5F3BJT34LCN6P2AY2J62MF4","757201124010","","Neon Skies 4"" Artillery Shells 24 Pack","Neon Skies","Reviewed commercial name; specifications retained separately","Raccoon","24 Pack Artillery Shells 4""","Artillery Shells","Regular","4-inch shells · 24 pack","4"" | 24 Pack","#neon-skies-4-artillery-shells-24-pack-regular","/Volumes/FACUNDO/Rockwall fireworks/MLTX6DPJDFYX7_catalog-2026-08-16-1724.csv","630","633","633","/Volumes/FACUNDO/Rockwall fireworks/rockwall fireworks items.xlsx","Items","631","1","1","confirmed","neon-skies","products.json[16] Neon Skies / Raccoon / /products/neon-skies.png","Distinctive name, artillery category and 24-pack presentation agree; packaging visibly says 24 pack. The 4-inch size is retained from Square."
"GEDP25JGWJWZ7YOPA2DMR4CJ","6950165419367","","Neon Sky 140 shot","Neon Sky 140 shot","Whitespace cleaned; uncertain abbreviations retained","Unknown","Roman Candles","Unknown","Regular","Unknown","140 shot","#neon-sky-140-shot-regular","/Volumes/FACUNDO/Rockwall fireworks/MLTX6DPJDFYX7_catalog-2026-08-16-1724.csv","631","634","634","/Volumes/FACUNDO/Rockwall fireworks/rockwall fireworks items.xlsx","Items","632","1","1","no_match","","Unknown","No sufficiently specific candidate identified in the two Dynamite catalog files."
"5RLSEP5ZVM5UFUOAKRWVPI5Y","680149045096","","Neon Smoke Balls 6pk","Neon Smoke Balls 6pk","Whitespace cleaned; uncertain abbreviations retained","Unknown","Unknown","Unknown","Regular","Unknown","Unknown","#neon-smoke-balls-6pk-regular","/Volumes/FACUNDO/Rockwall fireworks/MLTX6DPJDFYX7_catalog-2026-08-16-1724.csv","632","635","635","/Volumes/FACUNDO/Rockwall fireworks/rockwall fireworks items.xlsx","Items","633","1","1","no_match","","Unknown","No sufficiently specific candidate identified in the two Dynamite catalog files."
"XKTAJU5IB6I7JCEIQYBUHACK","681402052899","","Neon Smoke Bombs 24ct","Neon Smoke Bombs 24ct","Whitespace cleaned; uncertain abbreviations retained","Unknown","Unknown","Unknown","Regular","Unknown","24ct","#neon-smoke-bombs-24ct-regular","/Volumes/FACUNDO/Rockwall fireworks/MLTX6DPJDFYX7_catalog-2026-08-16-1724.csv","633","636","636","/Volumes/FACUNDO/Rockwall fireworks/rockwall fireworks items.xlsx","Items","634","1","1","no_match","","Unknown","No sufficiently specific candidate identified in the two Dynamite catalog files."
"Z33FH247DFGYUE7PXWSNXMKE","840142205242","","Neon Smoke Show","Neon Smoke Show","Whitespace cleaned; uncertain abbreviations retained","Unknown","Unknown","Unknown","Regular","Unknown","Unknown","#neon-smoke-show-regular","/Volumes/FACUNDO/Rockwall fireworks/MLTX6DPJDFYX7_catalog-2026-08-16-1724.csv","634","637","637","/Volumes/FACUNDO/Rockwall fireworks/rockwall fireworks items.xlsx","Items","635","1","1","no_match","","Unknown","No sufficiently specific candidate identified in the two Dynamite catalog files."
"NR4MTFDPX4TEOWP6T2SV5PK2","","841527170049","Neon Sparklers","Neon Sparklers","Whitespace cleaned; uncertain abbreviations retained","Unknown","Unknown","Unknown","Regular","Unknown","Unknown","#neon-sparklers-regular","/Volumes/FACUNDO/Rockwall fireworks/MLTX6DPJDFYX7_catalog-2026-08-16-1724.csv","635","638","638","/Volumes/FACUNDO/Rockwall fireworks/rockwall fireworks items.xlsx","Items","636","1","0","no_match","","Unknown","No sufficiently specific candidate identified in the two Dynamite catalog files."
"6BTYAYIO5UUJFVNMMQEP246T","","705108900404","Neon Sparklers BOGO","Neon Sparklers","Whitespace cleaned; historical BOGO marker removed from display name only","Unknown","Unknown","Unknown","Regular","Unknown","Unknown","#neon-sparklers-bogo-regular","/Volumes/FACUNDO/Rockwall fireworks/MLTX6DPJDFYX7_catalog-2026-08-16-1724.csv","636","639","639","/Volumes/FACUNDO/Rockwall fireworks/rockwall fireworks items.xlsx","Items","637","1","0","no_match","","Unknown","No sufficiently specific candidate identified in the two Dynamite catalog files."
"E43XCOUSQYZLA6HC7QALQ2JM","695071402527","","Neon Strobe 200 Gram 18 Shot","Neon Strobe 200 Gram 18 Shot","Whitespace cleaned; uncertain abbreviations retained","Unknown","Unknown","Unknown","Regular","Unknown","200 Gram | 18 Shot","#neon-strobe-200-gram-18-shot-regular","/Volumes/FACUNDO/Rockwall fireworks/MLTX6DPJDFYX7_catalog-2026-08-16-1724.csv","637","640","640","/Volumes/FACUNDO/Rockwall fireworks/rockwall fireworks items.xlsx","Items","638","1","1","no_match","","Unknown","No sufficiently specific candidate identified in the two Dynamite catalog files."
"EX26G3CPJJF5NBZWBQVHHQGL","757201545112","","Neon Web","Neon Web","Whitespace cleaned; uncertain abbreviations retained","Unknown","Unknown","Unknown","Regular","Unknown","Unknown","#neon-web-regular","/Volumes/FACUNDO/Rockwall fireworks/MLTX6DPJDFYX7_catalog-2026-08-16-1724.csv","638","641","641","/Volumes/FACUNDO/Rockwall fireworks/rockwall fireworks items.xlsx","Items","639","1","1","no_match","","Unknown","No sufficiently specific candidate identified in the two Dynamite catalog files."
"73ZKYLH5IUS5MUMFLKHERCSJ","687985901333","","Neutron Bomb","Neutron Bomb","Whitespace cleaned; uncertain abbreviations retained","Unknown","Unknown","Unknown","Regular","Unknown","Unknown","#neutron-bomb-regular","/Volumes/FACUNDO/Rockwall fireworks/MLTX6DPJDFYX7_catalog-2026-08-16-1724.csv","639","642","642","/Volumes/FACUNDO/Rockwall fireworks/rockwall fireworks items.xlsx","Items","640","1","1","no_match","","Unknown","No sufficiently specific candidate identified in the two Dynamite catalog files."
"V3CTF3FH4NKIRRFFPC6DY366","715244000029","","Night Display","Night Display","Whitespace cleaned; uncertain abbreviations retained","Unknown","Unknown","Unknown","Regular","Unknown","Unknown","#night-display-regular","/Volumes/FACUNDO/Rockwall fireworks/MLTX6DPJDFYX7_catalog-2026-08-16-1724.csv","640","643","643","/Volumes/FACUNDO/Rockwall fireworks/rockwall fireworks items.xlsx","Items","641","1","1","no_match","","Unknown","No sufficiently specific candidate identified in the two Dynamite catalog files."
"TFDJ6PQBV7IFYAVY6PW7PMNC","8145270114414","","Night Owl Fountain","Night Owl Fountain","Whitespace cleaned; uncertain abbreviations retained","Unknown","Fountains","Unknown","Regular","Unknown","Unknown","#night-owl-fountain-regular","/Volumes/FACUNDO/Rockwall fireworks/MLTX6DPJDFYX7_catalog-2026-08-16-1724.csv","641","644","644","/Volumes/FACUNDO/Rockwall fireworks/rockwall fireworks items.xlsx","Items","642","1","1","no_match","","Unknown","No sufficiently specific candidate identified in the two Dynamite catalog files."
"ALQZ3KMCXR6USHH37AWXWUWW","814527200528","","Ninja","Ninja","Whitespace cleaned; uncertain abbreviations retained","Unknown","Unknown","Unknown","Regular","Unknown","Unknown","#ninja-regular","/Volumes/FACUNDO/Rockwall fireworks/MLTX6DPJDFYX7_catalog-2026-08-16-1724.csv","642","645","645","/Volumes/FACUNDO/Rockwall fireworks/rockwall fireworks items.xlsx","Items","643","1","1","probable","","products.json[154] Fire Ninja / Winda / /products/fire-ninja.png","Name identifies a candidate only; manufacturer and exact presentation have not been established."
"KMH7EZXQ4SDAPJKEX4SEHMVI","757201324045","","Nishiki Blast 5"" Artillery 24 pack","Nishiki Blast 5"" Artillery 24 pack","Whitespace cleaned; uncertain abbreviations retained","Unknown","24 Pack Canister Artillery Shells 5 INCH","Unknown","Regular","Unknown","5"" | 24 pack","#nishiki-blast-5-artillery-24-pack-regular","/Volumes/FACUNDO/Rockwall fireworks/MLTX6DPJDFYX7_catalog-2026-08-16-1724.csv","643","646","646","/Volumes/FACUNDO/Rockwall fireworks/rockwall fireworks items.xlsx","Items","644","1","1","no_match","","Unknown","No sufficiently specific candidate identified in the two Dynamite catalog files."
"A5QPAZSLHSGWWLVXOQIFPISG","757201306034","","Nishiki Blast 5"" Artillery Shells 6 pack","Nishiki Blast 5"" Artillery Shells 6 pack","Whitespace cleaned; uncertain abbreviations retained","Unknown","6 Pack Artillery Shells 5""\, 6""","Unknown","Regular","Unknown","5"" | 6 pack","#nishiki-blast-5-artillery-shells-6-pack-regular","/Volumes/FACUNDO/Rockwall fireworks/MLTX6DPJDFYX7_catalog-2026-08-16-1724.csv","644","647","647","/Volumes/FACUNDO/Rockwall fireworks/rockwall fireworks items.xlsx","Items","645","1","1","no_match","","Unknown","No sufficiently specific candidate identified in the two Dynamite catalog files."
"KBJO6YQUU24A5H53ZWYHQ3OC","6950165424101","","No. 10 Gold Sparklers","No. 10 Gold Sparklers","Whitespace cleaned; uncertain abbreviations retained","Unknown","Unknown","Unknown","Regular","Unknown","Unknown","#no-10-gold-sparklers-regular","/Volumes/FACUNDO/Rockwall fireworks/MLTX6DPJDFYX7_catalog-2026-08-16-1724.csv","645","648","648","/Volumes/FACUNDO/Rockwall fireworks/rockwall fireworks items.xlsx","Items","646","1","2","no_match","","Unknown","No sufficiently specific candidate identified in the two Dynamite catalog files."
"I6GOOFO7IUOJT67L56YYC2OJ","8145270181010","","No.10 Sparklers 8-count","No.10 Sparklers 8-count","Whitespace cleaned; uncertain abbreviations retained","Unknown","Unknown","Unknown","Regular","Unknown","Unknown","#no-10-sparklers-8-count-regular","/Volumes/FACUNDO/Rockwall fireworks/MLTX6DPJDFYX7_catalog-2026-08-16-1724.csv","646","649","649","/Volumes/FACUNDO/Rockwall fireworks/rockwall fireworks items.xlsx","Items","647","1","1","no_match","","Unknown","No sufficiently specific candidate identified in the two Dynamite catalog files."
"VXW4HZNONEA5E3KZRHE6DZN5","857201001080","","Nuclear Snaps","Nuclear Snaps","Whitespace cleaned; uncertain abbreviations retained","Unknown","Unknown","Unknown","Regular","Unknown","Unknown","#nuclear-snaps-regular","/Volumes/FACUNDO/Rockwall fireworks/MLTX6DPJDFYX7_catalog-2026-08-16-1724.csv","647","650","650","/Volumes/FACUNDO/Rockwall fireworks/rockwall fireworks items.xlsx","Items","648","1","1","probable","","products.json[28] Nuclear Snaps / Raccoon / /products/nuclear-snaps.png","Name identifies a candidate only; manufacturer and exact presentation have not been established."
"3FO4ASOGRI5DLQUUHQ2L4Y6U","6950165403632","","O B M 500 Gram","O B M 500 Gram","Whitespace cleaned; uncertain abbreviations retained","Unknown","Unknown","Unknown","Regular","Unknown","500 Gram","#o-b-m-500-gram-regular","/Volumes/FACUNDO/Rockwall fireworks/MLTX6DPJDFYX7_catalog-2026-08-16-1724.csv","648","651","651","/Volumes/FACUNDO/Rockwall fireworks/rockwall fireworks items.xlsx","Items","649","1","1","no_match","","Unknown","No sufficiently specific candidate identified in the two Dynamite catalog files."
"PIXOQTBXHYSS7P6ZG56QBEEV","705108603701","","Occupy Mars 500 Gram","Occupy Mars 500 Gram","Whitespace cleaned; uncertain abbreviations retained","Unknown","500 GRAM FINALE","Unknown","Regular","Unknown","500 Gram","#occupy-mars-500-gram-regular","/Volumes/FACUNDO/Rockwall fireworks/MLTX6DPJDFYX7_catalog-2026-08-16-1724.csv","649","652","652","/Volumes/FACUNDO/Rockwall fireworks/rockwall fireworks items.xlsx","Items","650","1","1","no_match","","Unknown","No sufficiently specific candidate identified in the two Dynamite catalog files."
"CSGE5JOMIS4S2UHMKANBYVT6","651137424360","","Og Kush","Og Kush","Whitespace cleaned; uncertain abbreviations retained","Unknown","Unknown","Unknown","Regular","Unknown","Unknown","#og-kush-regular","/Volumes/FACUNDO/Rockwall fireworks/MLTX6DPJDFYX7_catalog-2026-08-16-1724.csv","650","653","653","/Volumes/FACUNDO/Rockwall fireworks/rockwall fireworks items.xlsx","Items","651","1","1","no_match","","Unknown","No sufficiently specific candidate identified in the two Dynamite catalog files."
"YBPRO23AEBHWZWXJLOCBAP45","514677003108","","Ol'red ","Ol'red","Whitespace cleaned; uncertain abbreviations retained","Unknown","Unknown","Unknown","Regular","Unknown","Unknown","#ol-red--regular","/Volumes/FACUNDO/Rockwall fireworks/MLTX6DPJDFYX7_catalog-2026-08-16-1724.csv","651","654","654","/Volumes/FACUNDO/Rockwall fireworks/rockwall fireworks items.xlsx","Items","652","1","1","no_match","","Unknown","No sufficiently specific candidate identified in the two Dynamite catalog files."
"TJCEVYQKEURJTZKRXDKTT7TF","687985245215","","Old Ironsides 500 Gram","Old Ironsides 500 Gram","Whitespace cleaned; uncertain abbreviations retained","Unknown","500 GRAM FINALE","Unknown","Regular","Unknown","500 Gram","#old-ironsides-500-gram-regular","/Volumes/FACUNDO/Rockwall fireworks/MLTX6DPJDFYX7_catalog-2026-08-16-1724.csv","652","655","655","/Volumes/FACUNDO/Rockwall fireworks/rockwall fireworks items.xlsx","Items","653","1","1","no_match","","Unknown","No sufficiently specific candidate identified in the two Dynamite catalog files."
"D2NK6VMC6V5Q6F7UV5RP7HCA","8052531503712","","One Bad Mother-In-Law 500 Gram","One Bad Mother-In-Law 500 Gram","Whitespace cleaned; uncertain abbreviations retained","Unknown","500 GRAM FINALE","Unknown","Regular","Unknown","500 Gram","#one-bad-mother-in-law-500-gram-regular","/Volumes/FACUNDO/Rockwall fireworks/MLTX6DPJDFYX7_catalog-2026-08-16-1724.csv","653","656","656","/Volumes/FACUNDO/Rockwall fireworks/rockwall fireworks items.xlsx","Items","654","1","1","no_match","","Unknown","No sufficiently specific candidate identified in the two Dynamite catalog files."
"LHO5N45NNG2Q6KRID3SIMDMD","8052531318514","","One Really Bad Mother 500 Gram","One Really Bad Mother 500 Gram","Whitespace cleaned; uncertain abbreviations retained","Unknown","500 GRAM FINALE","Unknown","Regular","Unknown","500 Gram","#one-really-bad-mother-500-gram-regular","/Volumes/FACUNDO/Rockwall fireworks/MLTX6DPJDFYX7_catalog-2026-08-16-1724.csv","654","657","657","/Volumes/FACUNDO/Rockwall fireworks/rockwall fireworks items.xlsx","Items","655","1","1","no_match","","Unknown","No sufficiently specific candidate identified in the two Dynamite catalog files."
"4QSJROFXXZ4LS3FKPOCQLOWI","687985208616","","Open Fire 500 Gram","Open Fire 500 Gram","Whitespace cleaned; uncertain abbreviations retained","Unknown","500 GRAM FINALE","Unknown","Regular","Unknown","500 Gram","#open-fire-500-gram-regular","/Volumes/FACUNDO/Rockwall fireworks/MLTX6DPJDFYX7_catalog-2026-08-16-1724.csv","655","658","658","/Volumes/FACUNDO/Rockwall fireworks/rockwall fireworks items.xlsx","Items","656","1","1","no_match","","Unknown","No sufficiently specific candidate identified in the two Dynamite catalog files."
"PVMLANIMRLON66EC35HE5GH7","687985433117","","Oppullently Yours","Oppullently Yours","Whitespace cleaned; uncertain abbreviations retained","Unknown","Unknown","Unknown","Regular","Unknown","Unknown","#oppullently-yours-regular","/Volumes/FACUNDO/Rockwall fireworks/MLTX6DPJDFYX7_catalog-2026-08-16-1724.csv","656","659","659","/Volumes/FACUNDO/Rockwall fireworks/rockwall fireworks items.xlsx","Items","657","1","1","no_match","","Unknown","No sufficiently specific candidate identified in the two Dynamite catalog files."
"7RIYCJGG6FJG6T7TPECJK5LN","043100700098","","Outer Space Craft-BOGO","Outer Space Craft","Whitespace cleaned; historical BOGO marker removed from display name only","Unknown","Unknown","Unknown","Regular","Unknown","Unknown","#outer-space-craft-bogo-regular","/Volumes/FACUNDO/Rockwall fireworks/MLTX6DPJDFYX7_catalog-2026-08-16-1724.csv","657","660","660","/Volumes/FACUNDO/Rockwall fireworks/rockwall fireworks items.xlsx","Items","658","1","1","no_match","","Unknown","No sufficiently specific candidate identified in the two Dynamite catalog files."
"RJI3L3ZOH6A34DOCTHDC2W66","514677060194","","Outlaw Justice","Outlaw Justice","Whitespace cleaned; uncertain abbreviations retained","Unknown","Unknown","Unknown","Regular","Unknown","Unknown","#outlaw-justice-regular","/Volumes/FACUNDO/Rockwall fireworks/MLTX6DPJDFYX7_catalog-2026-08-16-1724.csv","658","661","661","/Volumes/FACUNDO/Rockwall fireworks/rockwall fireworks items.xlsx","Items","659","1","1","no_match","","Unknown","No sufficiently specific candidate identified in the two Dynamite catalog files."
"35NAPEUSRBXWA6VJOXXS2P2K","715244021994","","Pakin` Purple Fountain","Pakin` Purple Fountain","Whitespace cleaned; uncertain abbreviations retained","Unknown","Fountains","Unknown","Regular","Unknown","Unknown","#pakin-purple-fountain-regular","/Volumes/FACUNDO/Rockwall fireworks/MLTX6DPJDFYX7_catalog-2026-08-16-1724.csv","659","662","662","/Volumes/FACUNDO/Rockwall fireworks/rockwall fireworks items.xlsx","Items","660","1","1","no_match","","Unknown","No sufficiently specific candidate identified in the two Dynamite catalog files."
"URCSCIXNNU3JXYOPRXZQDCWP","705108548408","","Pandamonium","Pandamonium","Whitespace cleaned; uncertain abbreviations retained","Unknown","500 GRAM FINALE > 500 GRAM FINALE ZIPPER CAKES","Unknown","Regular","Unknown","Unknown","#pandamonium-regular","/Volumes/FACUNDO/Rockwall fireworks/MLTX6DPJDFYX7_catalog-2026-08-16-1724.csv","660","663","663","/Volumes/FACUNDO/Rockwall fireworks/rockwall fireworks items.xlsx","Items","661","1","1","no_match","","Unknown","No sufficiently specific candidate identified in the two Dynamite catalog files."
"FMKDA4YHWK5ZV4ZEBDEWCVTB","8052530170625","","Parachutes Fireworks 6pk","Parachutes Fireworks 6pk","Whitespace cleaned; uncertain abbreviations retained","Unknown","Unknown","Unknown","Regular","Unknown","Unknown","#parachutes-fireworks-6pk-regular","/Volumes/FACUNDO/Rockwall fireworks/MLTX6DPJDFYX7_catalog-2026-08-16-1724.csv","661","664","664","/Volumes/FACUNDO/Rockwall fireworks/rockwall fireworks items.xlsx","Items","662","1","1","no_match","","Unknown","No sufficiently specific candidate identified in the two Dynamite catalog files."
"OYYJWZFHABFVJ2I5GEN3BXNW","","715244001200","Party Animal Black Cat Assortment","Party Animal Black Cat Assortment","Whitespace cleaned; uncertain abbreviations retained","Black Cat","Family Pack Assortments","Unknown","Regular","Unknown","Unknown","#party-animal-black-cat-assortment-regular","/Volumes/FACUNDO/Rockwall fireworks/MLTX6DPJDFYX7_catalog-2026-08-16-1724.csv","662","665","665","/Volumes/FACUNDO/Rockwall fireworks/rockwall fireworks items.xlsx","Items","663","1","0","no_match","","Unknown","No sufficiently specific candidate identified in the two Dynamite catalog files."
"GTJEOQD2CEPZLB6IG34L5DJL","705108555406","","Party Like Its 1776 500 Gram","Party Like Its 1776 500 Gram","Whitespace cleaned; uncertain abbreviations retained","Unknown","500 GRAM FINALE > 500 GRAM FINALE ZIPPER CAKES","Unknown","Regular","Unknown","500 Gram","#party-like-its-1776-500-gram-regular","/Volumes/FACUNDO/Rockwall fireworks/MLTX6DPJDFYX7_catalog-2026-08-16-1724.csv","663","666","666","/Volumes/FACUNDO/Rockwall fireworks/rockwall fireworks items.xlsx","Items","664","1","1","no_match","","Unknown","No sufficiently specific candidate identified in the two Dynamite catalog files."
"SPHGB45PXXV5JJAYNVSAHQZH","161273215246","","Party Pack","Party Pack","Whitespace cleaned; uncertain abbreviations retained","Unknown","Unknown","Unknown","Regular","Unknown","Unknown","#party-pack-regular","/Volumes/FACUNDO/Rockwall fireworks/MLTX6DPJDFYX7_catalog-2026-08-16-1724.csv","664","667","667","/Volumes/FACUNDO/Rockwall fireworks/rockwall fireworks items.xlsx","Items","665","1","1","no_match","","Unknown","No sufficiently specific candidate identified in the two Dynamite catalog files."
"LVDV62MTB2UNJZMKZAAKZHU4","","715244000654","Party Pack 5 Black Cat","Party Pack 5 Black Cat","Whitespace cleaned; uncertain abbreviations retained","Black Cat","Family Pack Assortments","Unknown","Regular","Unknown","Unknown","#party-pack-5-black-cat-regular","/Volumes/FACUNDO/Rockwall fireworks/MLTX6DPJDFYX7_catalog-2026-08-16-1724.csv","665","668","668","/Volumes/FACUNDO/Rockwall fireworks/rockwall fireworks items.xlsx","Items","666","1","0","no_match","","Unknown","No sufficiently specific candidate identified in the two Dynamite catalog files."
"EYHLYQPZXEA34ZHLVD4GS3EJ","715244100651","","Party Pack 5 S And S","Party Pack 5 S And S","Whitespace cleaned; uncertain abbreviations retained","Unknown","Unknown","Unknown","Regular","Unknown","Unknown","#party-pack-5-s-and-s-regular","/Volumes/FACUNDO/Rockwall fireworks/MLTX6DPJDFYX7_catalog-2026-08-16-1724.csv","666","669","669","/Volumes/FACUNDO/Rockwall fireworks/rockwall fireworks items.xlsx","Items","667","1","1","no_match","","Unknown","No sufficiently specific candidate identified in the two Dynamite catalog files."
"Y4WMTYEVPETUZALRIL7GZSZ7","","715244000456","Party Pack 6 Black Cat","Party Pack 6 Black Cat","Whitespace cleaned; uncertain abbreviations retained","Black Cat","Family Pack Assortments","Unknown","Regular","Unknown","Unknown","#party-pack-6-black-cat-regular","/Volumes/FACUNDO/Rockwall fireworks/MLTX6DPJDFYX7_catalog-2026-08-16-1724.csv","667","670","670","/Volumes/FACUNDO/Rockwall fireworks/rockwall fireworks items.xlsx","Items","668","1","0","no_match","","Unknown","No sufficiently specific candidate identified in the two Dynamite catalog files."
"RUDFKSIOWOO6EYLP2XIK2POM","715244034161","","Party Popper BOGO","Party Popper","Whitespace cleaned; historical BOGO marker removed from display name only","Unknown","Unknown","Unknown","Regular","Unknown","Unknown","#party-popper-bogo-regular","/Volumes/FACUNDO/Rockwall fireworks/MLTX6DPJDFYX7_catalog-2026-08-16-1724.csv","668","671","671","/Volumes/FACUNDO/Rockwall fireworks/rockwall fireworks items.xlsx","Items","669","2","1","no_match","","Unknown","No sufficiently specific candidate identified in the two Dynamite catalog files."
"YDXTBSQMDNA3CAACFFFV3M7G","","","Party Popper BOGO","Party Popper","Whitespace cleaned; historical BOGO marker removed from display name only","Unknown","Unknown","Unknown","Regular","Unknown","Unknown","#party-popper-bogo-1-regular","/Volumes/FACUNDO/Rockwall fireworks/MLTX6DPJDFYX7_catalog-2026-08-16-1724.csv","669","672","672","/Volumes/FACUNDO/Rockwall fireworks/rockwall fireworks items.xlsx","Items","670","2","0","no_match","","Unknown","No sufficiently specific candidate identified in the two Dynamite catalog files."
"H4FJAI7L7W5675F4RDZW2DOK","887946051354","","Party Poppers","Party Poppers","Whitespace cleaned; uncertain abbreviations retained","Unknown","Unknown","Unknown","Regular","Unknown","Unknown","#party-poppers-regular","/Volumes/FACUNDO/Rockwall fireworks/MLTX6DPJDFYX7_catalog-2026-08-16-1724.csv","670","673","673","/Volumes/FACUNDO/Rockwall fireworks/rockwall fireworks items.xlsx","Items","671","1","1","no_match","","Unknown","No sufficiently specific candidate identified in the two Dynamite catalog files."
"QJYHB53HMHM3LHA3AMQILUY6","757202120080","","Party Up Fountain","Party Up Fountain","Whitespace cleaned; uncertain abbreviations retained","Unknown","Fountains","Unknown","Regular","Unknown","Unknown","#party-up-fountain-regular","/Volumes/FACUNDO/Rockwall fireworks/MLTX6DPJDFYX7_catalog-2026-08-16-1724.csv","671","674","674","/Volumes/FACUNDO/Rockwall fireworks/rockwall fireworks items.xlsx","Items","672","1","1","no_match","","Unknown","No sufficiently specific candidate identified in the two Dynamite catalog files."
"UJYS4PYVOEXLVSHB47PDTLWB","757201525091","","Pastel Sunset","Pastel Sunset","Whitespace cleaned; uncertain abbreviations retained","Unknown","Unknown","Unknown","Regular","Unknown","Unknown","#pastel-sunset-regular","/Volumes/FACUNDO/Rockwall fireworks/MLTX6DPJDFYX7_catalog-2026-08-16-1724.csv","672","675","675","/Volumes/FACUNDO/Rockwall fireworks/rockwall fireworks items.xlsx","Items","673","1","1","no_match","","Unknown","No sufficiently specific candidate identified in the two Dynamite catalog files."
"XONH3T5IEWPTHSVDTIXWTFLQ","192537371033","","Patriot Missile Battery","Patriot Missile Battery","Whitespace cleaned; uncertain abbreviations retained","Unknown","Unknown","Unknown","Regular","Unknown","Unknown","#patriot-missile-battery-regular","/Volumes/FACUNDO/Rockwall fireworks/MLTX6DPJDFYX7_catalog-2026-08-16-1724.csv","673","676","676","/Volumes/FACUNDO/Rockwall fireworks/rockwall fireworks items.xlsx","Items","674","1","1","no_match","","Unknown","No sufficiently specific candidate identified in the two Dynamite catalog files."
"GFECBXQR5N3CNQFF6ZSOS2AR","","000000770620","Patriot Smoke","Patriot Smoke","Whitespace cleaned; uncertain abbreviations retained","Unknown","Unknown","Unknown","Regular","Unknown","Unknown","#patriot-smoke-regular","/Volumes/FACUNDO/Rockwall fireworks/MLTX6DPJDFYX7_catalog-2026-08-16-1724.csv","674","677","677","/Volumes/FACUNDO/Rockwall fireworks/rockwall fireworks items.xlsx","Items","675","1","0","no_match","","Unknown","No sufficiently specific candidate identified in the two Dynamite catalog files."
"6Q5EU5MTXGXJTDIOWHLDA6L2","","514677005027","Patriotic Fury","Patriotic Fury","Whitespace cleaned; uncertain abbreviations retained","Unknown","Roman Candles","Unknown","Regular","Unknown","Unknown","#patriotic-fury-regular","/Volumes/FACUNDO/Rockwall fireworks/MLTX6DPJDFYX7_catalog-2026-08-16-1724.csv","675","678","678","/Volumes/FACUNDO/Rockwall fireworks/rockwall fireworks items.xlsx","Items","676","1","0","no_match","","Unknown","No sufficiently specific candidate identified in the two Dynamite catalog files."
"SYIQ3ASIUOUO65QYDGYYD6IP","757201530828","","Patriotic Waves","Patriotic Waves","Whitespace cleaned; uncertain abbreviations retained","Unknown","Unknown","Unknown","Regular","Unknown","Unknown","#patriotic-waves-regular","/Volumes/FACUNDO/Rockwall fireworks/MLTX6DPJDFYX7_catalog-2026-08-16-1724.csv","676","679","679","/Volumes/FACUNDO/Rockwall fireworks/rockwall fireworks items.xlsx","Items","677","1","1","no_match","","Unknown","No sufficiently specific candidate identified in the two Dynamite catalog files."
"BW7FHJQTNO2EPTALDRURHPRD","757202125016","","Peace Elite","Peace Elite","Whitespace cleaned; uncertain abbreviations retained","Unknown","Fountains","Unknown","Regular","Unknown","Unknown","#peace-elite-regular","/Volumes/FACUNDO/Rockwall fireworks/MLTX6DPJDFYX7_catalog-2026-08-16-1724.csv","677","680","680","/Volumes/FACUNDO/Rockwall fireworks/rockwall fireworks items.xlsx","Items","678","1","1","no_match","","Unknown","No sufficiently specific candidate identified in the two Dynamite catalog files."
"2EB6YQMF2JETUJYHQTRIZGR3","757201225076","","Peace Out","Peace Out","Whitespace cleaned; uncertain abbreviations retained","Unknown","Unknown","Unknown","Regular","Unknown","Unknown","#peace-out-regular","/Volumes/FACUNDO/Rockwall fireworks/MLTX6DPJDFYX7_catalog-2026-08-16-1724.csv","678","681","681","/Volumes/FACUNDO/Rockwall fireworks/rockwall fireworks items.xlsx","Items","679","1","1","no_match","","Unknown","No sufficiently specific candidate identified in the two Dynamite catalog files."
"LV65VKZH67LIUO4NCR3MY7E3","757201324083","","Peacock Spider 5"" Artillery Shells 24 pack","Peacock Spider 5"" Artillery Shells 24 pack","Whitespace cleaned; uncertain abbreviations retained","Unknown","24 Pack Canister Artillery Shells 5 INCH","Unknown","Regular","Unknown","5"" | 24 pack","#peacock-spider-5-artillery-shells-24-pack-regular","/Volumes/FACUNDO/Rockwall fireworks/MLTX6DPJDFYX7_catalog-2026-08-16-1724.csv","679","682","682","/Volumes/FACUNDO/Rockwall fireworks/rockwall fireworks items.xlsx","Items","680","1","1","no_match","","Unknown","No sufficiently specific candidate identified in the two Dynamite catalog files."
"BRYUXAWM2U773NSWLZI6RQJJ","821600011025","","Peacock fountain 2 Mins","Peacock fountain 2 Mins","Whitespace cleaned; uncertain abbreviations retained","Unknown","Fountains","Unknown","Regular","Unknown","Unknown","#peacock-fountain-2-mins-regular","/Volumes/FACUNDO/Rockwall fireworks/MLTX6DPJDFYX7_catalog-2026-08-16-1724.csv","680","683","683","/Volumes/FACUNDO/Rockwall fireworks/rockwall fireworks items.xlsx","Items","681","1","1","no_match","","Unknown","No sufficiently specific candidate identified in the two Dynamite catalog files."
"BSTVNCI44CC3KJXN4HLCGHUS","193936959730","","Penguin Mama Bogo","Penguin Mama","Whitespace cleaned; historical BOGO marker removed from display name only","Unknown","Unknown","Unknown","Regular","Unknown","Unknown","#penguin-mama-bogo-regular","/Volumes/FACUNDO/Rockwall fireworks/MLTX6DPJDFYX7_catalog-2026-08-16-1724.csv","681","684","684","/Volumes/FACUNDO/Rockwall fireworks/rockwall fireworks items.xlsx","Items","682","1","1","no_match","","Unknown","No sufficiently specific candidate identified in the two Dynamite catalog files."
"7OAN37IRHHUF7PBB7LBMEFEN","680149045409","","Perfect Hobby Fuse","Perfect Hobby Fuse","Whitespace cleaned; uncertain abbreviations retained","Unknown","Unknown","Unknown","Regular","Unknown","Unknown","#perfect-hobby-fuse-regular","/Volumes/FACUNDO/Rockwall fireworks/MLTX6DPJDFYX7_catalog-2026-08-16-1724.csv","682","685","685","/Volumes/FACUNDO/Rockwall fireworks/rockwall fireworks items.xlsx","Items","683","1","1","no_match","","Unknown","No sufficiently specific candidate identified in the two Dynamite catalog files."
"Y5OI5SINQV5R5HTH6T7JKPD3","1071738203680","","Pink Smoke 2pk","Pink Smoke 2pk","Whitespace cleaned; uncertain abbreviations retained","Unknown","Unknown","Unknown","Regular","Unknown","Unknown","#pink-smoke-2pk-regular","/Volumes/FACUNDO/Rockwall fireworks/MLTX6DPJDFYX7_catalog-2026-08-16-1724.csv","683","686","686","/Volumes/FACUNDO/Rockwall fireworks/rockwall fireworks items.xlsx","Items","684","1","1","no_match","","Unknown","No sufficiently specific candidate identified in the two Dynamite catalog files."
"VW6UK3R5PQCWGV2HP7PVG47Y","8145270151815","","Piranha 500 Gram","Piranha 500 Gram","Whitespace cleaned; uncertain abbreviations retained","Unknown","Unknown","Unknown","Regular","Unknown","500 Gram","#piranha-500-gram-regular","/Volumes/FACUNDO/Rockwall fireworks/MLTX6DPJDFYX7_catalog-2026-08-16-1724.csv","684","687","687","/Volumes/FACUNDO/Rockwall fireworks/rockwall fireworks items.xlsx","Items","685","1","1","no_match","","Unknown","No sufficiently specific candidate identified in the two Dynamite catalog files."
"7NIKJPUYYNEFFUPR4OAZ5TLP","757201225182","","Pirate Captain","Pirate Captain","Whitespace cleaned; uncertain abbreviations retained","Unknown","Unknown","Unknown","Regular","Unknown","Unknown","#pirate-captain-regular","/Volumes/FACUNDO/Rockwall fireworks/MLTX6DPJDFYX7_catalog-2026-08-16-1724.csv","685","688","688","/Volumes/FACUNDO/Rockwall fireworks/rockwall fireworks items.xlsx","Items","686","1","1","no_match","","Unknown","No sufficiently specific candidate identified in the two Dynamite catalog files."
"DBKP4RU3O2KESZZFVHZI7XGX","725272730911","","Pixie Stick Sparklers Bogo","Pixie Stick Sparklers","Whitespace cleaned; historical BOGO marker removed from display name only","Unknown","Unknown","Unknown","Regular","Unknown","Unknown","#pixie-stick-sparklers-bogo-regular","/Volumes/FACUNDO/Rockwall fireworks/MLTX6DPJDFYX7_catalog-2026-08-16-1724.csv","686","689","689","/Volumes/FACUNDO/Rockwall fireworks/rockwall fireworks items.xlsx","Items","687","1","1","no_match","","Unknown","No sufficiently specific candidate identified in the two Dynamite catalog files."
"QOBJJNSP3DTE3UDKCCERX3MP","849107066010","","Pixie Sticks","Pixie Sticks","Whitespace cleaned; uncertain abbreviations retained","Unknown","Unknown","Unknown","Regular","Unknown","Unknown","#pixie-sticks-regular","/Volumes/FACUNDO/Rockwall fireworks/MLTX6DPJDFYX7_catalog-2026-08-16-1724.csv","687","690","690","/Volumes/FACUNDO/Rockwall fireworks/rockwall fireworks items.xlsx","Items","688","1","1","no_match","","Unknown","No sufficiently specific candidate identified in the two Dynamite catalog files."
"RG25535S4I3QWL6XUOT4SJVP","705108955640","","Pizza Platter","Pizza Platter","Whitespace cleaned; uncertain abbreviations retained","Unknown","Unknown","Unknown","Regular","Unknown","Unknown","#pizza-platter-regular","/Volumes/FACUNDO/Rockwall fireworks/MLTX6DPJDFYX7_catalog-2026-08-16-1724.csv","688","691","691","/Volumes/FACUNDO/Rockwall fireworks/rockwall fireworks items.xlsx","Items","689","1","1","no_match","","Unknown","No sufficiently specific candidate identified in the two Dynamite catalog files."
"F3QXAKJHZFDKFEHW4F5LYHG6","757201180702","","Planet Candle","Planet Candle","Whitespace cleaned; uncertain abbreviations retained","Unknown","Roman Candles","Unknown","Regular","Unknown","Unknown","#planet-candle-regular","/Volumes/FACUNDO/Rockwall fireworks/MLTX6DPJDFYX7_catalog-2026-08-16-1724.csv","689","692","692","/Volumes/FACUNDO/Rockwall fireworks/rockwall fireworks items.xlsx","Items","690","1","1","no_match","","Unknown","No sufficiently specific candidate identified in the two Dynamite catalog files."
"LEGXEN3H3USZHEQPWD6DHKW7","705108602308","","Poop","Poop","Whitespace cleaned; uncertain abbreviations retained","Unknown","Unknown","Unknown","Regular","Unknown","Unknown","#poop-regular","/Volumes/FACUNDO/Rockwall fireworks/MLTX6DPJDFYX7_catalog-2026-08-16-1724.csv","690","693","693","/Volumes/FACUNDO/Rockwall fireworks/rockwall fireworks items.xlsx","Items","691","1","1","no_match","","Unknown","No sufficiently specific candidate identified in the two Dynamite catalog files."
"DJDD3CC7XZW5XMFZ5UOFKY3S","652009903457","","Pooping Dog","Pooping Dog","Whitespace cleaned; uncertain abbreviations retained","Unknown","Unknown","Unknown","Regular","Unknown","Unknown","#pooping-dog-regular","/Volumes/FACUNDO/Rockwall fireworks/MLTX6DPJDFYX7_catalog-2026-08-16-1724.csv","691","694","694","/Volumes/FACUNDO/Rockwall fireworks/rockwall fireworks items.xlsx","Items","692","1","1","no_match","","Unknown","No sufficiently specific candidate identified in the two Dynamite catalog files."
"UGWD5ORMIP3Z4SNOJNKZLSXD","8052530222713","","Pooping Puppy","Pooping Puppy","Whitespace cleaned; uncertain abbreviations retained","Unknown","Unknown","Unknown","Regular","Unknown","Unknown","#pooping-puppy-regular","/Volumes/FACUNDO/Rockwall fireworks/MLTX6DPJDFYX7_catalog-2026-08-16-1724.csv","692","695","695","/Volumes/FACUNDO/Rockwall fireworks/rockwall fireworks items.xlsx","Items","693","1","1","no_match","","Unknown","No sufficiently specific candidate identified in the two Dynamite catalog files."
"ACVJ27NW6K665M5ZLJJWS6NQ","132201185009","","Pop Pop Snap","Pop Pop Snap","Whitespace cleaned; uncertain abbreviations retained","Unknown","Unknown","Unknown","Regular","Unknown","Unknown","#pop-pop-snap-regular","/Volumes/FACUNDO/Rockwall fireworks/MLTX6DPJDFYX7_catalog-2026-08-16-1724.csv","693","696","696","/Volumes/FACUNDO/Rockwall fireworks/rockwall fireworks items.xlsx","Items","694","1","1","no_match","","Unknown","No sufficiently specific candidate identified in the two Dynamite catalog files."
"RHF7AEHBY7OWIBXKCAQ7JFHO","000000770194","","Pop Pop Snappers","Pop Pop Snappers","Whitespace cleaned; uncertain abbreviations retained","Unknown","Unknown","Unknown","Regular","Unknown","Unknown","#pop-pop-snappers-regular","/Volumes/FACUNDO/Rockwall fireworks/MLTX6DPJDFYX7_catalog-2026-08-16-1724.csv","694","697","697","/Volumes/FACUNDO/Rockwall fireworks/rockwall fireworks items.xlsx","Items","695","1","1","no_match","","Unknown","No sufficiently specific candidate identified in the two Dynamite catalog files."
"WOTDSCN5QXJWIDB22ZTJ7B4Y","887946041225","","Popcorn Snow Balls","Popcorn Snow Balls","Whitespace cleaned; uncertain abbreviations retained","Unknown","Fountains","Unknown","Regular","Unknown","Unknown","#popcorn-snow-balls-regular","/Volumes/FACUNDO/Rockwall fireworks/MLTX6DPJDFYX7_catalog-2026-08-16-1724.csv","695","698","698","/Volumes/FACUNDO/Rockwall fireworks/rockwall fireworks items.xlsx","Items","696","1","1","no_match","","Unknown","No sufficiently specific candidate identified in the two Dynamite catalog files."
"DIDEY25CLY47LXE7YSOJA5XD","6510475378985","","Premium Artillery 6pc","Premium Artillery 6pc","Whitespace cleaned; uncertain abbreviations retained","Unknown","Unknown","Unknown","Regular","Unknown","6pc","#premium-artillery-6pc-regular","/Volumes/FACUNDO/Rockwall fireworks/MLTX6DPJDFYX7_catalog-2026-08-16-1724.csv","696","699","699","/Volumes/FACUNDO/Rockwall fireworks/rockwall fireworks items.xlsx","Items","697","1","1","no_match","","Unknown","No sufficiently specific candidate identified in the two Dynamite catalog files."
"O4HEZOXYRTRJS3YERP4VZHZR","680149045379","","Premium Cannon Fuse","Premium Cannon Fuse","Whitespace cleaned; uncertain abbreviations retained","Unknown","Unknown","Unknown","Regular","Unknown","Unknown","#premium-cannon-fuse-regular","/Volumes/FACUNDO/Rockwall fireworks/MLTX6DPJDFYX7_catalog-2026-08-16-1724.csv","697","700","700","/Volumes/FACUNDO/Rockwall fireworks/rockwall fireworks items.xlsx","Items","698","1","1","no_match","","Unknown","No sufficiently specific candidate identified in the two Dynamite catalog files."
"FN4OGLCMYXTN2JZTRZ5NCKO4","680149047649","","Pretty In Pink 60sec Smoke","Pretty In Pink 60sec Smoke","Whitespace cleaned; uncertain abbreviations retained","Unknown","Unknown","Unknown","Regular","Unknown","Unknown","#pretty-in-pink-60sec-smoke-regular","/Volumes/FACUNDO/Rockwall fireworks/MLTX6DPJDFYX7_catalog-2026-08-16-1724.csv","698","701","701","/Volumes/FACUNDO/Rockwall fireworks/rockwall fireworks items.xlsx","Items","699","2","1","no_match","","Unknown","No sufficiently specific candidate identified in the two Dynamite catalog files."
"2ZRSOBQ75H3FUORH4EEQSKEV","680149047632","","Pretty In Pink 60sec Smoke","Pretty In Pink 60sec Smoke","Whitespace cleaned; uncertain abbreviations retained","Unknown","Unknown","Unknown","boy o'boy blue 60 sec smoke","boy o'boy blue 60 sec smoke","Unknown","#pretty-in-pink-60sec-smoke-boy-o-boy-blue-60-sec-smoke","/Volumes/FACUNDO/Rockwall fireworks/MLTX6DPJDFYX7_catalog-2026-08-16-1724.csv","699","702","702","/Volumes/FACUNDO/Rockwall fireworks/rockwall fireworks items.xlsx","Items","700","2","1","no_match","","Unknown","No sufficiently specific candidate identified in the two Dynamite catalog files."
"BNUXKTUCJZD4IZ3NBI22JUGD","715244800032","","Pride And Honor","Pride And Honor","Whitespace cleaned; uncertain abbreviations retained","Unknown","Unknown","Unknown","Regular","Unknown","Unknown","#pride-and-honor-regular","/Volumes/FACUNDO/Rockwall fireworks/MLTX6DPJDFYX7_catalog-2026-08-16-1724.csv","700","703","703","/Volumes/FACUNDO/Rockwall fireworks/rockwall fireworks items.xlsx","Items","701","1","1","no_match","","Unknown","No sufficiently specific candidate identified in the two Dynamite catalog files."
"B2R4LKO2AZTVC7WNZLP65265","8145270244913","","Pride And Joy","Pride And Joy","Whitespace cleaned; uncertain abbreviations retained","Unknown","Unknown","Unknown","Regular","Unknown","Unknown","#pride-and-joy-regular","/Volumes/FACUNDO/Rockwall fireworks/MLTX6DPJDFYX7_catalog-2026-08-16-1724.csv","701","704","704","/Volumes/FACUNDO/Rockwall fireworks/rockwall fireworks items.xlsx","Items","702","1","1","no_match","","Unknown","No sufficiently specific candidate identified in the two Dynamite catalog files."
"W2DQZLRQIG7B6M6TLEHBUWPO","687985225910","","Prime Time","Prime Time","Whitespace cleaned; uncertain abbreviations retained","Unknown","Unknown","Unknown","Regular","Unknown","Unknown","#prime-time-regular","/Volumes/FACUNDO/Rockwall fireworks/MLTX6DPJDFYX7_catalog-2026-08-16-1724.csv","702","705","705","/Volumes/FACUNDO/Rockwall fireworks/rockwall fireworks items.xlsx","Items","703","1","1","no_match","","Unknown","No sufficiently specific candidate identified in the two Dynamite catalog files."
"SLK6V23MUILATCG47E752KNE","705108508907","","Princess Parachute","Princess Parachute","Whitespace cleaned; uncertain abbreviations retained","Unknown","Unknown","Unknown","Regular","Unknown","Unknown","#princess-parachute-regular","/Volumes/FACUNDO/Rockwall fireworks/MLTX6DPJDFYX7_catalog-2026-08-16-1724.csv","703","706","706","/Volumes/FACUNDO/Rockwall fireworks/rockwall fireworks items.xlsx","Items","704","1","1","probable","","products.json[190] Princess Parachute / Winda / /products/princess-parachute.png","Name identifies a candidate only; manufacturer and exact presentation have not been established."
"IJJCFG2L4D6373CWLT7PDNSV","201606802214","","Princess Power Sword Fountain- Pink","Princess Power Sword Fountain- Pink","Whitespace cleaned; uncertain abbreviations retained","Unknown","Fountains","Unknown","Regular","Unknown","Unknown","#princess-power-sword-fountain-pink-regular","/Volumes/FACUNDO/Rockwall fireworks/MLTX6DPJDFYX7_catalog-2026-08-16-1724.csv","704","707","707","/Volumes/FACUNDO/Rockwall fireworks/rockwall fireworks items.xlsx","Items","705","1","1","no_match","","Unknown","No sufficiently specific candidate identified in the two Dynamite catalog files."
"3U776SJS6U6ZARDKVW3VDN6F","757201525428","","Princeton 500g","Princeton 500g","Whitespace cleaned; uncertain abbreviations retained","Unknown","Unknown","Unknown","Regular","Unknown","500g","#princeton-500g-regular","/Volumes/FACUNDO/Rockwall fireworks/MLTX6DPJDFYX7_catalog-2026-08-16-1724.csv","705","708","708","/Volumes/FACUNDO/Rockwall fireworks/rockwall fireworks items.xlsx","Items","706","1","1","no_match","","Unknown","No sufficiently specific candidate identified in the two Dynamite catalog files."
"BE5SGVQG2WTIOQ7T7O5KZZ5M","757201520010","","Pro Pyro Show","Pro Pyro Show","Whitespace cleaned; uncertain abbreviations retained","Unknown","Unknown","Unknown","Regular","Unknown","Unknown","#pro-pyro-show-regular","/Volumes/FACUNDO/Rockwall fireworks/MLTX6DPJDFYX7_catalog-2026-08-16-1724.csv","706","709","709","/Volumes/FACUNDO/Rockwall fireworks/rockwall fireworks items.xlsx","Items","707","1","1","no_match","","Unknown","No sufficiently specific candidate identified in the two Dynamite catalog files."
"DB4TCS3F4TI7T4HCKIH4TICI","757205302131","","Proud And True 500 Gram","Proud And True 500 Gram","Whitespace cleaned; uncertain abbreviations retained","Unknown","500 GRAM FINALE","Unknown","Regular","Unknown","500 Gram","#proud-and-true-500-gram-regular","/Volumes/FACUNDO/Rockwall fireworks/MLTX6DPJDFYX7_catalog-2026-08-16-1724.csv","707","710","710","/Volumes/FACUNDO/Rockwall fireworks/rockwall fireworks items.xlsx","Items","708","1","1","no_match","","Unknown","No sufficiently specific candidate identified in the two Dynamite catalog files."
"HOEPN7PMLZEIWDHROP4CNQHN","757201225205","","Pucker Up","Pucker Up","Whitespace cleaned; uncertain abbreviations retained","Unknown","Unknown","Unknown","Regular","Unknown","Unknown","#pucker-up-regular","/Volumes/FACUNDO/Rockwall fireworks/MLTX6DPJDFYX7_catalog-2026-08-16-1724.csv","708","711","711","/Volumes/FACUNDO/Rockwall fireworks/rockwall fireworks items.xlsx","Items","709","1","1","no_match","","Unknown","No sufficiently specific candidate identified in the two Dynamite catalog files."
"K3CPITE3BIQOUTBNOLKATW72","687985426416","","Pure Fantasy  Fountain","Pure Fantasy Fountain","Whitespace cleaned; uncertain abbreviations retained","Unknown","Fountains","Unknown","Regular","Unknown","Unknown","#pure-fantasy-fountain-regular","/Volumes/FACUNDO/Rockwall fireworks/MLTX6DPJDFYX7_catalog-2026-08-16-1724.csv","709","712","712","/Volumes/FACUNDO/Rockwall fireworks/rockwall fireworks items.xlsx","Items","710","1","1","no_match","","Unknown","No sufficiently specific candidate identified in the two Dynamite catalog files."
"YDRRJKGNOJXGW2GJTT657UMN","757201536202","","Purely American 500g 135 Shots","Purely American","Reviewed commercial name; specifications retained separately","Raccoon","500 GRAM FINALE > 500 GRAM FINALE ZIPPER CAKES","Cakes","Regular","500 gram · 135 shots","500g | 135 Shots","#purely-american-500g-135-shots-regular","/Volumes/FACUNDO/Rockwall fireworks/MLTX6DPJDFYX7_catalog-2026-08-16-1724.csv","710","713","713","/Volumes/FACUNDO/Rockwall fireworks/rockwall fireworks items.xlsx","Items","711","1","1","confirmed","purely-american","products.json[23] Purely American / Raccoon / /products/purely-american.png","Name, 500-gram category and 135 shots agree with the photographed Raccoon package."
"MQUBTSR6GA2MQOBNUI3GR3R6","695071402510","","Purple Rain 200 Gram 20 Shots","Purple Rain 200 Gram 20 Shots","Whitespace cleaned; uncertain abbreviations retained","Unknown","Unknown","Unknown","Regular","Unknown","200 Gram | 20 Shots","#purple-rain-200-gram-20-shots-regular","/Volumes/FACUNDO/Rockwall fireworks/MLTX6DPJDFYX7_catalog-2026-08-16-1724.csv","711","714","714","/Volumes/FACUNDO/Rockwall fireworks/rockwall fireworks items.xlsx","Items","712","1","1","no_match","","Unknown","No sufficiently specific candidate identified in the two Dynamite catalog files."
"2FDGHGEKWTLRHURUU6BFPNAL","687985427017","","Purplelicious","Purplelicious","Whitespace cleaned; uncertain abbreviations retained","Unknown","Unknown","Unknown","Regular","Unknown","Unknown","#purplelicious-regular","/Volumes/FACUNDO/Rockwall fireworks/MLTX6DPJDFYX7_catalog-2026-08-16-1724.csv","712","715","715","/Volumes/FACUNDO/Rockwall fireworks/rockwall fireworks items.xlsx","Items","713","1","1","no_match","","Unknown","No sufficiently specific candidate identified in the two Dynamite catalog files."
"6V3AE6WIBJYROZB36X5IQNO7","887946002431","","Purplicious 16 Shot","Purplicious 16 Shot","Whitespace cleaned; uncertain abbreviations retained","Unknown","Unknown","Unknown","Regular","Unknown","16 Shot","#purplicious-16-shot-regular","/Volumes/FACUNDO/Rockwall fireworks/MLTX6DPJDFYX7_catalog-2026-08-16-1724.csv","713","716","716","/Volumes/FACUNDO/Rockwall fireworks/rockwall fireworks items.xlsx","Items","714","1","1","no_match","","Unknown","No sufficiently specific candidate identified in the two Dynamite catalog files."
"HZAGPD3IMPZRECHNNQMOYHJG","757205301332","","Pyro Addict 500 Gram","Pyro Addict 500 Gram","Whitespace cleaned; uncertain abbreviations retained","Unknown","500 GRAM FINALE","Unknown","Regular","Unknown","500 Gram","#pyro-addict-500-gram-regular","/Volumes/FACUNDO/Rockwall fireworks/MLTX6DPJDFYX7_catalog-2026-08-16-1724.csv","714","717","717","/Volumes/FACUNDO/Rockwall fireworks/rockwall fireworks items.xlsx","Items","715","2","1","no_match","","Unknown","No sufficiently specific candidate identified in the two Dynamite catalog files."
"S65NKA62L4VM76LXZCWIPRIN","57205301332","","Pyro Addict 500 Gram","Pyro Addict 500 Gram","Whitespace cleaned; uncertain abbreviations retained","Unknown","500 GRAM FINALE","Unknown","Regular","Unknown","500 Gram","#pyro-addict-500-gram-1-regular","/Volumes/FACUNDO/Rockwall fireworks/MLTX6DPJDFYX7_catalog-2026-08-16-1724.csv","715","718","718","/Volumes/FACUNDO/Rockwall fireworks/rockwall fireworks items.xlsx","Items","716","2","1","no_match","","Unknown","No sufficiently specific candidate identified in the two Dynamite catalog files."
"NBYJHYVLGDM6O5TFADLC2M3Z","753321710676","","Pyro Alienware 4"" Artillery Shells 12 pack","Pyro Alienware 4"" Artillery Shells 12 pack","Whitespace cleaned; uncertain abbreviations retained","Unknown","12/16 Pack Artillery Shells 1.75"" RDX\, 4"" Pyro\, 5"" Xtra Lg","Unknown","Regular","Unknown","4"" | 12 pack","#pyro-alienware-4-artillery-shells-12-pack-regular","/Volumes/FACUNDO/Rockwall fireworks/MLTX6DPJDFYX7_catalog-2026-08-16-1724.csv","716","719","719","/Volumes/FACUNDO/Rockwall fireworks/rockwall fireworks items.xlsx","Items","717","1","1","no_match","","Unknown","No sufficiently specific candidate identified in the two Dynamite catalog files."
"XPKPIHHLLYDHZR5MWGU3Q7IM","943100750119","","Pyro Bag #1","Pyro Bag #1","Whitespace cleaned; uncertain abbreviations retained","Unknown","Unknown","Unknown","Regular","Unknown","Unknown","#pyro-bag-1-regular","/Volumes/FACUNDO/Rockwall fireworks/MLTX6DPJDFYX7_catalog-2026-08-16-1724.csv","717","720","720","/Volumes/FACUNDO/Rockwall fireworks/rockwall fireworks items.xlsx","Items","718","1","1","no_match","","Unknown","No sufficiently specific candidate identified in the two Dynamite catalog files."
"VIX2UHODPHEVPAUTBUI4EP3W","705108320707","","Pyro Blends","Pyro Blends","Whitespace cleaned; uncertain abbreviations retained","Unknown","Unknown","Unknown","Regular","Unknown","Unknown","#pyro-blends-regular","/Volumes/FACUNDO/Rockwall fireworks/MLTX6DPJDFYX7_catalog-2026-08-16-1724.csv","718","721","721","/Volumes/FACUNDO/Rockwall fireworks/rockwall fireworks items.xlsx","Items","719","1","1","no_match","","Unknown","No sufficiently specific candidate identified in the two Dynamite catalog files."
"MM7NBQNS3IQJARZGRUKQHBTC","821111112082","","Pyro Chaos 6"" Artillery Shells 24 pack","Pyro Chaos 6"" Artillery Shells 24 pack","Whitespace cleaned; uncertain abbreviations retained","Unknown","24 Pack Artillery Shells 6""","Unknown","Regular","Unknown","6"" | 24 pack","#pyro-chaos-6-artillery-shells-24-pack-regular","/Volumes/FACUNDO/Rockwall fireworks/MLTX6DPJDFYX7_catalog-2026-08-16-1724.csv","719","722","722","/Volumes/FACUNDO/Rockwall fireworks/rockwall fireworks items.xlsx","Items","720","1","1","no_match","","Unknown","No sufficiently specific candidate identified in the two Dynamite catalog files."
"XVGJDTRZN6G72H74OTSIEYPV","652009101112","","Pyro City","Pyro City","Whitespace cleaned; uncertain abbreviations retained","Unknown","Family Pack Assortments","Unknown","Regular","Unknown","Unknown","#pyro-city-regular","/Volumes/FACUNDO/Rockwall fireworks/MLTX6DPJDFYX7_catalog-2026-08-16-1724.csv","720","723","723","/Volumes/FACUNDO/Rockwall fireworks/rockwall fireworks items.xlsx","Items","721","1","1","no_match","","Unknown","No sufficiently specific candidate identified in the two Dynamite catalog files."
"K3TMBZV5CNPFOAJ6D63VE66G","652009001115","","Pyro City 2","Pyro City 2","Whitespace cleaned; uncertain abbreviations retained","Unknown","Unknown","Unknown","Regular","Unknown","Unknown","#pyro-city-2-regular","/Volumes/FACUNDO/Rockwall fireworks/MLTX6DPJDFYX7_catalog-2026-08-16-1724.csv","721","724","724","/Volumes/FACUNDO/Rockwall fireworks/rockwall fireworks items.xlsx","Items","722","1","1","no_match","","Unknown","No sufficiently specific candidate identified in the two Dynamite catalog files."
"H6UVAEIGHB6OJOGWCNMV7HRI","952009001024","","Pyro Pack","Pyro Pack","Whitespace cleaned; uncertain abbreviations retained","Unknown","Unknown","Unknown","Regular","Unknown","Unknown","#pyro-pack-regular","/Volumes/FACUNDO/Rockwall fireworks/MLTX6DPJDFYX7_catalog-2026-08-16-1724.csv","722","725","725","/Volumes/FACUNDO/Rockwall fireworks/rockwall fireworks items.xlsx","Items","723","1","1","probable","","products.json[54] Monkey's Pyro Pack / Monkey Mania / /products/monkey's-pyro-pack.png","Name identifies a candidate only; manufacturer and exact presentation have not been established."
"6FDCWTCRQOHD3Q7QAX23HFRU","652009001054","","Pyro Party","Pyro Party","Whitespace cleaned; uncertain abbreviations retained","Unknown","Unknown","Unknown","Regular","Unknown","Unknown","#pyro-party-regular","/Volumes/FACUNDO/Rockwall fireworks/MLTX6DPJDFYX7_catalog-2026-08-16-1724.csv","723","726","726","/Volumes/FACUNDO/Rockwall fireworks/rockwall fireworks items.xlsx","Items","724","1","1","no_match","","Unknown","No sufficiently specific candidate identified in the two Dynamite catalog files."
"V4SFMS63R6VNL3PIC2LJZYS3","705108518203","","Pyro Pilot 200 G","Pyro Pilot","Reviewed commercial name; specifications retained separately","Winda","Unknown","Cakes","Regular","200 gram","200 G","#pyro-pilot-200-g-regular","/Volumes/FACUNDO/Rockwall fireworks/MLTX6DPJDFYX7_catalog-2026-08-16-1724.csv","724","727","727","/Volumes/FACUNDO/Rockwall fireworks/rockwall fireworks items.xlsx","Items","725","1","1","confirmed","pyro-pilot","products.json[167] Pyro Pilot / Winda / /products/pyro-pilot.png","Distinctive name and 200 gram agree between Square and photographed Winda package, which visibly says 200 grams."
"HEVVANDGFEVR76YPE7NPSCEM","649762148430","","Pyro Pops BOGO","Pyro Pops","Whitespace cleaned; historical BOGO marker removed from display name only","Unknown","Unknown","Unknown","Regular","Unknown","Unknown","#pyro-pops-bogo-regular","/Volumes/FACUNDO/Rockwall fireworks/MLTX6DPJDFYX7_catalog-2026-08-16-1724.csv","725","728","728","/Volumes/FACUNDO/Rockwall fireworks/rockwall fireworks items.xlsx","Items","726","6","1","no_match","","Unknown","No sufficiently specific candidate identified in the two Dynamite catalog files."
"RBNKNZOCMLTGXG2TRQWWRYBN","649762148454","","Pyro Pops BOGO","Pyro Pops","Whitespace cleaned; historical BOGO marker removed from display name only","Unknown","Unknown","Unknown","pyro pops","pyro pops","Unknown","#pyro-pops-bogo-pyro-pops","/Volumes/FACUNDO/Rockwall fireworks/MLTX6DPJDFYX7_catalog-2026-08-16-1724.csv","726","729","729","/Volumes/FACUNDO/Rockwall fireworks/rockwall fireworks items.xlsx","Items","727","6","1","no_match","","Unknown","No sufficiently specific candidate identified in the two Dynamite catalog files."
"CFGCQ6R3T7XOKG2TA2GCQGM7","649762148447","","Pyro Pops BOGO","Pyro Pops","Whitespace cleaned; historical BOGO marker removed from display name only","Unknown","Unknown","Unknown","pyro pops","pyro pops","Unknown","#pyro-pops-bogo-pyro-pops-1","/Volumes/FACUNDO/Rockwall fireworks/MLTX6DPJDFYX7_catalog-2026-08-16-1724.csv","727","730","730","/Volumes/FACUNDO/Rockwall fireworks/rockwall fireworks items.xlsx","Items","728","6","1","no_match","","Unknown","No sufficiently specific candidate identified in the two Dynamite catalog files."
"NSKKJTQHV66B4EOJMDLAPZNP","649762148478","","Pyro Pops BOGO","Pyro Pops","Whitespace cleaned; historical BOGO marker removed from display name only","Unknown","Unknown","Unknown","pyro pops","pyro pops","Unknown","#pyro-pops-bogo-pyro-pops-2","/Volumes/FACUNDO/Rockwall fireworks/MLTX6DPJDFYX7_catalog-2026-08-16-1724.csv","728","731","731","/Volumes/FACUNDO/Rockwall fireworks/rockwall fireworks items.xlsx","Items","729","6","1","no_match","","Unknown","No sufficiently specific candidate identified in the two Dynamite catalog files."
"GQIO43RFQ7PK5X5KJBYXTQQ7","649762148423","","Pyro Pops BOGO","Pyro Pops","Whitespace cleaned; historical BOGO marker removed from display name only","Unknown","Unknown","Unknown","pyro pops","pyro pops","Unknown","#pyro-pops-bogo-pyro-pops-3","/Volumes/FACUNDO/Rockwall fireworks/MLTX6DPJDFYX7_catalog-2026-08-16-1724.csv","729","732","732","/Volumes/FACUNDO/Rockwall fireworks/rockwall fireworks items.xlsx","Items","730","6","1","no_match","","Unknown","No sufficiently specific candidate identified in the two Dynamite catalog files."
"BF3Z4FAZ36XGLL4UMBOLSW7S","649762148461","","Pyro Pops BOGO","Pyro Pops","Whitespace cleaned; historical BOGO marker removed from display name only","Unknown","Unknown","Unknown","pyro pops","pyro pops","Unknown","#pyro-pops-bogo-pyro-pops-4","/Volumes/FACUNDO/Rockwall fireworks/MLTX6DPJDFYX7_catalog-2026-08-16-1724.csv","730","733","733","/Volumes/FACUNDO/Rockwall fireworks/rockwall fireworks items.xlsx","Items","731","6","1","no_match","","Unknown","No sufficiently specific candidate identified in the two Dynamite catalog files."
"3Y4WRX4IUKR6KRDG7YBHOSI6","943100700138","","Pyro Predator","Pyro Predator","Whitespace cleaned; uncertain abbreviations retained","Unknown","Unknown","Unknown","Regular","Unknown","Unknown","#pyro-predator-regular","/Volumes/FACUNDO/Rockwall fireworks/MLTX6DPJDFYX7_catalog-2026-08-16-1724.csv","731","734","734","/Volumes/FACUNDO/Rockwall fireworks/rockwall fireworks items.xlsx","Items","732","1","1","no_match","","Unknown","No sufficiently specific candidate identified in the two Dynamite catalog files."
"BF66HA5IYYBN6RWQQC4UDKQY","010610000161","","Pyro Predator Family Pack","Pyro Predator Family Pack","Whitespace cleaned; uncertain abbreviations retained","Unknown","Unknown","Unknown","Regular","Unknown","Unknown","#pyro-predator-family-pack-regular","/Volumes/FACUNDO/Rockwall fireworks/MLTX6DPJDFYX7_catalog-2026-08-16-1724.csv","732","735","735","/Volumes/FACUNDO/Rockwall fireworks/rockwall fireworks items.xlsx","Items","733","1","1","no_match","","Unknown","No sufficiently specific candidate identified in the two Dynamite catalog files."
"D54L65LWKBKYAUHHVM6QNA6L","193936959976","","Pyro Princess Pack","Pyro Princess Pack","Whitespace cleaned; uncertain abbreviations retained","Unknown","Unknown","Unknown","Regular","Unknown","Unknown","#pyro-princess-pack-regular","/Volumes/FACUNDO/Rockwall fireworks/MLTX6DPJDFYX7_catalog-2026-08-16-1724.csv","733","736","736","/Volumes/FACUNDO/Rockwall fireworks/rockwall fireworks items.xlsx","Items","734","1","1","no_match","","Unknown","No sufficiently specific candidate identified in the two Dynamite catalog files."
"MQOMTH6XZ663YZ6S6QXFK6LO","185108242337","","Pyro Ultimate Power","Pyro Ultimate Power","Whitespace cleaned; uncertain abbreviations retained","Unknown","Unknown","Unknown","Regular","Unknown","Unknown","#pyro-ultimate-power-regular","/Volumes/FACUNDO/Rockwall fireworks/MLTX6DPJDFYX7_catalog-2026-08-16-1724.csv","734","737","737","/Volumes/FACUNDO/Rockwall fireworks/rockwall fireworks items.xlsx","Items","735","1","1","no_match","","Unknown","No sufficiently specific candidate identified in the two Dynamite catalog files."
"6ULWXTCLRKTUXU7C5ZDN2UNW","680149047243","","Pyro Van","Pyro Van","Whitespace cleaned; uncertain abbreviations retained","Unknown","Unknown","Unknown","Regular","Unknown","Unknown","#pyro-van-regular","/Volumes/FACUNDO/Rockwall fireworks/MLTX6DPJDFYX7_catalog-2026-08-16-1724.csv","735","738","738","/Volumes/FACUNDO/Rockwall fireworks/rockwall fireworks items.xlsx","Items","736","1","1","no_match","","Unknown","No sufficiently specific candidate identified in the two Dynamite catalog files."
"7TS7HQ3JDS5V5H6BDNGX3J66","687985905300","","Quest 4"" Artillery Shells 24 Pack","Quest 4"" Artillery Shells 24 Pack","Whitespace cleaned; uncertain abbreviations retained","Unknown","24 Pack Artillery Shells 4""","Unknown","Regular","Unknown","4"" | 24 Pack","#quest-4-artillery-shells-24-pack-regular","/Volumes/FACUNDO/Rockwall fireworks/MLTX6DPJDFYX7_catalog-2026-08-16-1724.csv","736","739","739","/Volumes/FACUNDO/Rockwall fireworks/rockwall fireworks items.xlsx","Items","737","1","1","no_match","","Unknown","No sufficiently specific candidate identified in the two Dynamite catalog files."
"SS36U2MYQRBEI5GVBABWBTXA","680149045430","","Quick Hobby Fuse","Quick Hobby Fuse","Whitespace cleaned; uncertain abbreviations retained","Unknown","Unknown","Unknown","Regular","Unknown","Unknown","#quick-hobby-fuse-regular","/Volumes/FACUNDO/Rockwall fireworks/MLTX6DPJDFYX7_catalog-2026-08-16-1724.csv","737","740","740","/Volumes/FACUNDO/Rockwall fireworks/rockwall fireworks items.xlsx","Items","738","1","1","no_match","","Unknown","No sufficiently specific candidate identified in the two Dynamite catalog files."
"FXSOEDZ2NUNCKEGBYV655575","","757200645011","RDXplosion 6"" Artillery Shells 12 pack","RDXplosion 6"" Artillery Shells 12 pack","Whitespace cleaned; uncertain abbreviations retained","Unknown","12/16 Pack Artillery Shells 1.75"" RDX\, 4"" Pyro\, 5"" Xtra Lg","Unknown","Regular","Unknown","6"" | 12 pack","#rdxplosion-6-artillery-shells-12-pack-regular","/Volumes/FACUNDO/Rockwall fireworks/MLTX6DPJDFYX7_catalog-2026-08-16-1724.csv","738","741","741","/Volumes/FACUNDO/Rockwall fireworks/rockwall fireworks items.xlsx","Items","739","1","0","conflict","","products.json[2] RDXplosion / Raccoon / /products/RDXplosion.png","Square name specifies 6 inch; Square category and photographed RDXplosion package specify 1.75 inch. Confirm whether length/caliber or a wrong variant before matching."
"NWMDDTHFDKMDDFCRMWXOQAEE","674662511459","","RWB Bombs Bursting","RWB Bombs Bursting","Whitespace cleaned; uncertain abbreviations retained","Unknown","Unknown","Unknown","Regular","Unknown","Unknown","#rwb-bombs-bursting-regular","/Volumes/FACUNDO/Rockwall fireworks/MLTX6DPJDFYX7_catalog-2026-08-16-1724.csv","739","742","742","/Volumes/FACUNDO/Rockwall fireworks/rockwall fireworks items.xlsx","Items","740","1","1","no_match","","Unknown","No sufficiently specific candidate identified in the two Dynamite catalog files."
"MKPXTJVO2ZN76CBI5QC3BF66","800000151227","","RYG Jumbo Crackling Balls","RYG Jumbo Crackling Balls","Whitespace cleaned; uncertain abbreviations retained","Unknown","Unknown","Unknown","Regular","Unknown","Unknown","#ryg-jumbo-crackling-balls-regular","/Volumes/FACUNDO/Rockwall fireworks/MLTX6DPJDFYX7_catalog-2026-08-16-1724.csv","740","743","743","/Volumes/FACUNDO/Rockwall fireworks/rockwall fireworks items.xlsx","Items","741","1","1","no_match","","Unknown","No sufficiently specific candidate identified in the two Dynamite catalog files."
"EFZMXOBWHIVMSUS6YEKZLHZW","757201324014","","Raccoon 5"" Artillery Shells 24 pack","Raccoon 5"" Artillery Shells 24 pack","Whitespace cleaned; uncertain abbreviations retained","Raccoon","24 Pack Canister Artillery Shells 5 INCH","Unknown","Regular","Unknown","5"" | 24 pack","#raccoon-5-artillery-shells-24-pack-regular","/Volumes/FACUNDO/Rockwall fireworks/MLTX6DPJDFYX7_catalog-2026-08-16-1724.csv","741","744","744","/Volumes/FACUNDO/Rockwall fireworks/rockwall fireworks items.xlsx","Items","742","1","1","no_match","","Unknown","No sufficiently specific candidate identified in the two Dynamite catalog files."
"TNYRSG3Q5J6EIUJNPKI3XOSD","757201225120","","Raging Willow","Raging Willow","Whitespace cleaned; uncertain abbreviations retained","Unknown","Unknown","Unknown","Regular","Unknown","Unknown","#raging-willow-regular","/Volumes/FACUNDO/Rockwall fireworks/MLTX6DPJDFYX7_catalog-2026-08-16-1724.csv","742","745","745","/Volumes/FACUNDO/Rockwall fireworks/rockwall fireworks items.xlsx","Items","743","1","1","no_match","","Unknown","No sufficiently specific candidate identified in the two Dynamite catalog files."
"LAFSLBBO5TCGIGANK6PD6X6T","757205301189","","Rainbow Ghost 195 Shot Zipper Cake","Rainbow Ghost 195 Shot Zipper Cake","Whitespace cleaned; uncertain abbreviations retained","Unknown","500 GRAM FINALE > 500 GRAM FINALE ZIPPER CAKES","Unknown","Regular","Unknown","195 Shot","#rainbow-ghost-195-shot-zipper-cake-regular","/Volumes/FACUNDO/Rockwall fireworks/MLTX6DPJDFYX7_catalog-2026-08-16-1724.csv","743","746","746","/Volumes/FACUNDO/Rockwall fireworks/rockwall fireworks items.xlsx","Items","744","1","1","probable","","products.json[18] Rainbow Ghost / Raccoon / /products/rainbow-ghost.png","Name identifies a candidate only; manufacturer and exact presentation have not been established."
"T5PKC33IYA6KTNSCKQNN6SHB","943100700145","","Rapid Fire Roman Candle","Rapid Fire Roman Candle","Whitespace cleaned; uncertain abbreviations retained","Unknown","Roman Candles","Unknown","Regular","Unknown","Unknown","#rapid-fire-roman-candle-regular","/Volumes/FACUNDO/Rockwall fireworks/MLTX6DPJDFYX7_catalog-2026-08-16-1724.csv","744","747","747","/Volumes/FACUNDO/Rockwall fireworks/rockwall fireworks items.xlsx","Items","745","1","1","no_match","","Unknown","No sufficiently specific candidate identified in the two Dynamite catalog files."
"TOS4U7TKFD4RCZOIO6JPZLND","514677007007","","Reaper Smoke","Reaper Smoke","Whitespace cleaned; uncertain abbreviations retained","Unknown","Unknown","Unknown","Regular","Unknown","Unknown","#reaper-smoke-regular","/Volumes/FACUNDO/Rockwall fireworks/MLTX6DPJDFYX7_catalog-2026-08-16-1724.csv","745","748","748","/Volumes/FACUNDO/Rockwall fireworks/rockwall fireworks items.xlsx","Items","746","1","1","no_match","","Unknown","No sufficiently specific candidate identified in the two Dynamite catalog files."
"HWTK2ULKLW2RRBRLNC3P4YHI","8145270190418","","Rebellion Family Pk","Rebellion Family Pk","Whitespace cleaned; uncertain abbreviations retained","Unknown","Unknown","Unknown","Regular","Unknown","Unknown","#rebellion-family-pk-regular","/Volumes/FACUNDO/Rockwall fireworks/MLTX6DPJDFYX7_catalog-2026-08-16-1724.csv","746","749","749","/Volumes/FACUNDO/Rockwall fireworks/rockwall fireworks items.xlsx","Items","747","1","1","no_match","","Unknown","No sufficiently specific candidate identified in the two Dynamite catalog files."
"E5YULBGRF53NWHLMR67QEVOJ","","","Red Apple Fireworks","Red Apple Fireworks","Whitespace cleaned; uncertain abbreviations retained","Unknown","Unknown","Unknown","Regular","Unknown","Unknown","#red-apple-fireworks-regular","/Volumes/FACUNDO/Rockwall fireworks/MLTX6DPJDFYX7_catalog-2026-08-16-1724.csv","747","750","750","/Volumes/FACUNDO/Rockwall fireworks/rockwall fireworks items.xlsx","Items","748","1","0","no_match","","Unknown","No sufficiently specific candidate identified in the two Dynamite catalog files."
"A7YX4EY5QDK63PQLN2MBASMP","821700020309","","Red N White Fountain","Red N White Fountain","Whitespace cleaned; uncertain abbreviations retained","Unknown","Unknown","Unknown","Regular","Unknown","Unknown","#red-n-white-fountain-regular","/Volumes/FACUNDO/Rockwall fireworks/MLTX6DPJDFYX7_catalog-2026-08-16-1724.csv","748","751","751","/Volumes/FACUNDO/Rockwall fireworks/rockwall fireworks items.xlsx","Items","749","1","1","no_match","","Unknown","No sufficiently specific candidate identified in the two Dynamite catalog files."
"F6Q3FZ4SJ6IET2HB4T254AT2","705834232978","","Red White And Blue 200 Gram 12 Shot","Red White And Blue 200 Gram 12 Shot","Whitespace cleaned; uncertain abbreviations retained","Unknown","Unknown","Unknown","Regular","Unknown","200 Gram | 12 Shot","#red-white-and-blue-200-gram-12-shot-regular","/Volumes/FACUNDO/Rockwall fireworks/MLTX6DPJDFYX7_catalog-2026-08-16-1724.csv","749","752","752","/Volumes/FACUNDO/Rockwall fireworks/rockwall fireworks items.xlsx","Items","750","1","1","no_match","","Unknown","No sufficiently specific candidate identified in the two Dynamite catalog files."
"QXJ3RGVQIQ2UIDPOSRHFANBQ","140000104718","","Red White Blazed 500g","Red White Blazed 500g","Whitespace cleaned; uncertain abbreviations retained","Unknown","Unknown","Unknown","Regular","Unknown","500g","#red-white-blazed-500g-regular","/Volumes/FACUNDO/Rockwall fireworks/MLTX6DPJDFYX7_catalog-2026-08-16-1724.csv","750","753","753","/Volumes/FACUNDO/Rockwall fireworks/rockwall fireworks items.xlsx","Items","751","1","1","no_match","","Unknown","No sufficiently specific candidate identified in the two Dynamite catalog files."
"NP7PKBMF4KLRVRQWCBMOS66A","847294039831","","Red White Blue Snapper Bogo","Red White Blue Snapper","Whitespace cleaned; historical BOGO marker removed from display name only","Unknown","Unknown","Unknown","Regular","Unknown","Unknown","#red-white-blue-snapper-bogo-regular","/Volumes/FACUNDO/Rockwall fireworks/MLTX6DPJDFYX7_catalog-2026-08-16-1724.csv","751","754","754","/Volumes/FACUNDO/Rockwall fireworks/rockwall fireworks items.xlsx","Items","752","2","1","no_match","","Unknown","No sufficiently specific candidate identified in the two Dynamite catalog files."
"7DSXP5SAKK7GOJF6OJXJAXHC","847294085982","","Red White Blue Snapper Bogo","Red White Blue Snapper","Whitespace cleaned; historical BOGO marker removed from display name only","Unknown","Unknown","Unknown","Box RWB SNAPS","Box RWB SNAPS","Unknown","#red-white-blue-snapper-bogo-box-rwb-snaps","/Volumes/FACUNDO/Rockwall fireworks/MLTX6DPJDFYX7_catalog-2026-08-16-1724.csv","752","755","755","/Volumes/FACUNDO/Rockwall fireworks/rockwall fireworks items.xlsx","Items","753","2","1","no_match","","Unknown","No sufficiently specific candidate identified in the two Dynamite catalog files."
"5RPOFPZKBIZ7RJ47JMBHBRNV","8052530130018","","Reflection Fountain","Reflection Fountain","Whitespace cleaned; uncertain abbreviations retained","Unknown","Fountains","Unknown","Regular","Unknown","Unknown","#reflection-fountain-regular","/Volumes/FACUNDO/Rockwall fireworks/MLTX6DPJDFYX7_catalog-2026-08-16-1724.csv","753","756","756","/Volumes/FACUNDO/Rockwall fireworks/rockwall fireworks items.xlsx","Items","754","1","1","no_match","","Unknown","No sufficiently specific candidate identified in the two Dynamite catalog files."
"YAML6VIAULZIULDW3Q7TNCDX","6510475378992","","Revenge Shells 6pc","Revenge Shells 6pc","Whitespace cleaned; uncertain abbreviations retained","Unknown","Unknown","Unknown","Regular","Unknown","6pc","#revenge-shells-6pc-regular","/Volumes/FACUNDO/Rockwall fireworks/MLTX6DPJDFYX7_catalog-2026-08-16-1724.csv","754","757","757","/Volumes/FACUNDO/Rockwall fireworks/rockwall fireworks items.xlsx","Items","755","1","1","no_match","","Unknown","No sufficiently specific candidate identified in the two Dynamite catalog files."
"RXXAJBEZGNQ5F3XLRYKTDH6B","757201530712","","Revolution Now 500 Gram","Revolution Now 500 Gram","Whitespace cleaned; uncertain abbreviations retained","Unknown","500 GRAM FINALE","Unknown","Regular","Unknown","500 Gram","#revolution-now-500-gram-regular","/Volumes/FACUNDO/Rockwall fireworks/MLTX6DPJDFYX7_catalog-2026-08-16-1724.csv","755","758","758","/Volumes/FACUNDO/Rockwall fireworks/rockwall fireworks items.xlsx","Items","756","1","1","no_match","","Unknown","No sufficiently specific candidate identified in the two Dynamite catalog files."
"LJKJXGA7PUBYSR2CNXBKD256","814527200146","","Ridin Dirty","Ridin Dirty","Whitespace cleaned; uncertain abbreviations retained","Unknown","Unknown","Unknown","Regular","Unknown","Unknown","#ridin-dirty-regular","/Volumes/FACUNDO/Rockwall fireworks/MLTX6DPJDFYX7_catalog-2026-08-16-1724.csv","756","759","759","/Volumes/FACUNDO/Rockwall fireworks/rockwall fireworks items.xlsx","Items","757","1","1","no_match","","Unknown","No sufficiently specific candidate identified in the two Dynamite catalog files."
"DVZ5SA2JXOMIZGASFEHJGIR3","757201306058","","Ring Of Honor 5"" Artillery Shells 6 Pack","Ring Of Honor 5"" Artillery Shells 6 Pack","Whitespace cleaned; uncertain abbreviations retained","Unknown","6 Pack Artillery Shells 5""\, 6""","Unknown","Regular","Unknown","5"" | 6 Pack","#ring-of-honor-5-artillery-shells-6-pack-regular","/Volumes/FACUNDO/Rockwall fireworks/MLTX6DPJDFYX7_catalog-2026-08-16-1724.csv","757","760","760","/Volumes/FACUNDO/Rockwall fireworks/rockwall fireworks items.xlsx","Items","758","1","1","no_match","","Unknown","No sufficiently specific candidate identified in the two Dynamite catalog files."
"VDKQHYGJDBMFBXL65I3TCORF","705108804764","","Road Rage","Road Rage","Whitespace cleaned; uncertain abbreviations retained","Unknown","Unknown","Unknown","Regular","Unknown","Unknown","#road-rage-regular","/Volumes/FACUNDO/Rockwall fireworks/MLTX6DPJDFYX7_catalog-2026-08-16-1724.csv","758","761","761","/Volumes/FACUNDO/Rockwall fireworks/rockwall fireworks items.xlsx","Items","759","1","1","probable","","products.json[169] Road Rage / Winda / /products/road-rage.png","Name identifies a candidate only; manufacturer and exact presentation have not been established."
"RU6XE3BRBD6OW5W5QFTMX6TX","","757202120035","Rock On Fountain","Rock On Fountain","Whitespace cleaned; uncertain abbreviations retained","Unknown","Fountains","Unknown","Regular","Unknown","Unknown","#rock-on-fountain-regular","/Volumes/FACUNDO/Rockwall fireworks/MLTX6DPJDFYX7_catalog-2026-08-16-1724.csv","759","762","762","/Volumes/FACUNDO/Rockwall fireworks/rockwall fireworks items.xlsx","Items","760","1","0","no_match","","Unknown","No sufficiently specific candidate identified in the two Dynamite catalog files."
"H6MAG6RQ7MRYH3J75RJXMYTA","680149022288","","Roma Candle (8 ball/4Pack)  BOGO","Roma Candle (8 ball/4Pack)","Whitespace cleaned; historical BOGO marker removed from display name only","Unknown","Roman Candles","Unknown","Regular","Unknown","4Pack","#roma-candle-8-ball-4pack-bogo-regular","/Volumes/FACUNDO/Rockwall fireworks/MLTX6DPJDFYX7_catalog-2026-08-16-1724.csv","760","763","763","/Volumes/FACUNDO/Rockwall fireworks/rockwall fireworks items.xlsx","Items","761","1","1","no_match","","Unknown","No sufficiently specific candidate identified in the two Dynamite catalog files."
"ICURJ3X4AGZXXWDOGTG25IDJ","887946060325","","Roman Candle (10 Ball/4 Pk)","Roman Candle (10 Ball/4 Pk)","Whitespace cleaned; uncertain abbreviations retained","Unknown","Roman Candles","Unknown","Regular","Unknown","Unknown","#roman-candle-10-ball-4-pk--regular","/Volumes/FACUNDO/Rockwall fireworks/MLTX6DPJDFYX7_catalog-2026-08-16-1724.csv","761","764","764","/Volumes/FACUNDO/Rockwall fireworks/rockwall fireworks items.xlsx","Items","762","1","1","no_match","","Unknown","No sufficiently specific candidate identified in the two Dynamite catalog files."
"RQN6Q3IJG27DRVA6W4YQRFKU","8052530180822","","Roman Candle 10 Ball","Roman Candle 10 Ball","Whitespace cleaned; uncertain abbreviations retained","Unknown","Roman Candles","Unknown","Regular","Unknown","Unknown","#roman-candle-10-ball-regular","/Volumes/FACUNDO/Rockwall fireworks/MLTX6DPJDFYX7_catalog-2026-08-16-1724.csv","762","765","765","/Volumes/FACUNDO/Rockwall fireworks/rockwall fireworks items.xlsx","Items","763","2","1","no_match","","Unknown","No sufficiently specific candidate identified in the two Dynamite catalog files."
"CDDJKC5ST2S5CBCDNCNFXT5A","757201065153","","Roman Candle 10 Ball","Roman Candle 10 Ball","Whitespace cleaned; uncertain abbreviations retained","Unknown","Roman Candles","Unknown","Regular","Unknown","Unknown","#roman-candle-10-ball-1-regular","/Volumes/FACUNDO/Rockwall fireworks/MLTX6DPJDFYX7_catalog-2026-08-16-1724.csv","763","766","766","/Volumes/FACUNDO/Rockwall fireworks/rockwall fireworks items.xlsx","Items","764","2","1","no_match","","Unknown","No sufficiently specific candidate identified in the two Dynamite catalog files."
"RH4ASOQTUBY6FDPTYKDK3HYB","805253018082","","Roman Candle 10Ball","Roman Candle 10Ball","Whitespace cleaned; uncertain abbreviations retained","Unknown","Roman Candles","Unknown","Regular","Unknown","Unknown","#roman-candle-10ball-regular","/Volumes/FACUNDO/Rockwall fireworks/MLTX6DPJDFYX7_catalog-2026-08-16-1724.csv","764","767","767","/Volumes/FACUNDO/Rockwall fireworks/rockwall fireworks items.xlsx","Items","765","2","1","no_match","","Unknown","No sufficiently specific candidate identified in the two Dynamite catalog files."
"MJ34ZZI6BVD46HRIMNPWKER3","8052530180815","","Roman Candle 10Ball","Roman Candle 10Ball","Whitespace cleaned; uncertain abbreviations retained","Unknown","Roman Candles","Unknown","Roman Candle 10 Ball","Roman Candle 10 Ball","Unknown","#roman-candle-10ball-roman-candle-10-ball","/Volumes/FACUNDO/Rockwall fireworks/MLTX6DPJDFYX7_catalog-2026-08-16-1724.csv","765","768","768","/Volumes/FACUNDO/Rockwall fireworks/rockwall fireworks items.xlsx","Items","766","2","1","no_match","","Unknown","No sufficiently specific candidate identified in the two Dynamite catalog files."
"4MGNJBH6SPUWG2ZFG6XAYMSG","821611111080","","Roman Candle 12 Pack Assortment 120 Shot","Roman Candle 12 Pack Assortment 120 Shot","Whitespace cleaned; uncertain abbreviations retained","Unknown","Roman Candles","Unknown","Regular","Unknown","12 Pack | 120 Shot","#roman-candle-12-pack-assortment-120-shot-regular","/Volumes/FACUNDO/Rockwall fireworks/MLTX6DPJDFYX7_catalog-2026-08-16-1724.csv","766","769","769","/Volumes/FACUNDO/Rockwall fireworks/rockwall fireworks items.xlsx","Items","767","1","1","no_match","","Unknown","No sufficiently specific candidate identified in the two Dynamite catalog files."
"FIX6XRZXDVWDRDKJCHSLED4F","757202165142","","Roman Candle 6 Count 8 Shots","Roman Candle 6 Count 8 Shots","Whitespace cleaned; uncertain abbreviations retained","Unknown","Roman Candles","Unknown","Regular","Unknown","8 Shots","#roman-candle-6-count-8-shots-regular","/Volumes/FACUNDO/Rockwall fireworks/MLTX6DPJDFYX7_catalog-2026-08-16-1724.csv","767","770","770","/Volumes/FACUNDO/Rockwall fireworks/rockwall fireworks items.xlsx","Items","768","1","1","no_match","","Unknown","No sufficiently specific candidate identified in the two Dynamite catalog files."
"VRVRESOI3PY3GDDSSGJYXK4S","757201018074","","Roman Candle Assortment (4 pk/10 Shot)","Roman Candle Assortment (4 pk/10 Shot)","Whitespace cleaned; uncertain abbreviations retained","Unknown","Roman Candles","Unknown","Regular","Unknown","10 Shot","#roman-candle-assortment-4-pk-10-shot--regular","/Volumes/FACUNDO/Rockwall fireworks/MLTX6DPJDFYX7_catalog-2026-08-16-1724.csv","768","771","771","/Volumes/FACUNDO/Rockwall fireworks/rockwall fireworks items.xlsx","Items","769","2","1","no_match","","Unknown","No sufficiently specific candidate identified in the two Dynamite catalog files."
"3J24Z2O2DPZZX6CSO4IN6FF7","652009001801","","Roman Candle Assortment (4 pk/10 Shot)","Roman Candle Assortment (4 pk/10 Shot)","Whitespace cleaned; uncertain abbreviations retained","Unknown","Roman Candles","Unknown","Starlight Roman Candle","Starlight Roman Candle","10 Shot","#roman-candle-assortment-4-pk-10-shot--starlight-roman-candle","/Volumes/FACUNDO/Rockwall fireworks/MLTX6DPJDFYX7_catalog-2026-08-16-1724.csv","769","772","772","/Volumes/FACUNDO/Rockwall fireworks/rockwall fireworks items.xlsx","Items","770","2","1","no_match","","Unknown","No sufficiently specific candidate identified in the two Dynamite catalog files."
"4ABLREUNYD7DVSZ7TOM6UZRU","8052530180624","","Roman Candle Boomer- 5 Ball","Roman Candle Boomer- 5 Ball","Whitespace cleaned; uncertain abbreviations retained","Boomer","Roman Candles","Unknown","Regular","Unknown","Unknown","#roman-candle-boomer-5-ball-regular","/Volumes/FACUNDO/Rockwall fireworks/MLTX6DPJDFYX7_catalog-2026-08-16-1724.csv","770","773","773","/Volumes/FACUNDO/Rockwall fireworks/rockwall fireworks items.xlsx","Items","771","2","1","no_match","","Unknown","No sufficiently specific candidate identified in the two Dynamite catalog files."
"PFKU4FTPECZUSIDS2YNPHZ27","8052530180617","","Roman Candle Boomer- 5 Ball","Roman Candle Boomer- 5 Ball","Whitespace cleaned; uncertain abbreviations retained","Boomer","Roman Candles","Unknown","Roman Candle Boomer-5 Ball","Roman Candle Boomer-5 Ball","Unknown","#roman-candle-boomer-5-ball-roman-candle-boomer-5-ball","/Volumes/FACUNDO/Rockwall fireworks/MLTX6DPJDFYX7_catalog-2026-08-16-1724.csv","771","774","774","/Volumes/FACUNDO/Rockwall fireworks/rockwall fireworks items.xlsx","Items","772","2","1","no_match","","Unknown","No sufficiently specific candidate identified in the two Dynamite catalog files."
"WBCPWJZLFZLFCROJ3HT4HGVE","821600065158","","Roman Candle Camo (4 Shot/6 Pk)","Roman Candle Camo (4 Shot/6 Pk)","Whitespace cleaned; uncertain abbreviations retained","Unknown","Roman Candles","Unknown","Regular","Unknown","4 Shot","#roman-candle-camo-4-shot-6-pk--regular","/Volumes/FACUNDO/Rockwall fireworks/MLTX6DPJDFYX7_catalog-2026-08-16-1724.csv","772","775","775","/Volumes/FACUNDO/Rockwall fireworks/rockwall fireworks items.xlsx","Items","773","1","1","no_match","","Unknown","No sufficiently specific candidate identified in the two Dynamite catalog files."
"BEUXBUZTRQQWIL3ZX5EF5QRW","887946062138","","Roman Candle Heavy Shot 5 Ball","Roman Candle Heavy Shot 5 Ball","Whitespace cleaned; uncertain abbreviations retained","Unknown","Roman Candles","Unknown","Regular","Unknown","Unknown","#roman-candle-heavy-shot-5-ball-regular","/Volumes/FACUNDO/Rockwall fireworks/MLTX6DPJDFYX7_catalog-2026-08-16-1724.csv","773","776","776","/Volumes/FACUNDO/Rockwall fireworks/rockwall fireworks items.xlsx","Items","774","1","1","no_match","","Unknown","No sufficiently specific candidate identified in the two Dynamite catalog files."
"ZODEGP6HHFAAMKTB6DKOCNGD","8145270120828","","Roman Candle Rapid Fire 8pk","Roman Candle Rapid Fire 8pk","Whitespace cleaned; uncertain abbreviations retained","Unknown","Roman Candles","Unknown","Regular","Unknown","Unknown","#roman-candle-rapid-fire-8pk-regular","/Volumes/FACUNDO/Rockwall fireworks/MLTX6DPJDFYX7_catalog-2026-08-16-1724.csv","774","777","777","/Volumes/FACUNDO/Rockwall fireworks/rockwall fireworks items.xlsx","Items","775","1","1","no_match","","Unknown","No sufficiently specific candidate identified in the two Dynamite catalog files."
"TGIHSXBHF62RRGWDJ66NGFR3","757202180701","757202018073","Roman Candles Assorted (4 Pack/10 Shot)","Roman Candles Assorted (4 Pack/10 Shot)","Whitespace cleaned; uncertain abbreviations retained","Unknown","Roman Candles","Unknown","Regular","Unknown","4 Pack | 10 Shot","#roman-candles-assorted-4-pack-10-shot--regular","/Volumes/FACUNDO/Rockwall fireworks/MLTX6DPJDFYX7_catalog-2026-08-16-1724.csv","775","778","778","/Volumes/FACUNDO/Rockwall fireworks/rockwall fireworks items.xlsx","Items","776","1","1","no_match","","Unknown","No sufficiently specific candidate identified in the two Dynamite catalog files."
"HP7KP4CNYT2QHJJEHZ63647N","","841527141179","Rotating Gatling","Rotating Gatling","Whitespace cleaned; uncertain abbreviations retained","Unknown","Unknown","Unknown","Regular","Unknown","Unknown","#rotating-gatling-regular","/Volumes/FACUNDO/Rockwall fireworks/MLTX6DPJDFYX7_catalog-2026-08-16-1724.csv","776","779","779","/Volumes/FACUNDO/Rockwall fireworks/rockwall fireworks items.xlsx","Items","777","1","0","no_match","","Unknown","No sufficiently specific candidate identified in the two Dynamite catalog files."
"V7GVWTY4J7MZ272LPHIH24EJ","841527141216","841527141216","Rotating Machine Gun","Rotating Machine Gun","Whitespace cleaned; uncertain abbreviations retained","Unknown","Unknown","Unknown","Regular","Unknown","Unknown","#rotating-machine-gun-regular","/Volumes/FACUNDO/Rockwall fireworks/MLTX6DPJDFYX7_catalog-2026-08-16-1724.csv","777","780","780","/Volumes/FACUNDO/Rockwall fireworks/rockwall fireworks items.xlsx","Items","778","1","1","no_match","","Unknown","No sufficiently specific candidate identified in the two Dynamite catalog files."
"BM3R75NP4LQL6MSZRDVWACGL","140000104817","","Royal Rampage 500g","Royal Rampage 500g","Whitespace cleaned; uncertain abbreviations retained","Unknown","Unknown","Unknown","Regular","Unknown","500g","#royal-rampage-500g-regular","/Volumes/FACUNDO/Rockwall fireworks/MLTX6DPJDFYX7_catalog-2026-08-16-1724.csv","778","781","781","/Volumes/FACUNDO/Rockwall fireworks/rockwall fireworks items.xlsx","Items","779","1","1","no_match","","Unknown","No sufficiently specific candidate identified in the two Dynamite catalog files."
"Q6KGAOERMQ3NMSBOJ2GJTR22","687985269013","","Ruckus (12 pcs)","Ruckus (12 pcs)","Whitespace cleaned; uncertain abbreviations retained","Unknown","Artillery/Festival Balls","Unknown","Regular","Unknown","12 pcs","#ruckus-12-pcs--regular","/Volumes/FACUNDO/Rockwall fireworks/MLTX6DPJDFYX7_catalog-2026-08-16-1724.csv","779","782","782","/Volumes/FACUNDO/Rockwall fireworks/rockwall fireworks items.xlsx","Items","780","1","1","no_match","","Unknown","No sufficiently specific candidate identified in the two Dynamite catalog files."
"7PAQYGZEQZYMPBX5OK5Y3FL3","705108554706","","Rush Hour 500 Gram 100 Shot 3 Min","Rush Hour","Reviewed commercial name; specifications retained separately","Winda","500 GRAM FINALE","Cakes","Regular","500 gram · 100 shots · 3 minutes","500 Gram | 100 Shot","#rush-hour-500-gram-100-shot-3-min-regular","/Volumes/FACUNDO/Rockwall fireworks/MLTX6DPJDFYX7_catalog-2026-08-16-1724.csv","780","783","783","/Volumes/FACUNDO/Rockwall fireworks/rockwall fireworks items.xlsx","Items","781","1","1","confirmed","rush-hour","products.json[118] Rush Hour / Winda / /products/rush-hour.png","Name, 500 gram, 100 shots and 3-minute duration all agree between Square and photographed Winda package."
"JQOGXKHCLYLADVB4NZEYJBCK","725272730904","","SPECIAL $50 500g Cake","SPECIAL $50 500g Cake","Whitespace cleaned; uncertain abbreviations retained","Unknown","Unknown","Unknown","Regular","Unknown","500g","#special-50-500g-cake-regular","/Volumes/FACUNDO/Rockwall fireworks/MLTX6DPJDFYX7_catalog-2026-08-16-1724.csv","781","784","784","/Volumes/FACUNDO/Rockwall fireworks/rockwall fireworks items.xlsx","Items","782","1","1","no_match","","Unknown","No sufficiently specific candidate identified in the two Dynamite catalog files."
"2I7W5V3OLFBTM7QVNYYY6R3U","825272730703","","SPECIAL $75 60g 24pk Artillery Shell","SPECIAL $75 60g 24pk Artillery Shell","Whitespace cleaned; uncertain abbreviations retained","Unknown","Unknown","Unknown","Regular","Unknown","60g","#special-75-60g-24pk-artillery-shell-regular","/Volumes/FACUNDO/Rockwall fireworks/MLTX6DPJDFYX7_catalog-2026-08-16-1724.csv","782","785","785","/Volumes/FACUNDO/Rockwall fireworks/rockwall fireworks items.xlsx","Items","783","1","1","no_match","","Unknown","No sufficiently specific candidate identified in the two Dynamite catalog files."
"3D5Q5QZWIY456UDWUJ6S473W","725272730928","","SPECIAL 3/$75 200g Cake","SPECIAL 3/$75 200g Cake","Whitespace cleaned; uncertain abbreviations retained","Unknown","Unknown","Unknown","Regular","Unknown","200g","#special-3-75-200g-cake-regular","/Volumes/FACUNDO/Rockwall fireworks/MLTX6DPJDFYX7_catalog-2026-08-16-1724.csv","783","786","786","/Volumes/FACUNDO/Rockwall fireworks/rockwall fireworks items.xlsx","Items","784","1","1","no_match","","Unknown","No sufficiently specific candidate identified in the two Dynamite catalog files."
"2TFSBSEHX3RIJIUGEAVYQ34I","705108802463","","Salute To Summer 200g","Salute To Summer 200g","Whitespace cleaned; uncertain abbreviations retained","Unknown","Unknown","Unknown","Regular","Unknown","200g","#salute-to-summer-200g-regular","/Volumes/FACUNDO/Rockwall fireworks/MLTX6DPJDFYX7_catalog-2026-08-16-1724.csv","784","787","787","/Volumes/FACUNDO/Rockwall fireworks/rockwall fireworks items.xlsx","Items","785","1","1","no_match","","Unknown","No sufficiently specific candidate identified in the two Dynamite catalog files."
"J6T5NYC7BD5VTR3H552JDPC4","687985297917","","Saturday Night Special 500 Gram","Saturday Night Special","Reviewed commercial name; specifications retained separately","Brothers","500 GRAM FINALE","Cakes","Regular","500 gram","500 Gram","#saturday-night-special-500-gram-regular","/Volumes/FACUNDO/Rockwall fireworks/MLTX6DPJDFYX7_catalog-2026-08-16-1724.csv","785","788","788","/Volumes/FACUNDO/Rockwall fireworks/rockwall fireworks items.xlsx","Items","786","1","1","confirmed","saturday-night-special","products.json[90] Saturday Night Special / Brothers / products/saturday-night-special.png","Distinctive name and Square 500-gram category agree with the Brothers heavyweight cake pictured in the source."
"43W4GXYSFIHVJYCXF4YAW26J","700000014280","","Saturn Missile Battery 100 Shot","Saturn Missile Battery 100 Shot","Whitespace cleaned; uncertain abbreviations retained","Unknown","Unknown","Unknown","Regular","Unknown","100 Shot","#saturn-missile-battery-100-shot-regular","/Volumes/FACUNDO/Rockwall fireworks/MLTX6DPJDFYX7_catalog-2026-08-16-1724.csv","786","789","789","/Volumes/FACUNDO/Rockwall fireworks/rockwall fireworks items.xlsx","Items","787","1","2","probable","","products.json[46] Saturn Missile Battery 100's / Monkey Mania / /products/saturn-missile-battery-100.png","Name identifies a candidate only; manufacturer and exact presentation have not been established."
"FZMW6CFOEEK6Q7DGWWCOS5UO","887946003667","","Saturn Missile Battery 25 Shot","Saturn Missile Battery 25 Shot","Whitespace cleaned; uncertain abbreviations retained","Unknown","Unknown","Unknown","Regular","Unknown","25 Shot","#saturn-missile-battery-25-shot-regular","/Volumes/FACUNDO/Rockwall fireworks/MLTX6DPJDFYX7_catalog-2026-08-16-1724.csv","787","790","790","/Volumes/FACUNDO/Rockwall fireworks/rockwall fireworks items.xlsx","Items","788","1","1","no_match","","Unknown","No sufficiently specific candidate identified in the two Dynamite catalog files."
"ICM5Y3XUPART3UAJ6AFCB4ZA","8145270131312","","Saturn Missile Battery 300 Shot","Saturn Missile Battery 300 Shot","Whitespace cleaned; uncertain abbreviations retained","Unknown","Unknown","Unknown","Regular","Unknown","300 Shot","#saturn-missile-battery-300-shot-regular","/Volumes/FACUNDO/Rockwall fireworks/MLTX6DPJDFYX7_catalog-2026-08-16-1724.csv","788","791","791","/Volumes/FACUNDO/Rockwall fireworks/rockwall fireworks items.xlsx","Items","789","2","1","probable","","products.json[47] Saturn Missile Battery 300's / Monkey Mania / /products/saturn-missile-battery-300.png","Name identifies a candidate only; manufacturer and exact presentation have not been established."
"ADK4WL4CCEYTQAWKHGAW2QDM","8052531311515","","Saturn Missile Battery 300 Shot","Saturn Missile Battery 300 Shot","Whitespace cleaned; uncertain abbreviations retained","Unknown","Unknown","Unknown","American Saturn Missile","American Saturn Missile","300 Shot","#saturn-missile-battery-300-shot-american-saturn-missile","/Volumes/FACUNDO/Rockwall fireworks/MLTX6DPJDFYX7_catalog-2026-08-16-1724.csv","789","792","792","/Volumes/FACUNDO/Rockwall fireworks/rockwall fireworks items.xlsx","Items","790","2","1","probable","","products.json[47] Saturn Missile Battery 300's / Monkey Mania / /products/saturn-missile-battery-300.png","Name identifies a candidate only; manufacturer and exact presentation have not been established."
"RCBPW76UUVOBEFNEPO3MWPQB","8145270131718","","Saturn Missile Battery-750 Shot","Saturn Missile Battery-750 Shot","Whitespace cleaned; uncertain abbreviations retained","Unknown","Unknown","Unknown","Regular","Unknown","750 Shot","#saturn-missile-battery-750-shot-regular","/Volumes/FACUNDO/Rockwall fireworks/MLTX6DPJDFYX7_catalog-2026-08-16-1724.csv","790","793","793","/Volumes/FACUNDO/Rockwall fireworks/rockwall fireworks items.xlsx","Items","791","1","1","no_match","","Unknown","No sufficiently specific candidate identified in the two Dynamite catalog files."
"A7BVCSMERHS3I6HQV6PXR2VJ","887946003681","","Saturn Missle Battery 100 Sht","Saturn Missle Battery 100 Sht","Whitespace cleaned; uncertain abbreviations retained","Unknown","Unknown","Unknown","Regular","Unknown","Unknown","#saturn-missle-battery-100-sht-regular","/Volumes/FACUNDO/Rockwall fireworks/MLTX6DPJDFYX7_catalog-2026-08-16-1724.csv","791","794","794","/Volumes/FACUNDO/Rockwall fireworks/rockwall fireworks items.xlsx","Items","792","1","1","no_match","","Unknown","No sufficiently specific candidate identified in the two Dynamite catalog files."
"NJM6VGXTBORBIDBFE5WX2DBE","680149053961","","Saturn Ultra 750","Saturn Ultra 750","Whitespace cleaned; uncertain abbreviations retained","Unknown","Unknown","Unknown","Regular","Unknown","Unknown","#saturn-ultra-750-regular","/Volumes/FACUNDO/Rockwall fireworks/MLTX6DPJDFYX7_catalog-2026-08-16-1724.csv","792","795","795","/Volumes/FACUNDO/Rockwall fireworks/rockwall fireworks items.xlsx","Items","793","1","1","no_match","","Unknown","No sufficiently specific candidate identified in the two Dynamite catalog files."
"5JQRSHABWBMQ52NCPHFZJAPH","757201848015","","Scarlet Thread 500 Gram","Scarlet Thread 500 Gram","Whitespace cleaned; uncertain abbreviations retained","Unknown","500 GRAM FINALE","Unknown","Regular","Unknown","500 Gram","#scarlet-thread-500-gram-regular","/Volumes/FACUNDO/Rockwall fireworks/MLTX6DPJDFYX7_catalog-2026-08-16-1724.csv","793","796","796","/Volumes/FACUNDO/Rockwall fireworks/rockwall fireworks items.xlsx","Items","794","1","1","no_match","","Unknown","No sufficiently specific candidate identified in the two Dynamite catalog files."
"4FSMJRLSNUAD2WCQM35D554W","8145270157619","","Screaming Eagles","Screaming Eagles","Whitespace cleaned; uncertain abbreviations retained","Unknown","Unknown","Unknown","Regular","Unknown","Unknown","#screaming-eagles-regular","/Volumes/FACUNDO/Rockwall fireworks/MLTX6DPJDFYX7_catalog-2026-08-16-1724.csv","794","797","797","/Volumes/FACUNDO/Rockwall fireworks/rockwall fireworks items.xlsx","Items","795","1","1","no_match","","Unknown","No sufficiently specific candidate identified in the two Dynamite catalog files."
"CGTZLRFLVBLJADNUMR2I7V6D","687985714315","","Screeching Eagle","Screeching Eagle","Whitespace cleaned; uncertain abbreviations retained","Unknown","Fountains","Unknown","Regular","Unknown","Unknown","#screeching-eagle-regular","/Volumes/FACUNDO/Rockwall fireworks/MLTX6DPJDFYX7_catalog-2026-08-16-1724.csv","795","798","798","/Volumes/FACUNDO/Rockwall fireworks/rockwall fireworks items.xlsx","Items","796","1","1","no_match","","Unknown","No sufficiently specific candidate identified in the two Dynamite catalog files."
"IDRRN7PXEHU5ESAIDFWNUFCC","687985912209","","Secret Vault Family Pack","Secret Vault Family Pack","Whitespace cleaned; uncertain abbreviations retained","Unknown","Family Pack Assortments","Unknown","Regular","Unknown","Unknown","#secret-vault-family-pack-regular","/Volumes/FACUNDO/Rockwall fireworks/MLTX6DPJDFYX7_catalog-2026-08-16-1724.csv","796","799","799","/Volumes/FACUNDO/Rockwall fireworks/rockwall fireworks items.xlsx","Items","797","1","1","no_match","","Unknown","No sufficiently specific candidate identified in the two Dynamite catalog files."
"ALNYFHJRL6SEF3PJ2DCWDWJB","695071405955","","Seismic Snaps","Seismic Snaps","Whitespace cleaned; uncertain abbreviations retained","Unknown","Unknown","Unknown","Regular","Unknown","Unknown","#seismic-snaps-regular","/Volumes/FACUNDO/Rockwall fireworks/MLTX6DPJDFYX7_catalog-2026-08-16-1724.csv","797","800","800","/Volumes/FACUNDO/Rockwall fireworks/rockwall fireworks items.xlsx","Items","798","1","1","no_match","","Unknown","No sufficiently specific candidate identified in the two Dynamite catalog files."
"HBOU625S5LEK4PCVRH53HOQG","687985901104","","Serious Equipment 48 Shells","Serious Equipment 48 Shells","Whitespace cleaned; uncertain abbreviations retained","Unknown","Unknown","Unknown","Regular","Unknown","48 Shells","#serious-equipment-48-shells-regular","/Volumes/FACUNDO/Rockwall fireworks/MLTX6DPJDFYX7_catalog-2026-08-16-1724.csv","798","801","801","/Volumes/FACUNDO/Rockwall fireworks/rockwall fireworks items.xlsx","Items","799","1","1","no_match","","Unknown","No sufficiently specific candidate identified in the two Dynamite catalog files."
"6SGGZX66ZYR44X62PWKO7V33","8572015003786","","Shark Attack 4 Pack","Shark Attack 4 Pack","Whitespace cleaned; uncertain abbreviations retained","Unknown","Unknown","Unknown","Regular","Unknown","4 Pack","#shark-attack-4-pack-regular","/Volumes/FACUNDO/Rockwall fireworks/MLTX6DPJDFYX7_catalog-2026-08-16-1724.csv","799","802","802","/Volumes/FACUNDO/Rockwall fireworks/rockwall fireworks items.xlsx","Items","800","1","1","no_match","","Unknown","No sufficiently specific candidate identified in the two Dynamite catalog files."
"NQH4FU2CQFAFPYQORARDZJR5","681402053018","","Shinobi","Shinobi","Whitespace cleaned; uncertain abbreviations retained","Unknown","Unknown","Unknown","Regular","Unknown","Unknown","#shinobi-regular","/Volumes/FACUNDO/Rockwall fireworks/MLTX6DPJDFYX7_catalog-2026-08-16-1724.csv","800","803","803","/Volumes/FACUNDO/Rockwall fireworks/rockwall fireworks items.xlsx","Items","801","1","1","no_match","","Unknown","No sufficiently specific candidate identified in the two Dynamite catalog files."
"FX3FZDERMCEZQ4YL3PDCIQQD","805253413214","","Show Me Your Kitties 200 gr","Show Me Your Kitties 200 gr","Whitespace cleaned; uncertain abbreviations retained","Unknown","Unknown","Unknown","Regular","Unknown","Unknown","#show-me-your-kitties-200-gr-regular","/Volumes/FACUNDO/Rockwall fireworks/MLTX6DPJDFYX7_catalog-2026-08-16-1724.csv","801","804","804","/Volumes/FACUNDO/Rockwall fireworks/rockwall fireworks items.xlsx","Items","802","1","1","no_match","","Unknown","No sufficiently specific candidate identified in the two Dynamite catalog files."
"O4MEQ2OSWJYYBCA5R6ZYCN3Z","753321710713","","Shower Of Sparks 5 Pcs","Shower Of Sparks 5 Pcs","Whitespace cleaned; uncertain abbreviations retained","Unknown","Unknown","Unknown","Regular","Unknown","5 Pcs","#shower-of-sparks-5-pcs-regular","/Volumes/FACUNDO/Rockwall fireworks/MLTX6DPJDFYX7_catalog-2026-08-16-1724.csv","802","805","805","/Volumes/FACUNDO/Rockwall fireworks/rockwall fireworks items.xlsx","Items","803","1","1","no_match","","Unknown","No sufficiently specific candidate identified in the two Dynamite catalog files."
"RXEDQUZWB3J67HDB622CHTLT","757201520058","","Silent Assasin","Silent Assasin","Whitespace cleaned; uncertain abbreviations retained","Unknown","Unknown","Unknown","Regular","Unknown","Unknown","#silent-assasin-regular","/Volumes/FACUNDO/Rockwall fireworks/MLTX6DPJDFYX7_catalog-2026-08-16-1724.csv","803","806","806","/Volumes/FACUNDO/Rockwall fireworks/rockwall fireworks items.xlsx","Items","804","1","1","no_match","","Unknown","No sufficiently specific candidate identified in the two Dynamite catalog files."
"6TL5MEXW2T74PYUHAH26HOD2","705108320509","","Silent Mode","Silent Mode","Whitespace cleaned; uncertain abbreviations retained","Unknown","Fountains","Unknown","Regular","Unknown","Unknown","#silent-mode-regular","/Volumes/FACUNDO/Rockwall fireworks/MLTX6DPJDFYX7_catalog-2026-08-16-1724.csv","804","807","807","/Volumes/FACUNDO/Rockwall fireworks/rockwall fireworks items.xlsx","Items","805","1","1","no_match","","Unknown","No sufficiently specific candidate identified in the two Dynamite catalog files."
"44TDILAVET7KFW3RUYZOHEBZ","514677002255","","Silent Treatment Fountain","Silent Treatment Fountain","Whitespace cleaned; uncertain abbreviations retained","Unknown","Unknown","Unknown","Regular","Unknown","Unknown","#silent-treatment-fountain-regular","/Volumes/FACUNDO/Rockwall fireworks/MLTX6DPJDFYX7_catalog-2026-08-16-1724.csv","805","808","808","/Volumes/FACUNDO/Rockwall fireworks/rockwall fireworks items.xlsx","Items","806","1","1","no_match","","Unknown","No sufficiently specific candidate identified in the two Dynamite catalog files."
"ELPXYS33RVPQWPNX3ESR377E","814527310616","","Skull Force","Skull Force","Whitespace cleaned; uncertain abbreviations retained","Unknown","Unknown","Unknown","Regular","Unknown","Unknown","#skull-force-regular","/Volumes/FACUNDO/Rockwall fireworks/MLTX6DPJDFYX7_catalog-2026-08-16-1724.csv","806","809","809","/Volumes/FACUNDO/Rockwall fireworks/rockwall fireworks items.xlsx","Items","807","1","1","no_match","","Unknown","No sufficiently specific candidate identified in the two Dynamite catalog files."
"UKIQLFU5SEJTMJHR6AKHDO3E","695071589198","","Skull King 200 Gram 16 Shot","Skull King 200 Gram 16 Shot","Whitespace cleaned; uncertain abbreviations retained","Unknown","Unknown","Unknown","Regular","Unknown","200 Gram | 16 Shot","#skull-king-200-gram-16-shot-regular","/Volumes/FACUNDO/Rockwall fireworks/MLTX6DPJDFYX7_catalog-2026-08-16-1724.csv","807","810","810","/Volumes/FACUNDO/Rockwall fireworks/rockwall fireworks items.xlsx","Items","808","1","1","no_match","","Unknown","No sufficiently specific candidate identified in the two Dynamite catalog files."
"DHKAYQL2A5JTRZQGUAUPKSIC","695071403500","","Skull Popper 6 Pk","Skull Popper 6 Pk","Whitespace cleaned; uncertain abbreviations retained","Unknown","Unknown","Unknown","Regular","Unknown","Unknown","#skull-popper-6-pk-regular","/Volumes/FACUNDO/Rockwall fireworks/MLTX6DPJDFYX7_catalog-2026-08-16-1724.csv","808","811","811","/Volumes/FACUNDO/Rockwall fireworks/rockwall fireworks items.xlsx","Items","809","1","1","no_match","","Unknown","No sufficiently specific candidate identified in the two Dynamite catalog files."
"WTLUAOGLASBOLXA3LAEELXAQ","715244065301","","Sky Ink 200G","Sky Ink 200G","Whitespace cleaned; uncertain abbreviations retained","Unknown","Unknown","Unknown","Regular","Unknown","200G","#sky-ink-200g-regular","/Volumes/FACUNDO/Rockwall fireworks/MLTX6DPJDFYX7_catalog-2026-08-16-1724.csv","809","812","812","/Volumes/FACUNDO/Rockwall fireworks/rockwall fireworks items.xlsx","Items","810","1","1","no_match","","Unknown","No sufficiently specific candidate identified in the two Dynamite catalog files."
"TE2L56XEDWRPQVTX4WF7ZYPE","652001110037","","Sky Laterns","Sky Laterns","Whitespace cleaned; uncertain abbreviations retained","Unknown","Unknown","Unknown","Regular","Unknown","Unknown","#sky-laterns-regular","/Volumes/FACUNDO/Rockwall fireworks/MLTX6DPJDFYX7_catalog-2026-08-16-1724.csv","810","813","813","/Volumes/FACUNDO/Rockwall fireworks/rockwall fireworks items.xlsx","Items","811","2","1","no_match","","Unknown","No sufficiently specific candidate identified in the two Dynamite catalog files."
"64FX5VZCXQGIRO6L3MNRJR3F","674662508138","","Sky Laterns","Sky Laterns","Whitespace cleaned; uncertain abbreviations retained","Unknown","Unknown","Unknown","Regular","Unknown","Unknown","#sky-laterns-1-regular","/Volumes/FACUNDO/Rockwall fireworks/MLTX6DPJDFYX7_catalog-2026-08-16-1724.csv","811","814","814","/Volumes/FACUNDO/Rockwall fireworks/rockwall fireworks items.xlsx","Items","812","2","1","no_match","","Unknown","No sufficiently specific candidate identified in the two Dynamite catalog files."
"C3Z2RS7D6ATU276R6GFDRQJY","757202118025","","Sky Painter Fountain","Sky Painter Fountain","Whitespace cleaned; uncertain abbreviations retained","Unknown","Fountains","Unknown","Regular","Unknown","Unknown","#sky-painter-fountain-regular","/Volumes/FACUNDO/Rockwall fireworks/MLTX6DPJDFYX7_catalog-2026-08-16-1724.csv","812","815","815","/Volumes/FACUNDO/Rockwall fireworks/rockwall fireworks items.xlsx","Items","813","1","1","no_match","","Unknown","No sufficiently specific candidate identified in the two Dynamite catalog files."
"7I7ICERBSIGVAHLOKRERBOOJ","293936961358","","Sky Pattern Rocket Kit","Sky Pattern","Reviewed commercial name; specifications retained separately","Firehawk","Unknown","Rockets","Regular","Rocket kit","Unknown","#sky-pattern-rocket-kit-regular","/Volumes/FACUNDO/Rockwall fireworks/MLTX6DPJDFYX7_catalog-2026-08-16-1724.csv","813","816","816","/Volumes/FACUNDO/Rockwall fireworks/rockwall fireworks items.xlsx","Items","814","1","1","confirmed","sky-pattern","products.json[102] Sky Pattern / Firehawk / /products/sky-pattern.png","Distinctive name and Square rocket-kit presentation agree with the Firehawk packaged rocket kit. No quantity inferred from an internal SKU."
"LCUKICYEVG6O6GGZEFQMVWYJ","687985121717","","Skybolt (5 sticks)","Skybolt (5 sticks)","Whitespace cleaned; uncertain abbreviations retained","Unknown","Stick Rockets","Unknown","Regular","Unknown","5 sticks","#skybolt-5-sticks--regular","/Volumes/FACUNDO/Rockwall fireworks/MLTX6DPJDFYX7_catalog-2026-08-16-1724.csv","814","817","817","/Volumes/FACUNDO/Rockwall fireworks/rockwall fireworks items.xlsx","Items","815","1","1","conflict","","products.json[103] Skybolt / Firehawk / /products/skybolt.png","Square Skybolt specifies five sticks; Firehawk source photo shows a freestanding missile. Presentation does not agree."
"K2OSHKB5T4AD2TTS65UQK4JA","757202120042","","Slam Dunk Fountain","Slam Dunk Fountain","Whitespace cleaned; uncertain abbreviations retained","Unknown","Fountains","Unknown","Regular","Unknown","Unknown","#slam-dunk-fountain-regular","/Volumes/FACUNDO/Rockwall fireworks/MLTX6DPJDFYX7_catalog-2026-08-16-1724.csv","815","818","818","/Volumes/FACUNDO/Rockwall fireworks/rockwall fireworks items.xlsx","Items","816","1","1","no_match","","Unknown","No sufficiently specific candidate identified in the two Dynamite catalog files."
"UCFNVVHNNAU65DR3NT3CHQAH","","","Small Biker Gang Novelty","Small Biker Gang Novelty","Whitespace cleaned; uncertain abbreviations retained","Unknown","Unknown","Unknown","Regular","Unknown","Unknown","#small-biker-gang-novelty-regular","/Volumes/FACUNDO/Rockwall fireworks/MLTX6DPJDFYX7_catalog-2026-08-16-1724.csv","816","819","819","/Volumes/FACUNDO/Rockwall fireworks/rockwall fireworks items.xlsx","Items","817","1","0","no_match","","Unknown","No sufficiently specific candidate identified in the two Dynamite catalog files."
"IDRU6XRW7BWBX53PXMETFDDW","725272730744","","Small Fire Truck Novelty","Small Fire Truck Novelty","Whitespace cleaned; uncertain abbreviations retained","Unknown","Unknown","Unknown","Regular","Unknown","Unknown","#small-fire-truck-novelty-regular","/Volumes/FACUNDO/Rockwall fireworks/MLTX6DPJDFYX7_catalog-2026-08-16-1724.csv","817","820","820","/Volumes/FACUNDO/Rockwall fireworks/rockwall fireworks items.xlsx","Items","818","1","1","no_match","","Unknown","No sufficiently specific candidate identified in the two Dynamite catalog files."
"QR6JZFJ3F5O3DOF23GO3E274","887946001649","","Small Military Parachute","Small Military Parachute","Whitespace cleaned; uncertain abbreviations retained","Unknown","Unknown","Unknown","Regular","Unknown","Unknown","#small-military-parachute-regular","/Volumes/FACUNDO/Rockwall fireworks/MLTX6DPJDFYX7_catalog-2026-08-16-1724.csv","818","821","821","/Volumes/FACUNDO/Rockwall fireworks/rockwall fireworks items.xlsx","Items","819","1","1","probable","","products.json[189] Military Parachute / Winda / /products/military-parachute.png","Name identifies a candidate only; manufacturer and exact presentation have not been established."
"CUMAYLL4GFQA4YQRN27UWOCT","887946001823","","Small Military Paratropper","Small Military Paratropper","Whitespace cleaned; uncertain abbreviations retained","Unknown","Unknown","Unknown","Regular","Unknown","Unknown","#small-military-paratropper-regular","/Volumes/FACUNDO/Rockwall fireworks/MLTX6DPJDFYX7_catalog-2026-08-16-1724.csv","819","822","822","/Volumes/FACUNDO/Rockwall fireworks/rockwall fireworks items.xlsx","Items","820","1","1","no_match","","Unknown","No sufficiently specific candidate identified in the two Dynamite catalog files."
"3ADFA4L7TG6JSPJDUV7IJW4C","725272730782","","Small Police Car Novelty","Small Police Car Novelty","Whitespace cleaned; uncertain abbreviations retained","Unknown","Unknown","Unknown","Regular","Unknown","Unknown","#small-police-car-novelty-regular","/Volumes/FACUNDO/Rockwall fireworks/MLTX6DPJDFYX7_catalog-2026-08-16-1724.csv","820","823","823","/Volumes/FACUNDO/Rockwall fireworks/rockwall fireworks items.xlsx","Items","821","1","1","no_match","","Unknown","No sufficiently specific candidate identified in the two Dynamite catalog files."
"36MIDNKLKXE6BD6ZCKP33MAW","725272730775","","Small Skateboard Dude Novelty","Small Skateboard Dude Novelty","Whitespace cleaned; uncertain abbreviations retained","Unknown","Unknown","Unknown","Regular","Unknown","Unknown","#small-skateboard-dude-novelty-regular","/Volumes/FACUNDO/Rockwall fireworks/MLTX6DPJDFYX7_catalog-2026-08-16-1724.csv","821","824","824","/Volumes/FACUNDO/Rockwall fireworks/rockwall fireworks items.xlsx","Items","822","1","1","no_match","","Unknown","No sufficiently specific candidate identified in the two Dynamite catalog files."
"B5PYMHTQP5GIGI7BPYVXIEQG","816597924397","","Small Tank","Small Tank","Whitespace cleaned; uncertain abbreviations retained","Unknown","Unknown","Unknown","Regular","Unknown","Unknown","#small-tank-regular","/Volumes/FACUNDO/Rockwall fireworks/MLTX6DPJDFYX7_catalog-2026-08-16-1724.csv","822","825","825","/Volumes/FACUNDO/Rockwall fireworks/rockwall fireworks items.xlsx","Items","823","2","1","no_match","","Unknown","No sufficiently specific candidate identified in the two Dynamite catalog files."
"IR4HFV2V4UFXVMGII7UKDZUS","705108070510","","Small Tank","Small Tank","Whitespace cleaned; uncertain abbreviations retained","Unknown","Unknown","Unknown","Tank","Tank","Unknown","#small-tank-tank","/Volumes/FACUNDO/Rockwall fireworks/MLTX6DPJDFYX7_catalog-2026-08-16-1724.csv","823","826","826","/Volumes/FACUNDO/Rockwall fireworks/rockwall fireworks items.xlsx","Items","824","2","1","no_match","","Unknown","No sufficiently specific candidate identified in the two Dynamite catalog files."
"BMR7JEOTMDGL54REFWSSF5II","816597924403","","Small Tank 12 Pack","Small Tank 12 Pack","Whitespace cleaned; uncertain abbreviations retained","Unknown","Unknown","Unknown","Regular","Unknown","12 Pack","#small-tank-12-pack-regular","/Volumes/FACUNDO/Rockwall fireworks/MLTX6DPJDFYX7_catalog-2026-08-16-1724.csv","824","827","827","/Volumes/FACUNDO/Rockwall fireworks/rockwall fireworks items.xlsx","Items","825","1","1","no_match","","Unknown","No sufficiently specific candidate identified in the two Dynamite catalog files."
"EUMY5KCK234U6I7QG6EPUBCY","687985435418","","Smash Hit","Smash Hit","Whitespace cleaned; uncertain abbreviations retained","Unknown","Fountains","Unknown","Regular","Unknown","Unknown","#smash-hit-regular","/Volumes/FACUNDO/Rockwall fireworks/MLTX6DPJDFYX7_catalog-2026-08-16-1724.csv","825","828","828","/Volumes/FACUNDO/Rockwall fireworks/rockwall fireworks items.xlsx","Items","826","1","1","no_match","","Unknown","No sufficiently specific candidate identified in the two Dynamite catalog files."
"X4B7BR7A4QTZPCXUFL4DHCV4","8052530015520","","Smiling Faces Ear To Ear (5 sticks)","Smiling Faces Ear to Ear","Reviewed commercial name; specifications retained separately","Firehawk","Stick Rockets","Rockets","Regular","5-stick pack","5 sticks","#smiling-faces-ear-to-ear-5-sticks--regular","/Volumes/FACUNDO/Rockwall fireworks/MLTX6DPJDFYX7_catalog-2026-08-16-1724.csv","826","829","829","/Volumes/FACUNDO/Rockwall fireworks/rockwall fireworks items.xlsx","Items","827","1","1","confirmed","smiling-faces-ear-to-ear","products.json[101] Smiling Face / Firehawk / /products/smiling-face.png","Full wording Smiling Faces Ear to Ear is visible on Firehawk package; five rockets pictured agree with Square 5 sticks and Stick Rockets category."
"ME7MEP7XSA56DBH43DBACC54","821600012039","","Smoke Artillery Shell","Smoke Artillery Shell","Whitespace cleaned; uncertain abbreviations retained","Unknown","Unknown","Unknown","Regular","Unknown","Unknown","#smoke-artillery-shell-regular","/Volumes/FACUNDO/Rockwall fireworks/MLTX6DPJDFYX7_catalog-2026-08-16-1724.csv","827","830","830","/Volumes/FACUNDO/Rockwall fireworks/rockwall fireworks items.xlsx","Items","828","1","1","no_match","","Unknown","No sufficiently specific candidate identified in the two Dynamite catalog files."
"AIIEVSFXVBRCO47FLHGNO2Z7","821600002030","","Smoke Balls","Smoke Balls","Whitespace cleaned; uncertain abbreviations retained","Unknown","Unknown","Unknown","Regular","Unknown","Unknown","#smoke-balls-regular","/Volumes/FACUNDO/Rockwall fireworks/MLTX6DPJDFYX7_catalog-2026-08-16-1724.csv","828","831","831","/Volumes/FACUNDO/Rockwall fireworks/rockwall fireworks items.xlsx","Items","829","1","1","no_match","","Unknown","No sufficiently specific candidate identified in the two Dynamite catalog files."
"DKB6UEB67H55UXXAKHRGO4Q2","887946021036","","Smoke Balls Box 72 Pieces","Smoke Balls Box 72 Pieces","Whitespace cleaned; uncertain abbreviations retained","Unknown","Unknown","Unknown","Regular","Unknown","Unknown","#smoke-balls-box-72-pieces-regular","/Volumes/FACUNDO/Rockwall fireworks/MLTX6DPJDFYX7_catalog-2026-08-16-1724.csv","829","832","832","/Volumes/FACUNDO/Rockwall fireworks/rockwall fireworks items.xlsx","Items","830","1","1","no_match","","Unknown","No sufficiently specific candidate identified in the two Dynamite catalog files."
"I3FAHXWTEBSV74DBN47OSRTC","027736035564","","Smoke Grenade","Smoke Grenade","Whitespace cleaned; uncertain abbreviations retained","Unknown","Unknown","Unknown","Regular","Unknown","Unknown","#smoke-grenade-regular","/Volumes/FACUNDO/Rockwall fireworks/MLTX6DPJDFYX7_catalog-2026-08-16-1724.csv","830","833","833","/Volumes/FACUNDO/Rockwall fireworks/rockwall fireworks items.xlsx","Items","831","1","1","no_match","","Unknown","No sufficiently specific candidate identified in the two Dynamite catalog files."
"VI6MKFDJY44SCVZ2HFWQG53R","8145270186817","","Smoke Grenade  2pc BOGO","Smoke Grenade 2pc","Whitespace cleaned; historical BOGO marker removed from display name only","Unknown","Unknown","Unknown","Regular","Unknown","2pc","#smoke-grenade-2pc-bogo-regular","/Volumes/FACUNDO/Rockwall fireworks/MLTX6DPJDFYX7_catalog-2026-08-16-1724.csv","831","834","834","/Volumes/FACUNDO/Rockwall fireworks/rockwall fireworks items.xlsx","Items","832","1","1","no_match","","Unknown","No sufficiently specific candidate identified in the two Dynamite catalog files."
"JJYGWFKEJPWNWFZJ4SFH67SB","725272730751","","Smoke Grenade Color Pull Pin","Smoke Grenade Color Pull Pin","Whitespace cleaned; uncertain abbreviations retained","Unknown","Unknown","Unknown","Regular","Unknown","Unknown","#smoke-grenade-color-pull-pin-regular","/Volumes/FACUNDO/Rockwall fireworks/MLTX6DPJDFYX7_catalog-2026-08-16-1724.csv","832","835","835","/Volumes/FACUNDO/Rockwall fireworks/rockwall fireworks items.xlsx","Items","833","1","1","no_match","","Unknown","No sufficiently specific candidate identified in the two Dynamite catalog files."
"Y5KJZEMQ3YT2HSORELWNXMQA","887946050234","","Snake Package","Snake Package","Whitespace cleaned; uncertain abbreviations retained","Unknown","Unknown","Unknown","Regular","Unknown","Unknown","#snake-package-regular","/Volumes/FACUNDO/Rockwall fireworks/MLTX6DPJDFYX7_catalog-2026-08-16-1724.csv","833","836","836","/Volumes/FACUNDO/Rockwall fireworks/rockwall fireworks items.xlsx","Items","834","2","1","no_match","","Unknown","No sufficiently specific candidate identified in the two Dynamite catalog files."
"CLCR26IVZCUSZQQ54T4PIWIO","715244003440","","Snake Package","Snake Package","Whitespace cleaned; uncertain abbreviations retained","Unknown","Unknown","Unknown","Assorted Snakes","Assorted Snakes","Unknown","#snake-package-assorted-snakes","/Volumes/FACUNDO/Rockwall fireworks/MLTX6DPJDFYX7_catalog-2026-08-16-1724.csv","834","837","837","/Volumes/FACUNDO/Rockwall fireworks/rockwall fireworks items.xlsx","Items","835","2","1","no_match","","Unknown","No sufficiently specific candidate identified in the two Dynamite catalog files."
"CQWQUWJGDGP4XMUTBNF6CVHN","600000085009","","Snappers","Snappers","Whitespace cleaned; uncertain abbreviations retained","Unknown","Unknown","Unknown","Regular","Unknown","Unknown","#snappers-regular","/Volumes/FACUNDO/Rockwall fireworks/MLTX6DPJDFYX7_catalog-2026-08-16-1724.csv","835","838","838","/Volumes/FACUNDO/Rockwall fireworks/rockwall fireworks items.xlsx","Items","836","1","1","no_match","","Unknown","No sufficiently specific candidate identified in the two Dynamite catalog files."
"UBCURPSLOYG22MXQUSCEACJ2","8145270186213","","Snappers BOGO","Snappers","Whitespace cleaned; historical BOGO marker removed from display name only","Unknown","Unknown","Unknown","Regular","Unknown","Unknown","#snappers-bogo-regular","/Volumes/FACUNDO/Rockwall fireworks/MLTX6DPJDFYX7_catalog-2026-08-16-1724.csv","836","839","839","/Volumes/FACUNDO/Rockwall fireworks/rockwall fireworks items.xlsx","Items","837","1","1","no_match","","Unknown","No sufficiently specific candidate identified in the two Dynamite catalog files."
"2AARIAYAE44WQKSSNH7V2PBO","","888000085001","Snaps BOGO","Snaps","Whitespace cleaned; historical BOGO marker removed from display name only","Unknown","Unknown","Unknown","Regular","Unknown","Unknown","#snaps-bogo-regular","/Volumes/FACUNDO/Rockwall fireworks/MLTX6DPJDFYX7_catalog-2026-08-16-1724.csv","837","840","840","/Volumes/FACUNDO/Rockwall fireworks/rockwall fireworks items.xlsx","Items","838","1","0","no_match","","Unknown","No sufficiently specific candidate identified in the two Dynamite catalog files."
"4R67JJWNKKF3QWUW3XTFBMFB","8145270163214","","Sniper 24 Shells","Sniper 24 Shells","Whitespace cleaned; uncertain abbreviations retained","Unknown","Unknown","Unknown","Regular","Unknown","24 Shells","#sniper-24-shells-regular","/Volumes/FACUNDO/Rockwall fireworks/MLTX6DPJDFYX7_catalog-2026-08-16-1724.csv","838","841","841","/Volumes/FACUNDO/Rockwall fireworks/rockwall fireworks items.xlsx","Items","839","1","1","no_match","","Unknown","No sufficiently specific candidate identified in the two Dynamite catalog files."
"KR3RZM5CYN7RTB47WMIVTE3H","757201112017","","Sniper Fire 12 Shot","Sniper Fire 12 Shot","Whitespace cleaned; uncertain abbreviations retained","Unknown","Unknown","Unknown","Regular","Unknown","12 Shot","#sniper-fire-12-shot-regular","/Volumes/FACUNDO/Rockwall fireworks/MLTX6DPJDFYX7_catalog-2026-08-16-1724.csv","839","842","842","/Volumes/FACUNDO/Rockwall fireworks/rockwall fireworks items.xlsx","Items","840","1","1","no_match","","Unknown","No sufficiently specific candidate identified in the two Dynamite catalog files."
"CBRHNYWVQY2LISAFKAJPV4ZZ","705108308804","","Snow Cone Big","Snow Cone Big","Whitespace cleaned; uncertain abbreviations retained","Unknown","Fountains","Unknown","Regular","Unknown","Unknown","#snow-cone-big-regular","/Volumes/FACUNDO/Rockwall fireworks/MLTX6DPJDFYX7_catalog-2026-08-16-1724.csv","840","843","843","/Volumes/FACUNDO/Rockwall fireworks/rockwall fireworks items.xlsx","Items","841","1","1","probable","","products.json[114] Snow Cone / Winda / /products/snow-cone.png","Name identifies a candidate only; manufacturer and exact presentation have not been established."
"QT4SJRW6RTVNYE3I2OXOAM4Q","821600011261","","Snow Cone Fountain","Snow Cone Fountain","Whitespace cleaned; uncertain abbreviations retained","Unknown","Fountains","Unknown","Regular","Unknown","Unknown","#snow-cone-fountain-regular","/Volumes/FACUNDO/Rockwall fireworks/MLTX6DPJDFYX7_catalog-2026-08-16-1724.csv","841","844","844","/Volumes/FACUNDO/Rockwall fireworks/rockwall fireworks items.xlsx","Items","842","1","1","probable","","products.json[114] Snow Cone / Winda / /products/snow-cone.png","Name identifies a candidate only; manufacturer and exact presentation have not been established."
"WAAAG3RM5BHMZNQJ6PELW6V3","132191819472","","Snowcone","Snowcone","Whitespace cleaned; uncertain abbreviations retained","Unknown","Fountains","Unknown","Regular","Unknown","Unknown","#snowcone-regular","/Volumes/FACUNDO/Rockwall fireworks/MLTX6DPJDFYX7_catalog-2026-08-16-1724.csv","842","845","845","/Volumes/FACUNDO/Rockwall fireworks/rockwall fireworks items.xlsx","Items","843","2","1","probable","","products.json[114] Snow Cone / Winda / /products/snow-cone.png | products.json[184] Handheld Snow Cone / Winda / /products/handheld-snow-cone.png","Name identifies a candidate only; manufacturer and exact presentation have not been established."
"HWSLHV2QS7CBXJJXIS6GPRY7","705108309733","","Snowcone","Snowcone","Whitespace cleaned; uncertain abbreviations retained","Unknown","Fountains","Unknown","Regular","Unknown","Unknown","#snowcone-1-regular","/Volumes/FACUNDO/Rockwall fireworks/MLTX6DPJDFYX7_catalog-2026-08-16-1724.csv","843","846","846","/Volumes/FACUNDO/Rockwall fireworks/rockwall fireworks items.xlsx","Items","844","2","1","probable","","products.json[114] Snow Cone / Winda / /products/snow-cone.png | products.json[184] Handheld Snow Cone / Winda / /products/handheld-snow-cone.png","Name identifies a candidate only; manufacturer and exact presentation have not been established."
"7HSTZSPFLZOBUPYELG63T6TG","705108309740","","Snowcone Individual","Snowcone Individual","Whitespace cleaned; uncertain abbreviations retained","Unknown","Fountains","Unknown","Regular","Unknown","Unknown","#snowcone-individual-regular","/Volumes/FACUNDO/Rockwall fireworks/MLTX6DPJDFYX7_catalog-2026-08-16-1724.csv","844","847","847","/Volumes/FACUNDO/Rockwall fireworks/rockwall fireworks items.xlsx","Items","845","1","1","probable","","products.json[114] Snow Cone / Winda / /products/snow-cone.png","Name identifies a candidate only; manufacturer and exact presentation have not been established."
"56UUUYAARKPLGMOGR523LF2P","887946041218","","Soda Foundation","Soda Foundation","Whitespace cleaned; uncertain abbreviations retained","Unknown","Fountains","Unknown","Regular","Unknown","Unknown","#soda-foundation-regular","/Volumes/FACUNDO/Rockwall fireworks/MLTX6DPJDFYX7_catalog-2026-08-16-1724.csv","845","848","848","/Volumes/FACUNDO/Rockwall fireworks/rockwall fireworks items.xlsx","Items","846","1","1","no_match","","Unknown","No sufficiently specific candidate identified in the two Dynamite catalog files."
"5D6GORADGNMEPLTPWFS3A6BA","687985247219","","Sons of Liberty 500 Gram","Sons of Liberty 500 Gram","Whitespace cleaned; uncertain abbreviations retained","Unknown","500 GRAM FINALE","Unknown","Regular","Unknown","500 Gram","#sons-of-liberty-500-gram-regular","/Volumes/FACUNDO/Rockwall fireworks/MLTX6DPJDFYX7_catalog-2026-08-16-1724.csv","846","849","849","/Volumes/FACUNDO/Rockwall fireworks/rockwall fireworks items.xlsx","Items","847","1","1","no_match","","Unknown","No sufficiently specific candidate identified in the two Dynamite catalog files."
"DV3XLNU5AXWRHKJTQQ7FF4AU","","841527160361","Sound of Moo-sic","Sound of Moo-sic","Whitespace cleaned; uncertain abbreviations retained","Unknown","Fountains","Unknown","Regular","Unknown","Unknown","#sound-of-moo-sic-regular","/Volumes/FACUNDO/Rockwall fireworks/MLTX6DPJDFYX7_catalog-2026-08-16-1724.csv","847","850","850","/Volumes/FACUNDO/Rockwall fireworks/rockwall fireworks items.xlsx","Items","848","1","0","no_match","","Unknown","No sufficiently specific candidate identified in the two Dynamite catalog files."
"EOQSDKHNYNKDGEYU7SYZDMGF","805253407923","","Space Cowboy Bogo","Space Cowboy","Whitespace cleaned; historical BOGO marker removed from display name only","Unknown","Unknown","Unknown","Regular","Unknown","Unknown","#space-cowboy-bogo-regular","/Volumes/FACUNDO/Rockwall fireworks/MLTX6DPJDFYX7_catalog-2026-08-16-1724.csv","848","851","851","/Volumes/FACUNDO/Rockwall fireworks/rockwall fireworks items.xlsx","Items","849","1","1","no_match","","Unknown","No sufficiently specific candidate identified in the two Dynamite catalog files."
"ZXRSIXTYSH6M7CLJQKS7SNB5","705108202706","","Space Falcon (5 sticks)","Space Falcon (5 sticks)","Whitespace cleaned; uncertain abbreviations retained","Unknown","Stick Rockets","Unknown","Regular","Unknown","5 sticks","#space-falcon-5-sticks--regular","/Volumes/FACUNDO/Rockwall fireworks/MLTX6DPJDFYX7_catalog-2026-08-16-1724.csv","849","852","852","/Volumes/FACUNDO/Rockwall fireworks/rockwall fireworks items.xlsx","Items","850","1","1","no_match","","Unknown","No sufficiently specific candidate identified in the two Dynamite catalog files."
"2RKQ6XDDPPDOXSVF547EXY62","849107065051","","Space Junk","Space Junk","Whitespace cleaned; uncertain abbreviations retained","Unknown","Roman Candles","Unknown","Regular","Unknown","Unknown","#space-junk-regular","/Volumes/FACUNDO/Rockwall fireworks/MLTX6DPJDFYX7_catalog-2026-08-16-1724.csv","850","853","853","/Volumes/FACUNDO/Rockwall fireworks/rockwall fireworks items.xlsx","Items","851","1","1","no_match","","Unknown","No sufficiently specific candidate identified in the two Dynamite catalog files."
"YNMK7ZJZKNRBPDU6JK7AJRT3","","687985322411","Spangled Sparklers","Spangled Sparklers","Whitespace cleaned; uncertain abbreviations retained","Unknown","Unknown","Unknown","Regular","Unknown","Unknown","#spangled-sparklers-regular","/Volumes/FACUNDO/Rockwall fireworks/MLTX6DPJDFYX7_catalog-2026-08-16-1724.csv","851","854","854","/Volumes/FACUNDO/Rockwall fireworks/rockwall fireworks items.xlsx","Items","852","1","0","no_match","","Unknown","No sufficiently specific candidate identified in the two Dynamite catalog files."
"TMJFW6QOYHZPIJO2AYYQES7X","6950165424101","","Sparklers Bogo","Sparklers","Whitespace cleaned; historical BOGO marker removed from display name only","Unknown","Unknown","Unknown","Regular","Unknown","Unknown","#sparklers-bogo-regular","/Volumes/FACUNDO/Rockwall fireworks/MLTX6DPJDFYX7_catalog-2026-08-16-1724.csv","852","855","855","/Volumes/FACUNDO/Rockwall fireworks/rockwall fireworks items.xlsx","Items","853","3","2","no_match","","Unknown","No sufficiently specific candidate identified in the two Dynamite catalog files."
"CPOOOXF72UNGR6EWAXHK26JF","849107066041","","Sparklers Bogo","Sparklers","Whitespace cleaned; historical BOGO marker removed from display name only","Unknown","Unknown","Unknown","Regular","Unknown","Unknown","#sparklers-bogo-1-regular","/Volumes/FACUNDO/Rockwall fireworks/MLTX6DPJDFYX7_catalog-2026-08-16-1724.csv","853","856","856","/Volumes/FACUNDO/Rockwall fireworks/rockwall fireworks items.xlsx","Items","854","3","2","no_match","","Unknown","No sufficiently specific candidate identified in the two Dynamite catalog files."
"MUEHSXEB6KR5V6ISJ5TUEKHJ","849107066041","","Sparklers Bogo","Sparklers","Whitespace cleaned; historical BOGO marker removed from display name only","Unknown","Unknown","Unknown","Sparklers No.8 BOGO","Sparklers No.8 BOGO","Unknown","#sparklers-bogo-1-sparklers-no-8-bogo","/Volumes/FACUNDO/Rockwall fireworks/MLTX6DPJDFYX7_catalog-2026-08-16-1724.csv","854","857","857","/Volumes/FACUNDO/Rockwall fireworks/rockwall fireworks items.xlsx","Items","855","3","2","no_match","","Unknown","No sufficiently specific candidate identified in the two Dynamite catalog files."
"CHMELJFUKR2PD2Z6CM2QTBPI","705108001217","","Starlight","Starlight","Whitespace cleaned; uncertain abbreviations retained","Unknown","Family Pack Assortments","Unknown","Regular","Assortment","Unknown","#starlight-regular","/Volumes/FACUNDO/Rockwall fireworks/MLTX6DPJDFYX7_catalog-2026-08-16-1724.csv","855","858","858","/Volumes/FACUNDO/Rockwall fireworks/rockwall fireworks items.xlsx","Items","856","1","1","existing_rockwall","star-light","Unknown","Approved Rockwall Star Light assortment matches Square Starlight and Family Pack Assortments category."
"BD7G6JJ3PMQ6UGFJDF64A2XL","8052530040416","","Stars Stripes Assortment","Stars Stripes Assortment","Whitespace cleaned; uncertain abbreviations retained","Unknown","Family Pack Assortments","Unknown","Regular","Unknown","Unknown","#stars-stripes-assortment-regular","/Volumes/FACUNDO/Rockwall fireworks/MLTX6DPJDFYX7_catalog-2026-08-16-1724.csv","856","859","859","/Volumes/FACUNDO/Rockwall fireworks/rockwall fireworks items.xlsx","Items","857","1","1","no_match","","Unknown","No sufficiently specific candidate identified in the two Dynamite catalog files."
"3XPUBX5CD2SO5BXJAVK5D4PW","8052532451517","","Stars and Stripes Family Pack","Stars and Stripes Family Pack","Whitespace cleaned; uncertain abbreviations retained","Unknown","Family Pack Assortments","Unknown","Regular","Unknown","Unknown","#stars-and-stripes-family-pack-regular","/Volumes/FACUNDO/Rockwall fireworks/MLTX6DPJDFYX7_catalog-2026-08-16-1724.csv","857","860","860","/Volumes/FACUNDO/Rockwall fireworks/rockwall fireworks items.xlsx","Items","858","1","1","no_match","","Unknown","No sufficiently specific candidate identified in the two Dynamite catalog files."
"5O3KCZV7HWLL2CDEY4VOSTEL","715244009312","","Stealth Bomber","Stealth Bomber","Whitespace cleaned; uncertain abbreviations retained","Unknown","Unknown","Unknown","Regular","Unknown","Unknown","#stealth-bomber-regular","/Volumes/FACUNDO/Rockwall fireworks/MLTX6DPJDFYX7_catalog-2026-08-16-1724.csv","858","861","861","/Volumes/FACUNDO/Rockwall fireworks/rockwall fireworks items.xlsx","Items","859","1","1","no_match","","Unknown","No sufficiently specific candidate identified in the two Dynamite catalog files."
"Z3WW4AQIC4ZXLQNTMA3PKJAT","","841527142022","Steel Titan Mortar","Steel Titan Mortar","Whitespace cleaned; uncertain abbreviations retained","Unknown","Roman Candles","Unknown","Regular","Unknown","Unknown","#steel-titan-mortar-regular","/Volumes/FACUNDO/Rockwall fireworks/MLTX6DPJDFYX7_catalog-2026-08-16-1724.csv","859","862","862","/Volumes/FACUNDO/Rockwall fireworks/rockwall fireworks items.xlsx","Items","860","1","0","no_match","","Unknown","No sufficiently specific candidate identified in the two Dynamite catalog files."
"2BN5Z4GKQHHACJ6BQHH7XB4Y","8052530010914","","Stellar Jets (4 sticks)","Stellar Jets (4 sticks)","Whitespace cleaned; uncertain abbreviations retained","Unknown","Stick Rockets","Unknown","Regular","Unknown","4 sticks","#stellar-jets-4-sticks--regular","/Volumes/FACUNDO/Rockwall fireworks/MLTX6DPJDFYX7_catalog-2026-08-16-1724.csv","860","863","863","/Volumes/FACUNDO/Rockwall fireworks/rockwall fireworks items.xlsx","Items","861","1","1","no_match","","Unknown","No sufficiently specific candidate identified in the two Dynamite catalog files."
"LZUI6FBWEPODZ6FYNPMSTRRG","900007622062","","Stinger Rockets","Stinger Rockets","Whitespace cleaned; uncertain abbreviations retained","Unknown","Unknown","Unknown","Regular","Unknown","Unknown","#stinger-rockets-regular","/Volumes/FACUNDO/Rockwall fireworks/MLTX6DPJDFYX7_catalog-2026-08-16-1724.csv","861","864","864","/Volumes/FACUNDO/Rockwall fireworks/rockwall fireworks items.xlsx","Items","862","1","1","no_match","","Unknown","No sufficiently specific candidate identified in the two Dynamite catalog files."
"PFUMNN4F7CTUD6OCYKHDPQLR","757202110012","","Strato Launcher 100 Shot","Strato Launcher 100 Shot","Whitespace cleaned; uncertain abbreviations retained","Unknown","Unknown","Unknown","Regular","Unknown","100 Shot","#strato-launcher-100-shot-regular","/Volumes/FACUNDO/Rockwall fireworks/MLTX6DPJDFYX7_catalog-2026-08-16-1724.csv","862","865","865","/Volumes/FACUNDO/Rockwall fireworks/rockwall fireworks items.xlsx","Items","863","1","1","no_match","","Unknown","No sufficiently specific candidate identified in the two Dynamite catalog files."
"6ORG5JYKG6FPBMH67P7UPR3E","887946003438","","Striking Rainbow","Striking Rainbow","Whitespace cleaned; uncertain abbreviations retained","Unknown","Unknown","Unknown","Regular","Unknown","Unknown","#striking-rainbow-regular","/Volumes/FACUNDO/Rockwall fireworks/MLTX6DPJDFYX7_catalog-2026-08-16-1724.csv","863","866","866","/Volumes/FACUNDO/Rockwall fireworks/rockwall fireworks items.xlsx","Items","864","1","1","no_match","","Unknown","No sufficiently specific candidate identified in the two Dynamite catalog files."
"3UA3DE63WWEIXYDEIHWR6NFD","757201220040","","Strobing Willow","Strobing Willow","Whitespace cleaned; uncertain abbreviations retained","Unknown","Unknown","Unknown","Regular","Unknown","Unknown","#strobing-willow-regular","/Volumes/FACUNDO/Rockwall fireworks/MLTX6DPJDFYX7_catalog-2026-08-16-1724.csv","864","867","867","/Volumes/FACUNDO/Rockwall fireworks/rockwall fireworks items.xlsx","Items","865","1","1","no_match","","Unknown","No sufficiently specific candidate identified in the two Dynamite catalog files."
"X3Q5SIJNL3ELAOABV3AD5PNT","757201512060","","Sucker Punch 182 Shots","Sucker Punch","Reviewed commercial name; specifications retained separately","Raccoon","Unknown","Cakes","Regular","500 gram · 182 shots","182 Shots","#sucker-punch-182-shots-regular","/Volumes/FACUNDO/Rockwall fireworks/MLTX6DPJDFYX7_catalog-2026-08-16-1724.csv","865","868","868","/Volumes/FACUNDO/Rockwall fireworks/rockwall fireworks items.xlsx","Items","866","1","1","confirmed","sucker-punch","products.json[19] Sucker Punch / Raccoon / /products/sucker-punch.png","Square specifies 182 shots and zipper-cake category; photographed Raccoon package shows 182 shots and 500 gram."
"JHTD4RDJXZMEZNERSG7EXBGP","757201530392","","Sudden Crisis 30 Shot","Sudden Crisis 30 Shot","Whitespace cleaned; uncertain abbreviations retained","Unknown","Unknown","Unknown","Regular","Unknown","30 Shot","#sudden-crisis-30-shot-regular","/Volumes/FACUNDO/Rockwall fireworks/MLTX6DPJDFYX7_catalog-2026-08-16-1724.csv","866","869","869","/Volumes/FACUNDO/Rockwall fireworks/rockwall fireworks items.xlsx","Items","867","1","1","no_match","","Unknown","No sufficiently specific candidate identified in the two Dynamite catalog files."
"MCJREXVVQE3QRAECUUUZUCYQ","514677002323","","Sugar Pop","Sugar Pop","Whitespace cleaned; uncertain abbreviations retained","Unknown","Unknown","Unknown","Regular","Unknown","Unknown","#sugar-pop-regular","/Volumes/FACUNDO/Rockwall fireworks/MLTX6DPJDFYX7_catalog-2026-08-16-1724.csv","867","870","870","/Volumes/FACUNDO/Rockwall fireworks/rockwall fireworks items.xlsx","Items","868","1","1","no_match","","Unknown","No sufficiently specific candidate identified in the two Dynamite catalog files."
"WM5U5WA7YOACC752AX5JMVOI","681402053988","","Sugar Skull 6"" Artillery Shells 6 Pack","Sugar Skull 6"" Artillery Shells 6 Pack","Whitespace cleaned; uncertain abbreviations retained","Unknown","6 Pack Artillery Shells 5""\, 6""","Unknown","Sugar Skull","Sugar Skull","6"" | 6 Pack","#sugar-skull-6-artillery-shells-6-pack-sugar-skull","/Volumes/FACUNDO/Rockwall fireworks/MLTX6DPJDFYX7_catalog-2026-08-16-1724.csv","868","871","871","/Volumes/FACUNDO/Rockwall fireworks/rockwall fireworks items.xlsx","Items","869","4","1","no_match","","Unknown","No sufficiently specific candidate identified in the two Dynamite catalog files."
"TAYKK7F435S57FPDLPJYV3OZ","681402054008","","Sugar Skull 6"" Artillery Shells 6 Pack","Sugar Skull 6"" Artillery Shells 6 Pack","Whitespace cleaned; uncertain abbreviations retained","Unknown","6 Pack Artillery Shells 5""\, 6""","Unknown","Sugar Skull","Sugar Skull","6"" | 6 Pack","#sugar-skull-6-artillery-shells-6-pack-sugar-skull-1","/Volumes/FACUNDO/Rockwall fireworks/MLTX6DPJDFYX7_catalog-2026-08-16-1724.csv","869","872","872","/Volumes/FACUNDO/Rockwall fireworks/rockwall fireworks items.xlsx","Items","870","4","1","no_match","","Unknown","No sufficiently specific candidate identified in the two Dynamite catalog files."
"KCBDFWX3QDQK5IQPOL2VZJ7D","681402053971","","Sugar Skull 6"" Artillery Shells 6 Pack","Sugar Skull 6"" Artillery Shells 6 Pack","Whitespace cleaned; uncertain abbreviations retained","Unknown","6 Pack Artillery Shells 5""\, 6""","Unknown","Sugar Skull","Sugar Skull","6"" | 6 Pack","#sugar-skull-6-artillery-shells-6-pack-sugar-skull-2","/Volumes/FACUNDO/Rockwall fireworks/MLTX6DPJDFYX7_catalog-2026-08-16-1724.csv","870","873","873","/Volumes/FACUNDO/Rockwall fireworks/rockwall fireworks items.xlsx","Items","871","4","1","no_match","","Unknown","No sufficiently specific candidate identified in the two Dynamite catalog files."
"J3U233NEV6JWQT66GGKT72MN","681402053995","","Sugar Skull 6"" Artillery Shells 6 Pack","Sugar Skull 6"" Artillery Shells 6 Pack","Whitespace cleaned; uncertain abbreviations retained","Unknown","6 Pack Artillery Shells 5""\, 6""","Unknown","Sugar Skull","Sugar Skull","6"" | 6 Pack","#sugar-skull-6-artillery-shells-6-pack-sugar-skull-3","/Volumes/FACUNDO/Rockwall fireworks/MLTX6DPJDFYX7_catalog-2026-08-16-1724.csv","871","874","874","/Volumes/FACUNDO/Rockwall fireworks/rockwall fireworks items.xlsx","Items","872","4","1","no_match","","Unknown","No sufficiently specific candidate identified in the two Dynamite catalog files."
"FZ4UOHXN2PATZIU7FO7IYHQR","202112120298","","Super Cakes 4","Super Cakes 4","Whitespace cleaned; uncertain abbreviations retained","Unknown","Unknown","Unknown","Regular","Unknown","Unknown","#super-cakes-4-regular","/Volumes/FACUNDO/Rockwall fireworks/MLTX6DPJDFYX7_catalog-2026-08-16-1724.csv","872","875","875","/Volumes/FACUNDO/Rockwall fireworks/rockwall fireworks items.xlsx","Items","873","1","1","no_match","","Unknown","No sufficiently specific candidate identified in the two Dynamite catalog files."
"B5TEHG6TB4E35SHGLJC73JTO","816597940212","","Super Jumbo Crackling Balls","Super Jumbo Crackling Balls","Whitespace cleaned; uncertain abbreviations retained","Unknown","Unknown","Unknown","Regular","Unknown","Unknown","#super-jumbo-crackling-balls-regular","/Volumes/FACUNDO/Rockwall fireworks/MLTX6DPJDFYX7_catalog-2026-08-16-1724.csv","873","876","876","/Volumes/FACUNDO/Rockwall fireworks/rockwall fireworks items.xlsx","Items","874","1","1","no_match","","Unknown","No sufficiently specific candidate identified in the two Dynamite catalog files."
"TAESPIMBJC3BD7QYPG2HVSW4","8052530140819","","Super Magnum (12 pcs)","Super Magnum (12 pcs)","Whitespace cleaned; uncertain abbreviations retained","Unknown","Artillery/Festival Balls","Unknown","Regular","Unknown","12 pcs","#super-magnum-12-pcs--regular","/Volumes/FACUNDO/Rockwall fireworks/MLTX6DPJDFYX7_catalog-2026-08-16-1724.csv","874","877","877","/Volumes/FACUNDO/Rockwall fireworks/rockwall fireworks items.xlsx","Items","875","1","1","no_match","","Unknown","No sufficiently specific candidate identified in the two Dynamite catalog files."
"YSJXWKAANWCTCMQCEY3JQUXK","715244003365","","Super Snap Bogo","Super Snap","Whitespace cleaned; historical BOGO marker removed from display name only","Unknown","Unknown","Unknown","Regular","Unknown","Unknown","#super-snap-bogo-regular","/Volumes/FACUNDO/Rockwall fireworks/MLTX6DPJDFYX7_catalog-2026-08-16-1724.csv","875","878","878","/Volumes/FACUNDO/Rockwall fireworks/rockwall fireworks items.xlsx","Items","876","1","1","no_match","","Unknown","No sufficiently specific candidate identified in the two Dynamite catalog files."
"AHKZ7C7WXML7I5RH7EVVP3NV","687985434015","","Super Sword Boy","Super Sword Boy","Whitespace cleaned; uncertain abbreviations retained","Unknown","Unknown","Unknown","Regular","Unknown","Unknown","#super-sword-boy-regular","/Volumes/FACUNDO/Rockwall fireworks/MLTX6DPJDFYX7_catalog-2026-08-16-1724.csv","876","879","879","/Volumes/FACUNDO/Rockwall fireworks/rockwall fireworks items.xlsx","Items","877","1","1","no_match","","Unknown","No sufficiently specific candidate identified in the two Dynamite catalog files."
"IUWUWRCHEBGYJ5VIM5ZNCDV3","757202120028","","Super dragon Fountain","Super dragon Fountain","Whitespace cleaned; uncertain abbreviations retained","Unknown","Fountains","Unknown","Regular","Unknown","Unknown","#super-dragon-fountain-regular","/Volumes/FACUNDO/Rockwall fireworks/MLTX6DPJDFYX7_catalog-2026-08-16-1724.csv","877","880","880","/Volumes/FACUNDO/Rockwall fireworks/rockwall fireworks items.xlsx","Items","878","1","1","no_match","","Unknown","No sufficiently specific candidate identified in the two Dynamite catalog files."
"J5OIPB6TBG4AKLGTG5BA75KD","757201306010","","Supernova 5"" Artillery Shells 6 Pack","Supernova 5"" Artillery Shells 6 Pack","Whitespace cleaned; uncertain abbreviations retained","Unknown","6 Pack Artillery Shells 5""\, 6""","Unknown","Regular","Unknown","5"" | 6 Pack","#supernova-5-artillery-shells-6-pack-regular","/Volumes/FACUNDO/Rockwall fireworks/MLTX6DPJDFYX7_catalog-2026-08-16-1724.csv","878","881","881","/Volumes/FACUNDO/Rockwall fireworks/rockwall fireworks items.xlsx","Items","879","1","1","no_match","","Unknown","No sufficiently specific candidate identified in the two Dynamite catalog files."
"NZZFXOG2QDEBBJWGNJ4F5T3R","887946041133","","Sword","Sword","Whitespace cleaned; uncertain abbreviations retained","Unknown","Unknown","Unknown","Regular","Unknown","Unknown","#sword-regular","/Volumes/FACUNDO/Rockwall fireworks/MLTX6DPJDFYX7_catalog-2026-08-16-1724.csv","879","882","882","/Volumes/FACUNDO/Rockwall fireworks/rockwall fireworks items.xlsx","Items","880","1","1","no_match","","Unknown","No sufficiently specific candidate identified in the two Dynamite catalog files."
"CFPGEC7FM3M3FLAT3WK62WEY","705108600335","","THAAD 226 Shot Zipper Cake","THAAD 226 Shot Zipper Cake","Whitespace cleaned; uncertain abbreviations retained","Unknown","500 GRAM FINALE > 500 GRAM FINALE ZIPPER CAKES","Unknown","Regular","Unknown","226 Shot","#thaad-226-shot-zipper-cake-regular","/Volumes/FACUNDO/Rockwall fireworks/MLTX6DPJDFYX7_catalog-2026-08-16-1724.csv","880","883","883","/Volumes/FACUNDO/Rockwall fireworks/rockwall fireworks items.xlsx","Items","881","1","1","no_match","","Unknown","No sufficiently specific candidate identified in the two Dynamite catalog files."
"XPKESM4NEB7FD7MA2UGKJXXQ","027736000104","","TNT Bag Assortment","TNT Bag Assortment","Whitespace cleaned; uncertain abbreviations retained","Unknown","Unknown","Unknown","Regular","Unknown","Unknown","#tnt-bag-assortment-regular","/Volumes/FACUNDO/Rockwall fireworks/MLTX6DPJDFYX7_catalog-2026-08-16-1724.csv","881","884","884","/Volumes/FACUNDO/Rockwall fireworks/rockwall fireworks items.xlsx","Items","882","1","1","no_match","","Unknown","No sufficiently specific candidate identified in the two Dynamite catalog files."
"OCNKFMWD4RXNQEOM4RTQQJBQ","705108603008","","Take Me To Your Leader 500 Gram","Take Me To Your Leader 500 Gram","Whitespace cleaned; uncertain abbreviations retained","Unknown","500 GRAM FINALE","Unknown","Regular","Unknown","500 Gram","#take-me-to-your-leader-500-gram-regular","/Volumes/FACUNDO/Rockwall fireworks/MLTX6DPJDFYX7_catalog-2026-08-16-1724.csv","882","885","885","/Volumes/FACUNDO/Rockwall fireworks/rockwall fireworks items.xlsx","Items","883","1","1","no_match","","Unknown","No sufficiently specific candidate identified in the two Dynamite catalog files."
"JCZP5TQ5GGDI72GS747HROMU","814527308415","","Taking Care Of Business Family Pk","Taking Care Of Business Family Pk","Whitespace cleaned; uncertain abbreviations retained","Unknown","Unknown","Unknown","Regular","Unknown","Unknown","#taking-care-of-business-family-pk-regular","/Volumes/FACUNDO/Rockwall fireworks/MLTX6DPJDFYX7_catalog-2026-08-16-1724.csv","883","886","886","/Volumes/FACUNDO/Rockwall fireworks/rockwall fireworks items.xlsx","Items","884","1","1","no_match","","Unknown","No sufficiently specific candidate identified in the two Dynamite catalog files."
"YL45J65Z3E5TR6CTQSL6ACA3","816597934273","","Tank","Tank","Whitespace cleaned; uncertain abbreviations retained","Unknown","Unknown","Unknown","Regular","Unknown","Unknown","#tank-regular","/Volumes/FACUNDO/Rockwall fireworks/MLTX6DPJDFYX7_catalog-2026-08-16-1724.csv","884","887","887","/Volumes/FACUNDO/Rockwall fireworks/rockwall fireworks items.xlsx","Items","885","2","1","probable","","products.json[115] Fish Tank / Winda / /products/fish-tank.png | products.json[181] Tank Busters / Winda / /products/tank-busters.png","Name identifies a candidate only; manufacturer and exact presentation have not been established."
"7TEE4O7JK2ZG6OINQEOJJTSV","8145270187210","","Tank","Tank","Whitespace cleaned; uncertain abbreviations retained","Unknown","Unknown","Unknown","Tank","Tank","Unknown","#tank-tank","/Volumes/FACUNDO/Rockwall fireworks/MLTX6DPJDFYX7_catalog-2026-08-16-1724.csv","885","888","888","/Volumes/FACUNDO/Rockwall fireworks/rockwall fireworks items.xlsx","Items","886","2","1","probable","","products.json[115] Fish Tank / Winda / /products/fish-tank.png | products.json[181] Tank Busters / Winda / /products/tank-busters.png","Name identifies a candidate only; manufacturer and exact presentation have not been established."
"2KFDHM7PRJCRUR6NIOPWRUXF","285108243850","","Texas Giant Pop Rocket","Texas Giant Pop Rocket","Whitespace cleaned; uncertain abbreviations retained","Unknown","Unknown","Unknown","Regular","Unknown","Unknown","#texas-giant-pop-rocket-regular","/Volumes/FACUNDO/Rockwall fireworks/MLTX6DPJDFYX7_catalog-2026-08-16-1724.csv","886","889","889","/Volumes/FACUNDO/Rockwall fireworks/rockwall fireworks items.xlsx","Items","887","1","1","no_match","","Unknown","No sufficiently specific candidate identified in the two Dynamite catalog files."
"NSQKCL7FFBMVVVFCM4EKI7HF","64883100769","","Texas Pop Rocket","Texas Pop Rocket","Whitespace cleaned; uncertain abbreviations retained","Unknown","Unknown","Unknown","Regular","Unknown","Unknown","#texas-pop-rocket-regular","/Volumes/FACUNDO/Rockwall fireworks/MLTX6DPJDFYX7_catalog-2026-08-16-1724.csv","887","890","890","/Volumes/FACUNDO/Rockwall fireworks/rockwall fireworks items.xlsx","Items","888","1","1","no_match","","Unknown","No sufficiently specific candidate identified in the two Dynamite catalog files."
"EOCYSNQTWRFGASZDKP4QENU7","020164900053","","Texas Sledgehammer 60 Gram 6 Inch","Texas Sledgehammer 60 Gram 6 Inch","Whitespace cleaned; uncertain abbreviations retained","Unknown","Unknown","Unknown","Regular","Unknown","60 Gram | 6 Inch","#texas-sledgehammer-60-gram-6-inch-regular","/Volumes/FACUNDO/Rockwall fireworks/MLTX6DPJDFYX7_catalog-2026-08-16-1724.csv","888","891","891","/Volumes/FACUNDO/Rockwall fireworks/rockwall fireworks items.xlsx","Items","889","1","1","no_match","","Unknown","No sufficiently specific candidate identified in the two Dynamite catalog files."
"NJ6SAFHPATCWTVY7P6WUARZ6","765244000000","","The Beast Black Cat","The Beast Black Cat","Whitespace cleaned; uncertain abbreviations retained","Black Cat","Family Pack Assortments","Unknown","Regular","Unknown","Unknown","#the-beast-black-cat-regular","/Volumes/FACUNDO/Rockwall fireworks/MLTX6DPJDFYX7_catalog-2026-08-16-1724.csv","889","892","892","/Volumes/FACUNDO/Rockwall fireworks/rockwall fireworks items.xlsx","Items","890","1","1","no_match","","Unknown","No sufficiently specific candidate identified in the two Dynamite catalog files."
"75TIIYAM4OKN23TPTHZZN67G","514677005003","","The Beast Roman Candle","The Beast Roman Candle","Whitespace cleaned; uncertain abbreviations retained","Unknown","Roman Candles","Unknown","Regular","Unknown","Unknown","#the-beast-roman-candle-regular","/Volumes/FACUNDO/Rockwall fireworks/MLTX6DPJDFYX7_catalog-2026-08-16-1724.csv","890","893","893","/Volumes/FACUNDO/Rockwall fireworks/rockwall fireworks items.xlsx","Items","891","1","1","no_match","","Unknown","No sufficiently specific candidate identified in the two Dynamite catalog files."
"KOTKW2PJDLTQA7NWSJVETPLO","652009001085","","The Godfather","The Godfather","Whitespace cleaned; uncertain abbreviations retained","Unknown","Family Pack Assortments","Unknown","Regular","Unknown","Unknown","#the-godfather-regular","/Volumes/FACUNDO/Rockwall fireworks/MLTX6DPJDFYX7_catalog-2026-08-16-1724.csv","891","894","894","/Volumes/FACUNDO/Rockwall fireworks/rockwall fireworks items.xlsx","Items","892","1","1","no_match","","Unknown","No sufficiently specific candidate identified in the two Dynamite catalog files."
"Z6FPCUDLKJMT6XYLGBPTJAKZ","757201530804","","The Hulk Clap 500 Gram","The Hulk Clap 500 Gram","Whitespace cleaned; uncertain abbreviations retained","Unknown","500 GRAM FINALE","Unknown","Regular","Unknown","500 Gram","#the-hulk-clap-500-gram-regular","/Volumes/FACUNDO/Rockwall fireworks/MLTX6DPJDFYX7_catalog-2026-08-16-1724.csv","892","895","895","/Volumes/FACUNDO/Rockwall fireworks/rockwall fireworks items.xlsx","Items","893","1","1","no_match","","Unknown","No sufficiently specific candidate identified in the two Dynamite catalog files."
"CIU2NNTHN47VXQHXXKQQ2NBE","8145271620518","","The Jaws 500 Gram 9 Shots","The Jaws 500 Gram 9 Shots","Whitespace cleaned; uncertain abbreviations retained","Unknown","Unknown","Unknown","Regular","Unknown","500 Gram | 9 Shots","#the-jaws-500-gram-9-shots-regular","/Volumes/FACUNDO/Rockwall fireworks/MLTX6DPJDFYX7_catalog-2026-08-16-1724.csv","893","896","896","/Volumes/FACUNDO/Rockwall fireworks/rockwall fireworks items.xlsx","Items","894","1","1","no_match","","Unknown","No sufficiently specific candidate identified in the two Dynamite catalog files."
"D6T5FNCTMUTHQSDLYJD2YU3X","8052532451319","","The King Assortment","The King Assortment","Whitespace cleaned; uncertain abbreviations retained","Unknown","Family Pack Assortments","Unknown","Regular","Unknown","Unknown","#the-king-assortment-regular","/Volumes/FACUNDO/Rockwall fireworks/MLTX6DPJDFYX7_catalog-2026-08-16-1724.csv","894","897","897","/Volumes/FACUNDO/Rockwall fireworks/rockwall fireworks items.xlsx","Items","895","2","1","no_match","","Unknown","No sufficiently specific candidate identified in the two Dynamite catalog files."
"YY2252GSY24VXZARC2U6X6BL","8052530040119","","The King Assortment","The King Assortment","Whitespace cleaned; uncertain abbreviations retained","Unknown","Family Pack Assortments","Unknown","The King Assortment","The King Assortment","Unknown","#the-king-assortment-the-king-assortment","/Volumes/FACUNDO/Rockwall fireworks/MLTX6DPJDFYX7_catalog-2026-08-16-1724.csv","895","898","898","/Volumes/FACUNDO/Rockwall fireworks/rockwall fireworks items.xlsx","Items","896","2","1","no_match","","Unknown","No sufficiently specific candidate identified in the two Dynamite catalog files."
"UTZ525RYU5BQ7EIDA555B7E5","014002913268","","The Kraken 4"" Artillery Shells 24 Pack","The Kraken 4"" Artillery Shells 24 Pack","Whitespace cleaned; uncertain abbreviations retained","Unknown","24 Pack Artillery Shells 4""","Unknown","Regular","Unknown","4"" | 24 Pack","#the-kraken-4-artillery-shells-24-pack-regular","/Volumes/FACUNDO/Rockwall fireworks/MLTX6DPJDFYX7_catalog-2026-08-16-1724.csv","896","899","899","/Volumes/FACUNDO/Rockwall fireworks/rockwall fireworks items.xlsx","Items","897","1","1","no_match","","Unknown","No sufficiently specific candidate identified in the two Dynamite catalog files."
"MPQFHDSFYWL74TFBGIO233PQ","757205301318","","The Next Big Thing 500 Gram","The Next Big Thing 500 Gram","Whitespace cleaned; uncertain abbreviations retained","Unknown","500 GRAM FINALE","Unknown","Regular","Unknown","500 Gram","#the-next-big-thing-500-gram-regular","/Volumes/FACUNDO/Rockwall fireworks/MLTX6DPJDFYX7_catalog-2026-08-16-1724.csv","897","900","900","/Volumes/FACUNDO/Rockwall fireworks/rockwall fireworks items.xlsx","Items","898","1","1","no_match","","Unknown","No sufficiently specific candidate identified in the two Dynamite catalog files."
"DVJJ6D4PS3O75T6GJDQQUVI6","7572015003800","","The Perfect Match","The Perfect Match","Whitespace cleaned; uncertain abbreviations retained","Unknown","Unknown","Unknown","Regular","Unknown","Unknown","#the-perfect-match-regular","/Volumes/FACUNDO/Rockwall fireworks/MLTX6DPJDFYX7_catalog-2026-08-16-1724.csv","898","901","901","/Volumes/FACUNDO/Rockwall fireworks/rockwall fireworks items.xlsx","Items","899","1","1","no_match","","Unknown","No sufficiently specific candidate identified in the two Dynamite catalog files."
"XEVPEMJRFP7JSF4EQBHZEKB5","757201536295","","The Reaper 500 Gram","The Reaper 500 Gram","Whitespace cleaned; uncertain abbreviations retained","Raccoon","500 GRAM FINALE","Unknown","Regular","500 gram","500 Gram","#the-reaper-500-gram-regular","/Volumes/FACUNDO/Rockwall fireworks/MLTX6DPJDFYX7_catalog-2026-08-16-1724.csv","899","902","902","/Volumes/FACUNDO/Rockwall fireworks/rockwall fireworks items.xlsx","Items","900","1","1","existing_rockwall","the-reaper","Unknown","Approved Rockwall Raccoon The Reaper cake is marked 500 gram; Square agrees."
"JVJVJDEHKQTOTIG75XHAVP7R","687985290512","","The Red White And Blue Salute","The Red White And Blue Salute","Whitespace cleaned; uncertain abbreviations retained","Unknown","Unknown","Unknown","Regular","Unknown","Unknown","#the-red-white-and-blue-salute-regular","/Volumes/FACUNDO/Rockwall fireworks/MLTX6DPJDFYX7_catalog-2026-08-16-1724.csv","900","903","903","/Volumes/FACUNDO/Rockwall fireworks/rockwall fireworks items.xlsx","Items","901","1","1","no_match","","Unknown","No sufficiently specific candidate identified in the two Dynamite catalog files."
"V5J3HQXPDHVHUAOL4TQYISXE","811451013859","","The wicked Witch","The wicked Witch","Whitespace cleaned; uncertain abbreviations retained","Unknown","Unknown","Unknown","Regular","Unknown","Unknown","#the-wicked-witch-regular","/Volumes/FACUNDO/Rockwall fireworks/MLTX6DPJDFYX7_catalog-2026-08-16-1724.csv","901","904","904","/Volumes/FACUNDO/Rockwall fireworks/rockwall fireworks items.xlsx","Items","902","1","1","no_match","","Unknown","No sufficiently specific candidate identified in the two Dynamite catalog files."
"IR7XAVEQUTZ3OXRPZRYDJDWS","652009112002","","Thor Missle","Thor Missle","Whitespace cleaned; uncertain abbreviations retained","Unknown","Unknown","Unknown","Regular","Unknown","Unknown","#thor-missle-regular","/Volumes/FACUNDO/Rockwall fireworks/MLTX6DPJDFYX7_catalog-2026-08-16-1724.csv","902","905","905","/Volumes/FACUNDO/Rockwall fireworks/rockwall fireworks items.xlsx","Items","903","1","1","no_match","","Unknown","No sufficiently specific candidate identified in the two Dynamite catalog files."
"4NKU22OHLIB7KNREHQGNR5LH","8052530051016","","Thunder Bomb 1000ct Firecracker","Thunder Bomb 1000ct Firecracker","Whitespace cleaned; uncertain abbreviations retained","Unknown","Unknown","Unknown","Regular","Unknown","1000ct","#thunder-bomb-1000ct-firecracker-regular","/Volumes/FACUNDO/Rockwall fireworks/MLTX6DPJDFYX7_catalog-2026-08-16-1724.csv","903","906","906","/Volumes/FACUNDO/Rockwall fireworks/rockwall fireworks items.xlsx","Items","904","1","1","no_match","","Unknown","No sufficiently specific candidate identified in the two Dynamite catalog files."
"TXJZDX235E43KSVDG4MP7WO6","8052530052525","","Thunder Bomb 640","Thunder Bomb 640","Whitespace cleaned; uncertain abbreviations retained","Unknown","Unknown","Unknown","Regular","Unknown","Unknown","#thunder-bomb-640-regular","/Volumes/FACUNDO/Rockwall fireworks/MLTX6DPJDFYX7_catalog-2026-08-16-1724.csv","904","907","907","/Volumes/FACUNDO/Rockwall fireworks/rockwall fireworks items.xlsx","Items","905","1","1","no_match","","Unknown","No sufficiently specific candidate identified in the two Dynamite catalog files."
"EIY7LEWHON2DQBJR5WYIADRP","847294038032","","Thunderbomb 100ct Firecracker","Thunderbomb 100ct Firecracker","Whitespace cleaned; uncertain abbreviations retained","Unknown","Unknown","Unknown","Regular","Unknown","100ct","#thunderbomb-100ct-firecracker-regular","/Volumes/FACUNDO/Rockwall fireworks/MLTX6DPJDFYX7_catalog-2026-08-16-1724.csv","905","908","908","/Volumes/FACUNDO/Rockwall fireworks/rockwall fireworks items.xlsx","Items","906","1","1","no_match","","Unknown","No sufficiently specific candidate identified in the two Dynamite catalog files."
"WFOP4EFT7Q3WECR3URYJ6KNH","757201624022","","Tiger Force 6"" Artillery Shells 24 Pack","Tiger Force 6"" Artillery Shells 24 Pack","Whitespace cleaned; uncertain abbreviations retained","Unknown","24 Pack Artillery Shells 6""","Unknown","Regular","Unknown","6"" | 24 Pack","#tiger-force-6-artillery-shells-24-pack-regular","/Volumes/FACUNDO/Rockwall fireworks/MLTX6DPJDFYX7_catalog-2026-08-16-1724.csv","906","909","909","/Volumes/FACUNDO/Rockwall fireworks/rockwall fireworks items.xlsx","Items","907","1","1","no_match","","Unknown","No sufficiently specific candidate identified in the two Dynamite catalog files."
"KZIPK6N3RIIOP7VY7B5KOGHF","757201530651","","Till Death Do Us Part 30 Shot","Till Death Do Us Part 30 Shot","Whitespace cleaned; uncertain abbreviations retained","Unknown","Unknown","Unknown","Regular","Unknown","30 Shot","#till-death-do-us-part-30-shot-regular","/Volumes/FACUNDO/Rockwall fireworks/MLTX6DPJDFYX7_catalog-2026-08-16-1724.csv","907","910","910","/Volumes/FACUNDO/Rockwall fireworks/rockwall fireworks items.xlsx","Items","908","1","1","no_match","","Unknown","No sufficiently specific candidate identified in the two Dynamite catalog files."
"X5BMZULGHXXAMM4P3Z32O6CZ","705108309726","","Tiny Snow Cone","Tiny Snow Cone","Whitespace cleaned; uncertain abbreviations retained","Unknown","Fountains","Unknown","Regular","Unknown","Unknown","#tiny-snow-cone-regular","/Volumes/FACUNDO/Rockwall fireworks/MLTX6DPJDFYX7_catalog-2026-08-16-1724.csv","908","911","911","/Volumes/FACUNDO/Rockwall fireworks/rockwall fireworks items.xlsx","Items","909","2","1","probable","","products.json[114] Snow Cone / Winda / /products/snow-cone.png","Name identifies a candidate only; manufacturer and exact presentation have not been established."
"BMUZDH4BBIKV6QQT3EJISDHT","705108309719","","Tiny Snow Cone","Tiny Snow Cone","Whitespace cleaned; uncertain abbreviations retained","Unknown","Fountains","Unknown","Tiny Snowcone","Tiny Snowcone","Unknown","#tiny-snow-cone-tiny-snowcone","/Volumes/FACUNDO/Rockwall fireworks/MLTX6DPJDFYX7_catalog-2026-08-16-1724.csv","909","912","912","/Volumes/FACUNDO/Rockwall fireworks/rockwall fireworks items.xlsx","Items","910","2","1","probable","","products.json[114] Snow Cone / Winda / /products/snow-cone.png","Name identifies a candidate only; manufacturer and exact presentation have not been established."
"YX45DS6EV25H3VDDCVAYS7BG","847294012933","","Tomahawk","Tomahawk","Whitespace cleaned; uncertain abbreviations retained","Unknown","Fountains","Unknown","Regular","Unknown","Unknown","#tomahawk-regular","/Volumes/FACUNDO/Rockwall fireworks/MLTX6DPJDFYX7_catalog-2026-08-16-1724.csv","910","913","913","/Volumes/FACUNDO/Rockwall fireworks/rockwall fireworks items.xlsx","Items","911","1","1","no_match","","Unknown","No sufficiently specific candidate identified in the two Dynamite catalog files."
"MPDVJ42G6H7A2ORWCX3DJGXI","8052530152218","","Tomahawk Missile","Tomahawk Missile","Whitespace cleaned; uncertain abbreviations retained","Unknown","Unknown","Unknown","Regular","Unknown","Unknown","#tomahawk-missile-regular","/Volumes/FACUNDO/Rockwall fireworks/MLTX6DPJDFYX7_catalog-2026-08-16-1724.csv","911","914","914","/Volumes/FACUNDO/Rockwall fireworks/rockwall fireworks items.xlsx","Items","912","1","1","no_match","","Unknown","No sufficiently specific candidate identified in the two Dynamite catalog files."
"QIAYT2L3TWLWGTLX3UO4IESI","162109350254","","Tommy Gun","Tommy Gun","Whitespace cleaned; uncertain abbreviations retained","Unknown","500 GRAM FINALE > 500 GRAM FINALE ZIPPER CAKES","Unknown","Regular","Unknown","Unknown","#tommy-gun-regular","/Volumes/FACUNDO/Rockwall fireworks/MLTX6DPJDFYX7_catalog-2026-08-16-1724.csv","912","915","915","/Volumes/FACUNDO/Rockwall fireworks/rockwall fireworks items.xlsx","Items","913","1","1","no_match","","Unknown","No sufficiently specific candidate identified in the two Dynamite catalog files."
"RINS3N3B7E4VFFP6N7JHNLEC","652009003454","","Torpedo","Torpedo","Whitespace cleaned; uncertain abbreviations retained","Unknown","Unknown","Unknown","Regular","Unknown","Unknown","#torpedo-regular","/Volumes/FACUNDO/Rockwall fireworks/MLTX6DPJDFYX7_catalog-2026-08-16-1724.csv","913","916","916","/Volumes/FACUNDO/Rockwall fireworks/rockwall fireworks items.xlsx","Items","914","1","1","no_match","","Unknown","No sufficiently specific candidate identified in the two Dynamite catalog files."
"T66IVCSZQXKG2EZT7K2CJZ6N","757205301363","","Tower of Power 500 Gram","Tower of Power 500 Gram","Whitespace cleaned; uncertain abbreviations retained","Unknown","500 GRAM FINALE","Unknown","Regular","Unknown","500 Gram","#tower-of-power-500-gram-regular","/Volumes/FACUNDO/Rockwall fireworks/MLTX6DPJDFYX7_catalog-2026-08-16-1724.csv","914","917","917","/Volumes/FACUNDO/Rockwall fireworks/rockwall fireworks items.xlsx","Items","915","1","1","no_match","","Unknown","No sufficiently specific candidate identified in the two Dynamite catalog files."
"KU3SZ23DSJ3QKFYFOMKZHW5D","757202300017","","Toy Box Backpack Children","Toy Box Backpack Children","Whitespace cleaned; uncertain abbreviations retained","Unknown","Family Pack Assortments","Unknown","Regular","Unknown","Unknown","#toy-box-backpack-children-regular","/Volumes/FACUNDO/Rockwall fireworks/MLTX6DPJDFYX7_catalog-2026-08-16-1724.csv","915","918","918","/Volumes/FACUNDO/Rockwall fireworks/rockwall fireworks items.xlsx","Items","916","1","1","no_match","","Unknown","No sufficiently specific candidate identified in the two Dynamite catalog files."
"CLBWCGZC6RNAPWOITX5MVHAY","514677102030","","Tres Amigos","Tres Amigos","Whitespace cleaned; uncertain abbreviations retained","Unknown","Fountains","Unknown","Regular","Unknown","Unknown","#tres-amigos-regular","/Volumes/FACUNDO/Rockwall fireworks/MLTX6DPJDFYX7_catalog-2026-08-16-1724.csv","916","919","919","/Volumes/FACUNDO/Rockwall fireworks/rockwall fireworks items.xlsx","Items","917","1","1","no_match","","Unknown","No sufficiently specific candidate identified in the two Dynamite catalog files."
"MJS4BWTE4RD3SNVJXSBWD7DT","814527304615","","Truck Load Of Fun","Truck Load Of Fun","Whitespace cleaned; uncertain abbreviations retained","Unknown","Unknown","Unknown","Regular","Unknown","Unknown","#truck-load-of-fun-regular","/Volumes/FACUNDO/Rockwall fireworks/MLTX6DPJDFYX7_catalog-2026-08-16-1724.csv","917","920","920","/Volumes/FACUNDO/Rockwall fireworks/rockwall fireworks items.xlsx","Items","918","1","1","no_match","","Unknown","No sufficiently specific candidate identified in the two Dynamite catalog files."
"X2YSWQNHGH422VSAGSM4MDBW","","800882025388","Truckload Of Fire","Truckload Of Fire","Whitespace cleaned; uncertain abbreviations retained","Unknown","Unknown","Unknown","Regular","Unknown","Unknown","#truckload-of-fire-regular","/Volumes/FACUNDO/Rockwall fireworks/MLTX6DPJDFYX7_catalog-2026-08-16-1724.csv","918","921","921","/Volumes/FACUNDO/Rockwall fireworks/rockwall fireworks items.xlsx","Items","919","5","0","no_match","","Unknown","No sufficiently specific candidate identified in the two Dynamite catalog files."
"IAUSC7I3MXQSAY2SVUYHJUKJ","","800882025456","Truckload Of Fire","Truckload Of Fire","Whitespace cleaned; uncertain abbreviations retained","Unknown","Unknown","Unknown","Wings of the Brave","Wings of the Brave","Unknown","#truckload-of-fire-wings-of-the-brave","/Volumes/FACUNDO/Rockwall fireworks/MLTX6DPJDFYX7_catalog-2026-08-16-1724.csv","919","922","922","/Volumes/FACUNDO/Rockwall fireworks/rockwall fireworks items.xlsx","Items","920","5","0","no_match","","Unknown","No sufficiently specific candidate identified in the two Dynamite catalog files."
"FVQC5I6R3FX2UEIOOYM6DT7Z","","800882025623","Truckload Of Fire","Truckload Of Fire","Whitespace cleaned; uncertain abbreviations retained","Unknown","Unknown","Unknown","Shield of Liberty","Shield of Liberty","Unknown","#truckload-of-fire-shield-of-liberty","/Volumes/FACUNDO/Rockwall fireworks/MLTX6DPJDFYX7_catalog-2026-08-16-1724.csv","920","923","923","/Volumes/FACUNDO/Rockwall fireworks/rockwall fireworks items.xlsx","Items","921","5","0","no_match","","Unknown","No sufficiently specific candidate identified in the two Dynamite catalog files."
"WDFIOXLCDTEONEOMV4TJMAGP","","805253438910","Truckload Of Fire","Truckload Of Fire","Whitespace cleaned; uncertain abbreviations retained","Unknown","Unknown","Unknown","Monumental Legacy","Monumental Legacy","Unknown","#truckload-of-fire-monumental-legacy","/Volumes/FACUNDO/Rockwall fireworks/MLTX6DPJDFYX7_catalog-2026-08-16-1724.csv","921","924","924","/Volumes/FACUNDO/Rockwall fireworks/rockwall fireworks items.xlsx","Items","922","5","0","no_match","","Unknown","No sufficiently specific candidate identified in the two Dynamite catalog files."
"DMIG3XTQAWN4E7WPYKPDNIUO","","805253438712","Truckload Of Fire","Truckload Of Fire","Whitespace cleaned; uncertain abbreviations retained","Unknown","Unknown","Unknown","Aviation Nation","Aviation Nation","Unknown","#truckload-of-fire-aviation-nation","/Volumes/FACUNDO/Rockwall fireworks/MLTX6DPJDFYX7_catalog-2026-08-16-1724.csv","922","925","925","/Volumes/FACUNDO/Rockwall fireworks/rockwall fireworks items.xlsx","Items","923","5","0","no_match","","Unknown","No sufficiently specific candidate identified in the two Dynamite catalog files."
"3IAUJECOLHLP4HEFULWNV7MZ","681402052677","","Turbo roman candle","Turbo roman candle","Whitespace cleaned; uncertain abbreviations retained","Unknown","Roman Candles","Unknown","Regular","Unknown","Unknown","#turbo-roman-candle-regular","/Volumes/FACUNDO/Rockwall fireworks/MLTX6DPJDFYX7_catalog-2026-08-16-1724.csv","923","926","926","/Volumes/FACUNDO/Rockwall fireworks/rockwall fireworks items.xlsx","Items","924","1","1","no_match","","Unknown","No sufficiently specific candidate identified in the two Dynamite catalog files."
"4XNAMHJPDAR3ZZXVWJRVFCN7","687985909049","","Turf War","Turf War","Whitespace cleaned; uncertain abbreviations retained","Unknown","Unknown","Unknown","Regular","Unknown","Unknown","#turf-war-regular","/Volumes/FACUNDO/Rockwall fireworks/MLTX6DPJDFYX7_catalog-2026-08-16-1724.csv","924","927","927","/Volumes/FACUNDO/Rockwall fireworks/rockwall fireworks items.xlsx","Items","925","1","1","no_match","","Unknown","No sufficiently specific candidate identified in the two Dynamite catalog files."
"HFIHZKMFPSJ5AVHXN4OIW6JV","7950165416488","","Turtle 2 Pack","Turtle 2 Pack","Whitespace cleaned; uncertain abbreviations retained","Unknown","Unknown","Unknown","Regular","Unknown","2 Pack","#turtle-2-pack-regular","/Volumes/FACUNDO/Rockwall fireworks/MLTX6DPJDFYX7_catalog-2026-08-16-1724.csv","925","928","928","/Volumes/FACUNDO/Rockwall fireworks/rockwall fireworks items.xlsx","Items","926","1","1","no_match","","Unknown","No sufficiently specific candidate identified in the two Dynamite catalog files."
"4CDHEXAIGFVHBCKYZPZPMEUW","8145270182413","","Two Color Spaceship Bogo","Two Color Spaceship","Whitespace cleaned; historical BOGO marker removed from display name only","Unknown","Unknown","Unknown","Regular","Unknown","Unknown","#two-color-spaceship-bogo-regular","/Volumes/FACUNDO/Rockwall fireworks/MLTX6DPJDFYX7_catalog-2026-08-16-1724.csv","926","929","929","/Volumes/FACUNDO/Rockwall fireworks/rockwall fireworks items.xlsx","Items","927","1","1","no_match","","Unknown","No sufficiently specific candidate identified in the two Dynamite catalog files."
"VHMJNYOIR3QENJLJWRTRR3KI","064883100165","","USA Arsenal 36 Shells","USA Arsenal 36 Shells","Whitespace cleaned; uncertain abbreviations retained","Unknown","Unknown","Unknown","Regular","Unknown","36 Shells","#usa-arsenal-36-shells-regular","/Volumes/FACUNDO/Rockwall fireworks/MLTX6DPJDFYX7_catalog-2026-08-16-1724.csv","927","930","930","/Volumes/FACUNDO/Rockwall fireworks/rockwall fireworks items.xlsx","Items","928","1","1","no_match","","Unknown","No sufficiently specific candidate identified in the two Dynamite catalog files."
"FUX3VOQTQWK6EUEVVU74CCYG","8052532451418","","USA Family Pack Assortment","USA Family Pack Assortment","Whitespace cleaned; uncertain abbreviations retained","Unknown","Family Pack Assortments","Unknown","Regular","Unknown","Unknown","#usa-family-pack-assortment-regular","/Volumes/FACUNDO/Rockwall fireworks/MLTX6DPJDFYX7_catalog-2026-08-16-1724.csv","928","931","933","/Volumes/FACUNDO/Rockwall fireworks/rockwall fireworks items.xlsx","Items","929","1","1","no_match","","Unknown","No sufficiently specific candidate identified in the two Dynamite catalog files."
"E7IZVD5NDQ6BARD5OAHLMR2S","","","USA Large Assortment","USA Large Assortment","Whitespace cleaned; uncertain abbreviations retained","Unknown","Unknown","Unknown","Regular","Unknown","Unknown","#usa-large-assortment-regular","/Volumes/FACUNDO/Rockwall fireworks/MLTX6DPJDFYX7_catalog-2026-08-16-1724.csv","929","934","934","/Volumes/FACUNDO/Rockwall fireworks/rockwall fireworks items.xlsx","Items","930","1","0","no_match","","Unknown","No sufficiently specific candidate identified in the two Dynamite catalog files."
"OT6A2P62332JPPNLKF4FO6JT","","805253439610","USA Saturn Missile","USA Saturn Missile","Whitespace cleaned; uncertain abbreviations retained","Unknown","Unknown","Unknown","250 Strong USA Saturn Missile","250 Strong USA Saturn Missile","Unknown","#usa-saturn-missile-250-strong-usa-saturn-missile","/Volumes/FACUNDO/Rockwall fireworks/MLTX6DPJDFYX7_catalog-2026-08-16-1724.csv","930","935","935","/Volumes/FACUNDO/Rockwall fireworks/rockwall fireworks items.xlsx","Items","931","2","0","probable","","products.json[74] USA Saturn Missile Battery / Brothers / products/usa-saturn-missile-battery.png","Name identifies a candidate only; manufacturer and exact presentation have not been established."
"DKHRWMFALVXVHW7T3N6RJ6TF","687985232413","","USA Saturn Missile","USA Saturn Missile","Whitespace cleaned; uncertain abbreviations retained","Unknown","Unknown","Unknown","Regular","Unknown","Unknown","#usa-saturn-missile-regular","/Volumes/FACUNDO/Rockwall fireworks/MLTX6DPJDFYX7_catalog-2026-08-16-1724.csv","931","936","936","/Volumes/FACUNDO/Rockwall fireworks/rockwall fireworks items.xlsx","Items","932","2","1","probable","","products.json[74] USA Saturn Missile Battery / Brothers / products/usa-saturn-missile-battery.png","Name identifies a candidate only; manufacturer and exact presentation have not been established."
"W4LGRYU54PUUUSUHQXD7Y73Y","","805253433014","Ultimate America","Ultimate America","Whitespace cleaned; uncertain abbreviations retained","Unknown","Artillery Packs MultiShell MultiBreaks","Unknown","Regular","Unknown","Unknown","#ultimate-america-regular","/Volumes/FACUNDO/Rockwall fireworks/MLTX6DPJDFYX7_catalog-2026-08-16-1724.csv","932","937","937","/Volumes/FACUNDO/Rockwall fireworks/rockwall fireworks items.xlsx","Items","933","1","0","no_match","","Unknown","No sufficiently specific candidate identified in the two Dynamite catalog files."
"SIA2GNQKKWKEMU3PTSRTX5WT","002013220475","","Uncle Sam 500 Gram","Uncle Sam 500 Gram","Whitespace cleaned; uncertain abbreviations retained","Unknown","500 GRAM FINALE","Unknown","Regular","Unknown","500 Gram","#uncle-sam-500-gram-regular","/Volumes/FACUNDO/Rockwall fireworks/MLTX6DPJDFYX7_catalog-2026-08-16-1724.csv","933","938","938","/Volumes/FACUNDO/Rockwall fireworks/rockwall fireworks items.xlsx","Items","934","1","1","no_match","","Unknown","No sufficiently specific candidate identified in the two Dynamite catalog files."
"BJRI3SFNDFVOQR6YLSYVEQ4X","514677002163","","Unicorn","Unicorn","Whitespace cleaned; uncertain abbreviations retained","Unknown","Unknown","Unknown","Regular","Unknown","Unknown","#unicorn-regular","/Volumes/FACUNDO/Rockwall fireworks/MLTX6DPJDFYX7_catalog-2026-08-16-1724.csv","934","939","939","/Volumes/FACUNDO/Rockwall fireworks/rockwall fireworks items.xlsx","Items","935","1","1","no_match","","Unknown","No sufficiently specific candidate identified in the two Dynamite catalog files."
"DXLAVO75BIV7EE5NVWMNZOG7","680149048431","","Unicorn Chaser_BOGO","Unicorn Chaser_BOGO","Whitespace cleaned; uncertain abbreviations retained","Unknown","Unknown","Unknown","Regular","Unknown","Unknown","#unicorn-chaser_bogo-regular","/Volumes/FACUNDO/Rockwall fireworks/MLTX6DPJDFYX7_catalog-2026-08-16-1724.csv","935","940","940","/Volumes/FACUNDO/Rockwall fireworks/rockwall fireworks items.xlsx","Items","936","1","1","no_match","","Unknown","No sufficiently specific candidate identified in the two Dynamite catalog files."
"57HEQD66AGXS3E567TGEGWYE","","805253437517","United States of Awesome","United States of Awesome","Whitespace cleaned; uncertain abbreviations retained","Unknown","Unknown","Unknown","Regular","Unknown","Unknown","#united-states-of-awesome-regular","/Volumes/FACUNDO/Rockwall fireworks/MLTX6DPJDFYX7_catalog-2026-08-16-1724.csv","936","941","941","/Volumes/FACUNDO/Rockwall fireworks/rockwall fireworks items.xlsx","Items","937","1","0","no_match","","Unknown","No sufficiently specific candidate identified in the two Dynamite catalog files."
"LLYFGENB2BOJMKH4BIIMI7O7","8052530142714","","United We Stand Assortment","United We Stand Assortment","Whitespace cleaned; uncertain abbreviations retained","Unknown","Unknown","Unknown","Regular","Unknown","Unknown","#united-we-stand-assortment-regular","/Volumes/FACUNDO/Rockwall fireworks/MLTX6DPJDFYX7_catalog-2026-08-16-1724.csv","937","942","942","/Volumes/FACUNDO/Rockwall fireworks/rockwall fireworks items.xlsx","Items","938","1","1","no_match","","Unknown","No sufficiently specific candidate identified in the two Dynamite catalog files."
"NV3W6SDTABEI2B7SXTY7OK5C","705108554607","","Us 66 500G","US 66","Reviewed commercial name; specifications retained separately","Winda","Unknown","Cakes","Regular","500 gram","500G","#us-66-500g-regular","/Volumes/FACUNDO/Rockwall fireworks/MLTX6DPJDFYX7_catalog-2026-08-16-1724.csv","938","943","943","/Volumes/FACUNDO/Rockwall fireworks/rockwall fireworks items.xlsx","Items","939","1","1","confirmed","us-66","products.json[175] US 66 / Winda / /products/us-66.png","Name and 500-gram classification agree between Square and photographed Winda cake; 66 is retained as part of the name."
"6QWKN4NYSMH5FE4SPP4TXZEZ","687985908431","","Vega","Vega","Whitespace cleaned; uncertain abbreviations retained","Unknown","Unknown","Unknown","Regular","Unknown","Unknown","#vega-regular","/Volumes/FACUNDO/Rockwall fireworks/MLTX6DPJDFYX7_catalog-2026-08-16-1724.csv","939","944","944","/Volumes/FACUNDO/Rockwall fireworks/rockwall fireworks items.xlsx","Items","940","1","1","no_match","","Unknown","No sufficiently specific candidate identified in the two Dynamite catalog files."
"J4X2GNRP7XNRBVM5HXDI77OZ","687985913206","","Vendoworks","Vendoworks","Whitespace cleaned; uncertain abbreviations retained","Unknown","Unknown","Unknown","Regular","Unknown","Unknown","#vendoworks-regular","/Volumes/FACUNDO/Rockwall fireworks/MLTX6DPJDFYX7_catalog-2026-08-16-1724.csv","940","945","945","/Volumes/FACUNDO/Rockwall fireworks/rockwall fireworks items.xlsx","Items","941","1","1","no_match","","Unknown","No sufficiently specific candidate identified in the two Dynamite catalog files."
"AVJ2UNGCOROG46OCAJARWH27","705108700721","","Venomous Snakes","Venomous Snakes","Whitespace cleaned; uncertain abbreviations retained","Unknown","Unknown","Unknown","Regular","Unknown","Unknown","#venomous-snakes-regular","/Volumes/FACUNDO/Rockwall fireworks/MLTX6DPJDFYX7_catalog-2026-08-16-1724.csv","941","946","946","/Volumes/FACUNDO/Rockwall fireworks/rockwall fireworks items.xlsx","Items","942","1","1","no_match","","Unknown","No sufficiently specific candidate identified in the two Dynamite catalog files."
"53PY236TSO7UAIDCPQL23F4D","8145270145913","","Vertical Limit 200 Gram 16 Shot","Vertical Limit 200 Gram 16 Shot","Whitespace cleaned; uncertain abbreviations retained","Unknown","Unknown","Unknown","Regular","Unknown","200 Gram | 16 Shot","#vertical-limit-200-gram-16-shot-regular","/Volumes/FACUNDO/Rockwall fireworks/MLTX6DPJDFYX7_catalog-2026-08-16-1724.csv","942","947","947","/Volumes/FACUNDO/Rockwall fireworks/rockwall fireworks items.xlsx","Items","943","1","1","no_match","","Unknown","No sufficiently specific candidate identified in the two Dynamite catalog files."
"MPLY3UZKTRRPDCZXXFXRR433","131611802209","","Victory Sword","Victory Sword","Whitespace cleaned; uncertain abbreviations retained","Unknown","Unknown","Unknown","Regular","Unknown","Unknown","#victory-sword-regular","/Volumes/FACUNDO/Rockwall fireworks/MLTX6DPJDFYX7_catalog-2026-08-16-1724.csv","943","948","948","/Volumes/FACUNDO/Rockwall fireworks/rockwall fireworks items.xlsx","Items","944","1","1","no_match","","Unknown","No sufficiently specific candidate identified in the two Dynamite catalog files."
"2GOV47XBIMZCDNOV72OJDVYL","","805253432918","Victory Vault","Victory Vault","Whitespace cleaned; uncertain abbreviations retained","Unknown","Artillery Packs MultiShell MultiBreaks","Unknown","Regular","Unknown","Unknown","#victory-vault-regular","/Volumes/FACUNDO/Rockwall fireworks/MLTX6DPJDFYX7_catalog-2026-08-16-1724.csv","944","949","949","/Volumes/FACUNDO/Rockwall fireworks/rockwall fireworks items.xlsx","Items","945","1","0","no_match","","Unknown","No sufficiently specific candidate identified in the two Dynamite catalog files."
"QA7RJWR5IABYRYQ4RJTZCVD7","8145270113820","","Violet And Crimson Fountain 6pc","Violet And Crimson Fountain 6pc","Whitespace cleaned; uncertain abbreviations retained","Unknown","Fountains","Unknown","Regular","Unknown","6pc","#violet-and-crimson-fountain-6pc-regular","/Volumes/FACUNDO/Rockwall fireworks/MLTX6DPJDFYX7_catalog-2026-08-16-1724.csv","945","950","950","/Volumes/FACUNDO/Rockwall fireworks/rockwall fireworks items.xlsx","Items","946","1","1","no_match","","Unknown","No sufficiently specific candidate identified in the two Dynamite catalog files."
"AM2ZXLJ7TEDJQGPX2YZBW72P","757201225045","","Viper Strike","Viper Strike","Whitespace cleaned; uncertain abbreviations retained","Unknown","Unknown","Unknown","Regular","Unknown","Unknown","#viper-strike-regular","/Volumes/FACUNDO/Rockwall fireworks/MLTX6DPJDFYX7_catalog-2026-08-16-1724.csv","946","951","951","/Volumes/FACUNDO/Rockwall fireworks/rockwall fireworks items.xlsx","Items","947","1","1","no_match","","Unknown","No sufficiently specific candidate identified in the two Dynamite catalog files."
"GRLCY6BUJIQP24563LEUEXK4","800000323105","","Viva Mexico 500 Gram","Viva Mexico 500 Gram","Whitespace cleaned; uncertain abbreviations retained","Unknown","500 GRAM FINALE","Unknown","Regular","Unknown","500 Gram","#viva-mexico-500-gram-regular","/Volumes/FACUNDO/Rockwall fireworks/MLTX6DPJDFYX7_catalog-2026-08-16-1724.csv","947","952","952","/Volumes/FACUNDO/Rockwall fireworks/rockwall fireworks items.xlsx","Items","948","1","1","no_match","","Unknown","No sufficiently specific candidate identified in the two Dynamite catalog files."
"XTL5TLDJI3LTZYGCDMI4ODSC","687985250110","","Wacky Tobocey","Wacky Tobocey","Whitespace cleaned; uncertain abbreviations retained","Unknown","Unknown","Unknown","Regular","Unknown","Unknown","#wacky-tobocey-regular","/Volumes/FACUNDO/Rockwall fireworks/MLTX6DPJDFYX7_catalog-2026-08-16-1724.csv","948","953","953","/Volumes/FACUNDO/Rockwall fireworks/rockwall fireworks items.xlsx","Items","949","1","1","no_match","","Unknown","No sufficiently specific candidate identified in the two Dynamite catalog files."
"Z5AQ5L7DNIGG2FSAUAZOSQQ5","715244063178","","Walking Dead 19 Shots","Walking Dead 19 Shots","Whitespace cleaned; uncertain abbreviations retained","Unknown","Unknown","Unknown","Regular","Unknown","19 Shots","#walking-dead-19-shots-regular","/Volumes/FACUNDO/Rockwall fireworks/MLTX6DPJDFYX7_catalog-2026-08-16-1724.csv","949","954","954","/Volumes/FACUNDO/Rockwall fireworks/rockwall fireworks items.xlsx","Items","950","1","1","no_match","","Unknown","No sufficiently specific candidate identified in the two Dynamite catalog files."
"KS5452C734MZW35G2BTO3ZX4","887946005616","","Wall of Flame","Wall of Flame","Whitespace cleaned; uncertain abbreviations retained","Unknown","500 GRAM FINALE > 500 GRAM FINALE ZIPPER CAKES","Unknown","Regular","Unknown","Unknown","#wall-of-flame-regular","/Volumes/FACUNDO/Rockwall fireworks/MLTX6DPJDFYX7_catalog-2026-08-16-1724.csv","950","955","955","/Volumes/FACUNDO/Rockwall fireworks/rockwall fireworks items.xlsx","Items","951","1","1","no_match","","Unknown","No sufficiently specific candidate identified in the two Dynamite catalog files."
"YIKPT4VA36G77JLEBR336HWV","687985985111","","War Hero 500 Gram","War Hero 500 Gram","Whitespace cleaned; uncertain abbreviations retained","Unknown","500 GRAM FINALE","Unknown","Regular","Unknown","500 Gram","#war-hero-500-gram-regular","/Volumes/FACUNDO/Rockwall fireworks/MLTX6DPJDFYX7_catalog-2026-08-16-1724.csv","951","956","956","/Volumes/FACUNDO/Rockwall fireworks/rockwall fireworks items.xlsx","Items","952","1","1","no_match","","Unknown","No sufficiently specific candidate identified in the two Dynamite catalog files."
"6NQCWDXZ7TGFXFDOUC2FN5T7","887946061414","","War Machine","War Machine","Whitespace cleaned; uncertain abbreviations retained","Unknown","Unknown","Unknown","Regular","Unknown","Unknown","#war-machine-regular","/Volumes/FACUNDO/Rockwall fireworks/MLTX6DPJDFYX7_catalog-2026-08-16-1724.csv","952","957","957","/Volumes/FACUNDO/Rockwall fireworks/rockwall fireworks items.xlsx","Items","953","1","1","no_match","","Unknown","No sufficiently specific candidate identified in the two Dynamite catalog files."
"VNEIHGVRRDBQAJWZMKFV4C3O","652009906533","","War Machine 156 shots","War Machine 156 shots","Whitespace cleaned; uncertain abbreviations retained","Unknown","500 GRAM FINALE > 500 GRAM FINALE ZIPPER CAKES","Unknown","Regular","Unknown","156 shots","#war-machine-156-shots-regular","/Volumes/FACUNDO/Rockwall fireworks/MLTX6DPJDFYX7_catalog-2026-08-16-1724.csv","953","958","958","/Volumes/FACUNDO/Rockwall fireworks/rockwall fireworks items.xlsx","Items","954","1","1","no_match","","Unknown","No sufficiently specific candidate identified in the two Dynamite catalog files."
"IS2XWCPIZV7WPJ7BQP3BAPSP","814527200535","","Warning Avalanche Ahead 500 Gram 26 Shot","Warning Avalanche Ahead 500 Gram 26 Shot","Whitespace cleaned; uncertain abbreviations retained","Unknown","Unknown","Unknown","Regular","Unknown","500 Gram | 26 Shot","#warning-avalanche-ahead-500-gram-26-shot-regular","/Volumes/FACUNDO/Rockwall fireworks/MLTX6DPJDFYX7_catalog-2026-08-16-1724.csv","954","959","959","/Volumes/FACUNDO/Rockwall fireworks/rockwall fireworks items.xlsx","Items","955","1","1","probable","","products.json[151] Avalanche / Winda / /products/avalanche.png","Name identifies a candidate only; manufacturer and exact presentation have not been established."
"CNG6PFTZORZT3VTBUEOOCIHE","","6950165436012","Washinton's Wrath","Washinton's Wrath","Whitespace cleaned; uncertain abbreviations retained","Unknown","Unknown","Unknown","Freedom's Firestorm","Freedom's Firestorm","Unknown","#washinton-s-wrath-freedom-s-firestorm","/Volumes/FACUNDO/Rockwall fireworks/MLTX6DPJDFYX7_catalog-2026-08-16-1724.csv","955","960","960","/Volumes/FACUNDO/Rockwall fireworks/rockwall fireworks items.xlsx","Items","956","2","0","no_match","","Unknown","No sufficiently specific candidate identified in the two Dynamite catalog files."
"6UJAXAORFVM7FYGGLZ67623O","","6950165436128","Washinton's Wrath","Washinton's Wrath","Whitespace cleaned; uncertain abbreviations retained","Unknown","Unknown","Unknown","Regular","Unknown","Unknown","#washinton-s-wrath-regular","/Volumes/FACUNDO/Rockwall fireworks/MLTX6DPJDFYX7_catalog-2026-08-16-1724.csv","956","961","961","/Volumes/FACUNDO/Rockwall fireworks/rockwall fireworks items.xlsx","Items","957","2","0","no_match","","Unknown","No sufficiently specific candidate identified in the two Dynamite catalog files."
"TMUMFZK4FJCUWETKB2JNYRTR","814527311712","","Watching You Fountain","Watching You Fountain","Whitespace cleaned; uncertain abbreviations retained","Unknown","Fountains","Unknown","Regular","Unknown","Unknown","#watching-you-fountain-regular","/Volumes/FACUNDO/Rockwall fireworks/MLTX6DPJDFYX7_catalog-2026-08-16-1724.csv","957","962","962","/Volumes/FACUNDO/Rockwall fireworks/rockwall fireworks items.xlsx","Items","958","1","1","no_match","","Unknown","No sufficiently specific candidate identified in the two Dynamite catalog files."
"Y67YAJM4MTK2Q3WK6TKIAQSU","705108915040","","Watermelon  Ninja","Watermelon Ninja","Whitespace cleaned; uncertain abbreviations retained","Unknown","Fountains","Unknown","Regular","Unknown","Unknown","#watermelon-ninja-regular","/Volumes/FACUNDO/Rockwall fireworks/MLTX6DPJDFYX7_catalog-2026-08-16-1724.csv","958","963","963","/Volumes/FACUNDO/Rockwall fireworks/rockwall fireworks items.xlsx","Items","959","1","1","no_match","","Unknown","No sufficiently specific candidate identified in the two Dynamite catalog files."
"C44OQMPI7CLCZ5UOQBGPOVY5","","805253438613","We the People","We the People","Whitespace cleaned; uncertain abbreviations retained","Unknown","Unknown","Unknown","Regular","Unknown","Unknown","#we-the-people-regular","/Volumes/FACUNDO/Rockwall fireworks/MLTX6DPJDFYX7_catalog-2026-08-16-1724.csv","959","964","964","/Volumes/FACUNDO/Rockwall fireworks/rockwall fireworks items.xlsx","Items","960","1","0","no_match","","Unknown","No sufficiently specific candidate identified in the two Dynamite catalog files."
"52R2ZXKH7VN6XE22HGIYOY7H","","805253437616","We the People Love Fireworks","We the People Love Fireworks","Whitespace cleaned; uncertain abbreviations retained","Unknown","Unknown","Unknown","Regular","Unknown","Unknown","#we-the-people-love-fireworks-regular","/Volumes/FACUNDO/Rockwall fireworks/MLTX6DPJDFYX7_catalog-2026-08-16-1724.csv","960","965","965","/Volumes/FACUNDO/Rockwall fireworks/rockwall fireworks items.xlsx","Items","961","1","0","no_match","","Unknown","No sufficiently specific candidate identified in the two Dynamite catalog files."
"QSQAXZFLM7YY3WE3XR322PCO","8145270155318","","Weapon Of Choice 36 Shot","Weapon Of Choice 36 Shot","Whitespace cleaned; uncertain abbreviations retained","Unknown","Unknown","Unknown","Regular","Unknown","36 Shot","#weapon-of-choice-36-shot-regular","/Volumes/FACUNDO/Rockwall fireworks/MLTX6DPJDFYX7_catalog-2026-08-16-1724.csv","961","966","966","/Volumes/FACUNDO/Rockwall fireworks/rockwall fireworks items.xlsx","Items","962","1","1","no_match","","Unknown","No sufficiently specific candidate identified in the two Dynamite catalog files."
"BNKKQGDEVA5V7GNWV6M7MMU4","887946061681","","Wedding Sparklers No 14 Gold Sparklers 14 Inch 6 Pcs","Wedding Sparklers No 14 Gold Sparklers 14 Inch 6 Pcs","Whitespace cleaned; uncertain abbreviations retained","Unknown","Unknown","Unknown","Regular","Unknown","14 Inch | 6 Pcs","#wedding-sparklers-no-14-gold-sparklers-14-inch-6-pcs-regular","/Volumes/FACUNDO/Rockwall fireworks/MLTX6DPJDFYX7_catalog-2026-08-16-1724.csv","962","967","967","/Volumes/FACUNDO/Rockwall fireworks/rockwall fireworks items.xlsx","Items","963","1","1","no_match","","Unknown","No sufficiently specific candidate identified in the two Dynamite catalog files."
"XIJVJE2L4HZMIGUUW74YVCDN","680149045133","","Wedding Sparklers-#20 Gold 20 Inch 8 Pcs","Wedding Sparklers-#20 Gold 20 Inch 8 Pcs","Whitespace cleaned; uncertain abbreviations retained","Unknown","Unknown","Unknown","Regular","Unknown","20 Inch | 8 Pcs","#wedding-sparklers-20-gold-20-inch-8-pcs-regular","/Volumes/FACUNDO/Rockwall fireworks/MLTX6DPJDFYX7_catalog-2026-08-16-1724.csv","963","968","968","/Volumes/FACUNDO/Rockwall fireworks/rockwall fireworks items.xlsx","Items","964","1","1","no_match","","Unknown","No sufficiently specific candidate identified in the two Dynamite catalog files."
"ZYLKLF2LIQFBMRPYETQMEHPO","211325210436","","Welcome To America","Welcome To America","Whitespace cleaned; uncertain abbreviations retained","Unknown","Fountains","Unknown","Regular","Unknown","Unknown","#welcome-to-america-regular","/Volumes/FACUNDO/Rockwall fireworks/MLTX6DPJDFYX7_catalog-2026-08-16-1724.csv","964","969","969","/Volumes/FACUNDO/Rockwall fireworks/rockwall fireworks items.xlsx","Items","965","1","1","no_match","","Unknown","No sufficiently specific candidate identified in the two Dynamite catalog files."
"4TIP4COGELAUIDAJ6MST3CFQ","757201536110","","What A Blast","What A Blast","Whitespace cleaned; uncertain abbreviations retained","Unknown","Unknown","Unknown","Regular","Unknown","Unknown","#what-a-blast-regular","/Volumes/FACUNDO/Rockwall fireworks/MLTX6DPJDFYX7_catalog-2026-08-16-1724.csv","965","970","970","/Volumes/FACUNDO/Rockwall fireworks/rockwall fireworks items.xlsx","Items","966","1","1","no_match","","Unknown","No sufficiently specific candidate identified in the two Dynamite catalog files."
"MM3BLPBIRXKHJ5V4YE4XWPAQ","8052530044216","","What Boys Are Made Of","What Boys Are Made Of","Whitespace cleaned; uncertain abbreviations retained","Unknown","Unknown","Unknown","Regular","Unknown","Unknown","#what-boys-are-made-of-regular","/Volumes/FACUNDO/Rockwall fireworks/MLTX6DPJDFYX7_catalog-2026-08-16-1724.csv","966","971","971","/Volumes/FACUNDO/Rockwall fireworks/rockwall fireworks items.xlsx","Items","967","1","1","no_match","","Unknown","No sufficiently specific candidate identified in the two Dynamite catalog files."
"FLN6Q2HNLPI5J536VFRX5FV3","674662504420","","What's That 500 Gram","What's That 500 Gram","Whitespace cleaned; uncertain abbreviations retained","Unknown","500 GRAM FINALE","Unknown","Regular","Unknown","500 Gram","#what-s-that-500-gram-regular","/Volumes/FACUNDO/Rockwall fireworks/MLTX6DPJDFYX7_catalog-2026-08-16-1724.csv","967","972","972","/Volumes/FACUNDO/Rockwall fireworks/rockwall fireworks items.xlsx","Items","968","1","1","no_match","","Unknown","No sufficiently specific candidate identified in the two Dynamite catalog files."
"6DOXRDGFLEMBC4IEFOHUXQ33","","705108803965","Whiskey Business","Whiskey Business","Whitespace cleaned; uncertain abbreviations retained","Unknown","Unknown","Unknown","Regular","Unknown","Unknown","#whiskey-business-regular","/Volumes/FACUNDO/Rockwall fireworks/MLTX6DPJDFYX7_catalog-2026-08-16-1724.csv","968","973","973","/Volumes/FACUNDO/Rockwall fireworks/rockwall fireworks items.xlsx","Items","969","1","0","no_match","","Unknown","No sufficiently specific candidate identified in the two Dynamite catalog files."
"42AKSK3AMAWJSVSRY2QX2L4D","200300105164","","Whistling Buster","Whistling Buster","Whitespace cleaned; uncertain abbreviations retained","Unknown","Unknown","Unknown","Regular","Unknown","Unknown","#whistling-buster-regular","/Volumes/FACUNDO/Rockwall fireworks/MLTX6DPJDFYX7_catalog-2026-08-16-1724.csv","969","974","974","/Volumes/FACUNDO/Rockwall fireworks/rockwall fireworks items.xlsx","Items","970","1","1","no_match","","Unknown","No sufficiently specific candidate identified in the two Dynamite catalog files."
"UGR7VX5AJCKWYKD5WLDPARD5","652009002549","","Whistling Chaser 8 Pk","Whistling Chaser 8 Pk","Whitespace cleaned; uncertain abbreviations retained","Unknown","Unknown","Unknown","Regular","Unknown","Unknown","#whistling-chaser-8-pk-regular","/Volumes/FACUNDO/Rockwall fireworks/MLTX6DPJDFYX7_catalog-2026-08-16-1724.csv","970","975","975","/Volumes/FACUNDO/Rockwall fireworks/rockwall fireworks items.xlsx","Items","971","1","1","no_match","","Unknown","No sufficiently specific candidate identified in the two Dynamite catalog files."
"I6JNE43GUTMPUOBCPM36M7QM","705108802760","","Who Runs The World 500g","Who Runs The World 500g","Whitespace cleaned; uncertain abbreviations retained","Unknown","Unknown","Unknown","Regular","Unknown","500g","#who-runs-the-world-500g-regular","/Volumes/FACUNDO/Rockwall fireworks/MLTX6DPJDFYX7_catalog-2026-08-16-1724.csv","971","976","976","/Volumes/FACUNDO/Rockwall fireworks/rockwall fireworks items.xlsx","Items","972","1","1","no_match","","Unknown","No sufficiently specific candidate identified in the two Dynamite catalog files."
"CV664TCU26NIUFZPF425DRAO","192537002890","","Wild Cat 5"" Artillery Shells 24 pack","Wild Cat 5"" Artillery Shells 24 pack","Whitespace cleaned; uncertain abbreviations retained","Unknown","24 Pack Canister Artillery Shells 5 INCH","Unknown","Regular","Unknown","5"" | 24 pack","#wild-cat-5-artillery-shells-24-pack-regular","/Volumes/FACUNDO/Rockwall fireworks/MLTX6DPJDFYX7_catalog-2026-08-16-1724.csv","972","977","977","/Volumes/FACUNDO/Rockwall fireworks/rockwall fireworks items.xlsx","Items","973","1","1","no_match","","Unknown","No sufficiently specific candidate identified in the two Dynamite catalog files."
"6SQ25JK3RYG5ECAM3GS2PQ3R","757201220026","","Wild Horses","Wild Horses","Whitespace cleaned; uncertain abbreviations retained","Unknown","Unknown","Unknown","Regular","Unknown","Unknown","#wild-horses-regular","/Volumes/FACUNDO/Rockwall fireworks/MLTX6DPJDFYX7_catalog-2026-08-16-1724.csv","973","978","978","/Volumes/FACUNDO/Rockwall fireworks/rockwall fireworks items.xlsx","Items","974","1","1","no_match","","Unknown","No sufficiently specific candidate identified in the two Dynamite catalog files."
"DZB6A5PJPGHXV3BGZRJYYKJ7","8572015003793","","Wild Hunt 500 G Pack","Wild Hunt 500 G Pack","Whitespace cleaned; uncertain abbreviations retained","Unknown","Unknown","Unknown","Regular","Unknown","500 G","#wild-hunt-500-g-pack-regular","/Volumes/FACUNDO/Rockwall fireworks/MLTX6DPJDFYX7_catalog-2026-08-16-1724.csv","974","979","979","/Volumes/FACUNDO/Rockwall fireworks/rockwall fireworks items.xlsx","Items","975","1","1","no_match","","Unknown","No sufficiently specific candidate identified in the two Dynamite catalog files."
"VDUDV2IJWJQDR3OXDDXGSYVX","687985292417","","Wild West","Wild West","Whitespace cleaned; uncertain abbreviations retained","Unknown","Unknown","Unknown","Regular","Unknown","Unknown","#wild-west-regular","/Volumes/FACUNDO/Rockwall fireworks/MLTX6DPJDFYX7_catalog-2026-08-16-1724.csv","975","980","980","/Volumes/FACUNDO/Rockwall fireworks/rockwall fireworks items.xlsx","Items","976","1","1","no_match","","Unknown","No sufficiently specific candidate identified in the two Dynamite catalog files."
"6HVANF2BUGX7XBWGM6KGJOJI","687985262410","","Wildcard","Wildcard","Whitespace cleaned; uncertain abbreviations retained","Unknown","Unknown","Unknown","Regular","Unknown","Unknown","#wildcard-regular","/Volumes/FACUNDO/Rockwall fireworks/MLTX6DPJDFYX7_catalog-2026-08-16-1724.csv","976","981","981","/Volumes/FACUNDO/Rockwall fireworks/rockwall fireworks items.xlsx","Items","977","1","1","no_match","","Unknown","No sufficiently specific candidate identified in the two Dynamite catalog files."
"RIOM3SESJXPNVNW246HUV6UY","757201536318","","Willow Explosion","Willow Explosion","Whitespace cleaned; uncertain abbreviations retained","Unknown","Unknown","Unknown","Regular","Unknown","Unknown","#willow-explosion-regular","/Volumes/FACUNDO/Rockwall fireworks/MLTX6DPJDFYX7_catalog-2026-08-16-1724.csv","977","982","982","/Volumes/FACUNDO/Rockwall fireworks/rockwall fireworks items.xlsx","Items","978","1","1","no_match","","Unknown","No sufficiently specific candidate identified in the two Dynamite catalog files."
"475TU4CYYUU2N4WBJOEXBVVC","757201536301","","Wine O' Clock","Wine O' Clock","Whitespace cleaned; uncertain abbreviations retained","Unknown","Unknown","Unknown","Regular","Unknown","Unknown","#wine-o-clock-regular","/Volumes/FACUNDO/Rockwall fireworks/MLTX6DPJDFYX7_catalog-2026-08-16-1724.csv","978","983","983","/Volumes/FACUNDO/Rockwall fireworks/rockwall fireworks items.xlsx","Items","979","1","1","no_match","","Unknown","No sufficiently specific candidate identified in the two Dynamite catalog files."
"RDNMIFK5DN5NS47I3G4DFEK3","757205301028","","Wings Of Desire 500 Gram","Wings Of Desire 500 Gram","Whitespace cleaned; uncertain abbreviations retained","Unknown","500 GRAM FINALE","Unknown","Regular","Unknown","500 Gram","#wings-of-desire-500-gram-regular","/Volumes/FACUNDO/Rockwall fireworks/MLTX6DPJDFYX7_catalog-2026-08-16-1724.csv","979","984","984","/Volumes/FACUNDO/Rockwall fireworks/rockwall fireworks items.xlsx","Items","980","1","1","no_match","","Unknown","No sufficiently specific candidate identified in the two Dynamite catalog files."
"AYTDVARD6EIZWXGX72EAMDXL","703674274196","","Wireless Lighter Firing System","Wireless Lighter Firing System","Whitespace cleaned; uncertain abbreviations retained","Unknown","Unknown","Unknown","Regular","Unknown","Unknown","#wireless-lighter-firing-system-regular","/Volumes/FACUNDO/Rockwall fireworks/MLTX6DPJDFYX7_catalog-2026-08-16-1724.csv","980","985","985","/Volumes/FACUNDO/Rockwall fireworks/rockwall fireworks items.xlsx","Items","981","1","1","no_match","","Unknown","No sufficiently specific candidate identified in the two Dynamite catalog files."
"JYPTK3SJCOV73CE4NJUGOT6J","814527318216","","Wolves","Wolves","Whitespace cleaned; uncertain abbreviations retained","Unknown","Unknown","Unknown","Regular","Unknown","Unknown","#wolves-regular","/Volumes/FACUNDO/Rockwall fireworks/MLTX6DPJDFYX7_catalog-2026-08-16-1724.csv","981","986","986","/Volumes/FACUNDO/Rockwall fireworks/rockwall fireworks items.xlsx","Items","982","1","1","no_match","","Unknown","No sufficiently specific candidate identified in the two Dynamite catalog files."
"RNWQE56DSFMVHJ64MOFUYAR4","","715244022465","Worlds Lagest Fountian","Worlds Lagest Fountian","Whitespace cleaned; uncertain abbreviations retained","Unknown","Fountains","Unknown","Regular","Unknown","Unknown","#worlds-lagest-fountian-regular","/Volumes/FACUNDO/Rockwall fireworks/MLTX6DPJDFYX7_catalog-2026-08-16-1724.csv","982","987","987","/Volumes/FACUNDO/Rockwall fireworks/rockwall fireworks items.xlsx","Items","983","1","0","no_match","","Unknown","No sufficiently specific candidate identified in the two Dynamite catalog files."
"CPEIQZMDOBTZ3F24F6U4ST5F","680149047755","","X Wing Missle","X Wing Missle","Whitespace cleaned; uncertain abbreviations retained","Unknown","Unknown","Unknown","Regular","Unknown","Unknown","#x-wing-missle-regular","/Volumes/FACUNDO/Rockwall fireworks/MLTX6DPJDFYX7_catalog-2026-08-16-1724.csv","983","988","988","/Volumes/FACUNDO/Rockwall fireworks/rockwall fireworks items.xlsx","Items","984","1","1","no_match","","Unknown","No sufficiently specific candidate identified in the two Dynamite catalog files."
"JW2FSPRKWWSE6UIL2JIGPHNB","757201312011","","Xtra Large 5"" Artillery Shells 12 pack","Xtra Large 5"" Artillery Shells 12 pack","Whitespace cleaned; uncertain abbreviations retained","Unknown","12/16 Pack Artillery Shells 1.75"" RDX\, 4"" Pyro\, 5"" Xtra Lg","Unknown","Regular","Unknown","5"" | 12 pack","#xtra-large-5-artillery-shells-12-pack-regular","/Volumes/FACUNDO/Rockwall fireworks/MLTX6DPJDFYX7_catalog-2026-08-16-1724.csv","984","989","989","/Volumes/FACUNDO/Rockwall fireworks/rockwall fireworks items.xlsx","Items","985","1","1","no_match","","Unknown","No sufficiently specific candidate identified in the two Dynamite catalog files."
"KTQONGUQYENKCXK6T2CHPF4P","h33887946030311","","Zangers","Zangers","Whitespace cleaned; uncertain abbreviations retained","Unknown","Unknown","Unknown","Regular","Unknown","Unknown","#zangers-regular","/Volumes/FACUNDO/Rockwall fireworks/MLTX6DPJDFYX7_catalog-2026-08-16-1724.csv","985","990","990","/Volumes/FACUNDO/Rockwall fireworks/rockwall fireworks items.xlsx","Items","986","1","1","no_match","","Unknown","No sufficiently specific candidate identified in the two Dynamite catalog files."
"SCYFUPEUZPM64WQU4QBY6NKC","887946030311","","Zangers BOGO","Zangers","Whitespace cleaned; historical BOGO marker removed from display name only","Unknown","Unknown","Unknown","Regular","Unknown","Unknown","#zangers-bogo-regular","/Volumes/FACUNDO/Rockwall fireworks/MLTX6DPJDFYX7_catalog-2026-08-16-1724.csv","986","991","991","/Volumes/FACUNDO/Rockwall fireworks/rockwall fireworks items.xlsx","Items","987","1","1","no_match","","Unknown","No sufficiently specific candidate identified in the two Dynamite catalog files."
"ABSSOYGSF5XAJ7T3RPHZ6GUX","8052530147214","","Zeus Artillery 24 Shells/36 Breaks","Zeus Artillery 24 Shells/36 Breaks","Whitespace cleaned; uncertain abbreviations retained","Unknown","Artillery Packs MultiShell MultiBreaks","Unknown","Regular","Unknown","24 Shells | 36 Breaks","#zeus-artillery-24-shells-36-breaks-regular","/Volumes/FACUNDO/Rockwall fireworks/MLTX6DPJDFYX7_catalog-2026-08-16-1724.csv","987","992","992","/Volumes/FACUNDO/Rockwall fireworks/rockwall fireworks items.xlsx","Items","988","1","1","no_match","","Unknown","No sufficiently specific candidate identified in the two Dynamite catalog files."
"K4U6AWT3ZSCB7UMQSFTHNS2T","69400360","","Zing. BOGO","Zing.","Whitespace cleaned; historical BOGO marker removed from display name only","Unknown","Unknown","Unknown","Regular","Unknown","Unknown","#zing-bogo-regular","/Volumes/FACUNDO/Rockwall fireworks/MLTX6DPJDFYX7_catalog-2026-08-16-1724.csv","988","993","993","/Volumes/FACUNDO/Rockwall fireworks/rockwall fireworks items.xlsx","Items","989","1","1","no_match","","Unknown","No sufficiently specific candidate identified in the two Dynamite catalog files."
"TBUBQKGLIPZ3YZ7ACJLUPCHR","601020003035","","Zippers 6pc","Zippers 6pc","Whitespace cleaned; uncertain abbreviations retained","Unknown","Unknown","Unknown","Regular","Unknown","6pc","#zippers-6pc-regular","/Volumes/FACUNDO/Rockwall fireworks/MLTX6DPJDFYX7_catalog-2026-08-16-1724.csv","989","994","994","/Volumes/FACUNDO/Rockwall fireworks/rockwall fireworks items.xlsx","Items","990","1","1","no_match","","Unknown","No sufficiently specific candidate identified in the two Dynamite catalog files."
"MLRBPIXQ3OWSYIEEJFU5UA6F","211491323473","","Zombie Killer 5"" Artillery Shells 24 pack","Zombie Killer 5"" Artillery Shells 24 pack","Whitespace cleaned; uncertain abbreviations retained","Unknown","24 Pack Canister Artillery Shells 5 INCH","Unknown","Regular","Unknown","5"" | 24 pack","#zombie-killer-5-artillery-shells-24-pack-regular","/Volumes/FACUNDO/Rockwall fireworks/MLTX6DPJDFYX7_catalog-2026-08-16-1724.csv","990","995","995","/Volumes/FACUNDO/Rockwall fireworks/rockwall fireworks items.xlsx","Items","991","1","1","probable","","products.json[30] Zombie / Monkey Mania / /products/zombie.png","Name identifies a candidate only; manufacturer and exact presentation have not been established."
"C4H5ALVI5ANGSTY6KKEOP2YJ","6950165423067","","Zombied 9 Shots","Zombied 9 Shots","Whitespace cleaned; uncertain abbreviations retained","Unknown","Unknown","Unknown","Regular","Unknown","9 Shots","#zombied-9-shots-regular","/Volumes/FACUNDO/Rockwall fireworks/MLTX6DPJDFYX7_catalog-2026-08-16-1724.csv","991","996","996","/Volumes/FACUNDO/Rockwall fireworks/rockwall fireworks items.xlsx","Items","992","1","1","probable","","products.json[30] Zombie / Monkey Mania / /products/zombie.png","Name identifies a candidate only; manufacturer and exact presentation have not been established."
"ZMSLCMXFLVZU2T7HTZ32QRD5","214345008014","","alien chaser","alien chaser","Whitespace cleaned; uncertain abbreviations retained","Unknown","Unknown","Unknown","Regular","Unknown","Unknown","#alien-chaser-regular","/Volumes/FACUNDO/Rockwall fireworks/MLTX6DPJDFYX7_catalog-2026-08-16-1724.csv","992","997","997","/Volumes/FACUNDO/Rockwall fireworks/rockwall fireworks items.xlsx","Items","993","1","1","no_match","","Unknown","No sufficiently specific candidate identified in the two Dynamite catalog files."
"FY34EGC4CU3KPIDESMEXQUM6","","674662513897","americas thunderbombs 1000 firecrackers","americas thunderbombs 1000 firecrackers","Whitespace cleaned; uncertain abbreviations retained","Unknown","Unknown","Unknown","Regular","Unknown","Unknown","#americas-thunderbombs-1000-firecrackers-regular","/Volumes/FACUNDO/Rockwall fireworks/MLTX6DPJDFYX7_catalog-2026-08-16-1724.csv","993","998","998","/Volumes/FACUNDO/Rockwall fireworks/rockwall fireworks items.xlsx","Items","994","1","0","no_match","","Unknown","No sufficiently specific candidate identified in the two Dynamite catalog files."
"L5C5YKYKI6P6RTTUFZUQAN67","100000100226","","artificial satellite","artificial satellite","Whitespace cleaned; uncertain abbreviations retained","Unknown","Unknown","Unknown","Regular","Unknown","Unknown","#artificial-satellite-regular","/Volumes/FACUNDO/Rockwall fireworks/MLTX6DPJDFYX7_catalog-2026-08-16-1724.csv","994","999","999","/Volumes/FACUNDO/Rockwall fireworks/rockwall fireworks items.xlsx","Items","995","1","1","no_match","","Unknown","No sufficiently specific candidate identified in the two Dynamite catalog files."
"WGFFCBYJ2GMOK6RTIJSDWMFA","705108322008","","bad cactus","Bad Cactus","Reviewed commercial name; specifications retained separately","Winda","Fountains","Fountains","Regular","Fountain","Unknown","#bad-cactus-regular","/Volumes/FACUNDO/Rockwall fireworks/MLTX6DPJDFYX7_catalog-2026-08-16-1724.csv","995","1000","1000","/Volumes/FACUNDO/Rockwall fireworks/rockwall fireworks items.xlsx","Items","996","1","1","confirmed","bad-cactus","products.json[182] Bad Cactus / Winda / /products/bad-cactus.png","Distinctive name and fountain category agree between Square and photographed cactus-shaped Winda fountain."
"CYOD2EG37BSGJSX2PMIA745V","816597943091","","big mudder trucker","big mudder trucker","Whitespace cleaned; uncertain abbreviations retained","Unknown","Unknown","Unknown","Regular","Unknown","Unknown","#big-mudder-trucker-regular","/Volumes/FACUNDO/Rockwall fireworks/MLTX6DPJDFYX7_catalog-2026-08-16-1724.csv","996","1001","1001","/Volumes/FACUNDO/Rockwall fireworks/rockwall fireworks items.xlsx","Items","997","1","1","no_match","","Unknown","No sufficiently specific candidate identified in the two Dynamite catalog files."
"7W4TMQGPSRAQMBAUNBIOH3OH","687985297511","","blond joke","blond joke","Whitespace cleaned; uncertain abbreviations retained","Unknown","Unknown","Unknown","Regular","Unknown","Unknown","#blond-joke-regular","/Volumes/FACUNDO/Rockwall fireworks/MLTX6DPJDFYX7_catalog-2026-08-16-1724.csv","997","1002","1002","/Volumes/FACUNDO/Rockwall fireworks/rockwall fireworks items.xlsx","Items","998","1","1","probable","","products.json[89] Blond Joke / Brothers / products/blond-joke.png","Name identifies a candidate only; manufacturer and exact presentation have not been established."
"RMHJFIXZYBQN2KUAIQCXEAJN","","705108501106","bump bear","bump bear","Whitespace cleaned; uncertain abbreviations retained","Unknown","Unknown","Unknown","Regular","Unknown","Unknown","#bump-bear-regular","/Volumes/FACUNDO/Rockwall fireworks/MLTX6DPJDFYX7_catalog-2026-08-16-1724.csv","998","1003","1003","/Volumes/FACUNDO/Rockwall fireworks/rockwall fireworks items.xlsx","Items","999","1","0","probable","","products.json[152] Bump Bear / Winda / /products/bump-bear.png","Name identifies a candidate only; manufacturer and exact presentation have not been established."
"FWD36HGV7A4TLSAPI2MAT4HL","687985430819","","cat calls","cat calls","Whitespace cleaned; uncertain abbreviations retained","Unknown","Fountains","Unknown","Regular","Unknown","Unknown","#cat-calls-regular","/Volumes/FACUNDO/Rockwall fireworks/MLTX6DPJDFYX7_catalog-2026-08-16-1724.csv","999","1004","1004","/Volumes/FACUNDO/Rockwall fireworks/rockwall fireworks items.xlsx","Items","1000","1","1","no_match","","Unknown","No sufficiently specific candidate identified in the two Dynamite catalog files."
"ESLZA7PGFA42ZX5QDNW7DNQS","715244033447","","colored snakes","colored snakes","Whitespace cleaned; uncertain abbreviations retained","Unknown","Unknown","Unknown","Regular","Unknown","Unknown","#colored-snakes-regular","/Volumes/FACUNDO/Rockwall fireworks/MLTX6DPJDFYX7_catalog-2026-08-16-1724.csv","1000","1005","1005","/Volumes/FACUNDO/Rockwall fireworks/rockwall fireworks items.xlsx","Items","1001","1","1","no_match","","Unknown","No sufficiently specific candidate identified in the two Dynamite catalog files."
"FRFVWA6OPHD7DZENTVJS2RBE","687985904624","","container load assortment","container load assortment","Whitespace cleaned; uncertain abbreviations retained","Unknown","Unknown","Unknown","Regular","Unknown","Unknown","#container-load-assortment-regular","/Volumes/FACUNDO/Rockwall fireworks/MLTX6DPJDFYX7_catalog-2026-08-16-1724.csv","1001","1006","1006","/Volumes/FACUNDO/Rockwall fireworks/rockwall fireworks items.xlsx","Items","1002","1","1","no_match","","Unknown","No sufficiently specific candidate identified in the two Dynamite catalog files."
"ZBY55IANNELVIVADDGQEEIVP","715244020140","","cuckoo","cuckoo","Whitespace cleaned; uncertain abbreviations retained","Unknown","Unknown","Unknown","Regular","Unknown","Unknown","#cuckoo-regular","/Volumes/FACUNDO/Rockwall fireworks/MLTX6DPJDFYX7_catalog-2026-08-16-1724.csv","1002","1007","1007","/Volumes/FACUNDO/Rockwall fireworks/rockwall fireworks items.xlsx","Items","1003","1","1","no_match","","Unknown","No sufficiently specific candidate identified in the two Dynamite catalog files."
"JHH35X7EGHAJV5SLSC7BDZSK","687985901395","","da big box o' bombs","da big box o' bombs","Whitespace cleaned; uncertain abbreviations retained","Unknown","Unknown","Unknown","Regular","Unknown","Unknown","#da-big-box-o-bombs-regular","/Volumes/FACUNDO/Rockwall fireworks/MLTX6DPJDFYX7_catalog-2026-08-16-1724.csv","1003","1008","1008","/Volumes/FACUNDO/Rockwall fireworks/rockwall fireworks items.xlsx","Items","1004","1","1","probable","","products.json[98] Da Big Box O' Bombs / Brothers / /products/da-big-box-o'-bombs.png","Name identifies a candidate only; manufacturer and exact presentation have not been established."
"CVAUNE4ODRI6N6BCYCLHK4WS","841527110298","","dino bomb","dino bomb","Whitespace cleaned; uncertain abbreviations retained","Unknown","Unknown","Unknown","Regular","Unknown","Unknown","#dino-bomb-regular","/Volumes/FACUNDO/Rockwall fireworks/MLTX6DPJDFYX7_catalog-2026-08-16-1724.csv","1004","1009","1009","/Volumes/FACUNDO/Rockwall fireworks/rockwall fireworks items.xlsx","Items","1005","1","1","no_match","","Unknown","No sufficiently specific candidate identified in the two Dynamite catalog files."
"YAR54WJZVKSVXZJB6WIGGNJ7","112233000259","","dragon artillery shell","dragon artillery shell","Whitespace cleaned; uncertain abbreviations retained","Unknown","Unknown","Unknown","Regular","Unknown","Unknown","#dragon-artillery-shell-regular","/Volumes/FACUNDO/Rockwall fireworks/MLTX6DPJDFYX7_catalog-2026-08-16-1724.csv","1005","1010","1010","/Volumes/FACUNDO/Rockwall fireworks/rockwall fireworks items.xlsx","Items","1006","4","1","no_match","","Unknown","No sufficiently specific candidate identified in the two Dynamite catalog files."
"6QO63UPD5GZPJBJPTPD76VNT","112233000242","","dragon artillery shell","dragon artillery shell","Whitespace cleaned; uncertain abbreviations retained","Unknown","Unknown","Unknown","Dragon Artillery Shell","Dragon Artillery Shell","Unknown","#dragon-artillery-shell-dragon-artillery-shell","/Volumes/FACUNDO/Rockwall fireworks/MLTX6DPJDFYX7_catalog-2026-08-16-1724.csv","1006","1011","1011","/Volumes/FACUNDO/Rockwall fireworks/rockwall fireworks items.xlsx","Items","1007","4","1","no_match","","Unknown","No sufficiently specific candidate identified in the two Dynamite catalog files."
"RLY2XMX3UEEYIBZHJTFOND6V","811451011763","","dragon artillery shell","dragon artillery shell","Whitespace cleaned; uncertain abbreviations retained","Unknown","Unknown","Unknown","Dragon Artillery Shell","Dragon Artillery Shell","Unknown","#dragon-artillery-shell-dragon-artillery-shell-1","/Volumes/FACUNDO/Rockwall fireworks/MLTX6DPJDFYX7_catalog-2026-08-16-1724.csv","1007","1012","1012","/Volumes/FACUNDO/Rockwall fireworks/rockwall fireworks items.xlsx","Items","1008","4","1","no_match","","Unknown","No sufficiently specific candidate identified in the two Dynamite catalog files."
"T52ZOHQ6LBMGDIOFIZ22YDPN","811451013422","","dragon artillery shell","dragon artillery shell","Whitespace cleaned; uncertain abbreviations retained","Unknown","Unknown","Unknown","Dragon Artillery Shell","Dragon Artillery Shell","Unknown","#dragon-artillery-shell-dragon-artillery-shell-2","/Volumes/FACUNDO/Rockwall fireworks/MLTX6DPJDFYX7_catalog-2026-08-16-1724.csv","1008","1013","1013","/Volumes/FACUNDO/Rockwall fireworks/rockwall fireworks items.xlsx","Items","1009","4","1","no_match","","Unknown","No sufficiently specific candidate identified in the two Dynamite catalog files."
"EU6L6PVTJT2WVTO3IXNXKD4T","715244064694","","fiesta grande 216 shot","fiesta grande 216 shot","Whitespace cleaned; uncertain abbreviations retained","Unknown","Unknown","Unknown","Regular","Unknown","216 shot","#fiesta-grande-216-shot-regular","/Volumes/FACUNDO/Rockwall fireworks/MLTX6DPJDFYX7_catalog-2026-08-16-1724.csv","1009","1014","1014","/Volumes/FACUNDO/Rockwall fireworks/rockwall fireworks items.xlsx","Items","1010","1","1","no_match","","Unknown","No sufficiently specific candidate identified in the two Dynamite catalog files."
"JOZNARA424EEK6F2KF7HBTKU","687985285617","","flying colors","flying colors","Whitespace cleaned; uncertain abbreviations retained","Unknown","Unknown","Unknown","Regular","Unknown","Unknown","#flying-colors-regular","/Volumes/FACUNDO/Rockwall fireworks/MLTX6DPJDFYX7_catalog-2026-08-16-1724.csv","1010","1015","1015","/Volumes/FACUNDO/Rockwall fireworks/rockwall fireworks items.xlsx","Items","1011","1","1","no_match","","Unknown","No sufficiently specific candidate identified in the two Dynamite catalog files."
"DXJSL22TCSMUGGQINAP24X5T","8052531144915","","frog princess","frog princess","Whitespace cleaned; uncertain abbreviations retained","Unknown","Fountains","Unknown","Frog Princess","Frog Princess","Unknown","#frog-princess-frog-princess","/Volumes/FACUNDO/Rockwall fireworks/MLTX6DPJDFYX7_catalog-2026-08-16-1724.csv","1011","1016","1016","/Volumes/FACUNDO/Rockwall fireworks/rockwall fireworks items.xlsx","Items","1012","2","1","no_match","","Unknown","No sufficiently specific candidate identified in the two Dynamite catalog files."
"C5IJRH4ATYMQXYAVEYHQW35A","8052531137719","","frog princess","frog princess","Whitespace cleaned; uncertain abbreviations retained","Unknown","Fountains","Unknown","Frog Prince","Frog Prince","Unknown","#frog-princess-frog-prince","/Volumes/FACUNDO/Rockwall fireworks/MLTX6DPJDFYX7_catalog-2026-08-16-1724.csv","1012","1017","1017","/Volumes/FACUNDO/Rockwall fireworks/rockwall fireworks items.xlsx","Items","1013","2","1","no_match","","Unknown","No sufficiently specific candidate identified in the two Dynamite catalog files."
"M4YZJHNICGF76SSOFNVQBUVQ","022210013236","","game on","game on","Whitespace cleaned; uncertain abbreviations retained","Unknown","Fountains","Unknown","Regular","Unknown","Unknown","#game-on-regular","/Volumes/FACUNDO/Rockwall fireworks/MLTX6DPJDFYX7_catalog-2026-08-16-1724.csv","1013","1018","1018","/Volumes/FACUNDO/Rockwall fireworks/rockwall fireworks items.xlsx","Items","1014","1","1","no_match","","Unknown","No sufficiently specific candidate identified in the two Dynamite catalog files."
"MCBS7WIPTOROQZQTI2VDVBOC","688130233668","","glow pops BOGO","glow pops","Whitespace cleaned; historical BOGO marker removed from display name only","Unknown","Unknown","Unknown","Regular","Unknown","Unknown","#glow-pops-bogo-regular","/Volumes/FACUNDO/Rockwall fireworks/MLTX6DPJDFYX7_catalog-2026-08-16-1724.csv","1014","1019","1019","/Volumes/FACUNDO/Rockwall fireworks/rockwall fireworks items.xlsx","Items","1015","1","1","no_match","","Unknown","No sufficiently specific candidate identified in the two Dynamite catalog files."
"4RIXDLTM62EP3YANE6EI3ISQ","805253026520","","goliath","goliath","Whitespace cleaned; uncertain abbreviations retained","Unknown","Unknown","Unknown","Regular","Unknown","Unknown","#goliath-regular","/Volumes/FACUNDO/Rockwall fireworks/MLTX6DPJDFYX7_catalog-2026-08-16-1724.csv","1015","1020","1020","/Volumes/FACUNDO/Rockwall fireworks/rockwall fireworks items.xlsx","Items","1016","1","1","no_match","","Unknown","No sufficiently specific candidate identified in the two Dynamite catalog files."
"I2Z6MQ67VGNRLP3ESDV4GHX4","681402052691","","gumball barrage","gumball barrage","Whitespace cleaned; uncertain abbreviations retained","Unknown","Unknown","Unknown","Regular","Unknown","Unknown","#gumball-barrage-regular","/Volumes/FACUNDO/Rockwall fireworks/MLTX6DPJDFYX7_catalog-2026-08-16-1724.csv","1016","1021","1021","/Volumes/FACUNDO/Rockwall fireworks/rockwall fireworks items.xlsx","Items","1017","1","1","no_match","","Unknown","No sufficiently specific candidate identified in the two Dynamite catalog files."
"Q3FVGPX5GRZZUNS42RW7JQQJ","077021322923","","happy 16 shot","happy 16 shot","Whitespace cleaned; uncertain abbreviations retained","Unknown","Unknown","Unknown","Regular","Unknown","16 shot","#happy-16-shot-regular","/Volumes/FACUNDO/Rockwall fireworks/MLTX6DPJDFYX7_catalog-2026-08-16-1724.csv","1017","1022","1022","/Volumes/FACUNDO/Rockwall fireworks/rockwall fireworks items.xlsx","Items","1018","1","1","no_match","","Unknown","No sufficiently specific candidate identified in the two Dynamite catalog files."
"PGK3TNKD3K42HUIFSRTEXDRZ","177021322944","","happy 36 shot","happy 36 shot","Whitespace cleaned; uncertain abbreviations retained","Unknown","Unknown","Unknown","Regular","Unknown","36 shot","#happy-36-shot-regular","/Volumes/FACUNDO/Rockwall fireworks/MLTX6DPJDFYX7_catalog-2026-08-16-1724.csv","1018","1023","1023","/Volumes/FACUNDO/Rockwall fireworks/rockwall fireworks items.xlsx","Items","1019","1","1","no_match","","Unknown","No sufficiently specific candidate identified in the two Dynamite catalog files."
"S7H4K7C6I5R4F5NP7HHUWFBX","676821059819","","home run","home run","Whitespace cleaned; uncertain abbreviations retained","Unknown","Unknown","Unknown","Regular","Unknown","Unknown","#home-run-regular","/Volumes/FACUNDO/Rockwall fireworks/MLTX6DPJDFYX7_catalog-2026-08-16-1724.csv","1019","1024","1024","/Volumes/FACUNDO/Rockwall fireworks/rockwall fireworks items.xlsx","Items","1020","1","1","no_match","","Unknown","No sufficiently specific candidate identified in the two Dynamite catalog files."
"4OVKMNYNTWXUH5ITGCIUIWW5","705108321902","","hoot hoot hooray","hoot hoot hooray","Whitespace cleaned; uncertain abbreviations retained","Unknown","Fountains","Unknown","Regular","Unknown","Unknown","#hoot-hoot-hooray-regular","/Volumes/FACUNDO/Rockwall fireworks/MLTX6DPJDFYX7_catalog-2026-08-16-1724.csv","1020","1025","1025","/Volumes/FACUNDO/Rockwall fireworks/rockwall fireworks items.xlsx","Items","1021","1","1","no_match","","Unknown","No sufficiently specific candidate identified in the two Dynamite catalog files."
"O5NCK6FZ4MGSKN2QNW6ZPXSA","019471322627","","ice cream","ice cream","Whitespace cleaned; uncertain abbreviations retained","Unknown","Fountains","Unknown","Regular","Unknown","Unknown","#ice-cream-regular","/Volumes/FACUNDO/Rockwall fireworks/MLTX6DPJDFYX7_catalog-2026-08-16-1724.csv","1021","1026","1026","/Volumes/FACUNDO/Rockwall fireworks/rockwall fireworks items.xlsx","Items","1022","1","1","no_match","","Unknown","No sufficiently specific candidate identified in the two Dynamite catalog files."
"LGRKTS64MSYDTY5XMOR7KCXT","616612189141","","its a Texas thing","its a Texas thing","Whitespace cleaned; uncertain abbreviations retained","Unknown","Unknown","Unknown","Regular","Unknown","Unknown","#its-a-texas-thing-regular","/Volumes/FACUNDO/Rockwall fireworks/MLTX6DPJDFYX7_catalog-2026-08-16-1724.csv","1022","1027","1027","/Volumes/FACUNDO/Rockwall fireworks/rockwall fireworks items.xlsx","Items","1023","1","1","no_match","","Unknown","No sufficiently specific candidate identified in the two Dynamite catalog files."
"OZBSOY3CHLT2YRYKF2N5V3XT","193936959136","","jack in tall box","jack in tall box","Whitespace cleaned; uncertain abbreviations retained","Unknown","Fountains","Unknown","Regular","Unknown","Unknown","#jack-in-tall-box-regular","/Volumes/FACUNDO/Rockwall fireworks/MLTX6DPJDFYX7_catalog-2026-08-16-1724.csv","1023","1028","1028","/Volumes/FACUNDO/Rockwall fireworks/rockwall fireworks items.xlsx","Items","1024","1","1","no_match","","Unknown","No sufficiently specific candidate identified in the two Dynamite catalog files."
"Q2YEM7OLG2QINNCEQZ3JAB3Z","020162001004","","jurrasic pack","jurrasic pack","Whitespace cleaned; uncertain abbreviations retained","Unknown","Unknown","Unknown","Regular","Unknown","Unknown","#jurrasic-pack-regular","/Volumes/FACUNDO/Rockwall fireworks/MLTX6DPJDFYX7_catalog-2026-08-16-1724.csv","1024","1029","1029","/Volumes/FACUNDO/Rockwall fireworks/rockwall fireworks items.xlsx","Items","1025","3","1","no_match","","Unknown","No sufficiently specific candidate identified in the two Dynamite catalog files."
"MU54DYAZM5S7JB6NWNK4MI7R","020162001028","","jurrasic pack","jurrasic pack","Whitespace cleaned; uncertain abbreviations retained","Unknown","Unknown","Unknown","Jurassic Pack","Jurassic Pack","Unknown","#jurrasic-pack-jurassic-pack","/Volumes/FACUNDO/Rockwall fireworks/MLTX6DPJDFYX7_catalog-2026-08-16-1724.csv","1025","1030","1030","/Volumes/FACUNDO/Rockwall fireworks/rockwall fireworks items.xlsx","Items","1026","3","1","no_match","","Unknown","No sufficiently specific candidate identified in the two Dynamite catalog files."
"MJMGOCFCGNQDJHMU55JEXXLY","020162001011","","jurrasic pack","jurrasic pack","Whitespace cleaned; uncertain abbreviations retained","Unknown","Unknown","Unknown","Jurassic Pack","Jurassic Pack","Unknown","#jurrasic-pack-jurassic-pack-1","/Volumes/FACUNDO/Rockwall fireworks/MLTX6DPJDFYX7_catalog-2026-08-16-1724.csv","1026","1031","1031","/Volumes/FACUNDO/Rockwall fireworks/rockwall fireworks items.xlsx","Items","1027","3","1","no_match","","Unknown","No sufficiently specific candidate identified in the two Dynamite catalog files."
"D6KC2VBTV4GXBX33BTY3XCEK","688130232920","","ka kaw","ka kaw","Whitespace cleaned; uncertain abbreviations retained","Unknown","Unknown","Unknown","Regular","Unknown","Unknown","#ka-kaw-1-regular","/Volumes/FACUNDO/Rockwall fireworks/MLTX6DPJDFYX7_catalog-2026-08-16-1724.csv","1027","1032","1032","/Volumes/FACUNDO/Rockwall fireworks/rockwall fireworks items.xlsx","Items","1028","1","1","no_match","","Unknown","No sufficiently specific candidate identified in the two Dynamite catalog files."
"3YRUR4A6SXEFR6QHEBZ666DA","715244020157","","killer bees bc","killer bees bc","Whitespace cleaned; uncertain abbreviations retained","Unknown","Unknown","Unknown","Regular","Unknown","Unknown","#killer-bees-bc-regular","/Volumes/FACUNDO/Rockwall fireworks/MLTX6DPJDFYX7_catalog-2026-08-16-1724.csv","1028","1033","1033","/Volumes/FACUNDO/Rockwall fireworks/rockwall fireworks items.xlsx","Items","1029","1","1","no_match","","Unknown","No sufficiently specific candidate identified in the two Dynamite catalog files."
"UD6CLHKRDFQGYA4FZA3XQSKP","805253401013","","let's go brandon","let's go brandon","Whitespace cleaned; uncertain abbreviations retained","Unknown","Unknown","Unknown","Regular","Unknown","Unknown","#let-s-go-brandon-regular","/Volumes/FACUNDO/Rockwall fireworks/MLTX6DPJDFYX7_catalog-2026-08-16-1724.csv","1029","1034","1034","/Volumes/FACUNDO/Rockwall fireworks/rockwall fireworks items.xlsx","Items","1030","1","1","no_match","","Unknown","No sufficiently specific candidate identified in the two Dynamite catalog files."
"FSQXUREBL7AO6TFFDCHCHLLN","847294000510","","magic whip backpack","magic whip backpack","Whitespace cleaned; uncertain abbreviations retained","Unknown","Unknown","Unknown","Regular","Unknown","Unknown","#magic-whip-backpack-regular","/Volumes/FACUNDO/Rockwall fireworks/MLTX6DPJDFYX7_catalog-2026-08-16-1724.csv","1030","1035","1035","/Volumes/FACUNDO/Rockwall fireworks/rockwall fireworks items.xlsx","Items","1031","1","1","no_match","","Unknown","No sufficiently specific candidate identified in the two Dynamite catalog files."
"OTTYNEVXAQXMAOLNIB6I3DVW","8145270102718","","mighty cracker","mighty cracker","Whitespace cleaned; uncertain abbreviations retained","Unknown","Unknown","Unknown","Regular","Unknown","Unknown","#mighty-cracker-regular","/Volumes/FACUNDO/Rockwall fireworks/MLTX6DPJDFYX7_catalog-2026-08-16-1724.csv","1031","1036","1036","/Volumes/FACUNDO/Rockwall fireworks/rockwall fireworks items.xlsx","Items","1032","1","1","no_match","","Unknown","No sufficiently specific candidate identified in the two Dynamite catalog files."
"ZQ5P53VXBJ5IS573IJDOWKNB","687985909094","","mob madness","mob madness","Whitespace cleaned; uncertain abbreviations retained","Unknown","Unknown","Unknown","Regular","Unknown","Unknown","#mob-madness-regular","/Volumes/FACUNDO/Rockwall fireworks/MLTX6DPJDFYX7_catalog-2026-08-16-1724.csv","1032","1037","1037","/Volumes/FACUNDO/Rockwall fireworks/rockwall fireworks items.xlsx","Items","1033","1","1","no_match","","Unknown","No sufficiently specific candidate identified in the two Dynamite catalog files."
"TFA6F7IDN346GXHIFJMRO3O7","821200018257","","monster crusher","monster crusher","Whitespace cleaned; uncertain abbreviations retained","Unknown","Fountains","Unknown","Regular","Unknown","Unknown","#monster-crusher-regular","/Volumes/FACUNDO/Rockwall fireworks/MLTX6DPJDFYX7_catalog-2026-08-16-1724.csv","1033","1038","1038","/Volumes/FACUNDO/Rockwall fireworks/rockwall fireworks items.xlsx","Items","1034","1","1","no_match","","Unknown","No sufficiently specific candidate identified in the two Dynamite catalog files."
"RSAUYRX3JUNFGEO3PQIFPQVB","715244313242","","morning Glory's 36"" sparklers","morning Glory's 36"" sparklers","Whitespace cleaned; uncertain abbreviations retained","Unknown","Unknown","Unknown","Regular","Unknown","36""","#morning-glory-s-36-sparklers-regular","/Volumes/FACUNDO/Rockwall fireworks/MLTX6DPJDFYX7_catalog-2026-08-16-1724.csv","1034","1039","1039","/Volumes/FACUNDO/Rockwall fireworks/rockwall fireworks items.xlsx","Items","1035","1","1","no_match","","Unknown","No sufficiently specific candidate identified in the two Dynamite catalog files."
"WL3IO2FYENLAKA7Q3QLLT2IM","","630128918309","neon 5"" canister artillery shells","neon 5"" canister artillery shells","Whitespace cleaned; uncertain abbreviations retained","Unknown","Unknown","Unknown","Regular","Unknown","5""","#neon-5-canister-artillery-shells-regular","/Volumes/FACUNDO/Rockwall fireworks/MLTX6DPJDFYX7_catalog-2026-08-16-1724.csv","1035","1040","1040","/Volumes/FACUNDO/Rockwall fireworks/rockwall fireworks items.xlsx","Items","1036","1","0","no_match","","Unknown","No sufficiently specific candidate identified in the two Dynamite catalog files."
"TMC3YHZW3USJLNP2YNAQF35V","757201572125","","neon jellyfish","neon jellyfish","Whitespace cleaned; uncertain abbreviations retained","Unknown","Unknown","Unknown","Regular","Unknown","Unknown","#neon-jellyfish-regular","/Volumes/FACUNDO/Rockwall fireworks/MLTX6DPJDFYX7_catalog-2026-08-16-1724.csv","1036","1041","1041","/Volumes/FACUNDO/Rockwall fireworks/rockwall fireworks items.xlsx","Items","1037","1","1","no_match","","Unknown","No sufficiently specific candidate identified in the two Dynamite catalog files."
"UMEMVODOJHAOQS33WJIBL5QB","","805253332515","night saber","night saber","Whitespace cleaned; uncertain abbreviations retained","Unknown","Unknown","Unknown","Regular","Unknown","Unknown","#night-saber-regular","/Volumes/FACUNDO/Rockwall fireworks/MLTX6DPJDFYX7_catalog-2026-08-16-1724.csv","1037","1042","1042","/Volumes/FACUNDO/Rockwall fireworks/rockwall fireworks items.xlsx","Items","1038","1","0","no_match","","Unknown","No sufficiently specific candidate identified in the two Dynamite catalog files."
"62NZGL7IH4FIILNOQNQQQOYU","651137423813","","og kush 150 shot","og kush 150 shot","Whitespace cleaned; uncertain abbreviations retained","Unknown","Unknown","Unknown","Regular","Unknown","150 shot","#og-kush-150-shot-regular","/Volumes/FACUNDO/Rockwall fireworks/MLTX6DPJDFYX7_catalog-2026-08-16-1724.csv","1038","1043","1043","/Volumes/FACUNDO/Rockwall fireworks/rockwall fireworks items.xlsx","Items","1039","1","1","no_match","","Unknown","No sufficiently specific candidate identified in the two Dynamite catalog files."
"5WQT32QXFG6ARL7YBA6ND6NF","705108502165","","overload burger","overload burger","Whitespace cleaned; uncertain abbreviations retained","Unknown","Fountains","Unknown","Regular","Unknown","Unknown","#overload-burger-regular","/Volumes/FACUNDO/Rockwall fireworks/MLTX6DPJDFYX7_catalog-2026-08-16-1724.csv","1039","1044","1044","/Volumes/FACUNDO/Rockwall fireworks/rockwall fireworks items.xlsx","Items","1040","1","1","no_match","","Unknown","No sufficiently specific candidate identified in the two Dynamite catalog files."
"WD4UKVVQLK62VDXAMJEYHTDB","715244001200","","party animal assortment pack","party animal assortment pack","Whitespace cleaned; uncertain abbreviations retained","Unknown","Unknown","Unknown","Regular","Unknown","Unknown","#party-animal-assortment-pack-regular","/Volumes/FACUNDO/Rockwall fireworks/MLTX6DPJDFYX7_catalog-2026-08-16-1724.csv","1040","1045","1045","/Volumes/FACUNDO/Rockwall fireworks/rockwall fireworks items.xlsx","Items","1041","1","1","no_match","","Unknown","No sufficiently specific candidate identified in the two Dynamite catalog files."
"Y3GNKR7ETF7UXZDUEI7GRN3Q","705108901210","","party sparklers","party sparklers","Whitespace cleaned; uncertain abbreviations retained","Unknown","Unknown","Unknown","Regular","Unknown","Unknown","#party-sparklers-regular","/Volumes/FACUNDO/Rockwall fireworks/MLTX6DPJDFYX7_catalog-2026-08-16-1724.csv","1041","1046","1046","/Volumes/FACUNDO/Rockwall fireworks/rockwall fireworks items.xlsx","Items","1042","1","1","no_match","","Unknown","No sufficiently specific candidate identified in the two Dynamite catalog files."
"ANW2NNK77LR3WPA2LXT3TGB4","705108901203","","party sparklers 4","party sparklers 4","Whitespace cleaned; uncertain abbreviations retained","Unknown","Unknown","Unknown","Regular","Unknown","Unknown","#party-sparklers-4-regular","/Volumes/FACUNDO/Rockwall fireworks/MLTX6DPJDFYX7_catalog-2026-08-16-1724.csv","1042","1047","1047","/Volumes/FACUNDO/Rockwall fireworks/rockwall fireworks items.xlsx","Items","1043","1","1","no_match","","Unknown","No sufficiently specific candidate identified in the two Dynamite catalog files."
"C4AV5GYQO3IGFIS46EKOJHON","821700020231","","pikachu","pikachu","Whitespace cleaned; uncertain abbreviations retained","Unknown","Fountains","Unknown","Regular","Unknown","Unknown","#pikachu-regular","/Volumes/FACUNDO/Rockwall fireworks/MLTX6DPJDFYX7_catalog-2026-08-16-1724.csv","1043","1048","1048","/Volumes/FACUNDO/Rockwall fireworks/rockwall fireworks items.xlsx","Items","1044","1","1","no_match","","Unknown","No sufficiently specific candidate identified in the two Dynamite catalog files."
"72YAFHVRGOCXMFTRMJYMR6L4","","705108805709","raise the dead 7"" 60G canister shells","raise the dead 7"" 60G canister shells","Whitespace cleaned; uncertain abbreviations retained","Unknown","Unknown","Unknown","Regular","Unknown","7"" | 60G","#raise-the-dead-7-60g-canister-shells-regular","/Volumes/FACUNDO/Rockwall fireworks/MLTX6DPJDFYX7_catalog-2026-08-16-1724.csv","1044","1049","1049","/Volumes/FACUNDO/Rockwall fireworks/rockwall fireworks items.xlsx","Items","1045","1","0","no_match","","Unknown","No sufficiently specific candidate identified in the two Dynamite catalog files."
"Y6MI6RAGXGJYOLDXHW5XZHNL","020162000014","","rebel yell","rebel yell","Whitespace cleaned; uncertain abbreviations retained","Unknown","Unknown","Unknown","Regular","Unknown","Unknown","#rebel-yell-regular","/Volumes/FACUNDO/Rockwall fireworks/MLTX6DPJDFYX7_catalog-2026-08-16-1724.csv","1045","1050","1050","/Volumes/FACUNDO/Rockwall fireworks/rockwall fireworks items.xlsx","Items","1046","1","1","no_match","","Unknown","No sufficiently specific candidate identified in the two Dynamite catalog files."
"3VIAP3SJEY55A36QYXXCBVQ2","821700020705","","rubber duck","rubber duck","Whitespace cleaned; uncertain abbreviations retained","Unknown","Fountains","Unknown","Regular","Unknown","Unknown","#rubber-duck-regular","/Volumes/FACUNDO/Rockwall fireworks/MLTX6DPJDFYX7_catalog-2026-08-16-1724.csv","1046","1051","1051","/Volumes/FACUNDO/Rockwall fireworks/rockwall fireworks items.xlsx","Items","1047","1","1","no_match","","Unknown","No sufficiently specific candidate identified in the two Dynamite catalog files."
"ZE4FE7QJPUKGI2BXBCDRUTYE","849107066034","","rwb Coated Sparklers","rwb Coated Sparklers","Whitespace cleaned; uncertain abbreviations retained","Unknown","Unknown","Unknown","Regular","Unknown","Unknown","#rwb-coated-sparklers-regular","/Volumes/FACUNDO/Rockwall fireworks/MLTX6DPJDFYX7_catalog-2026-08-16-1724.csv","1047","1052","1052","/Volumes/FACUNDO/Rockwall fireworks/rockwall fireworks items.xlsx","Items","1048","1","1","no_match","","Unknown","No sufficiently specific candidate identified in the two Dynamite catalog files."
"C2NFT2NRLE754AUOXI7TKD3Q","674662508152","","sky latern","sky latern","Whitespace cleaned; uncertain abbreviations retained","Unknown","Unknown","Unknown","Regular","Unknown","Unknown","#sky-latern-regular","/Volumes/FACUNDO/Rockwall fireworks/MLTX6DPJDFYX7_catalog-2026-08-16-1724.csv","1048","1053","1053","/Volumes/FACUNDO/Rockwall fireworks/rockwall fireworks items.xlsx","Items","1049","1","1","no_match","","Unknown","No sufficiently specific candidate identified in the two Dynamite catalog files."
"JHSEIAM24BK6XQH6KT7HOR6W","674662505397","","smoke crayon 8pc","smoke crayon 8pc","Whitespace cleaned; uncertain abbreviations retained","Unknown","Unknown","Unknown","Regular","Unknown","8pc","#smoke-crayon-8pc-regular","/Volumes/FACUNDO/Rockwall fireworks/MLTX6DPJDFYX7_catalog-2026-08-16-1724.csv","1049","1054","1054","/Volumes/FACUNDO/Rockwall fireworks/rockwall fireworks items.xlsx","Items","1050","1","1","no_match","","Unknown","No sufficiently specific candidate identified in the two Dynamite catalog files."
"6TBSZ3NSH4TUPQG4DCAMUEZO","","715244023448","snakes","snakes","Whitespace cleaned; uncertain abbreviations retained","Unknown","Unknown","Unknown","Regular","Unknown","Unknown","#snakes-regular","/Volumes/FACUNDO/Rockwall fireworks/MLTX6DPJDFYX7_catalog-2026-08-16-1724.csv","1050","1055","1055","/Volumes/FACUNDO/Rockwall fireworks/rockwall fireworks items.xlsx","Items","1051","2","0","probable","","products.json[139] Assorted Snakes / Black Cat / /products/assorted-snakes.png","Name identifies a candidate only; manufacturer and exact presentation have not been established."
"IRVHL3P2ISRPTNGSOEKIU34M","715244013449","","snakes","snakes","Whitespace cleaned; uncertain abbreviations retained","Unknown","Unknown","Unknown","Regular","Unknown","Unknown","#snakes-1-regular","/Volumes/FACUNDO/Rockwall fireworks/MLTX6DPJDFYX7_catalog-2026-08-16-1724.csv","1051","1056","1056","/Volumes/FACUNDO/Rockwall fireworks/rockwall fireworks items.xlsx","Items","1052","2","1","probable","","products.json[139] Assorted Snakes / Black Cat / /products/assorted-snakes.png","Name identifies a candidate only; manufacturer and exact presentation have not been established."
"6MRMR67QMNNCTTRHZE2254MW","687985425211","","super fountain","super fountain","Whitespace cleaned; uncertain abbreviations retained","Unknown","Fountains","Unknown","Regular","Unknown","Unknown","#super-fountain-regular","/Volumes/FACUNDO/Rockwall fireworks/MLTX6DPJDFYX7_catalog-2026-08-16-1724.csv","1052","1057","1057","/Volumes/FACUNDO/Rockwall fireworks/rockwall fireworks items.xlsx","Items","1053","1","1","no_match","","Unknown","No sufficiently specific candidate identified in the two Dynamite catalog files."
"P4QS4KKFFSLNRX55JFVFNNWS","715244300327","","the excellent bag assortment","the excellent bag assortment","Whitespace cleaned; uncertain abbreviations retained","Unknown","Unknown","Unknown","Regular","Unknown","Unknown","#the-excellent-bag-assortment-regular","/Volumes/FACUNDO/Rockwall fireworks/MLTX6DPJDFYX7_catalog-2026-08-16-1724.csv","1053","1058","1058","/Volumes/FACUNDO/Rockwall fireworks/rockwall fireworks items.xlsx","Items","1054","1","1","no_match","","Unknown","No sufficiently specific candidate identified in the two Dynamite catalog files."
"NDEHHITUQAUEJKUOJNMFS5HR","687985908899","","the max assortment","the max assortment","Whitespace cleaned; uncertain abbreviations retained","Unknown","Unknown","Unknown","Regular","Unknown","Unknown","#the-max-assortment-regular","/Volumes/FACUNDO/Rockwall fireworks/MLTX6DPJDFYX7_catalog-2026-08-16-1724.csv","1054","1059","1059","/Volumes/FACUNDO/Rockwall fireworks/rockwall fireworks items.xlsx","Items","1055","1","1","no_match","","Unknown","No sufficiently specific candidate identified in the two Dynamite catalog files."
"DS2LOLMZJR6IDEHXFFHGCYWG","821711120692","","tim","tim","Whitespace cleaned; uncertain abbreviations retained","Unknown","Fountains","Unknown","Regular","Unknown","Unknown","#tim-regular","/Volumes/FACUNDO/Rockwall fireworks/MLTX6DPJDFYX7_catalog-2026-08-16-1724.csv","1055","1060","1060","/Volumes/FACUNDO/Rockwall fireworks/rockwall fireworks items.xlsx","Items","1056","1","1","no_match","","Unknown","No sufficiently specific candidate identified in the two Dynamite catalog files."
"G2V6V67KQKVUJQFAKAF6VVH3","687985152315","","topsy turvy","topsy turvy","Whitespace cleaned; uncertain abbreviations retained","Unknown","Unknown","Unknown","Regular","Unknown","Unknown","#topsy-turvy-regular","/Volumes/FACUNDO/Rockwall fireworks/MLTX6DPJDFYX7_catalog-2026-08-16-1724.csv","1056","1061","1061","/Volumes/FACUNDO/Rockwall fireworks/rockwall fireworks items.xlsx","Items","1057","1","1","no_match","","Unknown","No sufficiently specific candidate identified in the two Dynamite catalog files."
"VHFD2RMJF2FNH7YGT2NOMQIA","705108403103","","trooper turret","trooper turret","Whitespace cleaned; uncertain abbreviations retained","Unknown","Unknown","Unknown","Regular","Unknown","Unknown","#trooper-turret-regular","/Volumes/FACUNDO/Rockwall fireworks/MLTX6DPJDFYX7_catalog-2026-08-16-1724.csv","1057","1062","1062","/Volumes/FACUNDO/Rockwall fireworks/rockwall fireworks items.xlsx","Items","1058","1","1","no_match","","Unknown","No sufficiently specific candidate identified in the two Dynamite catalog files."
"S3KO4A6HCLBITFYFPLZJUXHS","715244019304","","uav","uav","Whitespace cleaned; uncertain abbreviations retained","Unknown","Unknown","Unknown","Regular","Unknown","Unknown","#uav-regular","/Volumes/FACUNDO/Rockwall fireworks/MLTX6DPJDFYX7_catalog-2026-08-16-1724.csv","1058","1063","1063","/Volumes/FACUNDO/Rockwall fireworks/rockwall fireworks items.xlsx","Items","1059","1","1","no_match","","Unknown","No sufficiently specific candidate identified in the two Dynamite catalog files."
"RMIBK4Q2HGJO7WTEL7YGXGFF","","757201225342","us power 200g","us power 200g","Whitespace cleaned; uncertain abbreviations retained","Unknown","Unknown","Unknown","Regular","Unknown","200g","#us-power-200g-regular","/Volumes/FACUNDO/Rockwall fireworks/MLTX6DPJDFYX7_catalog-2026-08-16-1724.csv","1059","1064","1064","/Volumes/FACUNDO/Rockwall fireworks/rockwall fireworks items.xlsx","Items","1060","1","0","probable","","products.json[24] U.S. Power / Raccoon / /products/us-power.png","Name identifies a candidate only; manufacturer and exact presentation have not been established."
"U4VMQYNRVE7JHWKOKZQ6PKCC","757201216050","","wings of wrath","wings of wrath","Whitespace cleaned; uncertain abbreviations retained","Unknown","Unknown","Unknown","Regular","Unknown","Unknown","#wings-of-wrath-regular","/Volumes/FACUNDO/Rockwall fireworks/MLTX6DPJDFYX7_catalog-2026-08-16-1724.csv","1060","1065","1065","/Volumes/FACUNDO/Rockwall fireworks/rockwall fireworks items.xlsx","Items","1061","1","1","no_match","","Unknown","No sufficiently specific candidate identified in the two Dynamite catalog files."
"HLPJXNKPP5GGLLNGHTQTVE73","705108955626","","wingspan","wingspan","Whitespace cleaned; uncertain abbreviations retained","Unknown","Unknown","Unknown","Regular","Unknown","Unknown","#wingspan-regular","/Volumes/FACUNDO/Rockwall fireworks/MLTX6DPJDFYX7_catalog-2026-08-16-1724.csv","1061","1066","1066","/Volumes/FACUNDO/Rockwall fireworks/rockwall fireworks items.xlsx","Items","1062","1","1","no_match","","Unknown","No sufficiently specific candidate identified in the two Dynamite catalog files."
