"square_token","original_name","original_variation","match_status","rockwall_product_id","dynamite_candidates","evidence"
"4EEEP37RJXP5AXHKDI7YX772","#10 Color Sparklers-8 Count","#10 Metal Color Sparklers 8 Pcs. BOGO","no_match","","Unknown","No sufficiently specific candidate identified in the two Dynamite catalog files."
"MO7U7N23MCPWFMSUO6F7KPX5","#10 Colored Sparklers 12pk","Regular","no_match","","Unknown","No sufficiently specific candidate identified in the two Dynamite catalog files."
"NPHHBP5U244PDNHQCP2QKIFW","#20 Wedding Sparklers","Regular","no_match","","Unknown","No sufficiently specific candidate identified in the two Dynamite catalog files."
"TIP5YHEU5ZKBTV7XQE3XCN4Z","#3 Cone","Regular","probable","","products.json[39] No. 3 Cone Fountain / Monkey Mania / /products/no3-cone-fountain.png","Name identifies a candidate only; manufacturer and exact presentation have not been established."
"OJQE63ODOA5VPD3QCXH5T5YC","#3 Cone","n3 cone 2 pack","probable","","products.json[39] No. 3 Cone Fountain / Monkey Mania / /products/no3-cone-fountain.png","Name identifies a candidate only; manufacturer and exact presentation have not been established."
"3PH6F5MR6FJAYXJ2USJNAAR2","#3 Cone","Regular","probable","","products.json[39] No. 3 Cone Fountain / Monkey Mania / /products/no3-cone-fountain.png","Name identifies a candidate only; manufacturer and exact presentation have not been established."
"LVWCVY2ZMETIEEFYQ2IMJELD","#3 Cone (Cutting Edge)","Regular","no_match","","Unknown","No sufficiently specific candidate identified in the two Dynamite catalog files."
"CDGWKPGVVZ4K54TBJPCZ4AV4","#3 Cone (Megabanger)","Regular","no_match","","Unknown","No sufficiently specific candidate identified in the two Dynamite catalog files."
"GW2BANHVFZKPULG4Y2RIAFNB","#3 Cone (Shogun)","Regular","no_match","","Unknown","No sufficiently specific candidate identified in the two Dynamite catalog files."
"VVMQPHPHLHQ5PLBD2WW6R5N7","#3 Mini Cones 12pc","Regular","no_match","","Unknown","No sufficiently specific candidate identified in the two Dynamite catalog files."
"HPCVXOYT2OFAXABHQZESYK6X","#3 Solar Flare (BC)","Regular","no_match","","Unknown","No sufficiently specific candidate identified in the two Dynamite catalog files."
"AL7PJVDQO5U7GMSPD7J3WPPL","#3 Solar Wave (BC)","Regular","no_match","","Unknown","No sufficiently specific candidate identified in the two Dynamite catalog files."
"JYBDBSLRM7MBJD7YNRW5Z5LJ","#4 Cone","#4 Cone (Suns)","no_match","","Unknown","No sufficiently specific candidate identified in the two Dynamite catalog files."
"2ZRYMSNE7SUXC3BUQPGZSS6L","#4 Cone","#4 Turbo Flash (Black Cat)","no_match","","Unknown","No sufficiently specific candidate identified in the two Dynamite catalog files."
"XJKWJ2QUGHLISY77XDUXPQP6","#4 Texas Giant Cone","Regular","no_match","","Unknown","No sufficiently specific candidate identified in the two Dynamite catalog files."
"TRIEBHHYA5DFR35IA2XFLZID","#6 Rocket","Regular","no_match","","Unknown","No sufficiently specific candidate identified in the two Dynamite catalog files."
"F6EIOAIYFBSGWP3PKEN7SVCD","#8 Cone","Regular","no_match","","Unknown","No sufficiently specific candidate identified in the two Dynamite catalog files."
"OP4I2X2T6BKOCAUYTPAZ6CLJ","#8 Cone","Regular","no_match","","Unknown","No sufficiently specific candidate identified in the two Dynamite catalog files."
"P3MQGK5WIZM5YW7SIK4CC3YZ","#8 Cone","#8 Cone Generic #1","no_match","","Unknown","No sufficiently specific candidate identified in the two Dynamite catalog files."
"UQ2NKDQND4Y44GQ4K36F7HFF","#8 Cone","#8 Cone Generic #2","no_match","","Unknown","No sufficiently specific candidate identified in the two Dynamite catalog files."
"M3SQAVSS5EO5RBMNDWIOKUA2","#8 Golden Sparkler 6 Pcs-BOGO","Regular","no_match","","Unknown","No sufficiently specific candidate identified in the two Dynamite catalog files."
"OIJ7TSC5JP2IUVH2VMHIEGIM","#8 Pharaoh's Treasure (BC)","Regular","no_match","","Unknown","No sufficiently specific candidate identified in the two Dynamite catalog files."
"6AOFMZL7Z7QDPXT3DX7Y3D2M","#8 Rocket","Regular","no_match","","Unknown","No sufficiently specific candidate identified in the two Dynamite catalog files."
"OU3CLDPZSKPLLSYKQYLJU6RV","#8 Rockets","Regular","no_match","","Unknown","No sufficiently specific candidate identified in the two Dynamite catalog files."
"TBCIHOLYIDHKDKTJC663NQNF","#8 Texas Giant Cone","Regular","no_match","","Unknown","No sufficiently specific candidate identified in the two Dynamite catalog files."
"3WJMCMYZKMPO5XDMP5N3BO3H","1"" Mini Artillery Balls (CE 12 pcs) (Orange Box)","Regular","no_match","","Unknown","No sufficiently specific candidate identified in the two Dynamite catalog files."
"WX7GBZIXZKXMZNUV7AGQX36N","1"" Mini Artillery Shells 12 pcs","Regular","no_match","","Unknown","No sufficiently specific candidate identified in the two Dynamite catalog files."
"HY6JRS42XJTAXSJTLKOJFUQE","10 Ball Assortment Pack","Regular","no_match","","Unknown","No sufficiently specific candidate identified in the two Dynamite catalog files."
"HNBYE6I6SH7A4UHRXRRAFJUH","10 Min White Smoke","Regular","no_match","","Unknown","No sufficiently specific candidate identified in the two Dynamite catalog files."
"YIPN5KCTMVDGIH33DXXZID6U","100 Shot Barrage","Regular","no_match","","Unknown","No sufficiently specific candidate identified in the two Dynamite catalog files."
"DJGW2P764RZFK2JCOQD7IJSZ","100 Shot Magical Barrage","Regular","no_match","","Unknown","No sufficiently specific candidate identified in the two Dynamite catalog files."
"N52HRIF24SHJ6W5XI2UTRROS","100 Shot Magical Shot Barrage","Regular","no_match","","Unknown","No sufficiently specific candidate identified in the two Dynamite catalog files."
"VOJNDZJPMSFCCTEVC3SUOTZC","100 Shot Magical Shot Barrage","100 Shot Barrage Old","no_match","","Unknown","No sufficiently specific candidate identified in the two Dynamite catalog files."
"UFZR2ZDV7SEVEGE4QLRUZXKU","100 Shot Missle","Regular","no_match","","Unknown","No sufficiently specific candidate identified in the two Dynamite catalog files."
"I2K2S2XEXLGV6H2IBNPKGHL2","100 Shot Saturn Missle","Regular","probable","","products.json[46] Saturn Missile Battery 100's / Monkey Mania / /products/saturn-missile-battery-100.png","Name identifies a candidate only; manufacturer and exact presentation have not been established."
"CVQPQGAEURDRAKP55EZVIL6Z","1000 Roll Fire car","Regular","no_match","","Unknown","No sufficiently specific candidate identified in the two Dynamite catalog files."
"3SUE26Q6F6HMGVWFT4GG4SSM","1000 gram display","Regular","no_match","","Unknown","No sufficiently specific candidate identified in the two Dynamite catalog files."
"GKWFBV6MPTRMRUG3PHSI67NB","10000 Bkk Cat FireCrk","Regular","no_match","","Unknown","No sufficiently specific candidate identified in the two Dynamite catalog files."
"T5SHAX3H2SLYWZ3VFB2WBPEK","12 Firecrackers Bogo","Regular","no_match","","Unknown","No sufficiently specific candidate identified in the two Dynamite catalog files."
"ETMPUX6C7EPHRP4US5GCM5JQ","12 Inch Missile","Regular","no_match","","Unknown","No sufficiently specific candidate identified in the two Dynamite catalog files."
"YVHIF5R4TWUQ4TVDXZZYOO4R","12 Inch Missile","Regular","no_match","","Unknown","No sufficiently specific candidate identified in the two Dynamite catalog files."
"2XKEDNBW4SB5HAFPD74TWCQU","12 Pc Big Huge Burst","Regular","no_match","","Unknown","No sufficiently specific candidate identified in the two Dynamite catalog files."
"6W2PMFHVVSUEMCAZEM7CC6FO","12 Pk Neon Smoke Balls","Regular","no_match","","Unknown","No sufficiently specific candidate identified in the two Dynamite catalog files."
"6FFX6S2ZDLIQKFSCCQF57TK7","12 pk magical shots","Regular","no_match","","Unknown","No sufficiently specific candidate identified in the two Dynamite catalog files."
"KBT3SVWZVERXSJWAFP5AQ6OG","12"" XXI Missile","Regular","no_match","","Unknown","No sufficiently specific candidate identified in the two Dynamite catalog files."
"KE6KVYP7DAHPX7TFVFIKUJL7","12"" XXI Missile","12 Missile","no_match","","Unknown","No sufficiently specific candidate identified in the two Dynamite catalog files."
"D3QREITLNP6XJ5AOMNWFP3Y7","12"" XXI Missile","12"" Star Shooter","no_match","","Unknown","No sufficiently specific candidate identified in the two Dynamite catalog files."
"45N4PAZ53P7YTNQENWTOP3XJ","120 Shot Camp Pk","Regular","no_match","","Unknown","No sufficiently specific candidate identified in the two Dynamite catalog files."
"QYAXPQDE2TYNMB7YTYR6PER7","12pc No.10 Gold Sparklers","Regular","no_match","","Unknown","No sufficiently specific candidate identified in the two Dynamite catalog files."
"QXPW5W7TIS6F73NQR2KAHZKR","14"" Morning Glorys- Red Box","Regular","no_match","","Unknown","No sufficiently specific candidate identified in the two Dynamite catalog files."
"6N3R23DAT7C5HMLM4GSIPQUL","16000 Firecracker","Regular","no_match","","Unknown","No sufficiently specific candidate identified in the two Dynamite catalog files."
"TAOG6BC2S6VLWKSKNKOUQG2N","16000 Thunder Bomb Crackert","Regular","no_match","","Unknown","No sufficiently specific candidate identified in the two Dynamite catalog files."
"SU6AOYSN2DG4RQ4GOPTHS2CW","198 Shot Saturn Missle","Regular","no_match","","Unknown","No sufficiently specific candidate identified in the two Dynamite catalog files."
"EVMEMWULGO5FFPZTIZK4RDJJ","2 Color Space Ship 3 Pack","Regular","no_match","","Unknown","No sufficiently specific candidate identified in the two Dynamite catalog files."
"IWBOGXXV5RRGXSNCIMCONMYJ","2 Color Spaceship","Regular","no_match","","Unknown","No sufficiently specific candidate identified in the two Dynamite catalog files."
"O6KNWSDF2BMIHQ37TUXZZLJJ","2 Color Spaceship BOGO","Regular","no_match","","Unknown","No sufficiently specific candidate identified in the two Dynamite catalog files."
"T3AVLYCRGWAKT6BREUWYYAAL","2 Min Extravaganza","Regular","no_match","","Unknown","No sufficiently specific candidate identified in the two Dynamite catalog files."
"K5DWDAJDWJNG6DTWEO5DGLHG","2 Minute Bomb","Regular","no_match","","Unknown","No sufficiently specific candidate identified in the two Dynamite catalog files."
"GXTEUEIENPDZQX225VYUZXIE","2 Minute Finale 500 Gram","Regular","no_match","","Unknown","No sufficiently specific candidate identified in the two Dynamite catalog files."
"2FCJSUCY2M7JKMLZIKJUWXLJ","2 Minute Finale 500 Gram","Regular","no_match","","Unknown","No sufficiently specific candidate identified in the two Dynamite catalog files."
"NPIALSN4V63R3R64QQOCWAML","2 minute bomb","Regular","no_match","","Unknown","No sufficiently specific candidate identified in the two Dynamite catalog files."
"WCBZ5V4BLD2KB7C52VNMEQE2","20 Alarm Fire","Regular","no_match","","Unknown","No sufficiently specific candidate identified in the two Dynamite catalog files."
"GS5Y7ZP4PE7LE5FGYNR5O2YI","20 Clip On Lighters","Regular","no_match","","Unknown","No sufficiently specific candidate identified in the two Dynamite catalog files."
"PHBTZYIQ3GDXQH5VRHBKTPWF","2000 Blk Cat Fire Crk Roll","Regular","no_match","","Unknown","No sufficiently specific candidate identified in the two Dynamite catalog files."
"KLGDXTOQZJLOLLWXZYP77NBO","2000 Special Firecrackers","Regular","no_match","","Unknown","No sufficiently specific candidate identified in the two Dynamite catalog files."
"55OSMECG4FX4FDJNAIZNJLGL","2000 Thunder Bomb Cracker","Regular","no_match","","Unknown","No sufficiently specific candidate identified in the two Dynamite catalog files."
"Y3IFH74XUWEC2U3KZXSXVPQ2","24 Pack Roman Candles","Regular","no_match","","Unknown","No sufficiently specific candidate identified in the two Dynamite catalog files."
"QEODFH2T6BC2CTTMDFAN3ILS","25 Shot Sasturn Missiles","Regular","no_match","","Unknown","No sufficiently specific candidate identified in the two Dynamite catalog files."
"C6GOME5OVCZJNCJAW7LZPB3A","25 Shot Saturn Missile","Regular","no_match","","Unknown","No sufficiently specific candidate identified in the two Dynamite catalog files."
"W6SWRAF35UJN34Q2XJAD7F7V","25 shot cake assortment","Regular","no_match","","Unknown","No sufficiently specific candidate identified in the two Dynamite catalog files."
"4HWFFPKQHZTJ2Q7APAMG44QB","250 Paratroopers","Regular","no_match","","Unknown","No sufficiently specific candidate identified in the two Dynamite catalog files."
"KDP4F2VSPPZOAWWNZM2FQ3EY","3 Artillery Box Deal","Festival Balla","no_match","","Unknown","No sufficiently specific candidate identified in the two Dynamite catalog files."
"P3CCHOLOIHGZVDYAXTMIOVS2","3 Minute Fireworks Barrage","Regular","no_match","","Unknown","No sufficiently specific candidate identified in the two Dynamite catalog files."
"MH57SPBVIQPICVM4BHIMB5O2","3 Minute Fountain","Regular","probable","","products.json[45] 3 MIN / Monkey Mania / /products/3-min.png | products.json[145] 3 Minute Fountain / Black Cat / /products/3-minute-fountain.png","Name identifies a candidate only; manufacturer and exact presentation have not been established."
"O4WED6SQAOYEZX67SYZ7HGIO","300 Saturn Missile","Regular","no_match","","Unknown","No sufficiently specific candidate identified in the two Dynamite catalog files."
"3P62TB7PDFUGMV5XKWM4SPVM","36 "" Gold Sparklers","Regular","no_match","","Unknown","No sufficiently specific candidate identified in the two Dynamite catalog files."
"IV3BJZUIFVT2PF6ZZBU334X3","36 Inch Wedding Sparklers","Regular","no_match","","Unknown","No sufficiently specific candidate identified in the two Dynamite catalog files."
"3BDVG5QR2QCQYDOZXHCWB2KF","36"" Gold Sparklers","Regular","no_match","","Unknown","No sufficiently specific candidate identified in the two Dynamite catalog files."
"KIIXD2PHKQRWSEL2DVRTHH3R","36"" Morning Glory","Regular","no_match","","Unknown","No sufficiently specific candidate identified in the two Dynamite catalog files."
"26PMZRVOBXZHMDNDBZNLSSG4","36"" Morning Glorys","Regular","no_match","","Unknown","No sufficiently specific candidate identified in the two Dynamite catalog files."
"FSLILKVUEZUCBWTLHGZ7G3DC","36' Gold Sparklers","Regular","no_match","","Unknown","No sufficiently specific candidate identified in the two Dynamite catalog files."
"FVAI2736O6VVNLFZFUR5OMO6","36' Gold Sparklers","36 Inch Gold Sparklers","no_match","","Unknown","No sufficiently specific candidate identified in the two Dynamite catalog files."
"6XG66I5GX3TNWFSJGITBLXWB","4 Assort Effect 10 Ball 12 Pack","Regular","no_match","","Unknown","No sufficiently specific candidate identified in the two Dynamite catalog files."
"5O66QKT6BJQUWDBZEA64YIJ4","4 Pk Mini Snow Cones","Regular","probable","","products.json[114] Snow Cone / Winda / /products/snow-cone.png","Name identifies a candidate only; manufacturer and exact presentation have not been established."
"UJB7SIMZIOZNZYMFLLYRB6ZH","40"" Mammoth Day Parachute","Regular","no_match","","Unknown","No sufficiently specific candidate identified in the two Dynamite catalog files."
"6PNXNZLUJTEFB4LXCTIWWKE5","4pc Assortments 9"" Fountain","Regular","no_match","","Unknown","No sufficiently specific candidate identified in the two Dynamite catalog files."
"GYJNBMUQGW2TG3B67MHZX6RI","4pk Parachute","Regular","no_match","","Unknown","No sufficiently specific candidate identified in the two Dynamite catalog files."
"H5K3WTYZMTO4M7553I3M5UYE","4th Of July Backpack","Regular","no_match","","Unknown","No sufficiently specific candidate identified in the two Dynamite catalog files."
"A5YBHLDEGL7OUC573GBEWPRD","4th of July Pack","Regular","no_match","","Unknown","No sufficiently specific candidate identified in the two Dynamite catalog files."
"QGRX3L4LF562QHPZHUWFHRV5","4x 3157/3156 High Power 7W Turn Signal Tail Brake Stop Car LED Bulbs (Amber/Yellow)","Regular","conflict","","Unknown","Item name describes automotive LED bulbs but Square category says Roman Candles; identity is corrupt, do not publish."
"4TA643RIR37SKN2TGQC4TVAG","4x 3157/3156 High Power 7W Turn Signal Tail Brake Stop Car LED Bulbs (Amber/Yellow)","12/10 ball roman candle","conflict","","Unknown","Automotive LED-bulb item name conflicts with roman-candle variation and category; identity requires correction."
"6LV6YJMXWXIGBPXYPBYYMKIK","5 Inch Megabanger Professional Shells","Regular","no_match","","Unknown","No sufficiently specific candidate identified in the two Dynamite catalog files."
"A6IN5BBRQ524DUHM5XIK22KD","6 3"" Parachutes","Regular","no_match","","Unknown","No sufficiently specific candidate identified in the two Dynamite catalog files."
"ARNCHSF72M2PGKYULV37DMUW","6 pc Artillery Shells Assorted","Regular","no_match","","Unknown","No sufficiently specific candidate identified in the two Dynamite catalog files."
"ZX3TJ5FTJU4TSBNYYZ25OE5P","6 pc Artillery Shells Assorted","Whistling Buster","no_match","","Unknown","No sufficiently specific candidate identified in the two Dynamite catalog files."
"DEGTDLAZWR5MFPTCN24C5MYW","6 pc Artillery Shells Assorted","Crackling","no_match","","Unknown","No sufficiently specific candidate identified in the two Dynamite catalog files."
"6LYJJH3ROCZPE5B25EYQFT2X","60 Infinity","Regular","no_match","","Unknown","No sufficiently specific candidate identified in the two Dynamite catalog files."
"G4RPL673CZVIZPHF3JQIYTAV","6ct Texas Size Rocket","Regular","no_match","","Unknown","No sufficiently specific candidate identified in the two Dynamite catalog files."
"WWS64AP47VXXTHHYX3D2E5Z2","6pc 10 ball roman candle","Regular","no_match","","Unknown","No sufficiently specific candidate identified in the two Dynamite catalog files."
"IV465BAKK2EAWD5TK3S32FRX","6pc Artillery Shells: Huge Color Bursts","Regular","no_match","","Unknown","No sufficiently specific candidate identified in the two Dynamite catalog files."
"67Q5FTM7ANPDPMG4XUHW74DF","7 Disposable Lighters","Regular","no_match","","Unknown","No sufficiently specific candidate identified in the two Dynamite catalog files."
"PAYQMSSER3UY2TBKFB63PVI7","7"" Defender Missile","Regular","no_match","","Unknown","No sufficiently specific candidate identified in the two Dynamite catalog files."
"XPH7RXILMQOK6PZWGNZX3SL5","750s Saturn Missile Battery","Regular","no_match","","Unknown","No sufficiently specific candidate identified in the two Dynamite catalog files."
"CJQNGWS3JU5HZJQ2XSK62B43","750s Saturn Missile Battery","750 Shot","no_match","","Unknown","No sufficiently specific candidate identified in the two Dynamite catalog files."
"XDY67L6KGJ3UDL576VIBRNUO","8 Inch Missle","Regular","no_match","","Unknown","No sufficiently specific candidate identified in the two Dynamite catalog files."
"KVJM6GNGZVNLT2VHSMPTYOEQ","8"" color sparklers","Regular","no_match","","Unknown","No sufficiently specific candidate identified in the two Dynamite catalog files."
"H5ODOFIVBLH5KHPX3NEZ6ROR","8000 Thunder Bomb Cracker","Regular","no_match","","Unknown","No sufficiently specific candidate identified in the two Dynamite catalog files."
"BXB6IDEAWPODTC7JWB3OGSL2","96 Shot Color Pearl","Regular","no_match","","Unknown","No sufficiently specific candidate identified in the two Dynamite catalog files."
"PI4EHRNLTIX3BTAGFZUATH7S","A Legacy Of Liberty 250 Years 500g","Regular","no_match","","Unknown","No sufficiently specific candidate identified in the two Dynamite catalog files."
"YFAWGJZFEI4UUOC7GCETC7FX","A Million Missles","Regular","no_match","","Unknown","No sufficiently specific candidate identified in the two Dynamite catalog files."
"VP5CG67K35FAOWJPZ7IWO4KN","AK-47 FOUNTAIN","Regular","no_match","","Unknown","No sufficiently specific candidate identified in the two Dynamite catalog files."
"4CG65TCNMRJDOS6ZNDPNVF2L","AK-47 Fountain","Regular","no_match","","Unknown","No sufficiently specific candidate identified in the two Dynamite catalog files."
"DJGH4MOSEAF477EDNI4PRQ4O","Above The Law Family Pack BC","Regular","no_match","","Unknown","No sufficiently specific candidate identified in the two Dynamite catalog files."
"A3TTFCDNXBESWGPAC4RVRVLA","Absolute Pyro","Regular","no_match","","Unknown","No sufficiently specific candidate identified in the two Dynamite catalog files."
"DVBX6GI2QDAKB3AOFVTXGCXS","Action Zone Family Pack","Regular","confirmed","action-zone","products.json[56] Action Zone / Monkey Mania / /products/action-zone.png","Square family-pack presentation, source Monkey Mania packaging and approved Rockwall image identify the same assortment; existing ID and assets retained."
"GPZVXC3S5TOL4YDFTGF2GZYP","Adult Snaps Bogo","Regular","no_match","","Unknown","No sufficiently specific candidate identified in the two Dynamite catalog files."
"YJIFUP2KPQJDBACJJP43G5SD","Aerojet (4 sticks)","Regular","no_match","","Unknown","No sufficiently specific candidate identified in the two Dynamite catalog files."
"SRP2KXXSRJ5ZLRYNRYPEYTA3","Aggression","Regular","no_match","","Unknown","No sufficiently specific candidate identified in the two Dynamite catalog files."
"4334FNRTII6SMFRXQN7MAUHA","Air Force One Rocket (5 sticks)","Regular","no_match","","Unknown","No sufficiently specific candidate identified in the two Dynamite catalog files."
"ASHLE2YBKFSZNM63ILNCUD23","Air Power 5"" Artillery Shells 24 pack","Regular","no_match","","Unknown","No sufficiently specific candidate identified in the two Dynamite catalog files."
"M5WL2GWBEX24UFCMOYR2IV5P","Alien Attack 500 Gram","Regular","no_match","","Unknown","No sufficiently specific candidate identified in the two Dynamite catalog files."
"WCIPTN2Z22OBJCOSXXECSVFO","Alien Attack 500 Gram","Regular","no_match","","Unknown","No sufficiently specific candidate identified in the two Dynamite catalog files."
"V6MU7TUWULGKPYU6OK3YD6HQ","Alien Invasion 6"" Artillery Shells 24 Pack","Regular","no_match","","Unknown","No sufficiently specific candidate identified in the two Dynamite catalog files."
"XYXKR3DJY6RHOJASSPK5TYT5","All Star Pack","Regular","no_match","","Unknown","No sufficiently specific candidate identified in the two Dynamite catalog files."
"XDBTTK6XNQUZN7Y5OLEMK7P4","Always Remember","Regular","no_match","","Unknown","No sufficiently specific candidate identified in the two Dynamite catalog files."
"P4V5UWFOA4QKR7HDTQ2Y7NTA","America Enduring ","Regular","no_match","","Unknown","No sufficiently specific candidate identified in the two Dynamite catalog files."
"NNRAJOMOO6QMDDNVRN3MLQ2G","America First","Regular","probable","","products.json[9] America First / Raccoon / /products/america-first.png","Name identifies a candidate only; manufacturer and exact presentation have not been established."
"OV5PX3WTPYLU7UAQX5H6BZWS","America Forever","Regular","no_match","","Unknown","No sufficiently specific candidate identified in the two Dynamite catalog files."
"NX53FTYFRKZQY6WLTR2DY3WJ","American Anthem","Regular","no_match","","Unknown","No sufficiently specific candidate identified in the two Dynamite catalog files."
"MUGZGXIY22XE4VAAZZ7DVGMW","American Celebration Fountain","Regular","no_match","","Unknown","No sufficiently specific candidate identified in the two Dynamite catalog files."
"F4VHERHXUEKP2V34SZ4UB66R","American Freedom Train ","Regular","no_match","","Unknown","No sufficiently specific candidate identified in the two Dynamite catalog files."
"EJ67OI6GG3MOJJGKU6K6YPHX","American Pride Fountain","Regular","no_match","","Unknown","No sufficiently specific candidate identified in the two Dynamite catalog files."
"LXNCB5NMJNLAI6CU2C6JBNAC","American Spirit Show","Regular","no_match","","Unknown","No sufficiently specific candidate identified in the two Dynamite catalog files."
"QF4SJO5A26QPFJ3INJVAWKZB","American Wildcard 200G","Regular","no_match","","Unknown","No sufficiently specific candidate identified in the two Dynamite catalog files."
"LDTQWSGU6QA5LY4GLQ53WWQY","Americana 500 Gram","Regular","no_match","","Unknown","No sufficiently specific candidate identified in the two Dynamite catalog files."
"CP7RE6RLLTS5YYWJJ5KWFDGD","Americas best snappers","Regular","no_match","","Unknown","No sufficiently specific candidate identified in the two Dynamite catalog files."
"XEHFK3MLUWNJO53ONKR3COLJ","Ant Chant","Regular","probable","","products.json[17] Ant Chant / Raccoon / /products/ant-chant.png","Name identifies a candidate only; manufacturer and exact presentation have not been established."
"MYCY5YAXU47YAWMJR6OTMGPJ","Armadillo Fountain","Regular","no_match","","Unknown","No sufficiently specific candidate identified in the two Dynamite catalog files."
"P4ESCHPHWPNNEQAO7CBR4SHE","Armed Forces 2.0","Regular","conflict","","products.json[13] Armed forces / Raccoon / /products/armed-forces.png","Armed Forces generation/pack differs or is unspecified; source metadata says Raccoon but photographed branding says World Class. Do not conflate 2.0–6.0 or a three-pack."
"MZZ52RLGSBVYWVGTZBM3WP3A","Armed Forces 3.0","Regular","conflict","","products.json[13] Armed forces / Raccoon / /products/armed-forces.png","Armed Forces generation/pack differs or is unspecified; source metadata says Raccoon but photographed branding says World Class. Do not conflate 2.0–6.0 or a three-pack."
"VW3Z4UDV6D74A3TIQ7L7S2PY","Armed Forces 4.0","Regular","conflict","","products.json[13] Armed forces / Raccoon / /products/armed-forces.png","Armed Forces generation/pack differs or is unspecified; source metadata says Raccoon but photographed branding says World Class. Do not conflate 2.0–6.0 or a three-pack."
"4XFR7CLMTWG34WHO72ZRFLRW","Armed Forces 5.0","Regular","conflict","","products.json[13] Armed forces / Raccoon / /products/armed-forces.png","Armed Forces generation/pack differs or is unspecified; source metadata says Raccoon but photographed branding says World Class. Do not conflate 2.0–6.0 or a three-pack."
"SMSO6AXTYFGVVTIJOT2FOHFG","Armed Forces 500 G","Regular","conflict","","products.json[13] Armed forces / Raccoon / /products/armed-forces.png","Armed Forces generation/pack differs or is unspecified; source metadata says Raccoon but photographed branding says World Class. Do not conflate 2.0–6.0 or a three-pack."
"TLWMARRYOFXJBZJWZIHCNGBA","Armed Forces 6.0","Regular","conflict","","products.json[13] Armed forces / Raccoon / /products/armed-forces.png","Armed Forces generation/pack differs or is unspecified; source metadata says Raccoon but photographed branding says World Class. Do not conflate 2.0–6.0 or a three-pack."
"Y4SXCZVSAVHO2GCBJYKJPQZO","Arms Depot 4"" Artillery Shells 16 pack","Regular","no_match","","Unknown","No sufficiently specific candidate identified in the two Dynamite catalog files."
"5XZWDB3GDSY4KFRZGEOLUX2U","Army Issue Grenades","Regular","no_match","","Unknown","No sufficiently specific candidate identified in the two Dynamite catalog files."
"T625WGBZWWYVCCKWJQXTUQAZ","Artificial Satellite 12 Ct","Regular","no_match","","Unknown","No sufficiently specific candidate identified in the two Dynamite catalog files."
"TTQLPUHZV4KBK3ZBZYTFFCOS","Artificial Satellites Bogo","Regular","no_match","","Unknown","No sufficiently specific candidate identified in the two Dynamite catalog files."
"PFM347B2GJEBEXQEMR545CKS","Artillery Shell","Regular","no_match","","Unknown","No sufficiently specific candidate identified in the two Dynamite catalog files."
"JKA7CKPRGWO7RXNGENDKELON","Artillery Shells (Boomer 6 pcs) (Black Box)","Regular","no_match","","Unknown","No sufficiently specific candidate identified in the two Dynamite catalog files."
"DTIZFT2E72RKGH2NKDOLRBDD","Artillery Shells (MM 6 pcs) (Black Box)","Regular","no_match","","Unknown","No sufficiently specific candidate identified in the two Dynamite catalog files."
"KS3WIQC7PRDYQQCOWJTAGXZ5","Assorted Fountain I","Regular","no_match","","Unknown","No sufficiently specific candidate identified in the two Dynamite catalog files."
"DNIEAW7XOSEWEYTAS775EKEY","Assorted Fountain II","Regular","no_match","","Unknown","No sufficiently specific candidate identified in the two Dynamite catalog files."
"2U44ZS5P6EKYO7OV7MODRTLK","Assorted Fountain III","Regular","no_match","","Unknown","No sufficiently specific candidate identified in the two Dynamite catalog files."
"7LUO3VYYP77HCIOYYFIT3BYA","Assorted Fountain IV","Regular","no_match","","Unknown","No sufficiently specific candidate identified in the two Dynamite catalog files."
"22UELNC5XMR2TK3DDX6EWAAO","Assorted Smoke 4 Pieces Colo","Regular","no_match","","Unknown","No sufficiently specific candidate identified in the two Dynamite catalog files."
"2EMXWPZ26FAUW5BA65KVXUKS","Atlantic Liftoff 4 Pack","Regular","no_match","","Unknown","No sufficiently specific candidate identified in the two Dynamite catalog files."
"5FGW7K44ZLKLWCCNLF46GVBU","Atom Bomb","Regular","no_match","","Unknown","No sufficiently specific candidate identified in the two Dynamite catalog files."
"WY6IKUMGETEASD73VPPZ7MW4","Atomic Fireball 500 Gram 51 Shot","Regular","no_match","","Unknown","No sufficiently specific candidate identified in the two Dynamite catalog files."
"L3RQWHODOW4DTUU5YRLV3EC7","Avalanche 200 G","Regular","confirmed","avalanche","products.json[151] Avalanche / Winda / /products/avalanche.png","Distinctive name and 200-gram classification agree between Square and the Winda package; Warning Avalanche Ahead 500 gram is a different product and excluded from this match."
"WEQRBF4GHTPAJWQGHPHFFC5J","BC 1000 Firecracker Roll RWB BOGO","Regular","no_match","","Unknown","No sufficiently specific candidate identified in the two Dynamite catalog files."
"6CSS3ISX42RRXQQ2MENLSZC6","BC 8000 Firecracker","Regular","no_match","","Unknown","No sufficiently specific candidate identified in the two Dynamite catalog files."
"FOCSC6IBOIVACCWHZTLBLZQT","BC Little Dynamite RWB BOGO","Regular","no_match","","Unknown","No sufficiently specific candidate identified in the two Dynamite catalog files."
"U3PPF3HY5PVYEJ3EA2TQTIWV","BC Missile Base 100 Shot","Regular","no_match","","Unknown","No sufficiently specific candidate identified in the two Dynamite catalog files."
"K7LGOK3VETTHC3B4FVUAAFDY","BC Pro 8"" XXL Canister Shells 24ct","Regular","no_match","","Unknown","No sufficiently specific candidate identified in the two Dynamite catalog files."
"YDY6DLZFEDXO5ONL2ZCVMVQB","Baby Boy 12 Shots--Blue","Regular","no_match","","Unknown","No sufficiently specific candidate identified in the two Dynamite catalog files."
"64B7IEPPO6WBABC24VSHNYKB","Baby Girl 12 Shots-Pink","Regular","no_match","","Unknown","No sufficiently specific candidate identified in the two Dynamite catalog files."
"SZDGLTRVCWG4HBUU3DVAIC43","Back Off 200 Gram 16 Shot","Regular","no_match","","Unknown","No sufficiently specific candidate identified in the two Dynamite catalog files."
"2BR2UEEEH65IBA7ISTM7J27E","Ballerina Ball","Regular","no_match","","Unknown","No sufficiently specific candidate identified in the two Dynamite catalog files."
"AREZ7BUJBZVK2OEMOVNEZLRN","Bamboozle 500 Gram","Regular","no_match","","Unknown","No sufficiently specific candidate identified in the two Dynamite catalog files."
"57DECKRO7MDG7677XMRI6MNV","Banana Cracko Assortment Pack","Regular","no_match","","Unknown","No sufficiently specific candidate identified in the two Dynamite catalog files."
"5WOBUE3YYS4WYVYLWDNIR7WP","Band Of Brothers","Regular","no_match","","Unknown","No sufficiently specific candidate identified in the two Dynamite catalog files."
"C2C7EL6NNRTZWJT3IFXTDJMD","Bang Bros","Regular","no_match","","Unknown","No sufficiently specific candidate identified in the two Dynamite catalog files."
"TCFS7DODQT6FOX5OZPYXNCX3","Battle Cry","Regular","no_match","","Unknown","No sufficiently specific candidate identified in the two Dynamite catalog files."
"OXROLOESSRJH2XC6XMZC7UJ3","Beware 500 Gram","Regular","no_match","","Unknown","No sufficiently specific candidate identified in the two Dynamite catalog files."
"ALYGOFAKRFQEAIMKXDLUL3Y7","Big Brother Family Pack 825 Shots","Regular","no_match","","Unknown","No sufficiently specific candidate identified in the two Dynamite catalog files."
"4UDECG7T6TXR37II5JLGEPWG","Big City Display Family Pack","Regular","no_match","","Unknown","No sufficiently specific candidate identified in the two Dynamite catalog files."
"QNJZYSS4LXEZ7GZZTMHYM6MT","Big Gun","Regular","no_match","","Unknown","No sufficiently specific candidate identified in the two Dynamite catalog files."
"DDPQ6MPSO2E3DLTPJTFGMOWN","Big Mudder","Regular","no_match","","Unknown","No sufficiently specific candidate identified in the two Dynamite catalog files."
"4TH237NF56TPMUBWACH7JUXN","Big N Bad (6 sticks)","Regular","no_match","","Unknown","No sufficiently specific candidate identified in the two Dynamite catalog files."
"BNWVUD62G4H3RHAG6WM5WJ7D","Big Top","Regular","probable","","products.json[70] Big Top / Brothers / products/big-top.png","Name identifies a candidate only; manufacturer and exact presentation have not been established."
"YWUCGQYY4FAJPWF6EZQKVZZM","Big Win","Regular","no_match","","Unknown","No sufficiently specific candidate identified in the two Dynamite catalog files."
"EVDWR5AUPPHH6HMALH6YPL7H","Biker (Small)","Regular","no_match","","Unknown","No sufficiently specific candidate identified in the two Dynamite catalog files."
"BUMXMJPSJYVZURKWZNIUYRFH","Billy's Big Blast-78 Shots","Regular","no_match","","Unknown","No sufficiently specific candidate identified in the two Dynamite catalog files."
"63W6GHULIGTKDUDEOJI2ATNP","Black Cat 1000ct Firecracker","Regular","no_match","","Unknown","No sufficiently specific candidate identified in the two Dynamite catalog files."
"HPRUK354SRZV3EBF6JC7ZQ3N","Black Cat 100ct BOGO","Regular","no_match","","Unknown","No sufficiently specific candidate identified in the two Dynamite catalog files."
"XVLRJSMAMPAD5I2SPFLPZBDH","Black Cat 100ct BOGO","Brick","no_match","","Unknown","No sufficiently specific candidate identified in the two Dynamite catalog files."
"TFRD5P7HBFY2P3RJRCMINLOG","Black Cat 16000 Roll","Regular","no_match","","Unknown","No sufficiently specific candidate identified in the two Dynamite catalog files."
"FGFX64NVIPVVGVKKJOLPICWS","Black Cat 300 Count BOGO","Regular","no_match","","Unknown","No sufficiently specific candidate identified in the two Dynamite catalog files."
"EZEGN4ZQNUKUAOTPHA7TRQOD","Black Cat 300 Count BOGO","300","no_match","","Unknown","No sufficiently specific candidate identified in the two Dynamite catalog files."
"PJKIMAXNIM5ZCOSCTTQD3UFL","Black Cat 400 count firecracker","Regular","no_match","","Unknown","No sufficiently specific candidate identified in the two Dynamite catalog files."
"YSCA5EM7QBGQ26342HWEVWIJ","Black Cat 4000","Regular","no_match","","Unknown","No sufficiently specific candidate identified in the two Dynamite catalog files."
"WE4BJSDDQ2RUISDGUILR7WWQ","Black Cat 4ct Fountain","Regular","no_match","","Unknown","No sufficiently specific candidate identified in the two Dynamite catalog files."
"VXHKPOAYSSTE6SOAD6R25KBA","Black Cat 4ct Fountain","Peach Tree","no_match","","Unknown","No sufficiently specific candidate identified in the two Dynamite catalog files."
"7MTLDJ3YMV2C7PZJXGG3ABI5","Black Cat 4ct Fountain","Gold & Silver","no_match","","Unknown","No sufficiently specific candidate identified in the two Dynamite catalog files."
"XRRJMRH6BO7MXAGCWIFAMRR2","Black Cat 4ct Fountain","Blue Ice","no_match","","Unknown","No sufficiently specific candidate identified in the two Dynamite catalog files."
"KEJ65JHKO6PDZGY3TF5HPABB","Black Cat 4ct Fountain","Green Garden","no_match","","Unknown","No sufficiently specific candidate identified in the two Dynamite catalog files."
"SZ5GTVLHSQZHQZF36S76IXVT","Black Cat 4ct Fountain","Black Cat 6 In Fountain","no_match","","Unknown","No sufficiently specific candidate identified in the two Dynamite catalog files."
"OLNNUWLN4NHN3YLZG3GE2IL2","Black Cat 5"" Artillery Shells 24 pack","Regular","no_match","","Unknown","No sufficiently specific candidate identified in the two Dynamite catalog files."
"OHKV5B66T3AXTW7D5M5EMGGO","Black Cat 500ct Firecracker","Regular","no_match","","Unknown","No sufficiently specific candidate identified in the two Dynamite catalog files."
"QQYB6NNR36NTVUWQKAVKSFLH","Black Cat 50ct BOGO","Regular","no_match","","Unknown","No sufficiently specific candidate identified in the two Dynamite catalog files."
"HMO2P2U3P7TTHFJPMZIWTUIM","Black Cat 72 ct morning glory hole","Regular","no_match","","Unknown","No sufficiently specific candidate identified in the two Dynamite catalog files."
"ZJCPCWGRIODBVZMR7O2VBAP7","Black Cat Cat Eyes- Spinners","Regular","no_match","","Unknown","No sufficiently specific candidate identified in the two Dynamite catalog files."
"UXME6WAPLY5YYCNEMRWPYOG2","Black Cat Celebrate America","Regular","no_match","","Unknown","No sufficiently specific candidate identified in the two Dynamite catalog files."
"OFSRHJBV5QEQRPP54T36Q6YH","Black Cat Diablo 5"" Artillery Shells 24 pack","Regular","confirmed","diablo","products.json[137] Diablo 24 / Black Cat / /products/diablo-24.png","Square Black Cat 5-inch 24-pack matches source and approved Rockwall package; existing ID and assets retained."
"IMSHHADLXVKXXU4KWSCGVL7P","Black Cat Firecracker 200ct BOGO","Regular","no_match","","Unknown","No sufficiently specific candidate identified in the two Dynamite catalog files."
"OQJ3UJAOXFEFEAN2NRWD3BCT","Black Cat Firework Fiesta-96 Shots","Regular","no_match","","Unknown","No sufficiently specific candidate identified in the two Dynamite catalog files."
"2CAQEPKBJEJ3RLNNXOSPI2WJ","Black Cat Fountain","Regular","no_match","","Unknown","No sufficiently specific candidate identified in the two Dynamite catalog files."
"Z42WT7QYMWVQSGSLZELGXT3L","Black Cat Fountain Assortment","Regular","no_match","","Unknown","No sufficiently specific candidate identified in the two Dynamite catalog files."
"N6QN4FBEXWHAXX7QJIWZPTS3","Black Cat Gold EditionFamily Pack","Regular","no_match","","Unknown","No sufficiently specific candidate identified in the two Dynamite catalog files."
"JIYCGITHI56QQJBAUNYZA4EJ","Black Cat Heritage","Regular","no_match","","Unknown","No sufficiently specific candidate identified in the two Dynamite catalog files."
"FKOTG65DY2KEAIG72E6ZQNZX","Black Cat Little Dynamite 100ct BOGO","Regular","no_match","","Unknown","No sufficiently specific candidate identified in the two Dynamite catalog files."
"SBY3GLLCOXVL5YHSAJRZUXAU","Black Cat Neon Diablo 5"" Artillery Shells 24 pack","Regular","confirmed","neon-diablo-24-pack","products.json[123] Neon Diablo 24 / Black Cat / /products/neon-diablo-24.png","Square explicitly names Black Cat, 5-inch and 24 pack. All are visible in source packaging. Square 6-pack row is deliberately not mapped."
"2KTUHO3OXXDII2FN5JZYRHC5","Black Cat Neon Diablo 5"" Artillery Shells 6 Pack","Regular","conflict","","Unknown","Square Neon Diablo is a 6-pack; source is a 24-pack. A matching 6-pack image is needed."
"HJGHH3DSBQ3WC6ZCQID7J7VX","Black Cat Neon Sparkler Special 5 Ct","Regular","no_match","","Unknown","No sufficiently specific candidate identified in the two Dynamite catalog files."
"IGYZ3FSCVEQTCHU556SVQHRY","Black Cat Neon Sparkler Special 5 Ct","Black Cat Neon Sparklers- Waterfall","no_match","","Unknown","No sufficiently specific candidate identified in the two Dynamite catalog files."
"TT2SFUZFZHFHXAQHVH2RAWZM","Black Cat Night Display","Regular","no_match","","Unknown","No sufficiently specific candidate identified in the two Dynamite catalog files."
"EROQU5GO4XDUEGIESZCKSHZE","Black Cat Party Pack 4 Family Pack","Regular","no_match","","Unknown","No sufficiently specific candidate identified in the two Dynamite catalog files."
"5C7IFQOUCWYTXJGISORCIBWN","Black Cat The Patriot 6"" Artillery Shells 24 Pack","Regular","confirmed","the-patriot-24-pack","products.json[146] The Patriot / Black Cat / /products/the-patriot.png","Square explicitly names Black Cat, 6-inch and 24 pack; photographed package says The Patriot, 6-inch shells and twenty-four canisters."
"C7MGH6L5OBMU2I7P6XRLCCYG","Black Cat combo Cakes","Regular","no_match","","Unknown","No sufficiently specific candidate identified in the two Dynamite catalog files."
"BZQJPONZCT2MQBG76DYRMSJE","Black Hole 500 Gram","Regular","no_match","","Unknown","No sufficiently specific candidate identified in the two Dynamite catalog files."
"W4JMTKXNQYUCIQGHZXDJTKTO","Black Panther Artillery Shell","Regular","no_match","","Unknown","No sufficiently specific candidate identified in the two Dynamite catalog files."
"6DL57LCVLHNNTMKWBBIYB6Z5","Black Snakes BOGO","Regular","no_match","","Unknown","No sufficiently specific candidate identified in the two Dynamite catalog files."
"EKGYPF5RGKPY6227FPL5HPLT","Blackcat 3 For 1","Regular","no_match","","Unknown","No sufficiently specific candidate identified in the two Dynamite catalog files."
"XLO7UDEHBHTQYPEROBAO3RV4","Blood Money","Regular","no_match","","Unknown","No sufficiently specific candidate identified in the two Dynamite catalog files."
"ETH2MEGPLHKWN4TS6CS66Q62","Bloom Flower","Regular","probable","","products.json[61] Ground Bloom Flower / Monkey Mania / /products/ground-bloom-flower.png","Name identifies a candidate only; manufacturer and exact presentation have not been established."
"UX7ODRUBPQVD2EVNWRTBHVVI","Bombas De LA Muerte 6"" Artillery Shells","Regular","no_match","","Unknown","No sufficiently specific candidate identified in the two Dynamite catalog files."
"YNSK72CWCAZMY3Q742YZ2IA7","Bomber BOGO","Regular","no_match","","Unknown","No sufficiently specific candidate identified in the two Dynamite catalog files."
"IWVVH23KXDAYSNRMLFAU5XK2","Bombing Mission 200g","Regular","no_match","","Unknown","No sufficiently specific candidate identified in the two Dynamite catalog files."
"6GOZMNTKVUSLC6RHAW33N3KD","Bones","Regular","no_match","","Unknown","No sufficiently specific candidate identified in the two Dynamite catalog files."
"Q342ESYA7XRFLJBOFQWVWPAM","Bones \ Skull","Regular","no_match","","Unknown","No sufficiently specific candidate identified in the two Dynamite catalog files."
"NNYMAKIN6Z6PSP5AUYS4DUXN","Bones \ Skull","Skull Fountain","no_match","","Unknown","No sufficiently specific candidate identified in the two Dynamite catalog files."
"IGG6JYTEMGHDBF5V5HAML3QY","Born Leaders","Regular","no_match","","Unknown","No sufficiently specific candidate identified in the two Dynamite catalog files."
"65OBLYIPE2NFJEMIMLWNUB7C","Boy Or Girl","Regular","probable","","gender-reveal.json[3] Boy or Girl / Unknown / /products/boy-or-girl.png","Name identifies a candidate only; manufacturer and exact presentation have not been established."
"GUHP7YBGQBP6QBDGNRLZD6PI","Brave Eagle","Regular","no_match","","Unknown","No sufficiently specific candidate identified in the two Dynamite catalog files."
"B3H4JUEABU6IQNEHHP3NSP7B","Break Of Dawn Roman Candles (4 Pk/5 Big Shots)","Regular","no_match","","Unknown","No sufficiently specific candidate identified in the two Dynamite catalog files."
"LC3DT2FV6CELZXJO3R6PA5GY","Break The Rules 6"" Artillery Shells 6 Pack","Regular","no_match","","Unknown","No sufficiently specific candidate identified in the two Dynamite catalog files."
"7M2D3I5NCBOZXHSWT4EKOIEH","Brothers Container Load","Regular","no_match","","Unknown","No sufficiently specific candidate identified in the two Dynamite catalog files."
"4RRYVZ5ZPMQBRZZ3G5LM7S6L","Bucket Of Fun Family Pack","Regular","no_match","","Unknown","No sufficiently specific candidate identified in the two Dynamite catalog files."
"CGWOHHQGU7JBE2J5CGXROKAI","Bucket o Fun Assortment","Regular","no_match","","Unknown","No sufficiently specific candidate identified in the two Dynamite catalog files."
"GD57R3MMQSLWM4HWGJGAKPWL","Bumble Bees","Regular","no_match","","Unknown","No sufficiently specific candidate identified in the two Dynamite catalog files."
"IY6MWRW7CYTAK7UCS62P2V47","Bumpin Trumpin 500 Gram 42 Shots","Regular","no_match","","Unknown","No sufficiently specific candidate identified in the two Dynamite catalog files."
"NVV6Y56O2YNTT3EEODY3VB6U","Bustin Balls","Regular","no_match","","Unknown","No sufficiently specific candidate identified in the two Dynamite catalog files."
"VO47WF5A2JD5HOT74KZ743W4","CE 100","Regular","no_match","","Unknown","No sufficiently specific candidate identified in the two Dynamite catalog files."
"PNEATVLI5R2PZV4VZYILIJRB","CE-DC 500 Gram 30 Shot","Regular","no_match","","Unknown","No sufficiently specific candidate identified in the two Dynamite catalog files."
"EEB6GYW6OKUONPAP7CIMSVUX","CEO Family Pack Assortment","Regular","no_match","","Unknown","No sufficiently specific candidate identified in the two Dynamite catalog files."
"YBTSQXW5MJG6UTYHOSOYIBRG","Call The Cops 200G","Regular","no_match","","Unknown","No sufficiently specific candidate identified in the two Dynamite catalog files."
"7KHVOFXS6SBVFD3SWNDZTBNE","Cameleon 5"" Artillery Shells 24 pack","Regular","no_match","","Unknown","No sufficiently specific candidate identified in the two Dynamite catalog files."
"Y7JONQCQHQJOPPQHB5DNKGSE","Camo Blast 4"" Artillery Shells 24 Pack","Regular","no_match","","Unknown","No sufficiently specific candidate identified in the two Dynamite catalog files."
"YQ5XSAV4O7JC4DVQKJAPRWIR","Camo Smoke","Regular","no_match","","Unknown","No sufficiently specific candidate identified in the two Dynamite catalog files."
"BZM75VLS7V57JD3765BT6ND4","Canopus","Regular","no_match","","Unknown","No sufficiently specific candidate identified in the two Dynamite catalog files."
"RGD7OXT4MUNLMZKZWWNOE6YH","Capella","Regular","no_match","","Unknown","No sufficiently specific candidate identified in the two Dynamite catalog files."
"4BECHQGPMIFJ2I3VL7Q6BJWV","Captain Sam 500 Gram","Regular","no_match","","Unknown","No sufficiently specific candidate identified in the two Dynamite catalog files."
"AQNB2RNRDBP7KRY6KJDU52TF","Castaway 500 Gram 36 Shots","Regular","no_match","","Unknown","No sufficiently specific candidate identified in the two Dynamite catalog files."
"2E2Q275KE2HTKEBVXFMTTI3B","Celebration","Regular","no_match","","Unknown","No sufficiently specific candidate identified in the two Dynamite catalog files."
"5SOYZ27LJ73CYTCXGVI6XIJN","Centauri","Regular","no_match","","Unknown","No sufficiently specific candidate identified in the two Dynamite catalog files."
"LYFTBDX6SYEMIV5CPX2ISXGE","Charm Fountain","Regular","no_match","","Unknown","No sufficiently specific candidate identified in the two Dynamite catalog files."
"HD3E2RE4OCT4P6HVCZ6EKZLJ","Chick Stick Pink Smoke","Regular","no_match","","Unknown","No sufficiently specific candidate identified in the two Dynamite catalog files."
"CKV2SHWIY7BXZPYD5Q3VLVYA","Chicken Balloon Bogo","Regular","no_match","","Unknown","No sufficiently specific candidate identified in the two Dynamite catalog files."
"AIC5CSUHVVWXD4F72WXLHJ3H","Chicken Blowing Balloon","Regular","no_match","","Unknown","No sufficiently specific candidate identified in the two Dynamite catalog files."
"WYIBDCIU4Z4PGWURAOWBDH5P","Chickens","Regular","no_match","","Unknown","No sufficiently specific candidate identified in the two Dynamite catalog files."
"3SVJF54LTIL4K57W6IBPJABW","Christmas Tree","Regular","no_match","","Unknown","No sufficiently specific candidate identified in the two Dynamite catalog files."
"6B5C73FKXNOL5YTMSMOAEQTT","Christmas Tree","Regular","no_match","","Unknown","No sufficiently specific candidate identified in the two Dynamite catalog files."
"VRQIDYXEMI2KTKYQZJHB2FAD","Christmas Trees","Regular","no_match","","Unknown","No sufficiently specific candidate identified in the two Dynamite catalog files."
"MT72I3FPXV4NP3IIIIYL4FJJ","Chroma 5"" Artillery Shells 24 pack","Regular","no_match","","Unknown","No sufficiently specific candidate identified in the two Dynamite catalog files."
"BDRHRJ7HW3ZEOVHORHON5YRU","Citrus Fountain","Regular","no_match","","Unknown","No sufficiently specific candidate identified in the two Dynamite catalog files."
"JV4RAMJ3YYQSBMJGOV3LQC7H","Class Crackers 50ct BOGO","Regular","no_match","","Unknown","No sufficiently specific candidate identified in the two Dynamite catalog files."
"SMZBAID5XZCSLQEYFZV5WJUQ","Classic Crackers","Regular","no_match","","Unknown","No sufficiently specific candidate identified in the two Dynamite catalog files."
"JZIJYSNHXZB5STADOAZ57JXD","Close Combat","Regular","no_match","","Unknown","No sufficiently specific candidate identified in the two Dynamite catalog files."
"ILCUK2NMBSHM2346N44FLBD4","Cluster Bomb 500 Gram","Regular","no_match","","Unknown","No sufficiently specific candidate identified in the two Dynamite catalog files."
"MGK6SZ2H563SI4HJP3OBSS5U","Cobalt Bomb","Regular","no_match","","Unknown","No sufficiently specific candidate identified in the two Dynamite catalog files."
"66TOMKXWMPIFHL57L3PU6WDD","Color Pearl 96 Shot","Regular","no_match","","Unknown","No sufficiently specific candidate identified in the two Dynamite catalog files."
"D2T55XL6ZRDLB5FBDSPK7ZXR","Color Pearl Roman Candle","Regular","no_match","","Unknown","No sufficiently specific candidate identified in the two Dynamite catalog files."
"AHWAKFTGBPF373W5QDDGRP75","Color Pearl Roman Candles BOGO","Regular","no_match","","Unknown","No sufficiently specific candidate identified in the two Dynamite catalog files."
"COXDJRGHTJG3HD2HXGP232WI","Color Pearl With Bang Boomer-10 Ball BOGO","Regular","no_match","","Unknown","No sufficiently specific candidate identified in the two Dynamite catalog files."
"47HJ4LUC2CLMGPTPX4I2RA2M","Color Pearl With Bang Boomer-10 Ball BOGO","Color Pearl Boomer With Bang-10 Ball","no_match","","Unknown","No sufficiently specific candidate identified in the two Dynamite catalog files."
"5TX5WRF6MO5NFJHE43HO4GRQ","Color Pearls","Regular","probable","","products.json[49] 10 Ball Color Pearls / Monkey Mania / /products/10-ball-color-pearls.png","Name identifies a candidate only; manufacturer and exact presentation have not been established."
"OYEEC66PCRJITCFCS4FL5RUP","Color Pearls 6 Count 10 Shot","Regular","no_match","","Unknown","No sufficiently specific candidate identified in the two Dynamite catalog files."
"VLK3AKYITHQA2VRQ2QD7MWRS","Color Rage","Regular","no_match","","Unknown","No sufficiently specific candidate identified in the two Dynamite catalog files."
"TCVY46WIOJRSRTJX242W266K","Color Smoke Ball 6 Pc","Regular","no_match","","Unknown","No sufficiently specific candidate identified in the two Dynamite catalog files."
"3MVMFOQG4D2LVDZ6CG42453F","Color Smoke Balls","Regular","no_match","","Unknown","No sufficiently specific candidate identified in the two Dynamite catalog files."
"X55AAZNJ5H4A3WYATQWHUJC6","Color Smoke Grenade","Regular","no_match","","Unknown","No sufficiently specific candidate identified in the two Dynamite catalog files."
"HEQRXJPC54BDZL3AERGXQY7Y","Color Smokeballs","Regular","no_match","","Unknown","No sufficiently specific candidate identified in the two Dynamite catalog files."
"CNOC2VMJH3XFZJMHJI4N5R45","Color Sparklers #10","Sparklers","no_match","","Unknown","No sufficiently specific candidate identified in the two Dynamite catalog files."
"7URDOO5AVQK3XPYBFVZG3BCI","Colorful Skies","Regular","no_match","","Unknown","No sufficiently specific candidate identified in the two Dynamite catalog files."
"2UXYY5LMMJRHVZCVIFAAOUXN","Comet Cannon","Regular","no_match","","Unknown","No sufficiently specific candidate identified in the two Dynamite catalog files."
"ZYEQGHWQMW24XASSI2XV3ECG","Confetti Blaster","Regular","no_match","","Unknown","No sufficiently specific candidate identified in the two Dynamite catalog files."
"54J2U37QPJAWUQCUXQONKKAM","Corona (6 sitcks)","Regular","no_match","","Unknown","No sufficiently specific candidate identified in the two Dynamite catalog files."
"YOI6577F23QO7PGR4CUPKEPI","Cowboy Rockets (9 sticks)","Regular","no_match","","Unknown","No sufficiently specific candidate identified in the two Dynamite catalog files."
"RNY5C7YANLXHN4FDUF6G7SDX","Coyote Sam 500g","Regular","no_match","","Unknown","No sufficiently specific candidate identified in the two Dynamite catalog files."
"ODY4X5F35PDVTDU6QVKBRWBZ","Cracker Balls","Regular","no_match","","Unknown","No sufficiently specific candidate identified in the two Dynamite catalog files."
"LKBNUIDOVUHJUQVVRHSX2VM3","Cracker Bomb","Regular","no_match","","Unknown","No sufficiently specific candidate identified in the two Dynamite catalog files."
"YPFHO6DMTAZG42ZDDG6C6PTV","Cracking Color Palms X 200 Gram 19 Shot","Regular","no_match","","Unknown","No sufficiently specific candidate identified in the two Dynamite catalog files."
"CARIESHRS7Z7SZK7NJTLEP7M","Crackling Ball 6pc Bogo.","Regular","no_match","","Unknown","No sufficiently specific candidate identified in the two Dynamite catalog files."
"LT3UDBGRPQLI6X7TTOIMN4YO","Crash 25 Shot 200G","Regular","no_match","","Unknown","No sufficiently specific candidate identified in the two Dynamite catalog files."
"2KHQJPY6XSLI3ELDKJ2OMW6C","Crash 25 Shot 200G","bazinga 25 shot 200G","no_match","","Unknown","No sufficiently specific candidate identified in the two Dynamite catalog files."
"SLEB37QVCY2KFTUVOS3QP3JN","Crash 25 Shot 200G","krunch 25 shot 200G","no_match","","Unknown","No sufficiently specific candidate identified in the two Dynamite catalog files."
"FIGJUNTJBEP3OSIX7BI6A6DZ","Crazy Chicken","Regular","no_match","","Unknown","No sufficiently specific candidate identified in the two Dynamite catalog files."
"GFUHBZGQTVWBTZPNL5L4BB4L","Crime Scene","Regular","no_match","","Unknown","No sufficiently specific candidate identified in the two Dynamite catalog files."
"ACH7X3F3TFHIS7RQSF7MTIEM","Cruelty Devil 500 Gram 33 Shots","Regular","no_match","","Unknown","No sufficiently specific candidate identified in the two Dynamite catalog files."
"FJT7BZ4ZU7GAW6WHFWBJ3JBT","Cuckoo BOGO","Regular","no_match","","Unknown","No sufficiently specific candidate identified in the two Dynamite catalog files."
"OG3TJTR7VFJSVHKTSYLMUMWX","Cuckoo BOGO","Cuckoo 6 Pack","no_match","","Unknown","No sufficiently specific candidate identified in the two Dynamite catalog files."
"GY7QHO54XRO6QWTAUGPDIZH3","Cuckoo/killer Bees","Regular","no_match","","Unknown","No sufficiently specific candidate identified in the two Dynamite catalog files."
"PVA6PRTMEZGNEUVU222I6IMV","Customary Enforcer 500 Gram 75 Shots","Regular","no_match","","Unknown","No sufficiently specific candidate identified in the two Dynamite catalog files."
"UCX3BSP3MEKX5BYC5OVIKUFY","Cutting Edge 1000 Ct Firecracker","Regular","no_match","","Unknown","No sufficiently specific candidate identified in the two Dynamite catalog files."
"Y4LB5KXKEDFKQKP2GNQGEF4F","Cutting Edge Artillery Shells","Regular","no_match","","Unknown","No sufficiently specific candidate identified in the two Dynamite catalog files."
"LYTQRC7FSGFBEKFPO6JB4QR6","Cutting Edge Firecrackers 200ct BOGO","Regular","no_match","","Unknown","No sufficiently specific candidate identified in the two Dynamite catalog files."
"J6SLR7ZFLS7GBVRMGAEKIT4T","Daffodil 200 Gram","Regular","no_match","","Unknown","No sufficiently specific candidate identified in the two Dynamite catalog files."
"US6AED6QGLESYW7FW7TOXD47","Dagger","Regular","no_match","","Unknown","No sufficiently specific candidate identified in the two Dynamite catalog files."
"TPBOMNN4CK7ETI3SUSVUTQZ7","Dance In The Rain 500 Gram","Regular","no_match","","Unknown","No sufficiently specific candidate identified in the two Dynamite catalog files."
"SAEDDBA2AX5RXVFM64AUJRUU","Dancing Butterfly Fountain 6 Pk","Regular","no_match","","Unknown","No sufficiently specific candidate identified in the two Dynamite catalog files."
"GOIVSX5DISLUFTWXVSAEYSUG","Daytime Gender Reveal 16 Shot 200G","Regular","probable","","gender-reveal.json[2] Gender Reveal / Unknown / /products/gender-reveal.png","Name identifies a candidate only; manufacturer and exact presentation have not been established."
"XES5VOPMCWFHSSS2Z36CIXHS","Deadly Dozen","Regular","no_match","","Unknown","No sufficiently specific candidate identified in the two Dynamite catalog files."
"7IRY6HSNH4VNPLT6PXWZKT75","Death Craze 500 Gram 25 Shots","Regular","no_match","","Unknown","No sufficiently specific candidate identified in the two Dynamite catalog files."
"FOBFNTFXNE7QORSE2A2AI7BT","Death Rattle 200 Gram 25 Shot","Regular","no_match","","Unknown","No sufficiently specific candidate identified in the two Dynamite catalog files."
"YQF53NHFFBFUSMKF35LBA6VG","Demon Shells","Regular","no_match","","Unknown","No sufficiently specific candidate identified in the two Dynamite catalog files."
"HOJWUIDUTAOYK255JGDXN7E5","Demon Stinger 500 Gram","Regular","no_match","","Unknown","No sufficiently specific candidate identified in the two Dynamite catalog files."
"XF6HKHESS6PH3D2OUJFBXNAH","Depth Charge","Regular","no_match","","Unknown","No sufficiently specific candidate identified in the two Dynamite catalog files."
"4NC6DX6Y2QALM2DXWI2KTDPX","Desert At Night Fountain","Regular","no_match","","Unknown","No sufficiently specific candidate identified in the two Dynamite catalog files."
"XKO5S6U3AXIMVMIH2DN4FUOH","Desert Eagle 9 Shots","Regular","no_match","","Unknown","No sufficiently specific candidate identified in the two Dynamite catalog files."
"4MNGOKBOL3IPGMHAVCPUY6MW","Desert Smoke","Regular","no_match","","Unknown","No sufficiently specific candidate identified in the two Dynamite catalog files."
"MUWPARNM5IHEUEY3Q3TOSK5C","Desperado 108 Breaks","Regular","no_match","","Unknown","No sufficiently specific candidate identified in the two Dynamite catalog files."
"NH3YFLWYGENMILFCAQSJMENN","Dino Eggsplosion Assortment Pack","Regular","probable","","products.json[35] Dino Eggsplosion / Monkey Mania / /products/dino-eggsplosion.png","Name identifies a candidate only; manufacturer and exact presentation have not been established."
"XDAMKKBGUSBTYTB3QTKXU5RN","Diwali Dazzler","Regular","probable","","products.json[149] Diwali Dazzler / Winda / /products/diwali-dazzler.png","Two Square tokens have the same Diwali Dazzler name but different SKUs. Source cannot distinguish their presentations; do not merge."
"6GDRTFRVROGYS5VXDFGBZLSK","Diwali Dazzler","Regular","probable","","products.json[149] Diwali Dazzler / Winda / /products/diwali-dazzler.png","Two Square tokens have the same Diwali Dazzler name but different SKUs. Source cannot distinguish their presentations; do not merge."
"EOL2XMCH6ACC23AV2DB3TJRG","Doge This 200 G","Regular","no_match","","Unknown","No sufficiently specific candidate identified in the two Dynamite catalog files."
"5TD5X4FLPVCTVQF7BHYK32IN","Dont Tread On Me 500 Gram","Regular","no_match","","Unknown","No sufficiently specific candidate identified in the two Dynamite catalog files."
"LKGFXCZ2K7OWM7KUC65CNSR2","Double Break Artillery Shells","Regular","no_match","","Unknown","No sufficiently specific candidate identified in the two Dynamite catalog files."
"3WHGF7SVFDVFMRVXUCISOM7A","Double Dragon 6"" Artillery Shells 6 Pack","Regular","probable","","products.json[177] Double Dragon / Winda / /products/double-dragon.png","Name identifies a candidate only; manufacturer and exact presentation have not been established."
"LBTCKAS2RFQS5ZCE3YWQ2ECX","Double Knight Paraschutes","Regular","no_match","","Unknown","No sufficiently specific candidate identified in the two Dynamite catalog files."
"CVUYVGDATU552XE7223KCXM7","Dragon Fire Fountain","Regular","no_match","","Unknown","No sufficiently specific candidate identified in the two Dynamite catalog files."
"PQP2GSG52X57UH5U4X4ATBUH","Dreams From Heaven","Regular","no_match","","Unknown","No sufficiently specific candidate identified in the two Dynamite catalog files."
"UV4AAU7AWTUYZJHIN2BGVUDU","Drone","Regular","no_match","","Unknown","No sufficiently specific candidate identified in the two Dynamite catalog files."
"EJW2WP3EQ26XQFIYAVT7XUJV","Dyno Mighty Mite","Regular","no_match","","Unknown","No sufficiently specific candidate identified in the two Dynamite catalog files."
"4JAYK7GEHVPQZLW4ANRC4HX3","Eagle Pride","Regular","probable","","products.json[8] Eagle Pride / Raccoon / /products/eagle-pride.png","Name identifies a candidate only; manufacturer and exact presentation have not been established."
"EMV5KGIZEKFEZ47LERLTHHQ6","Echo Blast (2 sticks)","Regular","no_match","","Unknown","No sufficiently specific candidate identified in the two Dynamite catalog files."
"7PKHZPICZEFA4JUC4RVRVXGK","El Borracho 500 Gram","Regular","no_match","","Unknown","No sufficiently specific candidate identified in the two Dynamite catalog files."
"ADOJ2HOWLC3REE7GQSLVGOEP","Electric Sparklers ","Regular","no_match","","Unknown","No sufficiently specific candidate identified in the two Dynamite catalog files."
"EUGR467EG6YBC7IZANAOIYUQ","Electric Sparklers ","Electric Sparklers BOGO","no_match","","Unknown","No sufficiently specific candidate identified in the two Dynamite catalog files."
"55MZDC6656ZFQBJ72GZUVDHL","Electric Sparklers ","Electric Sparklers","no_match","","Unknown","No sufficiently specific candidate identified in the two Dynamite catalog files."
"HMEMTGD4XOIEVVLSFIF3T662","Emoji Sparklers","Regular","no_match","","Unknown","No sufficiently specific candidate identified in the two Dynamite catalog files."
"VYONZ7ZLNL2R6YKAJHXVZMXS","Evil Temptation","Regular","no_match","","Unknown","No sufficiently specific candidate identified in the two Dynamite catalog files."
"KLAC5WRPOD32YE2RHQYR5D5T","Excalibur 4""Artillery Shells 24 Pack","Regular","no_match","","Unknown","No sufficiently specific candidate identified in the two Dynamite catalog files."
"374DOYWQNPU2ZPQDA4RXLATG","Excalibur Platinum","Regular","no_match","","Unknown","No sufficiently specific candidate identified in the two Dynamite catalog files."
"CN2UGPN7G32ABKP2HR4VE56Y","Explosso","Regular","no_match","","Unknown","No sufficiently specific candidate identified in the two Dynamite catalog files."
"RRTRFIN5QPPFPDBBV7CIJF7C","Explosso","Banguccino","no_match","","Unknown","No sufficiently specific candidate identified in the two Dynamite catalog files."
"KVCMEBUSBBC2K6IEAVWCFPMM","Explosso","Boomcha","no_match","","Unknown","No sufficiently specific candidate identified in the two Dynamite catalog files."
"PY2S2TC72LQ7GCOBSZAKSH2I","Explosso","Explosso","no_match","","Unknown","No sufficiently specific candidate identified in the two Dynamite catalog files."
"UF6JHMTYDKFORDNS4HWDVFKD","Extra Large Missile Strike Force","Regular","no_match","","Unknown","No sufficiently specific candidate identified in the two Dynamite catalog files."
"2OR3O44WVF5KVALIHJFA3LOR","Extra Small Missile BOGO","Regular","no_match","","Unknown","No sufficiently specific candidate identified in the two Dynamite catalog files."
"TZ7NZC3KAQMF42QI6KKDPPCB","Fairies in a Jar","Regular","no_match","","Unknown","No sufficiently specific candidate identified in the two Dynamite catalog files."
"Y6HDHYHSC4SVETG4GORA6KKQ","Fallout 24 Shot","Regular","no_match","","Unknown","No sufficiently specific candidate identified in the two Dynamite catalog files."
"IR3A4AZBTWTPF7MKEZLRKQLH","Family Truckster","Regular","no_match","","Unknown","No sufficiently specific candidate identified in the two Dynamite catalog files."
"34WO5SSWVN4FZCU64IKAKXIY","Fantastic Thunder","Regular","no_match","","Unknown","No sufficiently specific candidate identified in the two Dynamite catalog files."
"BRFA4UPVQ2UAQ6NV4GZ4EMPG","Feel The Pain 200 Gram 16 Shot","Regular","no_match","","Unknown","No sufficiently specific candidate identified in the two Dynamite catalog files."
"TMKBXI7CUM5H2JOPFUNNWEJM","Festival Balls (Boomer 6 pcs) (Blue Box)","Regular","probable","","products.json[65] Festival Balls / Monkey Mania / /products/festival-balls.png","Festival Balls variants have different named brands/box colors. Monkey Mania yellow-box assets do not establish identity of this variant."
"TGZ6I3LK5MKTW6422R4E6QJL","Festival Balls (Boomer 6 pcs) (Red/Black Box)","Regular","probable","","products.json[65] Festival Balls / Monkey Mania / /products/festival-balls.png","Festival Balls variants have different named brands/box colors. Monkey Mania yellow-box assets do not establish identity of this variant."
"BFEN6Q4PLHJEBALNWMHA4CCY","Festival Balls (MM 6 pcs) (Yellow Box)","Regular","confirmed","festival-balls-reloadable","products.json[65] Festival Balls / Monkey Mania / /products/festival-balls.png","Square explicitly distinguishes MM, 6 pieces and yellow box; source Monkey Mania yellow packaging matches the approved Rockwall image. Other Festival Balls variants remain separate."
"I3H4AEXZ4NK55UI7K7BX3RKD","Festival Balls (WC 6 pcs) (Black Box)","Regular","probable","","products.json[65] Festival Balls / Monkey Mania / /products/festival-balls.png","Festival Balls variants have different named brands/box colors. Monkey Mania yellow-box assets do not establish identity of this variant."
"UHU3VWJJGHU7PL66542PKXTI","Festival Fountain Black Cat. Quiet","Regular","no_match","","Unknown","No sufficiently specific candidate identified in the two Dynamite catalog files."
"IS6N3O5MBWG3G2ME7EQNMUQY","Fine Roulette","Regular","no_match","","Unknown","No sufficiently specific candidate identified in the two Dynamite catalog files."
"ZILATYDCQAN5YQBBPDI23N4E","Firearm 60 Gram 12 Pk","Regular","no_match","","Unknown","No sufficiently specific candidate identified in the two Dynamite catalog files."
"VKYRGSZNC6YMZXDE4NAH6CPI","Fireblade","Regular","no_match","","Unknown","No sufficiently specific candidate identified in the two Dynamite catalog files."
"RQ33PWJDSRI4ZK4AMNMTR5EQ","Firefly 4pk","Regular","no_match","","Unknown","No sufficiently specific candidate identified in the two Dynamite catalog files."
"UDPVVR2V6NSN2WD4JZAKTJSO","Fireworks Surprise Family Pack","Regular","no_match","","Unknown","No sufficiently specific candidate identified in the two Dynamite catalog files."
"7ESPDX7VV2UTIDYELFY6DLBY","Flag Missile","Regular","no_match","","Unknown","No sufficiently specific candidate identified in the two Dynamite catalog files."
"TCSRFBWF6NWLUY3OTAFYOKXD","Flash Flood","Regular","no_match","","Unknown","No sufficiently specific candidate identified in the two Dynamite catalog files."
"3JVV4TVKAANYSUX3UJ6L745V","Flashing Strobe 6pc BOGO","Regular","no_match","","Unknown","No sufficiently specific candidate identified in the two Dynamite catalog files."
"LCIBT3AGJHZW4U3DKXCPZC7Q","Flashing Strobes Bogo","Regular","no_match","","Unknown","No sufficiently specific candidate identified in the two Dynamite catalog files."
"NKVGAJ4J2IE4Q36QIMNWDHPG","Flawless","Regular","no_match","","Unknown","No sufficiently specific candidate identified in the two Dynamite catalog files."
"HSEE2QQE4BB7PJCN7CVTHR7V","Flawless","Regular","no_match","","Unknown","No sufficiently specific candidate identified in the two Dynamite catalog files."
"BOYNUSWD2BEPCMM7CBZR3EJT","Flying Eagle Rocket 4pk","Regular","no_match","","Unknown","No sufficiently specific candidate identified in the two Dynamite catalog files."
"6HTTDB3PZXERBXUHKFQRZ4JS","Flying Pig Rocket (5 sticks)","Regular","no_match","","Unknown","No sufficiently specific candidate identified in the two Dynamite catalog files."
"HGJJOE2YBJUPNO4R4QHDI7HR","Flying Pigs","Regular","no_match","","Unknown","No sufficiently specific candidate identified in the two Dynamite catalog files."
"JCFBXIVT7KKBZBIRXVNJJBK7","Flying Space Family Assortment","Regular","no_match","","Unknown","No sufficiently specific candidate identified in the two Dynamite catalog files."
"CJ2BJYYYYUHQBERYD7AKM6GE","Football Fountain","Regular","no_match","","Unknown","No sufficiently specific candidate identified in the two Dynamite catalog files."
"ERZ4KRTZQCD4FRIINSYC7KN6","Forever Loyal Pyro Shine 500 Gram","Regular","no_match","","Unknown","No sufficiently specific candidate identified in the two Dynamite catalog files."
"CNXT2D6OUM7V6HXR6EQMLK6S","Four Elements 500 Gram Super Pack","Regular","no_match","","Unknown","No sufficiently specific candidate identified in the two Dynamite catalog files."
"CNCE4EH5EQ2E7NTTNIHKLLS2","Four Elements Roman Candles 4 Pk","Regular","no_match","","Unknown","No sufficiently specific candidate identified in the two Dynamite catalog files."
"6GJMN5YEHLOMWFVG65L7N7HO","Freedom Anthem Assortment","Regular","no_match","","Unknown","No sufficiently specific candidate identified in the two Dynamite catalog files."
"RRQV3GPTRLIF6GJLHNKYENES","Freedom Cry","Regular","no_match","","Unknown","No sufficiently specific candidate identified in the two Dynamite catalog files."
"KWOSSYTOXFESYUAUTGWTLWLT","Freedom Rains 500g","Regular","no_match","","Unknown","No sufficiently specific candidate identified in the two Dynamite catalog files."
"WWNDBKUC4HP2HKKAY2MIMAD6","Freedom Rider 500 Gram","Regular","no_match","","Unknown","No sufficiently specific candidate identified in the two Dynamite catalog files."
"2CYKZ3ADBOY7HQ3VRW2OTG76","Freedom Wings BOGO Fountain","Regular","no_match","","Unknown","No sufficiently specific candidate identified in the two Dynamite catalog files."
"BFHMO3VUSQUO2NEIBI67VEFL","Frog Bomb Fountain","Regular","no_match","","Unknown","No sufficiently specific candidate identified in the two Dynamite catalog files."
"U236CCVWLTC54IK2KKOI7ELU","Frog Princess Fountain","Regular","no_match","","Unknown","No sufficiently specific candidate identified in the two Dynamite catalog files."
"X4CPHPCI2B7MPNSZXV7FBZGG","Fruit Of The Boom 500 Gram","Regular","no_match","","Unknown","No sufficiently specific candidate identified in the two Dynamite catalog files."
"7EQHCPTRPGKCHMZ72HTQHAWQ","Fuego Loco 200G","Regular","no_match","","Unknown","No sufficiently specific candidate identified in the two Dynamite catalog files."
"33MRBL6PIMW3VFZZO24AOADU","Full Speed Firework 7 Inch","Regular","no_match","","Unknown","No sufficiently specific candidate identified in the two Dynamite catalog files."
"XLIUBKNNYOS7BPGUJMKEB7JA","Fun Fuel","Regular","probable","","products.json[155] Fun Fuel / Winda / /products/fun-fuel.png","Name identifies a candidate only; manufacturer and exact presentation have not been established."
"K3H3HRKD5KBBRG7WLWHLONDC","Fun Pack","Regular","no_match","","Unknown","No sufficiently specific candidate identified in the two Dynamite catalog files."
"K5FE2H4ORK6DTFKGEUMC253Y","Fuse","Regular","no_match","","Unknown","No sufficiently specific candidate identified in the two Dynamite catalog files."
"LGUVGBZLCTN44YCLZPEKROBM","Fuse","Regular","no_match","","Unknown","No sufficiently specific candidate identified in the two Dynamite catalog files."
"PX65NALOBYGQEFQA55IKEDJ7","Fuse","Regular","no_match","","Unknown","No sufficiently specific candidate identified in the two Dynamite catalog files."
"TNVALDFGTARHACENIREHIXAS","Futurama (12 pcs)","Regular","existing_rockwall","futurama-artillery","Unknown","Approved Rockwall package says Futurama Artillery, Raccoon, 12 shells; Square specifies Futurama 12pcs."
"N6OTOY4DNT3WRUBLSUR5YSC7","G Force 4"" Artillery Shells 24 Pack","Regular","no_match","","Unknown","No sufficiently specific candidate identified in the two Dynamite catalog files."
"R4GQVTO4EUT5C4LHMA44BP2K","Galactic Empire","Regular","no_match","","Unknown","No sufficiently specific candidate identified in the two Dynamite catalog files."
"Y47P4UU2KPAGDIPI3IUAPIXT","Galaxy Pack (9 sticks)","Regular","confirmed","galaxy-pack","products.json[141] Galaxy Pack / Black Cat / /products/galaxy-pack.png","Name and 9-stick rocket presentation agree with the photographed Black Cat Galaxy Pack; Square category is Stick Rockets."
"ICD7FSXEG3O2Z2P6GWCUW6VI","Ganja 6"" Artillery Shells 24 Pack","Regular","no_match","","Unknown","No sufficiently specific candidate identified in the two Dynamite catalog files."
"NPQM6WZFBTP4C4OTBCATSCF7","Ganja Blunt Roman","Regular","no_match","","Unknown","No sufficiently specific candidate identified in the two Dynamite catalog files."
"QKJNWGQUAGSPJBWAPTAQN4PG","Garden In Spring Fountain","Regular","no_match","","Unknown","No sufficiently specific candidate identified in the two Dynamite catalog files."
"336PY3AGZI3IPTSXMNUKSSYZ","Garden In Spring Fountain","Garden In Spring","no_match","","Unknown","No sufficiently specific candidate identified in the two Dynamite catalog files."
"S27B6LDFK4CFX5ZLTUT7BE3Z","Gatlin pack 8pc roman candle","Regular","no_match","","Unknown","No sufficiently specific candidate identified in the two Dynamite catalog files."
"GXES4E5ZSHJBQLWFWYTLT6FZ","Gatling Gun (Small)","Regular","probable","","products.json[91] Gatling Gun / Brothers / products/gatling-gun.png","Name identifies a candidate only; manufacturer and exact presentation have not been established."
"E5JBUEZVKC3J7MB6OJHIZ3IJ","Gatling Gun Giant","Regular","probable","","products.json[91] Gatling Gun / Brothers / products/gatling-gun.png","Name identifies a candidate only; manufacturer and exact presentation have not been established."
"A7OIX6PJ76PDR2G647NUEY6L","Gemini Missile 24 Pcs","Regular","no_match","","Unknown","No sufficiently specific candidate identified in the two Dynamite catalog files."
"ZZZOD7FS2XXTSZ6IZ3FF7YYO","Get Some","Regular","no_match","","Unknown","No sufficiently specific candidate identified in the two Dynamite catalog files."
"YDTEKK2YDLZUYQEMD6FZCZ2I","Ghost Banshee","Regular","no_match","","Unknown","No sufficiently specific candidate identified in the two Dynamite catalog files."
"CX3WJWBLRRX53W7VQZFUUZ5C","Ghost Dragon","Regular","no_match","","Unknown","No sufficiently specific candidate identified in the two Dynamite catalog files."
"Q5DCX2MGZHMYFX7ADSL5C6FU","Ghost Killer","Regular","no_match","","Unknown","No sufficiently specific candidate identified in the two Dynamite catalog files."
"DK52TXNEXPJ5HDJE6462D23I","Ghost Rings","Regular","no_match","","Unknown","No sufficiently specific candidate identified in the two Dynamite catalog files."
"JENQHH5ASTDQRSU4AYNDS3DI","Ghost Roman Candle","Regular","no_match","","Unknown","No sufficiently specific candidate identified in the two Dynamite catalog files."
"NCACSUIIUKFFX3YO6RFUXKZX","Ghost Shell","Regular","no_match","","Unknown","No sufficiently specific candidate identified in the two Dynamite catalog files."
"RAXEGL5PWHZOIT73XXXQK362","Ghostacular 5"" Artillery Shells 24 pack","Regular","no_match","","Unknown","No sufficiently specific candidate identified in the two Dynamite catalog files."
"CN65OGBPK2EDWQ7BC4INMBID","Giant Smoke Balls","Regular","no_match","","Unknown","No sufficiently specific candidate identified in the two Dynamite catalog files."
"4L7HAUXUJ733VND4WOHYQ5NN","Goal!","Regular","no_match","","Unknown","No sufficiently specific candidate identified in the two Dynamite catalog files."
"4ZBIUB5CMBX2SGYMBJC3PEZZ","God Bless America","Regular","no_match","","Unknown","No sufficiently specific candidate identified in the two Dynamite catalog files."
"ZVYL43NGAFQNYSHEFHDYKODL","Gold Rush 500 Gram","Regular","no_match","","Unknown","No sufficiently specific candidate identified in the two Dynamite catalog files."
"TVYAYQ2S7BQF2VT574J6MLDZ","Gold Skull","Regular","no_match","","Unknown","No sufficiently specific candidate identified in the two Dynamite catalog files."
"6AVGKVTQYLP3PSQNTCP4MSM4","Golden Peacock","Regular","no_match","","Unknown","No sufficiently specific candidate identified in the two Dynamite catalog files."
"KVUXULCI4EXOSLFEDWCIZ2XP","Golden Silver Assortment","Regular","no_match","","Unknown","No sufficiently specific candidate identified in the two Dynamite catalog files."
"6HCFSGQXLROGN5BNWPU2MJVA","Good Thinkin Lincoln 134's","Regular","confirmed","good-thinkin-lincoln","products.json[156] Good Thinkin Lincoln / Winda / /products/good-thinkin-lincoln.png","Distinctive name and 134 shots agree between Square and photographed Winda package."
"VM2ZAA3FAPEOJJWLRFYDHRIP","Goooooal 500g Zipper Cake 102 shots","Regular","no_match","","Unknown","No sufficiently specific candidate identified in the two Dynamite catalog files."
"D6YSBFIRNB6FTJX5527KRGFF","Gorilla 6"" Artillery Shells 24 Pack","Regular","no_match","","Unknown","No sufficiently specific candidate identified in the two Dynamite catalog files."
"FUX46WMJ6KKMB42MBGW2QFQB","Grand Cannon Fountain","Regular","no_match","","Unknown","No sufficiently specific candidate identified in the two Dynamite catalog files."
"D5FZBGNRT3CBD726J3R3LGWC","Grand Slam","Regular","no_match","","Unknown","No sufficiently specific candidate identified in the two Dynamite catalog files."
"WVJQMEDM4UWO7SU6ROOSBOKO","Great Night extravaganza Assortment","Regular","no_match","","Unknown","No sufficiently specific candidate identified in the two Dynamite catalog files."
"7A3AOYPUE3CUC6B24G6BPSIH","Green Fuse","Regular","no_match","","Unknown","No sufficiently specific candidate identified in the two Dynamite catalog files."
"4CBTD37T3BG3ABNFQKEB5YTD","Green Wasp","Regular","no_match","","Unknown","No sufficiently specific candidate identified in the two Dynamite catalog files."
"47X66FNFQ5M5AE5BX67W7K4P","Grillin N Chillin","Regular","no_match","","Unknown","No sufficiently specific candidate identified in the two Dynamite catalog files."
"3SNMSXWD4H7ETDFWILOFMQ4E","Ground Bloom Flower 12pk","Regular","probable","","products.json[61] Ground Bloom Flower / Monkey Mania / /products/ground-bloom-flower.png","Name identifies a candidate only; manufacturer and exact presentation have not been established."
"5YTIGLOF5PCVASHW7AJFD5SZ","Ground Bloom Flower Spinner","Regular","probable","","products.json[61] Ground Bloom Flower / Monkey Mania / /products/ground-bloom-flower.png","Name identifies a candidate only; manufacturer and exact presentation have not been established."
"75TEDZLHPLBRXIRIA5GDCIFL","Ground Bloom Flowers","Regular","probable","","products.json[61] Ground Bloom Flower / Monkey Mania / /products/ground-bloom-flower.png","Name identifies a candidate only; manufacturer and exact presentation have not been established."
"4APSYIUKRRGGBOKLVCEU5N2Y","Ground Bloom Flowers","ground bloom flowers","probable","","products.json[61] Ground Bloom Flower / Monkey Mania / /products/ground-bloom-flower.png","Name identifies a candidate only; manufacturer and exact presentation have not been established."
"I44W44ADWKVGTGLYWV2EVIWB","Gush","Regular","no_match","","Unknown","No sufficiently specific candidate identified in the two Dynamite catalog files."
"QEOAHTBTI755LXMWGKRW5EMG","Handheld Snow Cone","Regular","conflict","","products.json[114] Snow Cone / Winda / /products/snow-cone.png | products.json[184] Handheld Snow Cone / Winda / /products/handheld-snow-cone.png","Handheld Snowcone source shows a multi-piece display; Square variants differ in color/SKU. Unit vs display-pack identity is not established."
"O7G3LQMSVRJE5CJTYAGVNF4T","Handheld Snowcone","Regular","conflict","","products.json[114] Snow Cone / Winda / /products/snow-cone.png | products.json[184] Handheld Snow Cone / Winda / /products/handheld-snow-cone.png","Handheld Snowcone source shows a multi-piece display; Square variants differ in color/SKU. Unit vs display-pack identity is not established."
"YTBQUVMNKF7EU4VIEL4R3EAU","Handheld Snowcone","Handheld Snowcone","conflict","","products.json[114] Snow Cone / Winda / /products/snow-cone.png | products.json[184] Handheld Snow Cone / Winda / /products/handheld-snow-cone.png","Handheld Snowcone source shows a multi-piece display; Square variants differ in color/SKU. Unit vs display-pack identity is not established."
"QMHFOJ62GJMP6R7RMLHHGCSG","Handheld Snowcone","Handheld Snowcone","conflict","","products.json[114] Snow Cone / Winda / /products/snow-cone.png | products.json[184] Handheld Snow Cone / Winda / /products/handheld-snow-cone.png","Handheld Snowcone source shows a multi-piece display; Square variants differ in color/SKU. Unit vs display-pack identity is not established."
"N33QU2DRWYMNUYFPRTWK46YL","Happy Camper 200 Gram 25 Shot","Regular","no_match","","Unknown","No sufficiently specific candidate identified in the two Dynamite catalog files."
"OPKQIOVE4L5ZQDJ3U3KALWMX","Happy Dinosaur","Regular","no_match","","Unknown","No sufficiently specific candidate identified in the two Dynamite catalog files."
"GCUCWW22VYRMJCKGYGLAMKAF","Hardcore 200 G","Regular","no_match","","Unknown","No sufficiently specific candidate identified in the two Dynamite catalog files."
"BKNQ623WTRVPWROLDUXP6Q6L","Hazmat","Regular","no_match","","Unknown","No sufficiently specific candidate identified in the two Dynamite catalog files."
"DY5DP3QG2IV2MPEL5GFLUKCH","Heavy Handed 500 Gram 36 Shots","Regular","no_match","","Unknown","No sufficiently specific candidate identified in the two Dynamite catalog files."
"IUIXJZMXJXNLT3RHGLUETYA7","Helix Terminator","Regular","no_match","","Unknown","No sufficiently specific candidate identified in the two Dynamite catalog files."
"LLVKRTYFYMMNXUONBBVVBGGP","Hen Laying Egg BOGO","Regular","no_match","","Unknown","No sufficiently specific candidate identified in the two Dynamite catalog files."
"PCBVWGLH76TMB2THUXTY6OVG","Hen Laying Eggs. BOGO","Regular","no_match","","Unknown","No sufficiently specific candidate identified in the two Dynamite catalog files."
"SRKN24ZARY5PSJI5Z5EHHKO5","High Flautin 500 Gram","Regular","confirmed","high-falutin","products.json[76] High Falutin' / Brothers / products/high-falutin'.png","Square High Flautin 500 Gram is an evident transposition; distinctive name and 500-gram cake category agree with Brothers heavyweight packaging."
"FRCNZACDUCAW4XIN2KFT3M4L","High Voltage","Regular","no_match","","Unknown","No sufficiently specific candidate identified in the two Dynamite catalog files."
"EJ7FR42AGUDMBD2NDGHJLFJQ","Hit The Road Jack 500 Gram","Regular","confirmed","hit-the-road-jack","products.json[77] Hit the Road, Jack / Brothers / products/hit-the-road-jack.png","Distinctive name and Square 500-gram cake category agree with the Brothers heavyweight cake pictured in the source."
"4RFIIMK7QCQH5PJA2UORE7HK","Hoist of the Colors (3 Cakes)","Regular","no_match","","Unknown","No sufficiently specific candidate identified in the two Dynamite catalog files."
"HJTMDSKH3C53TJXF64R6QW53","Holiday Lights Fountain Black Cat Quiet","Regular","no_match","","Unknown","No sufficiently specific candidate identified in the two Dynamite catalog files."
"AJ54GAY2B3V3IW5EFTAVU6DZ","Home Of The Brave 200 G","Regular","no_match","","Unknown","No sufficiently specific candidate identified in the two Dynamite catalog files."
"R4GI34CWJNRTDFBMUUZ463NM","Home Of The Brave 24 Shells/24 Breaks","Regular","no_match","","Unknown","No sufficiently specific candidate identified in the two Dynamite catalog files."
"PF7MSTRWM3LEPHVVTJHTUGRH","Home Of The Brave 48 Shells/72 Breaks","Regular","no_match","","Unknown","No sufficiently specific candidate identified in the two Dynamite catalog files."
"5WWE7ULB44P5GEG5SPOE3C4H","Hometown 8 Ball Candles","Regular","no_match","","Unknown","No sufficiently specific candidate identified in the two Dynamite catalog files."
"VO5VKMURGPFHWLH2WHVHDHTY","Hot As Hell 9 Rack","Regular","no_match","","Unknown","No sufficiently specific candidate identified in the two Dynamite catalog files."
"XJZEMQJXB5U2J6MBX7XQ6PCY","Hot Dog 200 Gram 16 Shot","Regular","no_match","","Unknown","No sufficiently specific candidate identified in the two Dynamite catalog files."
"4TLQKMAPJQY33RAKIVUWFQNU","Hot Racer 2pk","Regular","no_match","","Unknown","No sufficiently specific candidate identified in the two Dynamite catalog files."
"CLS3OVOY5B22WFA3L5P3RCOV","Hot Rod","Regular","no_match","","Unknown","No sufficiently specific candidate identified in the two Dynamite catalog files."
"FXE5QLUXVHWMCQYDRZA6DWMA","Hot Sauce Fountain","Regular","no_match","","Unknown","No sufficiently specific candidate identified in the two Dynamite catalog files."
"4ZLDZRU4KVCXWE6IOXAFVKD2","Hot as Hell","Regular","no_match","","Unknown","No sufficiently specific candidate identified in the two Dynamite catalog files."
"MKMB5MPSXF6UVGVQ3RMXR4EH","Howler Fountain","Regular","no_match","","Unknown","No sufficiently specific candidate identified in the two Dynamite catalog files."
"XSHQZDOB32OQODB4SVTRD6EY","Howling Commandos (6 sticks)","Regular","no_match","","Unknown","No sufficiently specific candidate identified in the two Dynamite catalog files."
"ZWQVO4JHHW32NG6NCSCNNTGY","Huge White Strobe 500 Gram","Regular","no_match","","Unknown","No sufficiently specific candidate identified in the two Dynamite catalog files."
"NWJSW2USYCV5YAHSLZZ3XUBB","Hungry","Regular","no_match","","Unknown","No sufficiently specific candidate identified in the two Dynamite catalog files."
"AKI3KKIBYKNIRZHLPMG6HPDE","Hydrogen Bomb","Regular","no_match","","Unknown","No sufficiently specific candidate identified in the two Dynamite catalog files."
"URMFO7CTNSV5DHJHIIIIDGAJ","I Love America (3 Cakes)","Regular","no_match","","Unknown","No sufficiently specific candidate identified in the two Dynamite catalog files."
"WMH4N3QCURROC2TYDS4KULOZ","I Love Fireworks 500 Gram","Regular","no_match","","Unknown","No sufficiently specific candidate identified in the two Dynamite catalog files."
"VW7ETH7XUUVOEGZVXZMRVCU7","I'm ready","Regular","no_match","","Unknown","No sufficiently specific candidate identified in the two Dynamite catalog files."
"6356CC3S5APWLRMBKDQDCW5X","Ice Cream Cone 4 Pk","Regular","no_match","","Unknown","No sufficiently specific candidate identified in the two Dynamite catalog files."
"YXQH6SOSX4CN7OBFRF67NEVE","Ice Cream Cone Mini Fountain","Regular","no_match","","Unknown","No sufficiently specific candidate identified in the two Dynamite catalog files."
"3MHU2W23G5WNERPNZEPAJUVA","Ice Fountains","Regular","no_match","","Unknown","No sufficiently specific candidate identified in the two Dynamite catalog files."
"7J5NQF5D7C6KEDJJ4BNKEKG6","Ignite Large Battery Smartphone Enabled","Regular","no_match","","Unknown","No sufficiently specific candidate identified in the two Dynamite catalog files."
"3TARO3566LXW5GTPWVXEX2P6","Ignite The Spark","Regular","no_match","","Unknown","No sufficiently specific candidate identified in the two Dynamite catalog files."
"WQAF65QJW3S7GIUF6IQ567YB","Illuminati 5 Inch Neon Shells 60 Gram","Regular","no_match","","Unknown","No sufficiently specific candidate identified in the two Dynamite catalog files."
"3OPETP7EWBNMLSAR4WE6LQNY","Illuminati 60 Gram Canister Shells 6 Pack","Regular","no_match","","Unknown","No sufficiently specific candidate identified in the two Dynamite catalog files."
"HBGF2TEENREDHRL5CCFUQF74","Ilove Fireworks","Regular","no_match","","Unknown","No sufficiently specific candidate identified in the two Dynamite catalog files."
"4KWGG6GWZ5N3VGLDAW57YTH3","Immortal Phoenix 500g","Regular","no_match","","Unknown","No sufficiently specific candidate identified in the two Dynamite catalog files."
"WNDDQWDUX5IMRUJBVDTK2UCH","Incenerator","Regular","no_match","","Unknown","No sufficiently specific candidate identified in the two Dynamite catalog files."
"S7YQMVG7VIYG56HEQ6EMBDTY","Infinity And Beyond 500 Gram","Regular","no_match","","Unknown","No sufficiently specific candidate identified in the two Dynamite catalog files."
"PB4BRS3FE2O4BB5DDXL53LT6","Inside Job","Regular","no_match","","Unknown","No sufficiently specific candidate identified in the two Dynamite catalog files."
"SXECMCIGNTFKRD4Z3P4NBH77","Intensedefense","Regular","no_match","","Unknown","No sufficiently specific candidate identified in the two Dynamite catalog files."
"IOQGZSAZOI4GCUFZ3KNHHZ6V","Invincible 198 Shots","Regular","confirmed","invincible","products.json[22] Invincible / Raccoon / /products/invincible.png","Square specifies 198 shots; Raccoon package visibly shows 198 shots, same named zipper cake."
"SXXM66XTUQ7HW37YFSDHXTWB","Ipa 4 Pack","Regular","confirmed","ipa-4-pack","products.json[158] IPA 4 Pack / Winda / /products/ipa-4-pack.png","Name and four-pack presentation agree; source image shows four individually named cakes within IPA 4-Pack. Imported as one pack, not four products."
"MN4MFAPAACK2RIXOGQUVPSPJ","Iron Wolf","Regular","no_match","","Unknown","No sufficiently specific candidate identified in the two Dynamite catalog files."
"NJHD7SM6ZI3QNNOJHFYYRYZ4","Its A Boy","Regular","probable","","gender-reveal.json[0] It's a Boy/Girl - Boom Woow / Unknown / /products/it's-a-boy-girl.png | gender-reveal.json[1] It's a Boy/Girl - T-Sky / Unknown / /products/blue-pink-smoke.png","Name identifies a candidate only; manufacturer and exact presentation have not been established."
"P66VDAIWM6ZX7BAZELY54NQD","Its A Girl","Regular","no_match","","Unknown","No sufficiently specific candidate identified in the two Dynamite catalog files."
"5RHTFSG3AOTJRALXK7NLSZPO","Jaw Breaker 200 Gram 25 Shot","Regular","no_match","","Unknown","No sufficiently specific candidate identified in the two Dynamite catalog files."
"2I2ITQB4TQZX3IXYE3UZJNMR","Jawbreaker 25 Shots","Regular","no_match","","Unknown","No sufficiently specific candidate identified in the two Dynamite catalog files."
"UZCBBHPKUEH64KANXEM37JVQ","Jaws 16 Shot","Regular","no_match","","Unknown","No sufficiently specific candidate identified in the two Dynamite catalog files."
"JUSF3HFQOT35RZT5ID4CJ5CF","Joker","Regular","no_match","","Unknown","No sufficiently specific candidate identified in the two Dynamite catalog files."
"X6GYAZRENGEQ4LKUM7HSEQHR","Joker","Regular","no_match","","Unknown","No sufficiently specific candidate identified in the two Dynamite catalog files."
"KIQSPT7TDOXOPH6FPCTYHWUM","Joker","Regular","no_match","","Unknown","No sufficiently specific candidate identified in the two Dynamite catalog files."
"5JYX2SBZ4EQGLVLJKUKNZ5HG","Joker's Wild 500 Gram","Regular","no_match","","Unknown","No sufficiently specific candidate identified in the two Dynamite catalog files."
"VFDWZ7GPUOWDTWBKHLSGJRVM","Jr. Pyro Backpack","Regular","no_match","","Unknown","No sufficiently specific candidate identified in the two Dynamite catalog files."
"7VYA7XIP3PONIS57MJEGTCTA","Juicy Punch 200g","Regular","no_match","","Unknown","No sufficiently specific candidate identified in the two Dynamite catalog files."
"W34HU7UYYJB7LDAOD6P4LPVL","Jumbo","Regular","probable","","products.json[60] Jumbo Crackling Ball MM / Monkey Mania / /products/jumbo-crackling-ball-mm.png | products.json[97] Jumbo Crackling Ball BP / Brothers / /products/jumbo-crackling-ball-bp.png | products.json[192] Jumbo Neon Smoke Ball / Winda / /products/jumbo-neon-smoke-ball.png","Name identifies a candidate only; manufacturer and exact presentation have not been established."
"U4RZFA74W7UMWQXRGYKXPVE6","Jumbo 8 ball roman candle","Regular","probable","","products.json[51] 8 Ball Roman Candle / Monkey Mania / /products/8-ball-roman-candle.png","Name identifies a candidate only; manufacturer and exact presentation have not been established."
"PNV3BCPEOI56E2CYQFOWT24C","Jumbo Ground Bloom 4pc","Regular","no_match","","Unknown","No sufficiently specific candidate identified in the two Dynamite catalog files."
"SW2SLUS3A4M3XE5YO5YIJZ4D","Jumbo Neon Smoke Balls","Regular","probable","","products.json[192] Jumbo Neon Smoke Ball / Winda / /products/jumbo-neon-smoke-ball.png","Name identifies a candidate only; manufacturer and exact presentation have not been established."
"RR5AKZQ5WYTXF32B4QNILETM","Jumbo Neon Smoke Balls","Jumbo Smoke Bombs","probable","","products.json[192] Jumbo Neon Smoke Ball / Winda / /products/jumbo-neon-smoke-ball.png","Name identifies a candidate only; manufacturer and exact presentation have not been established."
"A7MJHPJKX7PZSWVUZS63N7EX","Jumbo Smoke Bomb","Regular","no_match","","Unknown","No sufficiently specific candidate identified in the two Dynamite catalog files."
"B6525IJMRT4TZHPC7KLWUVNP","Jumbo Smoke Bomb","Regular","no_match","","Unknown","No sufficiently specific candidate identified in the two Dynamite catalog files."
"YKNOZA5YQVLENZX6KF62UIZ6","Jumbo Smoke Bomb","Regular","no_match","","Unknown","No sufficiently specific candidate identified in the two Dynamite catalog files."
"YX55CVQXMUBMWCTOKMWCKXCU","Jumbo Texas Rocket (6 sticks)","Regular","no_match","","Unknown","No sufficiently specific candidate identified in the two Dynamite catalog files."
"MOXRWPWWMQ5SUT4WOH6OQJLB","Jumbo Texas Rocket (6 sticks)","Texas Bandit Rocket","no_match","","Unknown","No sufficiently specific candidate identified in the two Dynamite catalog files."
"G5DP2C4PMD5CQGRSTL3IRSZA","Jumboshell Fountain","Regular","no_match","","Unknown","No sufficiently specific candidate identified in the two Dynamite catalog files."
"DV35VE7B7THZWF5QNIBDNOZB","Jump Master","Regular","no_match","","Unknown","No sufficiently specific candidate identified in the two Dynamite catalog files."
"IU3TKO7KVSVTFEZ2FTB6KEXE","Jumping Jacks 12 Pk","Regular","no_match","","Unknown","No sufficiently specific candidate identified in the two Dynamite catalog files."
"MVWLXKMOVOHGCSTSHQCKAW53","Jumping Jacks 48 Packs Brick","Regular","no_match","","Unknown","No sufficiently specific candidate identified in the two Dynamite catalog files."
"63ABDUN5QZKYCRCKJWCMX43N","Jumping Jacks Single Pack BOGO","Regular","no_match","","Unknown","No sufficiently specific candidate identified in the two Dynamite catalog files."
"PCD2Q6Z2XMIGC4HW3QMTTN4K","Junior Pyro Pack","Regular","no_match","","Unknown","No sufficiently specific candidate identified in the two Dynamite catalog files."
"DMBYJ54GK3GFAH6WXUJ6V2VI","Ka Kaw","Regular","no_match","","Unknown","No sufficiently specific candidate identified in the two Dynamite catalog files."
"HP6WUDDBL7N7TKZ753OPIJSA","Keeping It Real","Regular","no_match","","Unknown","No sufficiently specific candidate identified in the two Dynamite catalog files."
"CLEPS4WYDO4XJDMUPA2CKO23","Kids Backpack Girl an d Boys","Regular","no_match","","Unknown","No sufficiently specific candidate identified in the two Dynamite catalog files."
"QI3R6QYYRQTBZYVBWLC7HM56","Kids Backpack Girl an d Boys","Kids Bag","no_match","","Unknown","No sufficiently specific candidate identified in the two Dynamite catalog files."
"LRWLP66BQSB3PJEXKSCASG2E","Kids Fun Assortment Pack","Regular","no_match","","Unknown","No sufficiently specific candidate identified in the two Dynamite catalog files."
"QKRK7IYAFXKSB4YNKICGHL7J","Kids Pack Family Pack","Regular","no_match","","Unknown","No sufficiently specific candidate identified in the two Dynamite catalog files."
"BZP7WM6U5DGAMNC6KELDK7KF","Killer Bee","Regular","no_match","","Unknown","No sufficiently specific candidate identified in the two Dynamite catalog files."
"ECRRSP2ZMN4T7UNEMZ4BZFUH","Killer Bee/Cuckoo","Regular","no_match","","Unknown","No sufficiently specific candidate identified in the two Dynamite catalog files."
"GN6GTM3R7RHZGWD5MT7VVRG4","Killerbee","Regular","no_match","","Unknown","No sufficiently specific candidate identified in the two Dynamite catalog files."
"OMGMX6DJTL7HV73NBAQWE5BL","King Bird 500ct roll","Regular","no_match","","Unknown","No sufficiently specific candidate identified in the two Dynamite catalog files."
"PWYZQFTHJFKS7DQI5MFQSDSU","King Dragon 6"" Artillery Shells 24 pack","Regular","no_match","","Unknown","No sufficiently specific candidate identified in the two Dynamite catalog files."
"RA4VSFNKBR2CEE73XSVYKDAB","Kiss Of The Dead Fountain","Regular","no_match","","Unknown","No sufficiently specific candidate identified in the two Dynamite catalog files."
"2EIQZBY4IHX6J4BPEZ2XX2GS","Knight Rider 96 Shot Fiesta","Regular","no_match","","Unknown","Square Knight Rider 96 Shot Fiesta resembles approved Night Rider 96 Shot Monkey Mania, but brand/name difference remains unresolved; existing item preserved, no duplicate imported."
"X5O47VHFJNLVVTMJW4FUZ5UB","Krakatoa Fountain","Regular","no_match","","Unknown","No sufficiently specific candidate identified in the two Dynamite catalog files."
"Q5HH6SPCEJBA62VMBYKNGSOV","Lady Bugs-3 Pk","Regular","probable","","products.json[96] Lady Bugs / Brothers / products/lady-bugs.png","Name identifies a candidate only; manufacturer and exact presentation have not been established."
"UNM6M7P645DLCLTNLXP5OQJ4","Lady Bugs-3 Pk","Lady Bug 2","probable","","products.json[96] Lady Bugs / Brothers / products/lady-bugs.png","Name identifies a candidate only; manufacturer and exact presentation have not been established."
"FXAWO2ORUEY3N7AYTOIPM244","Ladybug","Regular","probable","","products.json[96] Lady Bugs / Brothers / products/lady-bugs.png","Name identifies a candidate only; manufacturer and exact presentation have not been established."
"OBPFIRSKYIEBMVW777KGEAUA","Ladybugs","Regular","probable","","products.json[96] Lady Bugs / Brothers / products/lady-bugs.png","Name identifies a candidate only; manufacturer and exact presentation have not been established."
"TSVQXFSUPJ6YFG3POYTTB6UR","Ladybugs 3pk","Regular","probable","","products.json[96] Lady Bugs / Brothers / products/lady-bugs.png","Name identifies a candidate only; manufacturer and exact presentation have not been established."
"XZN7DKWNDG3J6PTPAD2S5X2W","Land Of Free Artillery Shells 36 Shells/54 Breaks","Regular","probable","","products.json[59] The Land of the Free / Monkey Mania / /products/land-of-the-free.png","Name identifies a candidate only; manufacturer and exact presentation have not been established."
"5PZUSQXRNXS7BQS5NFUUIQSE","Lantern Fountain","Regular","no_match","","Unknown","No sufficiently specific candidate identified in the two Dynamite catalog files."
"3EEWE3FYRYUDB6PR7KTM2HCK","Large Tank. 2 Pcs","Regular","no_match","","Unknown","No sufficiently specific candidate identified in the two Dynamite catalog files."
"4GI5LHY7Q6XWJEL5UGID7TZC","Laser Show","Regular","no_match","","Unknown","No sufficiently specific candidate identified in the two Dynamite catalog files."
"XV7KE6QBZI7WEMU4JOBKEQJ2","Let Freedom Ring 5"" Artillery Shells 24 pack","Regular","no_match","","Unknown","No sufficiently specific candidate identified in the two Dynamite catalog files."
"CZJ7INCFGQDXNS7QLTRFONXQ","Lets Celebrate Assortment Pack Monkey Mania","Regular","confirmed","lets-celebrate","products.json[55] Let's Celebrate / Monkey Mania / /products/let's-celebrate.png","Square explicitly names Monkey Mania and assortment pack; source name, brand and photographed assortment agree."
"BMPHOHCUPLEU37EOBN6ERLMH","Liberty Artillery (12 pcs)","Regular","no_match","","Unknown","No sufficiently specific candidate identified in the two Dynamite catalog files."
"GP4VTTYIGJ6FXPLM52AVKSEX","Light Bergade","Regular","no_match","","Unknown","No sufficiently specific candidate identified in the two Dynamite catalog files."
"PLXKY7XP7HIFWURQKCXESCDY","Light Force","Regular","no_match","","Unknown","No sufficiently specific candidate identified in the two Dynamite catalog files."
"VCUKBUQFGBHITI5MGJF2ATJD","Light Sabber","Regular","no_match","","Unknown","No sufficiently specific candidate identified in the two Dynamite catalog files."
"PI624V7CGZSW6BMHCLL66ANX","Light Saber","Regular","no_match","","Unknown","No sufficiently specific candidate identified in the two Dynamite catalog files."
"TRDQTM43H6XJ7JTOME3ED7FC","Lightning Strike 500 Gram","Regular","no_match","","Unknown","No sufficiently specific candidate identified in the two Dynamite catalog files."
"FUFWY64SEL3Y52JVLL2IP6O4","Lightning Strike 500 Gram","Regular","no_match","","Unknown","No sufficiently specific candidate identified in the two Dynamite catalog files."
"M7GH3VKDSETMT54262ZWTB7W","Line of Duty","Regular","no_match","","Unknown","No sufficiently specific candidate identified in the two Dynamite catalog files."
"63X5ZTQYID5MAA2WEKPI7PEC","Loyal To None 500 Gram","Regular","no_match","","Unknown","No sufficiently specific candidate identified in the two Dynamite catalog files."
"VMYN6UPNN3KN2G2KWMHQSAU3","Loyal To None 500 Gram","Regular","no_match","","Unknown","No sufficiently specific candidate identified in the two Dynamite catalog files."
"DM4RMWLVBBUGLXYFTBGIJX3N","Lucky Streak","Regular","no_match","","Unknown","No sufficiently specific candidate identified in the two Dynamite catalog files."
"B6MEMAN2F7QOS724HQMX2VKA","M- Firecracker","Regular","no_match","","Unknown","No sufficiently specific candidate identified in the two Dynamite catalog files."
"QPUT43JR5KAG6XLZUI3INWCD","M-1000 12 Pk","Regular","no_match","","Unknown","No sufficiently specific candidate identified in the two Dynamite catalog files."
"X7P67M6U25SNAVKSLJSSR6XU","M-150BlackCat 12 ct.   BOGO $6.00 TOTAL","Regular","no_match","","Unknown","No sufficiently specific candidate identified in the two Dynamite catalog files."
"33DEEREZKI62DJXZO7UKLFFK","M-200 Salute","Regular","no_match","","Unknown","No sufficiently specific candidate identified in the two Dynamite catalog files."
"BRJJ5AYGIIXJVXDAM3MSGXVS","M-5000 36pc","Regular","no_match","","Unknown","No sufficiently specific candidate identified in the two Dynamite catalog files."
"WXWPSN4ND2Z3WGEC2GAJCWE6","M-5000 Salute Cracker 12 pcs BOGO","Regular","no_match","","Unknown","No sufficiently specific candidate identified in the two Dynamite catalog files."
"3NQOHAQKGQEEURIQHZHJ4DRU","M-5000 Salute Crackers","Regular","no_match","","Unknown","No sufficiently specific candidate identified in the two Dynamite catalog files."
"WAREXJ2FSP76WHLIUSUS2B44","M-60 Firecrackers","Regular","no_match","","Unknown","No sufficiently specific candidate identified in the two Dynamite catalog files."
"HGMXNTVC7ZU4LQK4OWFPHQBW","M-85 Tank Black Cat","Regular","no_match","","Unknown","No sufficiently specific candidate identified in the two Dynamite catalog files."
"VNSBHW2JFT7YH7Z45FOYZXPC","M1 Abrams","Regular","no_match","","Unknown","No sufficiently specific candidate identified in the two Dynamite catalog files."
"MYGOS6NQDT54NB7PCTWKCZ3Z","M150","Regular","no_match","","Unknown","No sufficiently specific candidate identified in the two Dynamite catalog files."
"IWCZSPONSC7YZZZ4ASZW7EOB","Machine Gun","Regular","no_match","","Unknown","No sufficiently specific candidate identified in the two Dynamite catalog files."
"IS467D3ZI7OHYACMDLLSTIGE","Mad Cat Fountain","Regular","no_match","","Unknown","No sufficiently specific candidate identified in the two Dynamite catalog files."
"4TG53MYUHLIM42CZSPF6DYWV","Maelstrom  24 Shell 6""","Regular","no_match","","Unknown","No sufficiently specific candidate identified in the two Dynamite catalog files."
"HZAI6FQNRWPH7CBFYH23JPRX","Mafia 200 Gram 16 Shot","Regular","no_match","","Unknown","No sufficiently specific candidate identified in the two Dynamite catalog files."
"RSRJ5PRTCUG52YISOMQOF4VO","Magic Bunny_BOGO","Regular","no_match","","Unknown","No sufficiently specific candidate identified in the two Dynamite catalog files."
"XIZ5ULSCWUKFNWGTUJN7RBC7","Magic Carpet 200g","Regular","no_match","","Unknown","No sufficiently specific candidate identified in the two Dynamite catalog files."
"DNK6Z7PLBHKQRMCA3SSJLZ3T","Magic Crystal","Regular","no_match","","Unknown","No sufficiently specific candidate identified in the two Dynamite catalog files."
"DNDROXQ36U2E6P3ESPN3OFYO","Magic Eye 42 Shot","Regular","no_match","","Unknown","No sufficiently specific candidate identified in the two Dynamite catalog files."
"G74C3PQXCCIBCMYS72BLUZYP","Magic Light","Regular","no_match","","Unknown","No sufficiently specific candidate identified in the two Dynamite catalog files."
"LSG5WQCGT6ZAPEYBEPB25DRC","Magic Sky","Regular","no_match","","Unknown","No sufficiently specific candidate identified in the two Dynamite catalog files."
"YM3NLUUHT3EWEGLHTFGS5RBM","Magic Wands","Regular","no_match","","Unknown","No sufficiently specific candidate identified in the two Dynamite catalog files."
"ELISRVGSZLOV7VVRCNLZLY5O","Magical Garage 100 shot","Regular","no_match","","Unknown","No sufficiently specific candidate identified in the two Dynamite catalog files."
"2LT37G7DBZSXXTSZOJEXGBDM","Magical Shots Barrage 100 Shot","Regular","no_match","","Unknown","No sufficiently specific candidate identified in the two Dynamite catalog files."
"BATDQ2BB2DBWSRLIYDMUHFPI","Magnum Tremors","Regular","no_match","","Unknown","No sufficiently specific candidate identified in the two Dynamite catalog files."
"QHR2H5KR63JK43L2NX2HHNCI","Major Mojo Family Pack","Regular","no_match","","Unknown","No sufficiently specific candidate identified in the two Dynamite catalog files."
"JN7TQYKX5GLXNYUYEFUJVRHO","Make America Great Again 500 Gram","Regular","confirmed","make-america-great-again","products.json[160] Make America Great Again / Winda / /products/make-america-great-again.png","Distinctive name and 500-gram cake category agree between Square and photographed Winda package."
"R3E444VOODWZJ3YN4WLMQE5M","Mammoth Smoke","Regular","no_match","","Unknown","No sufficiently specific candidate identified in the two Dynamite catalog files."
"3XD2NWMYF7T7SYWH6ZXIRL6C","Man Cave 500G","Regular","confirmed","man-cave","products.json[161] Man Cave / Winda / /products/man-cave.png","Name and 500-gram cake category agree between Square and photographed Winda package."
"Q55HTE45LQTGDHAPZE5PBSHG","Mardigrais","Regular","no_match","","Unknown","No sufficiently specific candidate identified in the two Dynamite catalog files."
"5JPUFA6DW2VVHUQEXK7JAJC3","Mass Confusion 500G 45 Shot","Regular","no_match","","Unknown","No sufficiently specific candidate identified in the two Dynamite catalog files."
"URA6MCFC6SIPCMFNC37DWJZ7","Mat Beast (12 pcs)","Regular","no_match","","Unknown","No sufficiently specific candidate identified in the two Dynamite catalog files."
"HGIK5WH6JXZ7ZN67PVW5BCLM","Max Caliber 24 Shots","Regular","no_match","","Unknown","No sufficiently specific candidate identified in the two Dynamite catalog files."
"7OHLMFFWUS7NBPRKIHKWX3HX","Maximum Altitude","Regular","no_match","","Unknown","No sufficiently specific candidate identified in the two Dynamite catalog files."
"MD45INUFCC64T2JKSK5NHQNX","Mechanical Bug 100 Shots","Regular","no_match","","Unknown","No sufficiently specific candidate identified in the two Dynamite catalog files."
"HJH4HOGWHQBLBADRC7JH2ALP","Mega Black Smoke","Regular","no_match","","Unknown","No sufficiently specific candidate identified in the two Dynamite catalog files."
"Z5MKLBVDY42ZEGMNQM634VML","Mega Gatling gun","Regular","probable","","products.json[91] Gatling Gun / Brothers / products/gatling-gun.png","Name identifies a candidate only; manufacturer and exact presentation have not been established."
"A3F734LVXNN23JWR536FAGGM","Mega Gatling gun","gatling gun","probable","","products.json[91] Gatling Gun / Brothers / products/gatling-gun.png","Name identifies a candidate only; manufacturer and exact presentation have not been established."
"KRKT5JIOTMJLYMEFOTCJ5EIA","Mega Pyro Huge Burst (6 pcs)","Regular","no_match","","Unknown","No sufficiently specific candidate identified in the two Dynamite catalog files."
"HQNE5XO5MPLYQSKG3O7U6WCT","Mega Shark","Regular","no_match","","Unknown","No sufficiently specific candidate identified in the two Dynamite catalog files."
"JZSYHXE4DQ7QGMED4JK76XXM","Megawatt-295 Shots","Regular","no_match","","Unknown","No sufficiently specific candidate identified in the two Dynamite catalog files."
"TCGFJ3MNAOY5DEHCFZ2BL2R5","Mexican Jumping Beans","Regular","no_match","","Unknown","No sufficiently specific candidate identified in the two Dynamite catalog files."
"KHIVIS7UANCQIZECYUTTC465","Mickealangelo","Regular","no_match","","Unknown","No sufficiently specific candidate identified in the two Dynamite catalog files."
"E3UXSYRN2VAH4HHUW5HI4IHN","Midnight 500 Gram","Regular","no_match","","Unknown","No sufficiently specific candidate identified in the two Dynamite catalog files."
"L57MW34TGTU7YAZAPRRLPOM6","Midnight Sun 500 Gram","Regular","no_match","","Unknown","No sufficiently specific candidate identified in the two Dynamite catalog files."
"53PBIUYJWPQ6AXGVJZXUFE2J","Midnight Sun 500g","Regular","no_match","","Unknown","No sufficiently specific candidate identified in the two Dynamite catalog files."
"NNYHMJELCPBMXZXPPDDZYQXP","Mighty Cracker 100pc BOGO","30","no_match","","Unknown","No sufficiently specific candidate identified in the two Dynamite catalog files."
"FAKGVMBHNQU7F7YPGIINCLPD","Mighty Cracker 100pc BOGO","Mighty Crackers","no_match","","Unknown","No sufficiently specific candidate identified in the two Dynamite catalog files."
"BHYRBZW52FWBQHJ6QZ4MKZPT","Mighty Max Candle Assortment","Regular","no_match","","Unknown","No sufficiently specific candidate identified in the two Dynamite catalog files."
"OKCB2UOBBJRUB7NBKFRGDTUE","Migraine","Regular","no_match","","Unknown","No sufficiently specific candidate identified in the two Dynamite catalog files."
"WGWVTKV5LLYGNVGTHJWBKKJC","Military Parachute","Regular","probable","","products.json[189] Military Parachute / Winda / /products/military-parachute.png","Name identifies a candidate only; manufacturer and exact presentation have not been established."
"UZ3IJ3UW3ZVS2M3E74R3VNLV","Military Parachute Box 2 Pack","Regular","probable","","products.json[189] Military Parachute / Winda / /products/military-parachute.png","Name identifies a candidate only; manufacturer and exact presentation have not been established."
"7A5IAAVZGOY7OFQE4GL6VVMN","Minecraft 5"" Artillery Shells 6 Pack","Regular","no_match","","Unknown","No sufficiently specific candidate identified in the two Dynamite catalog files."
"KHQGTUGPX2ABWY6TBLOAXTS7","Monkey Business","Regular","no_match","","Unknown","No sufficiently specific candidate identified in the two Dynamite catalog files."
"5T7VMN3SVTVIGJJRBSPLAP32","Monkey Business 200G","Regular","no_match","","Unknown","No sufficiently specific candidate identified in the two Dynamite catalog files."
"GGZBALOR7JK3HCSJSAB5FJOB","Morning Glories 24\6 144 Pieces sparklers","Regular","no_match","","Unknown","No sufficiently specific candidate identified in the two Dynamite catalog files."
"AV5JMGED5UC4OG7NH7O7O47E","Morning Glories 24\6 144 Pieces sparklers","Morning Glorys Pack 144","no_match","","Unknown","No sufficiently specific candidate identified in the two Dynamite catalog files."
"JW46UDVVNSF442AA7SCDR5FU","Morning Glories-14""","Regular","no_match","","Unknown","No sufficiently specific candidate identified in the two Dynamite catalog files."
"QWEMUCQK2V2YIXKJR2APJNVK","Morning Glory","Regular","no_match","","Unknown","No sufficiently specific candidate identified in the two Dynamite catalog files."
"NCTBJPN7RMTQTZDDSFLCPOWS","Morning Glory","Regular","no_match","","Unknown","No sufficiently specific candidate identified in the two Dynamite catalog files."
"WAF5VDGW2OT77X5XMU545NI2","Morning Glory 36 Inch sparklers","Regular","no_match","","Unknown","No sufficiently specific candidate identified in the two Dynamite catalog files."
"GNN7EVLU5MZWTGQGLPYVSSZ4","Morning Glory 36"".","Regular","no_match","","Unknown","No sufficiently specific candidate identified in the two Dynamite catalog files."
"LC6EYG7KJQI7FT56KOSTYUHV","Morning Glory Sparklers 6pk Individual BOGO","Regular","no_match","","Unknown","No sufficiently specific candidate identified in the two Dynamite catalog files."
"FJ6A27NZQWFNEC45WRS7B735","Mother Of All Fireworks 4"" Artillery Shells 24 Pack","Regular","confirmed","mother-of-all-fireworks","products.json[5] Mother of all Fireworks / Raccoon / /products/mother-of-all-fireworks.png","Distinctive name, artillery category and 24-pack presentation agree; Raccoon packaging visibly says 24 pack. The 4-inch size is retained from Square."
"XU4GLMW4LWFIZRWQQPIAXQLF","Mother Of The Bombs","Regular","no_match","","Unknown","No sufficiently specific candidate identified in the two Dynamite catalog files."
"KAWMWSNND6CWWITR7TTFBLLC","Motion Maker","Regular","no_match","","Unknown","No sufficiently specific candidate identified in the two Dynamite catalog files."
"Z3OHILX3F5STN22AG3IR2YH7","Movie Time","Regular","no_match","","Unknown","No sufficiently specific candidate identified in the two Dynamite catalog files."
"I23QLAHWWSGHYYDBAMASVDFZ","Nation Ovation 200g","Regular","confirmed","nation-ovation","products.json[163] Nation Ovation / Winda / /products/nation-ovation.png","Distinctive name and 200 gram agree between Square and the Winda package, which visibly says 200 grams."
"ML6UCMKNFT5Q6VWXICGN6TO2","Naughty Dog","Regular","no_match","","Unknown","No sufficiently specific candidate identified in the two Dynamite catalog files."
"ILXOA5TDDYIBJD2RMHPXESV6","Naughty Elephant","Regular","no_match","","Unknown","No sufficiently specific candidate identified in the two Dynamite catalog files."
"J52CWDQSQYWOKE7XZILPSEI5","Neon Beef 5"" Artillery Shells 24 pack","Regular","existing_rockwall","neon-beef","Unknown","Approved Rockwall package says Neon Beef, 5 inch and 24; Square agrees."
"6XC2CG64XOVFC5ZSL4AL6TQS","Neon Boom 25 Shot","Regular","no_match","","Unknown","No sufficiently specific candidate identified in the two Dynamite catalog files."
"NQCEENLY6NB6N2PB42Q6ZDJH","Neon Butterflies 54 Shot","Regular","no_match","","Unknown","No sufficiently specific candidate identified in the two Dynamite catalog files."
"65SPR36TT4PVNGW7PZMKA67K","Neon Camo Smoke","Regular","no_match","","Unknown","No sufficiently specific candidate identified in the two Dynamite catalog files."
"6SA6Q2XJKOHET5CW5VO67ZPO","Neon Celebration","Regular","no_match","","Unknown","No sufficiently specific candidate identified in the two Dynamite catalog files."
"JQ237JASEB65EVAXBN5T6GGF","Neon Fish Fountain","Regular","confirmed","neon-fish","products.json[44] Neon Fish / Monkey Mania / /products/neon-fish.png","Distinctive name and fountain category agree with the fish-shaped Monkey Mania package; no conflicting variant in Square."
"DESWK5DRCHLMT5AZZI2Q6SBM","Neon Night  Artillery (12 pcs)","Regular","no_match","","Unknown","No sufficiently specific candidate identified in the two Dynamite catalog files."
"NOAY7B4DBXXTUNGXXQ3RZGPF","Neon Saber Sparklers","Regular","no_match","","Unknown","No sufficiently specific candidate identified in the two Dynamite catalog files."
"DL437RUBTEAUEVYUK7LTENDQ","Neon Show 16 Shots","Regular","no_match","","Unknown","No sufficiently specific candidate identified in the two Dynamite catalog files."
"H5F3BJT34LCN6P2AY2J62MF4","Neon Skies 4"" Artillery Shells 24 Pack","Regular","confirmed","neon-skies","products.json[16] Neon Skies / Raccoon / /products/neon-skies.png","Distinctive name, artillery category and 24-pack presentation agree; packaging visibly says 24 pack. The 4-inch size is retained from Square."
"GEDP25JGWJWZ7YOPA2DMR4CJ","Neon Sky 140 shot","Regular","no_match","","Unknown","No sufficiently specific candidate identified in the two Dynamite catalog files."
"5RLSEP5ZVM5UFUOAKRWVPI5Y","Neon Smoke Balls 6pk","Regular","no_match","","Unknown","No sufficiently specific candidate identified in the two Dynamite catalog files."
"XKTAJU5IB6I7JCEIQYBUHACK","Neon Smoke Bombs 24ct","Regular","no_match","","Unknown","No sufficiently specific candidate identified in the two Dynamite catalog files."
"Z33FH247DFGYUE7PXWSNXMKE","Neon Smoke Show","Regular","no_match","","Unknown","No sufficiently specific candidate identified in the two Dynamite catalog files."
"NR4MTFDPX4TEOWP6T2SV5PK2","Neon Sparklers","Regular","no_match","","Unknown","No sufficiently specific candidate identified in the two Dynamite catalog files."
"6BTYAYIO5UUJFVNMMQEP246T","Neon Sparklers BOGO","Regular","no_match","","Unknown","No sufficiently specific candidate identified in the two Dynamite catalog files."
"E43XCOUSQYZLA6HC7QALQ2JM","Neon Strobe 200 Gram 18 Shot","Regular","no_match","","Unknown","No sufficiently specific candidate identified in the two Dynamite catalog files."
"EX26G3CPJJF5NBZWBQVHHQGL","Neon Web","Regular","no_match","","Unknown","No sufficiently specific candidate identified in the two Dynamite catalog files."
"73ZKYLH5IUS5MUMFLKHERCSJ","Neutron Bomb","Regular","no_match","","Unknown","No sufficiently specific candidate identified in the two Dynamite catalog files."
"V3CTF3FH4NKIRRFFPC6DY366","Night Display","Regular","no_match","","Unknown","No sufficiently specific candidate identified in the two Dynamite catalog files."
"TFDJ6PQBV7IFYAVY6PW7PMNC","Night Owl Fountain","Regular","no_match","","Unknown","No sufficiently specific candidate identified in the two Dynamite catalog files."
"ALQZ3KMCXR6USHH37AWXWUWW","Ninja","Regular","probable","","products.json[154] Fire Ninja / Winda / /products/fire-ninja.png","Name identifies a candidate only; manufacturer and exact presentation have not been established."
"KMH7EZXQ4SDAPJKEX4SEHMVI","Nishiki Blast 5"" Artillery 24 pack","Regular","no_match","","Unknown","No sufficiently specific candidate identified in the two Dynamite catalog files."
"A5QPAZSLHSGWWLVXOQIFPISG","Nishiki Blast 5"" Artillery Shells 6 pack","Regular","no_match","","Unknown","No sufficiently specific candidate identified in the two Dynamite catalog files."
"KBJO6YQUU24A5H53ZWYHQ3OC","No. 10 Gold Sparklers","Regular","no_match","","Unknown","No sufficiently specific candidate identified in the two Dynamite catalog files."
"I6GOOFO7IUOJT67L56YYC2OJ","No.10 Sparklers 8-count","Regular","no_match","","Unknown","No sufficiently specific candidate identified in the two Dynamite catalog files."
"VXW4HZNONEA5E3KZRHE6DZN5","Nuclear Snaps","Regular","probable","","products.json[28] Nuclear Snaps / Raccoon / /products/nuclear-snaps.png","Name identifies a candidate only; manufacturer and exact presentation have not been established."
"3FO4ASOGRI5DLQUUHQ2L4Y6U","O B M 500 Gram","Regular","no_match","","Unknown","No sufficiently specific candidate identified in the two Dynamite catalog files."
"PIXOQTBXHYSS7P6ZG56QBEEV","Occupy Mars 500 Gram","Regular","no_match","","Unknown","No sufficiently specific candidate identified in the two Dynamite catalog files."
"CSGE5JOMIS4S2UHMKANBYVT6","Og Kush","Regular","no_match","","Unknown","No sufficiently specific candidate identified in the two Dynamite catalog files."
"YBPRO23AEBHWZWXJLOCBAP45","Ol'red ","Regular","no_match","","Unknown","No sufficiently specific candidate identified in the two Dynamite catalog files."
"TJCEVYQKEURJTZKRXDKTT7TF","Old Ironsides 500 Gram","Regular","no_match","","Unknown","No sufficiently specific candidate identified in the two Dynamite catalog files."
"D2NK6VMC6V5Q6F7UV5RP7HCA","One Bad Mother-In-Law 500 Gram","Regular","no_match","","Unknown","No sufficiently specific candidate identified in the two Dynamite catalog files."
"LHO5N45NNG2Q6KRID3SIMDMD","One Really Bad Mother 500 Gram","Regular","no_match","","Unknown","No sufficiently specific candidate identified in the two Dynamite catalog files."
"4QSJROFXXZ4LS3FKPOCQLOWI","Open Fire 500 Gram","Regular","no_match","","Unknown","No sufficiently specific candidate identified in the two Dynamite catalog files."
"PVMLANIMRLON66EC35HE5GH7","Oppullently Yours","Regular","no_match","","Unknown","No sufficiently specific candidate identified in the two Dynamite catalog files."
"7RIYCJGG6FJG6T7TPECJK5LN","Outer Space Craft-BOGO","Regular","no_match","","Unknown","No sufficiently specific candidate identified in the two Dynamite catalog files."
"RJI3L3ZOH6A34DOCTHDC2W66","Outlaw Justice","Regular","no_match","","Unknown","No sufficiently specific candidate identified in the two Dynamite catalog files."
"35NAPEUSRBXWA6VJOXXS2P2K","Pakin` Purple Fountain","Regular","no_match","","Unknown","No sufficiently specific candidate identified in the two Dynamite catalog files."
"URCSCIXNNU3JXYOPRXZQDCWP","Pandamonium","Regular","no_match","","Unknown","No sufficiently specific candidate identified in the two Dynamite catalog files."
"FMKDA4YHWK5ZV4ZEBDEWCVTB","Parachutes Fireworks 6pk","Regular","no_match","","Unknown","No sufficiently specific candidate identified in the two Dynamite catalog files."
"OYYJWZFHABFVJ2I5GEN3BXNW","Party Animal Black Cat Assortment","Regular","no_match","","Unknown","No sufficiently specific candidate identified in the two Dynamite catalog files."
"GTJEOQD2CEPZLB6IG34L5DJL","Party Like Its 1776 500 Gram","Regular","no_match","","Unknown","No sufficiently specific candidate identified in the two Dynamite catalog files."
"SPHGB45PXXV5JJAYNVSAHQZH","Party Pack","Regular","no_match","","Unknown","No sufficiently specific candidate identified in the two Dynamite catalog files."
"LVDV62MTB2UNJZMKZAAKZHU4","Party Pack 5 Black Cat","Regular","no_match","","Unknown","No sufficiently specific candidate identified in the two Dynamite catalog files."
"EYHLYQPZXEA34ZHLVD4GS3EJ","Party Pack 5 S And S","Regular","no_match","","Unknown","No sufficiently specific candidate identified in the two Dynamite catalog files."
"Y4WMTYEVPETUZALRIL7GZSZ7","Party Pack 6 Black Cat","Regular","no_match","","Unknown","No sufficiently specific candidate identified in the two Dynamite catalog files."
"RUDFKSIOWOO6EYLP2XIK2POM","Party Popper BOGO","Regular","no_match","","Unknown","No sufficiently specific candidate identified in the two Dynamite catalog files."
"YDXTBSQMDNA3CAACFFFV3M7G","Party Popper BOGO","Regular","no_match","","Unknown","No sufficiently specific candidate identified in the two Dynamite catalog files."
"H4FJAI7L7W5675F4RDZW2DOK","Party Poppers","Regular","no_match","","Unknown","No sufficiently specific candidate identified in the two Dynamite catalog files."
"QJYHB53HMHM3LHA3AMQILUY6","Party Up Fountain","Regular","no_match","","Unknown","No sufficiently specific candidate identified in the two Dynamite catalog files."
"UJYS4PYVOEXLVSHB47PDTLWB","Pastel Sunset","Regular","no_match","","Unknown","No sufficiently specific candidate identified in the two Dynamite catalog files."
"XONH3T5IEWPTHSVDTIXWTFLQ","Patriot Missile Battery","Regular","no_match","","Unknown","No sufficiently specific candidate identified in the two Dynamite catalog files."
"GFECBXQR5N3CNQFF6ZSOS2AR","Patriot Smoke","Regular","no_match","","Unknown","No sufficiently specific candidate identified in the two Dynamite catalog files."
"6Q5EU5MTXGXJTDIOWHLDA6L2","Patriotic Fury","Regular","no_match","","Unknown","No sufficiently specific candidate identified in the two Dynamite catalog files."
"SYIQ3ASIUOUO65QYDGYYD6IP","Patriotic Waves","Regular","no_match","","Unknown","No sufficiently specific candidate identified in the two Dynamite catalog files."
"BW7FHJQTNO2EPTALDRURHPRD","Peace Elite","Regular","no_match","","Unknown","No sufficiently specific candidate identified in the two Dynamite catalog files."
"2EB6YQMF2JETUJYHQTRIZGR3","Peace Out","Regular","no_match","","Unknown","No sufficiently specific candidate identified in the two Dynamite catalog files."
"LV65VKZH67LIUO4NCR3MY7E3","Peacock Spider 5"" Artillery Shells 24 pack","Regular","no_match","","Unknown","No sufficiently specific candidate identified in the two Dynamite catalog files."
"BRYUXAWM2U773NSWLZI6RQJJ","Peacock fountain 2 Mins","Regular","no_match","","Unknown","No sufficiently specific candidate identified in the two Dynamite catalog files."
"BSTVNCI44CC3KJXN4HLCGHUS","Penguin Mama Bogo","Regular","no_match","","Unknown","No sufficiently specific candidate identified in the two Dynamite catalog files."
"7OAN37IRHHUF7PBB7LBMEFEN","Perfect Hobby Fuse","Regular","no_match","","Unknown","No sufficiently specific candidate identified in the two Dynamite catalog files."
"Y5OI5SINQV5R5HTH6T7JKPD3","Pink Smoke 2pk","Regular","no_match","","Unknown","No sufficiently specific candidate identified in the two Dynamite catalog files."
"VW6UK3R5PQCWGV2HP7PVG47Y","Piranha 500 Gram","Regular","no_match","","Unknown","No sufficiently specific candidate identified in the two Dynamite catalog files."
"7NIKJPUYYNEFFUPR4OAZ5TLP","Pirate Captain","Regular","no_match","","Unknown","No sufficiently specific candidate identified in the two Dynamite catalog files."
"DBKP4RU3O2KESZZFVHZI7XGX","Pixie Stick Sparklers Bogo","Regular","no_match","","Unknown","No sufficiently specific candidate identified in the two Dynamite catalog files."
"QOBJJNSP3DTE3UDKCCERX3MP","Pixie Sticks","Regular","no_match","","Unknown","No sufficiently specific candidate identified in the two Dynamite catalog files."
"RG25535S4I3QWL6XUOT4SJVP","Pizza Platter","Regular","no_match","","Unknown","No sufficiently specific candidate identified in the two Dynamite catalog files."
"F3QXAKJHZFDKFEHW4F5LYHG6","Planet Candle","Regular","no_match","","Unknown","No sufficiently specific candidate identified in the two Dynamite catalog files."
"LEGXEN3H3USZHEQPWD6DHKW7","Poop","Regular","no_match","","Unknown","No sufficiently specific candidate identified in the two Dynamite catalog files."
"DJDD3CC7XZW5XMFZ5UOFKY3S","Pooping Dog","Regular","no_match","","Unknown","No sufficiently specific candidate identified in the two Dynamite catalog files."
"UGWD5ORMIP3Z4SNOJNKZLSXD","Pooping Puppy","Regular","no_match","","Unknown","No sufficiently specific candidate identified in the two Dynamite catalog files."
"ACVJ27NW6K665M5ZLJJWS6NQ","Pop Pop Snap","Regular","no_match","","Unknown","No sufficiently specific candidate identified in the two Dynamite catalog files."
"RHF7AEHBY7OWIBXKCAQ7JFHO","Pop Pop Snappers","Regular","no_match","","Unknown","No sufficiently specific candidate identified in the two Dynamite catalog files."
"WOTDSCN5QXJWIDB22ZTJ7B4Y","Popcorn Snow Balls","Regular","no_match","","Unknown","No sufficiently specific candidate identified in the two Dynamite catalog files."
"DIDEY25CLY47LXE7YSOJA5XD","Premium Artillery 6pc","Regular","no_match","","Unknown","No sufficiently specific candidate identified in the two Dynamite catalog files."
"O4HEZOXYRTRJS3YERP4VZHZR","Premium Cannon Fuse","Regular","no_match","","Unknown","No sufficiently specific candidate identified in the two Dynamite catalog files."
"FN4OGLCMYXTN2JZTRZ5NCKO4","Pretty In Pink 60sec Smoke","Regular","no_match","","Unknown","No sufficiently specific candidate identified in the two Dynamite catalog files."
"2ZRSOBQ75H3FUORH4EEQSKEV","Pretty In Pink 60sec Smoke","boy o'boy blue 60 sec smoke","no_match","","Unknown","No sufficiently specific candidate identified in the two Dynamite catalog files."
"BNUXKTUCJZD4IZ3NBI22JUGD","Pride And Honor","Regular","no_match","","Unknown","No sufficiently specific candidate identified in the two Dynamite catalog files."
"B2R4LKO2AZTVC7WNZLP65265","Pride And Joy","Regular","no_match","","Unknown","No sufficiently specific candidate identified in the two Dynamite catalog files."
"W2DQZLRQIG7B6M6TLEHBUWPO","Prime Time","Regular","no_match","","Unknown","No sufficiently specific candidate identified in the two Dynamite catalog files."
"SLK6V23MUILATCG47E752KNE","Princess Parachute","Regular","probable","","products.json[190] Princess Parachute / Winda / /products/princess-parachute.png","Name identifies a candidate only; manufacturer and exact presentation have not been established."
"IJJCFG2L4D6373CWLT7PDNSV","Princess Power Sword Fountain- Pink","Regular","no_match","","Unknown","No sufficiently specific candidate identified in the two Dynamite catalog files."
"3U776SJS6U6ZARDKVW3VDN6F","Princeton 500g","Regular","no_match","","Unknown","No sufficiently specific candidate identified in the two Dynamite catalog files."
"BE5SGVQG2WTIOQ7T7O5KZZ5M","Pro Pyro Show","Regular","no_match","","Unknown","No sufficiently specific candidate identified in the two Dynamite catalog files."
"DB4TCS3F4TI7T4HCKIH4TICI","Proud And True 500 Gram","Regular","no_match","","Unknown","No sufficiently specific candidate identified in the two Dynamite catalog files."
"HOEPN7PMLZEIWDHROP4CNQHN","Pucker Up","Regular","no_match","","Unknown","No sufficiently specific candidate identified in the two Dynamite catalog files."
"K3CPITE3BIQOUTBNOLKATW72","Pure Fantasy  Fountain","Regular","no_match","","Unknown","No sufficiently specific candidate identified in the two Dynamite catalog files."
"YDRRJKGNOJXGW2GJTT657UMN","Purely American 500g 135 Shots","Regular","confirmed","purely-american","products.json[23] Purely American / Raccoon / /products/purely-american.png","Name, 500-gram category and 135 shots agree with the photographed Raccoon package."
"MQUBTSR6GA2MQOBNUI3GR3R6","Purple Rain 200 Gram 20 Shots","Regular","no_match","","Unknown","No sufficiently specific candidate identified in the two Dynamite catalog files."
"2FDGHGEKWTLRHURUU6BFPNAL","Purplelicious","Regular","no_match","","Unknown","No sufficiently specific candidate identified in the two Dynamite catalog files."
"6V3AE6WIBJYROZB36X5IQNO7","Purplicious 16 Shot","Regular","no_match","","Unknown","No sufficiently specific candidate identified in the two Dynamite catalog files."
"HZAGPD3IMPZRECHNNQMOYHJG","Pyro Addict 500 Gram","Regular","no_match","","Unknown","No sufficiently specific candidate identified in the two Dynamite catalog files."
"S65NKA62L4VM76LXZCWIPRIN","Pyro Addict 500 Gram","Regular","no_match","","Unknown","No sufficiently specific candidate identified in the two Dynamite catalog files."
"NBYJHYVLGDM6O5TFADLC2M3Z","Pyro Alienware 4"" Artillery Shells 12 pack","Regular","no_match","","Unknown","No sufficiently specific candidate identified in the two Dynamite catalog files."
"XPKPIHHLLYDHZR5MWGU3Q7IM","Pyro Bag #1","Regular","no_match","","Unknown","No sufficiently specific candidate identified in the two Dynamite catalog files."
"VIX2UHODPHEVPAUTBUI4EP3W","Pyro Blends","Regular","no_match","","Unknown","No sufficiently specific candidate identified in the two Dynamite catalog files."
"MM7NBQNS3IQJARZGRUKQHBTC","Pyro Chaos 6"" Artillery Shells 24 pack","Regular","no_match","","Unknown","No sufficiently specific candidate identified in the two Dynamite catalog files."
"XVGJDTRZN6G72H74OTSIEYPV","Pyro City","Regular","no_match","","Unknown","No sufficiently specific candidate identified in the two Dynamite catalog files."
"K3TMBZV5CNPFOAJ6D63VE66G","Pyro City 2","Regular","no_match","","Unknown","No sufficiently specific candidate identified in the two Dynamite catalog files."
"H6UVAEIGHB6OJOGWCNMV7HRI","Pyro Pack","Regular","probable","","products.json[54] Monkey's Pyro Pack / Monkey Mania / /products/monkey's-pyro-pack.png","Name identifies a candidate only; manufacturer and exact presentation have not been established."
"6FDCWTCRQOHD3Q7QAX23HFRU","Pyro Party","Regular","no_match","","Unknown","No sufficiently specific candidate identified in the two Dynamite catalog files."
"V4SFMS63R6VNL3PIC2LJZYS3","Pyro Pilot 200 G","Regular","confirmed","pyro-pilot","products.json[167] Pyro Pilot / Winda / /products/pyro-pilot.png","Distinctive name and 200 gram agree between Square and photographed Winda package, which visibly says 200 grams."
"HEVVANDGFEVR76YPE7NPSCEM","Pyro Pops BOGO","Regular","no_match","","Unknown","No sufficiently specific candidate identified in the two Dynamite catalog files."
"RBNKNZOCMLTGXG2TRQWWRYBN","Pyro Pops BOGO","pyro pops","no_match","","Unknown","No sufficiently specific candidate identified in the two Dynamite catalog files."
"CFGCQ6R3T7XOKG2TA2GCQGM7","Pyro Pops BOGO","pyro pops","no_match","","Unknown","No sufficiently specific candidate identified in the two Dynamite catalog files."
"NSKKJTQHV66B4EOJMDLAPZNP","Pyro Pops BOGO","pyro pops","no_match","","Unknown","No sufficiently specific candidate identified in the two Dynamite catalog files."
"GQIO43RFQ7PK5X5KJBYXTQQ7","Pyro Pops BOGO","pyro pops","no_match","","Unknown","No sufficiently specific candidate identified in the two Dynamite catalog files."
"BF3Z4FAZ36XGLL4UMBOLSW7S","Pyro Pops BOGO","pyro pops","no_match","","Unknown","No sufficiently specific candidate identified in the two Dynamite catalog files."
"3Y4WRX4IUKR6KRDG7YBHOSI6","Pyro Predator","Regular","no_match","","Unknown","No sufficiently specific candidate identified in the two Dynamite catalog files."
"BF66HA5IYYBN6RWQQC4UDKQY","Pyro Predator Family Pack","Regular","no_match","","Unknown","No sufficiently specific candidate identified in the two Dynamite catalog files."
"D54L65LWKBKYAUHHVM6QNA6L","Pyro Princess Pack","Regular","no_match","","Unknown","No sufficiently specific candidate identified in the two Dynamite catalog files."
"MQOMTH6XZ663YZ6S6QXFK6LO","Pyro Ultimate Power","Regular","no_match","","Unknown","No sufficiently specific candidate identified in the two Dynamite catalog files."
"6ULWXTCLRKTUXU7C5ZDN2UNW","Pyro Van","Regular","no_match","","Unknown","No sufficiently specific candidate identified in the two Dynamite catalog files."
"7TS7HQ3JDS5V5H6BDNGX3J66","Quest 4"" Artillery Shells 24 Pack","Regular","no_match","","Unknown","No sufficiently specific candidate identified in the two Dynamite catalog files."
"SS36U2MYQRBEI5GVBABWBTXA","Quick Hobby Fuse","Regular","no_match","","Unknown","No sufficiently specific candidate identified in the two Dynamite catalog files."
"FXSOEDZ2NUNCKEGBYV655575","RDXplosion 6"" Artillery Shells 12 pack","Regular","conflict","","products.json[2] RDXplosion / Raccoon / /products/RDXplosion.png","Square name specifies 6 inch; Square category and photographed RDXplosion package specify 1.75 inch. Confirm whether length/caliber or a wrong variant before matching."
"NWMDDTHFDKMDDFCRMWXOQAEE","RWB Bombs Bursting","Regular","no_match","","Unknown","No sufficiently specific candidate identified in the two Dynamite catalog files."
"MKPXTJVO2ZN76CBI5QC3BF66","RYG Jumbo Crackling Balls","Regular","no_match","","Unknown","No sufficiently specific candidate identified in the two Dynamite catalog files."
"EFZMXOBWHIVMSUS6YEKZLHZW","Raccoon 5"" Artillery Shells 24 pack","Regular","no_match","","Unknown","No sufficiently specific candidate identified in the two Dynamite catalog files."
"TNYRSG3Q5J6EIUJNPKI3XOSD","Raging Willow","Regular","no_match","","Unknown","No sufficiently specific candidate identified in the two Dynamite catalog files."
"LAFSLBBO5TCGIGANK6PD6X6T","Rainbow Ghost 195 Shot Zipper Cake","Regular","probable","","products.json[18] Rainbow Ghost / Raccoon / /products/rainbow-ghost.png","Name identifies a candidate only; manufacturer and exact presentation have not been established."
"T5PKC33IYA6KTNSCKQNN6SHB","Rapid Fire Roman Candle","Regular","no_match","","Unknown","No sufficiently specific candidate identified in the two Dynamite catalog files."
"TOS4U7TKFD4RCZOIO6JPZLND","Reaper Smoke","Regular","no_match","","Unknown","No sufficiently specific candidate identified in the two Dynamite catalog files."
"HWTK2ULKLW2RRBRLNC3P4YHI","Rebellion Family Pk","Regular","no_match","","Unknown","No sufficiently specific candidate identified in the two Dynamite catalog files."
"E5YULBGRF53NWHLMR67QEVOJ","Red Apple Fireworks","Regular","no_match","","Unknown","No sufficiently specific candidate identified in the two Dynamite catalog files."
"A7YX4EY5QDK63PQLN2MBASMP","Red N White Fountain","Regular","no_match","","Unknown","No sufficiently specific candidate identified in the two Dynamite catalog files."
"F6Q3FZ4SJ6IET2HB4T254AT2","Red White And Blue 200 Gram 12 Shot","Regular","no_match","","Unknown","No sufficiently specific candidate identified in the two Dynamite catalog files."
"QXJ3RGVQIQ2UIDPOSRHFANBQ","Red White Blazed 500g","Regular","no_match","","Unknown","No sufficiently specific candidate identified in the two Dynamite catalog files."
"NP7PKBMF4KLRVRQWCBMOS66A","Red White Blue Snapper Bogo","Regular","no_match","","Unknown","No sufficiently specific candidate identified in the two Dynamite catalog files."
"7DSXP5SAKK7GOJF6OJXJAXHC","Red White Blue Snapper Bogo","Box RWB SNAPS","no_match","","Unknown","No sufficiently specific candidate identified in the two Dynamite catalog files."
"5RPOFPZKBIZ7RJ47JMBHBRNV","Reflection Fountain","Regular","no_match","","Unknown","No sufficiently specific candidate identified in the two Dynamite catalog files."
"YAML6VIAULZIULDW3Q7TNCDX","Revenge Shells 6pc","Regular","no_match","","Unknown","No sufficiently specific candidate identified in the two Dynamite catalog files."
"RXXAJBEZGNQ5F3XLRYKTDH6B","Revolution Now 500 Gram","Regular","no_match","","Unknown","No sufficiently specific candidate identified in the two Dynamite catalog files."
"LJKJXGA7PUBYSR2CNXBKD256","Ridin Dirty","Regular","no_match","","Unknown","No sufficiently specific candidate identified in the two Dynamite catalog files."
"DVZ5SA2JXOMIZGASFEHJGIR3","Ring Of Honor 5"" Artillery Shells 6 Pack","Regular","no_match","","Unknown","No sufficiently specific candidate identified in the two Dynamite catalog files."
"VDKQHYGJDBMFBXL65I3TCORF","Road Rage","Regular","probable","","products.json[169] Road Rage / Winda / /products/road-rage.png","Name identifies a candidate only; manufacturer and exact presentation have not been established."
"RU6XE3BRBD6OW5W5QFTMX6TX","Rock On Fountain","Regular","no_match","","Unknown","No sufficiently specific candidate identified in the two Dynamite catalog files."
"H6MAG6RQ7MRYH3J75RJXMYTA","Roma Candle (8 ball/4Pack)  BOGO","Regular","no_match","","Unknown","No sufficiently specific candidate identified in the two Dynamite catalog files."
"ICURJ3X4AGZXXWDOGTG25IDJ","Roman Candle (10 Ball/4 Pk)","Regular","no_match","","Unknown","No sufficiently specific candidate identified in the two Dynamite catalog files."
"RQN6Q3IJG27DRVA6W4YQRFKU","Roman Candle 10 Ball","Regular","no_match","","Unknown","No sufficiently specific candidate identified in the two Dynamite catalog files."
"CDDJKC5ST2S5CBCDNCNFXT5A","Roman Candle 10 Ball","Regular","no_match","","Unknown","No sufficiently specific candidate identified in the two Dynamite catalog files."
"RH4ASOQTUBY6FDPTYKDK3HYB","Roman Candle 10Ball","Regular","no_match","","Unknown","No sufficiently specific candidate identified in the two Dynamite catalog files."
"MJ34ZZI6BVD46HRIMNPWKER3","Roman Candle 10Ball","Roman Candle 10 Ball","no_match","","Unknown","No sufficiently specific candidate identified in the two Dynamite catalog files."
"4MGNJBH6SPUWG2ZFG6XAYMSG","Roman Candle 12 Pack Assortment 120 Shot","Regular","no_match","","Unknown","No sufficiently specific candidate identified in the two Dynamite catalog files."
"FIX6XRZXDVWDRDKJCHSLED4F","Roman Candle 6 Count 8 Shots","Regular","no_match","","Unknown","No sufficiently specific candidate identified in the two Dynamite catalog files."
"VRVRESOI3PY3GDDSSGJYXK4S","Roman Candle Assortment (4 pk/10 Shot)","Regular","no_match","","Unknown","No sufficiently specific candidate identified in the two Dynamite catalog files."
"3J24Z2O2DPZZX6CSO4IN6FF7","Roman Candle Assortment (4 pk/10 Shot)","Starlight Roman Candle","no_match","","Unknown","No sufficiently specific candidate identified in the two Dynamite catalog files."
"4ABLREUNYD7DVSZ7TOM6UZRU","Roman Candle Boomer- 5 Ball","Regular","no_match","","Unknown","No sufficiently specific candidate identified in the two Dynamite catalog files."
"PFKU4FTPECZUSIDS2YNPHZ27","Roman Candle Boomer- 5 Ball","Roman Candle Boomer-5 Ball","no_match","","Unknown","No sufficiently specific candidate identified in the two Dynamite catalog files."
"WBCPWJZLFZLFCROJ3HT4HGVE","Roman Candle Camo (4 Shot/6 Pk)","Regular","no_match","","Unknown","No sufficiently specific candidate identified in the two Dynamite catalog files."
"BEUXBUZTRQQWIL3ZX5EF5QRW","Roman Candle Heavy Shot 5 Ball","Regular","no_match","","Unknown","No sufficiently specific candidate identified in the two Dynamite catalog files."
"ZODEGP6HHFAAMKTB6DKOCNGD","Roman Candle Rapid Fire 8pk","Regular","no_match","","Unknown","No sufficiently specific candidate identified in the two Dynamite catalog files."
"TGIHSXBHF62RRGWDJ66NGFR3","Roman Candles Assorted (4 Pack/10 Shot)","Regular","no_match","","Unknown","No sufficiently specific candidate identified in the two Dynamite catalog files."
"HP7KP4CNYT2QHJJEHZ63647N","Rotating Gatling","Regular","no_match","","Unknown","No sufficiently specific candidate identified in the two Dynamite catalog files."
"V7GVWTY4J7MZ272LPHIH24EJ","Rotating Machine Gun","Regular","no_match","","Unknown","No sufficiently specific candidate identified in the two Dynamite catalog files."
"BM3R75NP4LQL6MSZRDVWACGL","Royal Rampage 500g","Regular","no_match","","Unknown","No sufficiently specific candidate identified in the two Dynamite catalog files."
"Q6KGAOERMQ3NMSBOJ2GJTR22","Ruckus (12 pcs)","Regular","no_match","","Unknown","No sufficiently specific candidate identified in the two Dynamite catalog files."
"7PAQYGZEQZYMPBX5OK5Y3FL3","Rush Hour 500 Gram 100 Shot 3 Min","Regular","confirmed","rush-hour","products.json[118] Rush Hour / Winda / /products/rush-hour.png","Name, 500 gram, 100 shots and 3-minute duration all agree between Square and photographed Winda package."
"JQOGXKHCLYLADVB4NZEYJBCK","SPECIAL $50 500g Cake","Regular","no_match","","Unknown","No sufficiently specific candidate identified in the two Dynamite catalog files."
"2I7W5V3OLFBTM7QVNYYY6R3U","SPECIAL $75 60g 24pk Artillery Shell","Regular","no_match","","Unknown","No sufficiently specific candidate identified in the two Dynamite catalog files."
"3D5Q5QZWIY456UDWUJ6S473W","SPECIAL 3/$75 200g Cake","Regular","no_match","","Unknown","No sufficiently specific candidate identified in the two Dynamite catalog files."
"2TFSBSEHX3RIJIUGEAVYQ34I","Salute To Summer 200g","Regular","no_match","","Unknown","No sufficiently specific candidate identified in the two Dynamite catalog files."
"J6T5NYC7BD5VTR3H552JDPC4","Saturday Night Special 500 Gram","Regular","confirmed","saturday-night-special","products.json[90] Saturday Night Special / Brothers / products/saturday-night-special.png","Distinctive name and Square 500-gram category agree with the Brothers heavyweight cake pictured in the source."
"43W4GXYSFIHVJYCXF4YAW26J","Saturn Missile Battery 100 Shot","Regular","probable","","products.json[46] Saturn Missile Battery 100's / Monkey Mania / /products/saturn-missile-battery-100.png","Name identifies a candidate only; manufacturer and exact presentation have not been established."
"FZMW6CFOEEK6Q7DGWWCOS5UO","Saturn Missile Battery 25 Shot","Regular","no_match","","Unknown","No sufficiently specific candidate identified in the two Dynamite catalog files."
"ICM5Y3XUPART3UAJ6AFCB4ZA","Saturn Missile Battery 300 Shot","Regular","probable","","products.json[47] Saturn Missile Battery 300's / Monkey Mania / /products/saturn-missile-battery-300.png","Name identifies a candidate only; manufacturer and exact presentation have not been established."
"ADK4WL4CCEYTQAWKHGAW2QDM","Saturn Missile Battery 300 Shot","American Saturn Missile","probable","","products.json[47] Saturn Missile Battery 300's / Monkey Mania / /products/saturn-missile-battery-300.png","Name identifies a candidate only; manufacturer and exact presentation have not been established."
"RCBPW76UUVOBEFNEPO3MWPQB","Saturn Missile Battery-750 Shot","Regular","no_match","","Unknown","No sufficiently specific candidate identified in the two Dynamite catalog files."
"A7BVCSMERHS3I6HQV6PXR2VJ","Saturn Missle Battery 100 Sht","Regular","no_match","","Unknown","No sufficiently specific candidate identified in the two Dynamite catalog files."
"NJM6VGXTBORBIDBFE5WX2DBE","Saturn Ultra 750","Regular","no_match","","Unknown","No sufficiently specific candidate identified in the two Dynamite catalog files."
"5JQRSHABWBMQ52NCPHFZJAPH","Scarlet Thread 500 Gram","Regular","no_match","","Unknown","No sufficiently specific candidate identified in the two Dynamite catalog files."
"4FSMJRLSNUAD2WCQM35D554W","Screaming Eagles","Regular","no_match","","Unknown","No sufficiently specific candidate identified in the two Dynamite catalog files."
"CGTZLRFLVBLJADNUMR2I7V6D","Screeching Eagle","Regular","no_match","","Unknown","No sufficiently specific candidate identified in the two Dynamite catalog files."
"IDRRN7PXEHU5ESAIDFWNUFCC","Secret Vault Family Pack","Regular","no_match","","Unknown","No sufficiently specific candidate identified in the two Dynamite catalog files."
"ALNYFHJRL6SEF3PJ2DCWDWJB","Seismic Snaps","Regular","no_match","","Unknown","No sufficiently specific candidate identified in the two Dynamite catalog files."
"HBOU625S5LEK4PCVRH53HOQG","Serious Equipment 48 Shells","Regular","no_match","","Unknown","No sufficiently specific candidate identified in the two Dynamite catalog files."
"6SGGZX66ZYR44X62PWKO7V33","Shark Attack 4 Pack","Regular","no_match","","Unknown","No sufficiently specific candidate identified in the two Dynamite catalog files."
"NQH4FU2CQFAFPYQORARDZJR5","Shinobi","Regular","no_match","","Unknown","No sufficiently specific candidate identified in the two Dynamite catalog files."
"FX3FZDERMCEZQ4YL3PDCIQQD","Show Me Your Kitties 200 gr","Regular","no_match","","Unknown","No sufficiently specific candidate identified in the two Dynamite catalog files."
"O4MEQ2OSWJYYBCA5R6ZYCN3Z","Shower Of Sparks 5 Pcs","Regular","no_match","","Unknown","No sufficiently specific candidate identified in the two Dynamite catalog files."
"RXEDQUZWB3J67HDB622CHTLT","Silent Assasin","Regular","no_match","","Unknown","No sufficiently specific candidate identified in the two Dynamite catalog files."
"6TL5MEXW2T74PYUHAH26HOD2","Silent Mode","Regular","no_match","","Unknown","No sufficiently specific candidate identified in the two Dynamite catalog files."
"44TDILAVET7KFW3RUYZOHEBZ","Silent Treatment Fountain","Regular","no_match","","Unknown","No sufficiently specific candidate identified in the two Dynamite catalog files."
"ELPXYS33RVPQWPNX3ESR377E","Skull Force","Regular","no_match","","Unknown","No sufficiently specific candidate identified in the two Dynamite catalog files."
"UKIQLFU5SEJTMJHR6AKHDO3E","Skull King 200 Gram 16 Shot","Regular","no_match","","Unknown","No sufficiently specific candidate identified in the two Dynamite catalog files."
"DHKAYQL2A5JTRZQGUAUPKSIC","Skull Popper 6 Pk","Regular","no_match","","Unknown","No sufficiently specific candidate identified in the two Dynamite catalog files."
"WTLUAOGLASBOLXA3LAEELXAQ","Sky Ink 200G","Regular","no_match","","Unknown","No sufficiently specific candidate identified in the two Dynamite catalog files."
"TE2L56XEDWRPQVTX4WF7ZYPE","Sky Laterns","Regular","no_match","","Unknown","No sufficiently specific candidate identified in the two Dynamite catalog files."
"64FX5VZCXQGIRO6L3MNRJR3F","Sky Laterns","Regular","no_match","","Unknown","No sufficiently specific candidate identified in the two Dynamite catalog files."
"C3Z2RS7D6ATU276R6GFDRQJY","Sky Painter Fountain","Regular","no_match","","Unknown","No sufficiently specific candidate identified in the two Dynamite catalog files."
"7I7ICERBSIGVAHLOKRERBOOJ","Sky Pattern Rocket Kit","Regular","confirmed","sky-pattern","products.json[102] Sky Pattern / Firehawk / /products/sky-pattern.png","Distinctive name and Square rocket-kit presentation agree with the Firehawk packaged rocket kit. No quantity inferred from an internal SKU."
"LCUKICYEVG6O6GGZEFQMVWYJ","Skybolt (5 sticks)","Regular","conflict","","products.json[103] Skybolt / Firehawk / /products/skybolt.png","Square Skybolt specifies five sticks; Firehawk source photo shows a freestanding missile. Presentation does not agree."
"K2OSHKB5T4AD2TTS65UQK4JA","Slam Dunk Fountain","Regular","no_match","","Unknown","No sufficiently specific candidate identified in the two Dynamite catalog files."
"UCFNVVHNNAU65DR3NT3CHQAH","Small Biker Gang Novelty","Regular","no_match","","Unknown","No sufficiently specific candidate identified in the two Dynamite catalog files."
"IDRU6XRW7BWBX53PXMETFDDW","Small Fire Truck Novelty","Regular","no_match","","Unknown","No sufficiently specific candidate identified in the two Dynamite catalog files."
"QR6JZFJ3F5O3DOF23GO3E274","Small Military Parachute","Regular","probable","","products.json[189] Military Parachute / Winda / /products/military-parachute.png","Name identifies a candidate only; manufacturer and exact presentation have not been established."
"CUMAYLL4GFQA4YQRN27UWOCT","Small Military Paratropper","Regular","no_match","","Unknown","No sufficiently specific candidate identified in the two Dynamite catalog files."
"3ADFA4L7TG6JSPJDUV7IJW4C","Small Police Car Novelty","Regular","no_match","","Unknown","No sufficiently specific candidate identified in the two Dynamite catalog files."
"36MIDNKLKXE6BD6ZCKP33MAW","Small Skateboard Dude Novelty","Regular","no_match","","Unknown","No sufficiently specific candidate identified in the two Dynamite catalog files."
"B5PYMHTQP5GIGI7BPYVXIEQG","Small Tank","Regular","no_match","","Unknown","No sufficiently specific candidate identified in the two Dynamite catalog files."
"IR4HFV2V4UFXVMGII7UKDZUS","Small Tank","Tank","no_match","","Unknown","No sufficiently specific candidate identified in the two Dynamite catalog files."
"BMR7JEOTMDGL54REFWSSF5II","Small Tank 12 Pack","Regular","no_match","","Unknown","No sufficiently specific candidate identified in the two Dynamite catalog files."
"EUMY5KCK234U6I7QG6EPUBCY","Smash Hit","Regular","no_match","","Unknown","No sufficiently specific candidate identified in the two Dynamite catalog files."
"X4B7BR7A4QTZPCXUFL4DHCV4","Smiling Faces Ear To Ear (5 sticks)","Regular","confirmed","smiling-faces-ear-to-ear","products.json[101] Smiling Face / Firehawk / /products/smiling-face.png","Full wording Smiling Faces Ear to Ear is visible on Firehawk package; five rockets pictured agree with Square 5 sticks and Stick Rockets category."
"ME7MEP7XSA56DBH43DBACC54","Smoke Artillery Shell","Regular","no_match","","Unknown","No sufficiently specific candidate identified in the two Dynamite catalog files."
"AIIEVSFXVBRCO47FLHGNO2Z7","Smoke Balls","Regular","no_match","","Unknown","No sufficiently specific candidate identified in the two Dynamite catalog files."
"DKB6UEB67H55UXXAKHRGO4Q2","Smoke Balls Box 72 Pieces","Regular","no_match","","Unknown","No sufficiently specific candidate identified in the two Dynamite catalog files."
"I3FAHXWTEBSV74DBN47OSRTC","Smoke Grenade","Regular","no_match","","Unknown","No sufficiently specific candidate identified in the two Dynamite catalog files."
"VI6MKFDJY44SCVZ2HFWQG53R","Smoke Grenade  2pc BOGO","Regular","no_match","","Unknown","No sufficiently specific candidate identified in the two Dynamite catalog files."
"JJYGWFKEJPWNWFZJ4SFH67SB","Smoke Grenade Color Pull Pin","Regular","no_match","","Unknown","No sufficiently specific candidate identified in the two Dynamite catalog files."
"Y5KJZEMQ3YT2HSORELWNXMQA","Snake Package","Regular","no_match","","Unknown","No sufficiently specific candidate identified in the two Dynamite catalog files."
"CLCR26IVZCUSZQQ54T4PIWIO","Snake Package","Assorted Snakes","no_match","","Unknown","No sufficiently specific candidate identified in the two Dynamite catalog files."
"CQWQUWJGDGP4XMUTBNF6CVHN","Snappers","Regular","no_match","","Unknown","No sufficiently specific candidate identified in the two Dynamite catalog files."
"UBCURPSLOYG22MXQUSCEACJ2","Snappers BOGO","Regular","no_match","","Unknown","No sufficiently specific candidate identified in the two Dynamite catalog files."
"2AARIAYAE44WQKSSNH7V2PBO","Snaps BOGO","Regular","no_match","","Unknown","No sufficiently specific candidate identified in the two Dynamite catalog files."
"4R67JJWNKKF3QWUW3XTFBMFB","Sniper 24 Shells","Regular","no_match","","Unknown","No sufficiently specific candidate identified in the two Dynamite catalog files."
"KR3RZM5CYN7RTB47WMIVTE3H","Sniper Fire 12 Shot","Regular","no_match","","Unknown","No sufficiently specific candidate identified in the two Dynamite catalog files."
"CBRHNYWVQY2LISAFKAJPV4ZZ","Snow Cone Big","Regular","probable","","products.json[114] Snow Cone / Winda / /products/snow-cone.png","Name identifies a candidate only; manufacturer and exact presentation have not been established."
"QT4SJRW6RTVNYE3I2OXOAM4Q","Snow Cone Fountain","Regular","probable","","products.json[114] Snow Cone / Winda / /products/snow-cone.png","Name identifies a candidate only; manufacturer and exact presentation have not been established."
"WAAAG3RM5BHMZNQJ6PELW6V3","Snowcone","Regular","probable","","products.json[114] Snow Cone / Winda / /products/snow-cone.png | products.json[184] Handheld Snow Cone / Winda / /products/handheld-snow-cone.png","Name identifies a candidate only; manufacturer and exact presentation have not been established."
"HWSLHV2QS7CBXJJXIS6GPRY7","Snowcone","Regular","probable","","products.json[114] Snow Cone / Winda / /products/snow-cone.png | products.json[184] Handheld Snow Cone / Winda / /products/handheld-snow-cone.png","Name identifies a candidate only; manufacturer and exact presentation have not been established."
"7HSTZSPFLZOBUPYELG63T6TG","Snowcone Individual","Regular","probable","","products.json[114] Snow Cone / Winda / /products/snow-cone.png","Name identifies a candidate only; manufacturer and exact presentation have not been established."
"56UUUYAARKPLGMOGR523LF2P","Soda Foundation","Regular","no_match","","Unknown","No sufficiently specific candidate identified in the two Dynamite catalog files."
"5D6GORADGNMEPLTPWFS3A6BA","Sons of Liberty 500 Gram","Regular","no_match","","Unknown","No sufficiently specific candidate identified in the two Dynamite catalog files."
"DV3XLNU5AXWRHKJTQQ7FF4AU","Sound of Moo-sic","Regular","no_match","","Unknown","No sufficiently specific candidate identified in the two Dynamite catalog files."
"EOQSDKHNYNKDGEYU7SYZDMGF","Space Cowboy Bogo","Regular","no_match","","Unknown","No sufficiently specific candidate identified in the two Dynamite catalog files."
"ZXRSIXTYSH6M7CLJQKS7SNB5","Space Falcon (5 sticks)","Regular","no_match","","Unknown","No sufficiently specific candidate identified in the two Dynamite catalog files."
"2RKQ6XDDPPDOXSVF547EXY62","Space Junk","Regular","no_match","","Unknown","No sufficiently specific candidate identified in the two Dynamite catalog files."
"YNMK7ZJZKNRBPDU6JK7AJRT3","Spangled Sparklers","Regular","no_match","","Unknown","No sufficiently specific candidate identified in the two Dynamite catalog files."
"TMJFW6QOYHZPIJO2AYYQES7X","Sparklers Bogo","Regular","no_match","","Unknown","No sufficiently specific candidate identified in the two Dynamite catalog files."
"CPOOOXF72UNGR6EWAXHK26JF","Sparklers Bogo","Regular","no_match","","Unknown","No sufficiently specific candidate identified in the two Dynamite catalog files."
"MUEHSXEB6KR5V6ISJ5TUEKHJ","Sparklers Bogo","Sparklers No.8 BOGO","no_match","","Unknown","No sufficiently specific candidate identified in the two Dynamite catalog files."
"CHMELJFUKR2PD2Z6CM2QTBPI","Starlight","Regular","existing_rockwall","star-light","Unknown","Approved Rockwall Star Light assortment matches Square Starlight and Family Pack Assortments category."
"BD7G6JJ3PMQ6UGFJDF64A2XL","Stars Stripes Assortment","Regular","no_match","","Unknown","No sufficiently specific candidate identified in the two Dynamite catalog files."
"3XPUBX5CD2SO5BXJAVK5D4PW","Stars and Stripes Family Pack","Regular","no_match","","Unknown","No sufficiently specific candidate identified in the two Dynamite catalog files."
"5O3KCZV7HWLL2CDEY4VOSTEL","Stealth Bomber","Regular","no_match","","Unknown","No sufficiently specific candidate identified in the two Dynamite catalog files."
"Z3WW4AQIC4ZXLQNTMA3PKJAT","Steel Titan Mortar","Regular","no_match","","Unknown","No sufficiently specific candidate identified in the two Dynamite catalog files."
"2BN5Z4GKQHHACJ6BQHH7XB4Y","Stellar Jets (4 sticks)","Regular","no_match","","Unknown","No sufficiently specific candidate identified in the two Dynamite catalog files."
"LZUI6FBWEPODZ6FYNPMSTRRG","Stinger Rockets","Regular","no_match","","Unknown","No sufficiently specific candidate identified in the two Dynamite catalog files."
"PFUMNN4F7CTUD6OCYKHDPQLR","Strato Launcher 100 Shot","Regular","no_match","","Unknown","No sufficiently specific candidate identified in the two Dynamite catalog files."
"6ORG5JYKG6FPBMH67P7UPR3E","Striking Rainbow","Regular","no_match","","Unknown","No sufficiently specific candidate identified in the two Dynamite catalog files."
"3UA3DE63WWEIXYDEIHWR6NFD","Strobing Willow","Regular","no_match","","Unknown","No sufficiently specific candidate identified in the two Dynamite catalog files."
"X3Q5SIJNL3ELAOABV3AD5PNT","Sucker Punch 182 Shots","Regular","confirmed","sucker-punch","products.json[19] Sucker Punch / Raccoon / /products/sucker-punch.png","Square specifies 182 shots and zipper-cake category; photographed Raccoon package shows 182 shots and 500 gram."
"JHTD4RDJXZMEZNERSG7EXBGP","Sudden Crisis 30 Shot","Regular","no_match","","Unknown","No sufficiently specific candidate identified in the two Dynamite catalog files."
"MCJREXVVQE3QRAECUUUZUCYQ","Sugar Pop","Regular","no_match","","Unknown","No sufficiently specific candidate identified in the two Dynamite catalog files."
"WM5U5WA7YOACC752AX5JMVOI","Sugar Skull 6"" Artillery Shells 6 Pack","Sugar Skull","no_match","","Unknown","No sufficiently specific candidate identified in the two Dynamite catalog files."
"TAYKK7F435S57FPDLPJYV3OZ","Sugar Skull 6"" Artillery Shells 6 Pack","Sugar Skull","no_match","","Unknown","No sufficiently specific candidate identified in the two Dynamite catalog files."
"KCBDFWX3QDQK5IQPOL2VZJ7D","Sugar Skull 6"" Artillery Shells 6 Pack","Sugar Skull","no_match","","Unknown","No sufficiently specific candidate identified in the two Dynamite catalog files."
"J3U233NEV6JWQT66GGKT72MN","Sugar Skull 6"" Artillery Shells 6 Pack","Sugar Skull","no_match","","Unknown","No sufficiently specific candidate identified in the two Dynamite catalog files."
"FZ4UOHXN2PATZIU7FO7IYHQR","Super Cakes 4","Regular","no_match","","Unknown","No sufficiently specific candidate identified in the two Dynamite catalog files."
"B5TEHG6TB4E35SHGLJC73JTO","Super Jumbo Crackling Balls","Regular","no_match","","Unknown","No sufficiently specific candidate identified in the two Dynamite catalog files."
"TAESPIMBJC3BD7QYPG2HVSW4","Super Magnum (12 pcs)","Regular","no_match","","Unknown","No sufficiently specific candidate identified in the two Dynamite catalog files."
"YSJXWKAANWCTCMQCEY3JQUXK","Super Snap Bogo","Regular","no_match","","Unknown","No sufficiently specific candidate identified in the two Dynamite catalog files."
"AHKZ7C7WXML7I5RH7EVVP3NV","Super Sword Boy","Regular","no_match","","Unknown","No sufficiently specific candidate identified in the two Dynamite catalog files."
"IUWUWRCHEBGYJ5VIM5ZNCDV3","Super dragon Fountain","Regular","no_match","","Unknown","No sufficiently specific candidate identified in the two Dynamite catalog files."
"J5OIPB6TBG4AKLGTG5BA75KD","Supernova 5"" Artillery Shells 6 Pack","Regular","no_match","","Unknown","No sufficiently specific candidate identified in the two Dynamite catalog files."
"NZZFXOG2QDEBBJWGNJ4F5T3R","Sword","Regular","no_match","","Unknown","No sufficiently specific candidate identified in the two Dynamite catalog files."
"CFPGEC7FM3M3FLAT3WK62WEY","THAAD 226 Shot Zipper Cake","Regular","no_match","","Unknown","No sufficiently specific candidate identified in the two Dynamite catalog files."
"XPKESM4NEB7FD7MA2UGKJXXQ","TNT Bag Assortment","Regular","no_match","","Unknown","No sufficiently specific candidate identified in the two Dynamite catalog files."
"OCNKFMWD4RXNQEOM4RTQQJBQ","Take Me To Your Leader 500 Gram","Regular","no_match","","Unknown","No sufficiently specific candidate identified in the two Dynamite catalog files."
"JCZP5TQ5GGDI72GS747HROMU","Taking Care Of Business Family Pk","Regular","no_match","","Unknown","No sufficiently specific candidate identified in the two Dynamite catalog files."
"YL45J65Z3E5TR6CTQSL6ACA3","Tank","Regular","probable","","products.json[115] Fish Tank / Winda / /products/fish-tank.png | products.json[181] Tank Busters / Winda / /products/tank-busters.png","Name identifies a candidate only; manufacturer and exact presentation have not been established."
"7TEE4O7JK2ZG6OINQEOJJTSV","Tank","Tank","probable","","products.json[115] Fish Tank / Winda / /products/fish-tank.png | products.json[181] Tank Busters / Winda / /products/tank-busters.png","Name identifies a candidate only; manufacturer and exact presentation have not been established."
"2KFDHM7PRJCRUR6NIOPWRUXF","Texas Giant Pop Rocket","Regular","no_match","","Unknown","No sufficiently specific candidate identified in the two Dynamite catalog files."
"NSQKCL7FFBMVVVFCM4EKI7HF","Texas Pop Rocket","Regular","no_match","","Unknown","No sufficiently specific candidate identified in the two Dynamite catalog files."
"EOCYSNQTWRFGASZDKP4QENU7","Texas Sledgehammer 60 Gram 6 Inch","Regular","no_match","","Unknown","No sufficiently specific candidate identified in the two Dynamite catalog files."
"NJ6SAFHPATCWTVY7P6WUARZ6","The Beast Black Cat","Regular","no_match","","Unknown","No sufficiently specific candidate identified in the two Dynamite catalog files."
"75TIIYAM4OKN23TPTHZZN67G","The Beast Roman Candle","Regular","no_match","","Unknown","No sufficiently specific candidate identified in the two Dynamite catalog files."
"KOTKW2PJDLTQA7NWSJVETPLO","The Godfather","Regular","no_match","","Unknown","No sufficiently specific candidate identified in the two Dynamite catalog files."
"Z6FPCUDLKJMT6XYLGBPTJAKZ","The Hulk Clap 500 Gram","Regular","no_match","","Unknown","No sufficiently specific candidate identified in the two Dynamite catalog files."
"CIU2NNTHN47VXQHXXKQQ2NBE","The Jaws 500 Gram 9 Shots","Regular","no_match","","Unknown","No sufficiently specific candidate identified in the two Dynamite catalog files."
"D6T5FNCTMUTHQSDLYJD2YU3X","The King Assortment","Regular","no_match","","Unknown","No sufficiently specific candidate identified in the two Dynamite catalog files."
"YY2252GSY24VXZARC2U6X6BL","The King Assortment","The King Assortment","no_match","","Unknown","No sufficiently specific candidate identified in the two Dynamite catalog files."
"UTZ525RYU5BQ7EIDA555B7E5","The Kraken 4"" Artillery Shells 24 Pack","Regular","no_match","","Unknown","No sufficiently specific candidate identified in the two Dynamite catalog files."
"MPQFHDSFYWL74TFBGIO233PQ","The Next Big Thing 500 Gram","Regular","no_match","","Unknown","No sufficiently specific candidate identified in the two Dynamite catalog files."
"DVJJ6D4PS3O75T6GJDQQUVI6","The Perfect Match","Regular","no_match","","Unknown","No sufficiently specific candidate identified in the two Dynamite catalog files."
"XEVPEMJRFP7JSF4EQBHZEKB5","The Reaper 500 Gram","Regular","existing_rockwall","the-reaper","Unknown","Approved Rockwall Raccoon The Reaper cake is marked 500 gram; Square agrees."
"JVJVJDEHKQTOTIG75XHAVP7R","The Red White And Blue Salute","Regular","no_match","","Unknown","No sufficiently specific candidate identified in the two Dynamite catalog files."
"V5J3HQXPDHVHUAOL4TQYISXE","The wicked Witch","Regular","no_match","","Unknown","No sufficiently specific candidate identified in the two Dynamite catalog files."
"IR7XAVEQUTZ3OXRPZRYDJDWS","Thor Missle","Regular","no_match","","Unknown","No sufficiently specific candidate identified in the two Dynamite catalog files."
"4NKU22OHLIB7KNREHQGNR5LH","Thunder Bomb 1000ct Firecracker","Regular","no_match","","Unknown","No sufficiently specific candidate identified in the two Dynamite catalog files."
"TXJZDX235E43KSVDG4MP7WO6","Thunder Bomb 640","Regular","no_match","","Unknown","No sufficiently specific candidate identified in the two Dynamite catalog files."
"EIY7LEWHON2DQBJR5WYIADRP","Thunderbomb 100ct Firecracker","Regular","no_match","","Unknown","No sufficiently specific candidate identified in the two Dynamite catalog files."
"WFOP4EFT7Q3WECR3URYJ6KNH","Tiger Force 6"" Artillery Shells 24 Pack","Regular","no_match","","Unknown","No sufficiently specific candidate identified in the two Dynamite catalog files."
"KZIPK6N3RIIOP7VY7B5KOGHF","Till Death Do Us Part 30 Shot","Regular","no_match","","Unknown","No sufficiently specific candidate identified in the two Dynamite catalog files."
"X5BMZULGHXXAMM4P3Z32O6CZ","Tiny Snow Cone","Regular","probable","","products.json[114] Snow Cone / Winda / /products/snow-cone.png","Name identifies a candidate only; manufacturer and exact presentation have not been established."
"BMUZDH4BBIKV6QQT3EJISDHT","Tiny Snow Cone","Tiny Snowcone","probable","","products.json[114] Snow Cone / Winda / /products/snow-cone.png","Name identifies a candidate only; manufacturer and exact presentation have not been established."
"YX45DS6EV25H3VDDCVAYS7BG","Tomahawk","Regular","no_match","","Unknown","No sufficiently specific candidate identified in the two Dynamite catalog files."
"MPDVJ42G6H7A2ORWCX3DJGXI","Tomahawk Missile","Regular","no_match","","Unknown","No sufficiently specific candidate identified in the two Dynamite catalog files."
"QIAYT2L3TWLWGTLX3UO4IESI","Tommy Gun","Regular","no_match","","Unknown","No sufficiently specific candidate identified in the two Dynamite catalog files."
"RINS3N3B7E4VFFP6N7JHNLEC","Torpedo","Regular","no_match","","Unknown","No sufficiently specific candidate identified in the two Dynamite catalog files."
"T66IVCSZQXKG2EZT7K2CJZ6N","Tower of Power 500 Gram","Regular","no_match","","Unknown","No sufficiently specific candidate identified in the two Dynamite catalog files."
"KU3SZ23DSJ3QKFYFOMKZHW5D","Toy Box Backpack Children","Regular","no_match","","Unknown","No sufficiently specific candidate identified in the two Dynamite catalog files."
"CLBWCGZC6RNAPWOITX5MVHAY","Tres Amigos","Regular","no_match","","Unknown","No sufficiently specific candidate identified in the two Dynamite catalog files."
"MJS4BWTE4RD3SNVJXSBWD7DT","Truck Load Of Fun","Regular","no_match","","Unknown","No sufficiently specific candidate identified in the two Dynamite catalog files."
"X2YSWQNHGH422VSAGSM4MDBW","Truckload Of Fire","Regular","no_match","","Unknown","No sufficiently specific candidate identified in the two Dynamite catalog files."
"IAUSC7I3MXQSAY2SVUYHJUKJ","Truckload Of Fire","Wings of the Brave","no_match","","Unknown","No sufficiently specific candidate identified in the two Dynamite catalog files."
"FVQC5I6R3FX2UEIOOYM6DT7Z","Truckload Of Fire","Shield of Liberty","no_match","","Unknown","No sufficiently specific candidate identified in the two Dynamite catalog files."
"WDFIOXLCDTEONEOMV4TJMAGP","Truckload Of Fire","Monumental Legacy","no_match","","Unknown","No sufficiently specific candidate identified in the two Dynamite catalog files."
"DMIG3XTQAWN4E7WPYKPDNIUO","Truckload Of Fire","Aviation Nation","no_match","","Unknown","No sufficiently specific candidate identified in the two Dynamite catalog files."
"3IAUJECOLHLP4HEFULWNV7MZ","Turbo roman candle","Regular","no_match","","Unknown","No sufficiently specific candidate identified in the two Dynamite catalog files."
"4XNAMHJPDAR3ZZXVWJRVFCN7","Turf War","Regular","no_match","","Unknown","No sufficiently specific candidate identified in the two Dynamite catalog files."
"HFIHZKMFPSJ5AVHXN4OIW6JV","Turtle 2 Pack","Regular","no_match","","Unknown","No sufficiently specific candidate identified in the two Dynamite catalog files."
"4CDHEXAIGFVHBCKYZPZPMEUW","Two Color Spaceship Bogo","Regular","no_match","","Unknown","No sufficiently specific candidate identified in the two Dynamite catalog files."
"VHMJNYOIR3QENJLJWRTRR3KI","USA Arsenal 36 Shells","Regular","no_match","","Unknown","No sufficiently specific candidate identified in the two Dynamite catalog files."
"FUX3VOQTQWK6EUEVVU74CCYG","USA Family Pack Assortment","Regular","no_match","","Unknown","No sufficiently specific candidate identified in the two Dynamite catalog files."
"E7IZVD5NDQ6BARD5OAHLMR2S","USA Large Assortment","Regular","no_match","","Unknown","No sufficiently specific candidate identified in the two Dynamite catalog files."
"OT6A2P62332JPPNLKF4FO6JT","USA Saturn Missile","250 Strong USA Saturn Missile","probable","","products.json[74] USA Saturn Missile Battery / Brothers / products/usa-saturn-missile-battery.png","Name identifies a candidate only; manufacturer and exact presentation have not been established."
"DKHRWMFALVXVHW7T3N6RJ6TF","USA Saturn Missile","Regular","probable","","products.json[74] USA Saturn Missile Battery / Brothers / products/usa-saturn-missile-battery.png","Name identifies a candidate only; manufacturer and exact presentation have not been established."
"W4LGRYU54PUUUSUHQXD7Y73Y","Ultimate America","Regular","no_match","","Unknown","No sufficiently specific candidate identified in the two Dynamite catalog files."
"SIA2GNQKKWKEMU3PTSRTX5WT","Uncle Sam 500 Gram","Regular","no_match","","Unknown","No sufficiently specific candidate identified in the two Dynamite catalog files."
"BJRI3SFNDFVOQR6YLSYVEQ4X","Unicorn","Regular","no_match","","Unknown","No sufficiently specific candidate identified in the two Dynamite catalog files."
"DXLAVO75BIV7EE5NVWMNZOG7","Unicorn Chaser_BOGO","Regular","no_match","","Unknown","No sufficiently specific candidate identified in the two Dynamite catalog files."
"57HEQD66AGXS3E567TGEGWYE","United States of Awesome","Regular","no_match","","Unknown","No sufficiently specific candidate identified in the two Dynamite catalog files."
"LLYFGENB2BOJMKH4BIIMI7O7","United We Stand Assortment","Regular","no_match","","Unknown","No sufficiently specific candidate identified in the two Dynamite catalog files."
"NV3W6SDTABEI2B7SXTY7OK5C","Us 66 500G","Regular","confirmed","us-66","products.json[175] US 66 / Winda / /products/us-66.png","Name and 500-gram classification agree between Square and photographed Winda cake; 66 is retained as part of the name."
"6QWKN4NYSMH5FE4SPP4TXZEZ","Vega","Regular","no_match","","Unknown","No sufficiently specific candidate identified in the two Dynamite catalog files."
"J4X2GNRP7XNRBVM5HXDI77OZ","Vendoworks","Regular","no_match","","Unknown","No sufficiently specific candidate identified in the two Dynamite catalog files."
"AVJ2UNGCOROG46OCAJARWH27","Venomous Snakes","Regular","no_match","","Unknown","No sufficiently specific candidate identified in the two Dynamite catalog files."
"53PY236TSO7UAIDCPQL23F4D","Vertical Limit 200 Gram 16 Shot","Regular","no_match","","Unknown","No sufficiently specific candidate identified in the two Dynamite catalog files."
"MPLY3UZKTRRPDCZXXFXRR433","Victory Sword","Regular","no_match","","Unknown","No sufficiently specific candidate identified in the two Dynamite catalog files."
"2GOV47XBIMZCDNOV72OJDVYL","Victory Vault","Regular","no_match","","Unknown","No sufficiently specific candidate identified in the two Dynamite catalog files."
"QA7RJWR5IABYRYQ4RJTZCVD7","Violet And Crimson Fountain 6pc","Regular","no_match","","Unknown","No sufficiently specific candidate identified in the two Dynamite catalog files."
"AM2ZXLJ7TEDJQGPX2YZBW72P","Viper Strike","Regular","no_match","","Unknown","No sufficiently specific candidate identified in the two Dynamite catalog files."
"GRLCY6BUJIQP24563LEUEXK4","Viva Mexico 500 Gram","Regular","no_match","","Unknown","No sufficiently specific candidate identified in the two Dynamite catalog files."
"XTL5TLDJI3LTZYGCDMI4ODSC","Wacky Tobocey","Regular","no_match","","Unknown","No sufficiently specific candidate identified in the two Dynamite catalog files."
"Z5AQ5L7DNIGG2FSAUAZOSQQ5","Walking Dead 19 Shots","Regular","no_match","","Unknown","No sufficiently specific candidate identified in the two Dynamite catalog files."
"KS5452C734MZW35G2BTO3ZX4","Wall of Flame","Regular","no_match","","Unknown","No sufficiently specific candidate identified in the two Dynamite catalog files."
"YIKPT4VA36G77JLEBR336HWV","War Hero 500 Gram","Regular","no_match","","Unknown","No sufficiently specific candidate identified in the two Dynamite catalog files."
"6NQCWDXZ7TGFXFDOUC2FN5T7","War Machine","Regular","no_match","","Unknown","No sufficiently specific candidate identified in the two Dynamite catalog files."
"VNEIHGVRRDBQAJWZMKFV4C3O","War Machine 156 shots","Regular","no_match","","Unknown","No sufficiently specific candidate identified in the two Dynamite catalog files."
"IS2XWCPIZV7WPJ7BQP3BAPSP","Warning Avalanche Ahead 500 Gram 26 Shot","Regular","probable","","products.json[151] Avalanche / Winda / /products/avalanche.png","Name identifies a candidate only; manufacturer and exact presentation have not been established."
"CNG6PFTZORZT3VTBUEOOCIHE","Washinton's Wrath","Freedom's Firestorm","no_match","","Unknown","No sufficiently specific candidate identified in the two Dynamite catalog files."
"6UJAXAORFVM7FYGGLZ67623O","Washinton's Wrath","Regular","no_match","","Unknown","No sufficiently specific candidate identified in the two Dynamite catalog files."
"TMUMFZK4FJCUWETKB2JNYRTR","Watching You Fountain","Regular","no_match","","Unknown","No sufficiently specific candidate identified in the two Dynamite catalog files."
"Y67YAJM4MTK2Q3WK6TKIAQSU","Watermelon  Ninja","Regular","no_match","","Unknown","No sufficiently specific candidate identified in the two Dynamite catalog files."
"C44OQMPI7CLCZ5UOQBGPOVY5","We the People","Regular","no_match","","Unknown","No sufficiently specific candidate identified in the two Dynamite catalog files."
"52R2ZXKH7VN6XE22HGIYOY7H","We the People Love Fireworks","Regular","no_match","","Unknown","No sufficiently specific candidate identified in the two Dynamite catalog files."
"QSQAXZFLM7YY3WE3XR322PCO","Weapon Of Choice 36 Shot","Regular","no_match","","Unknown","No sufficiently specific candidate identified in the two Dynamite catalog files."
"BNKKQGDEVA5V7GNWV6M7MMU4","Wedding Sparklers No 14 Gold Sparklers 14 Inch 6 Pcs","Regular","no_match","","Unknown","No sufficiently specific candidate identified in the two Dynamite catalog files."
"XIJVJE2L4HZMIGUUW74YVCDN","Wedding Sparklers-#20 Gold 20 Inch 8 Pcs","Regular","no_match","","Unknown","No sufficiently specific candidate identified in the two Dynamite catalog files."
"ZYLKLF2LIQFBMRPYETQMEHPO","Welcome To America","Regular","no_match","","Unknown","No sufficiently specific candidate identified in the two Dynamite catalog files."
"4TIP4COGELAUIDAJ6MST3CFQ","What A Blast","Regular","no_match","","Unknown","No sufficiently specific candidate identified in the two Dynamite catalog files."
"MM3BLPBIRXKHJ5V4YE4XWPAQ","What Boys Are Made Of","Regular","no_match","","Unknown","No sufficiently specific candidate identified in the two Dynamite catalog files."
"FLN6Q2HNLPI5J536VFRX5FV3","What's That 500 Gram","Regular","no_match","","Unknown","No sufficiently specific candidate identified in the two Dynamite catalog files."
"6DOXRDGFLEMBC4IEFOHUXQ33","Whiskey Business","Regular","no_match","","Unknown","No sufficiently specific candidate identified in the two Dynamite catalog files."
"42AKSK3AMAWJSVSRY2QX2L4D","Whistling Buster","Regular","no_match","","Unknown","No sufficiently specific candidate identified in the two Dynamite catalog files."
"UGR7VX5AJCKWYKD5WLDPARD5","Whistling Chaser 8 Pk","Regular","no_match","","Unknown","No sufficiently specific candidate identified in the two Dynamite catalog files."
"I6JNE43GUTMPUOBCPM36M7QM","Who Runs The World 500g","Regular","no_match","","Unknown","No sufficiently specific candidate identified in the two Dynamite catalog files."
"CV664TCU26NIUFZPF425DRAO","Wild Cat 5"" Artillery Shells 24 pack","Regular","no_match","","Unknown","No sufficiently specific candidate identified in the two Dynamite catalog files."
"6SQ25JK3RYG5ECAM3GS2PQ3R","Wild Horses","Regular","no_match","","Unknown","No sufficiently specific candidate identified in the two Dynamite catalog files."
"DZB6A5PJPGHXV3BGZRJYYKJ7","Wild Hunt 500 G Pack","Regular","no_match","","Unknown","No sufficiently specific candidate identified in the two Dynamite catalog files."
"VDUDV2IJWJQDR3OXDDXGSYVX","Wild West","Regular","no_match","","Unknown","No sufficiently specific candidate identified in the two Dynamite catalog files."
"6HVANF2BUGX7XBWGM6KGJOJI","Wildcard","Regular","no_match","","Unknown","No sufficiently specific candidate identified in the two Dynamite catalog files."
"RIOM3SESJXPNVNW246HUV6UY","Willow Explosion","Regular","no_match","","Unknown","No sufficiently specific candidate identified in the two Dynamite catalog files."
"475TU4CYYUU2N4WBJOEXBVVC","Wine O' Clock","Regular","no_match","","Unknown","No sufficiently specific candidate identified in the two Dynamite catalog files."
"RDNMIFK5DN5NS47I3G4DFEK3","Wings Of Desire 500 Gram","Regular","no_match","","Unknown","No sufficiently specific candidate identified in the two Dynamite catalog files."
"AYTDVARD6EIZWXGX72EAMDXL","Wireless Lighter Firing System","Regular","no_match","","Unknown","No sufficiently specific candidate identified in the two Dynamite catalog files."
"JYPTK3SJCOV73CE4NJUGOT6J","Wolves","Regular","no_match","","Unknown","No sufficiently specific candidate identified in the two Dynamite catalog files."
"RNWQE56DSFMVHJ64MOFUYAR4","Worlds Lagest Fountian","Regular","no_match","","Unknown","No sufficiently specific candidate identified in the two Dynamite catalog files."
"CPEIQZMDOBTZ3F24F6U4ST5F","X Wing Missle","Regular","no_match","","Unknown","No sufficiently specific candidate identified in the two Dynamite catalog files."
"JW2FSPRKWWSE6UIL2JIGPHNB","Xtra Large 5"" Artillery Shells 12 pack","Regular","no_match","","Unknown","No sufficiently specific candidate identified in the two Dynamite catalog files."
"KTQONGUQYENKCXK6T2CHPF4P","Zangers","Regular","no_match","","Unknown","No sufficiently specific candidate identified in the two Dynamite catalog files."
"SCYFUPEUZPM64WQU4QBY6NKC","Zangers BOGO","Regular","no_match","","Unknown","No sufficiently specific candidate identified in the two Dynamite catalog files."
"ABSSOYGSF5XAJ7T3RPHZ6GUX","Zeus Artillery 24 Shells/36 Breaks","Regular","no_match","","Unknown","No sufficiently specific candidate identified in the two Dynamite catalog files."
"K4U6AWT3ZSCB7UMQSFTHNS2T","Zing. BOGO","Regular","no_match","","Unknown","No sufficiently specific candidate identified in the two Dynamite catalog files."
"TBUBQKGLIPZ3YZ7ACJLUPCHR","Zippers 6pc","Regular","no_match","","Unknown","No sufficiently specific candidate identified in the two Dynamite catalog files."
"MLRBPIXQ3OWSYIEEJFU5UA6F","Zombie Killer 5"" Artillery Shells 24 pack","Regular","probable","","products.json[30] Zombie / Monkey Mania / /products/zombie.png","Name identifies a candidate only; manufacturer and exact presentation have not been established."
"C4H5ALVI5ANGSTY6KKEOP2YJ","Zombied 9 Shots","Regular","probable","","products.json[30] Zombie / Monkey Mania / /products/zombie.png","Name identifies a candidate only; manufacturer and exact presentation have not been established."
"ZMSLCMXFLVZU2T7HTZ32QRD5","alien chaser","Regular","no_match","","Unknown","No sufficiently specific candidate identified in the two Dynamite catalog files."
"FY34EGC4CU3KPIDESMEXQUM6","americas thunderbombs 1000 firecrackers","Regular","no_match","","Unknown","No sufficiently specific candidate identified in the two Dynamite catalog files."
"L5C5YKYKI6P6RTTUFZUQAN67","artificial satellite","Regular","no_match","","Unknown","No sufficiently specific candidate identified in the two Dynamite catalog files."
"WGFFCBYJ2GMOK6RTIJSDWMFA","bad cactus","Regular","confirmed","bad-cactus","products.json[182] Bad Cactus / Winda / /products/bad-cactus.png","Distinctive name and fountain category agree between Square and photographed cactus-shaped Winda fountain."
"CYOD2EG37BSGJSX2PMIA745V","big mudder trucker","Regular","no_match","","Unknown","No sufficiently specific candidate identified in the two Dynamite catalog files."
"7W4TMQGPSRAQMBAUNBIOH3OH","blond joke","Regular","probable","","products.json[89] Blond Joke / Brothers / products/blond-joke.png","Name identifies a candidate only; manufacturer and exact presentation have not been established."
"RMHJFIXZYBQN2KUAIQCXEAJN","bump bear","Regular","probable","","products.json[152] Bump Bear / Winda / /products/bump-bear.png","Name identifies a candidate only; manufacturer and exact presentation have not been established."
"FWD36HGV7A4TLSAPI2MAT4HL","cat calls","Regular","no_match","","Unknown","No sufficiently specific candidate identified in the two Dynamite catalog files."
"ESLZA7PGFA42ZX5QDNW7DNQS","colored snakes","Regular","no_match","","Unknown","No sufficiently specific candidate identified in the two Dynamite catalog files."
"FRFVWA6OPHD7DZENTVJS2RBE","container load assortment","Regular","no_match","","Unknown","No sufficiently specific candidate identified in the two Dynamite catalog files."
"ZBY55IANNELVIVADDGQEEIVP","cuckoo","Regular","no_match","","Unknown","No sufficiently specific candidate identified in the two Dynamite catalog files."
"JHH35X7EGHAJV5SLSC7BDZSK","da big box o' bombs","Regular","probable","","products.json[98] Da Big Box O' Bombs / Brothers / /products/da-big-box-o'-bombs.png","Name identifies a candidate only; manufacturer and exact presentation have not been established."
"CVAUNE4ODRI6N6BCYCLHK4WS","dino bomb","Regular","no_match","","Unknown","No sufficiently specific candidate identified in the two Dynamite catalog files."
"YAR54WJZVKSVXZJB6WIGGNJ7","dragon artillery shell","Regular","no_match","","Unknown","No sufficiently specific candidate identified in the two Dynamite catalog files."
"6QO63UPD5GZPJBJPTPD76VNT","dragon artillery shell","Dragon Artillery Shell","no_match","","Unknown","No sufficiently specific candidate identified in the two Dynamite catalog files."
"RLY2XMX3UEEYIBZHJTFOND6V","dragon artillery shell","Dragon Artillery Shell","no_match","","Unknown","No sufficiently specific candidate identified in the two Dynamite catalog files."
"T52ZOHQ6LBMGDIOFIZ22YDPN","dragon artillery shell","Dragon Artillery Shell","no_match","","Unknown","No sufficiently specific candidate identified in the two Dynamite catalog files."
"EU6L6PVTJT2WVTO3IXNXKD4T","fiesta grande 216 shot","Regular","no_match","","Unknown","No sufficiently specific candidate identified in the two Dynamite catalog files."
"JOZNARA424EEK6F2KF7HBTKU","flying colors","Regular","no_match","","Unknown","No sufficiently specific candidate identified in the two Dynamite catalog files."
"DXJSL22TCSMUGGQINAP24X5T","frog princess","Frog Princess","no_match","","Unknown","No sufficiently specific candidate identified in the two Dynamite catalog files."
"C5IJRH4ATYMQXYAVEYHQW35A","frog princess","Frog Prince","no_match","","Unknown","No sufficiently specific candidate identified in the two Dynamite catalog files."
"M4YZJHNICGF76SSOFNVQBUVQ","game on","Regular","no_match","","Unknown","No sufficiently specific candidate identified in the two Dynamite catalog files."
"MCBS7WIPTOROQZQTI2VDVBOC","glow pops BOGO","Regular","no_match","","Unknown","No sufficiently specific candidate identified in the two Dynamite catalog files."
"4RIXDLTM62EP3YANE6EI3ISQ","goliath","Regular","no_match","","Unknown","No sufficiently specific candidate identified in the two Dynamite catalog files."
"I2Z6MQ67VGNRLP3ESDV4GHX4","gumball barrage","Regular","no_match","","Unknown","No sufficiently specific candidate identified in the two Dynamite catalog files."
"Q3FVGPX5GRZZUNS42RW7JQQJ","happy 16 shot","Regular","no_match","","Unknown","No sufficiently specific candidate identified in the two Dynamite catalog files."
"PGK3TNKD3K42HUIFSRTEXDRZ","happy 36 shot","Regular","no_match","","Unknown","No sufficiently specific candidate identified in the two Dynamite catalog files."
"S7H4K7C6I5R4F5NP7HHUWFBX","home run","Regular","no_match","","Unknown","No sufficiently specific candidate identified in the two Dynamite catalog files."
"4OVKMNYNTWXUH5ITGCIUIWW5","hoot hoot hooray","Regular","no_match","","Unknown","No sufficiently specific candidate identified in the two Dynamite catalog files."
"O5NCK6FZ4MGSKN2QNW6ZPXSA","ice cream","Regular","no_match","","Unknown","No sufficiently specific candidate identified in the two Dynamite catalog files."
"LGRKTS64MSYDTY5XMOR7KCXT","its a Texas thing","Regular","no_match","","Unknown","No sufficiently specific candidate identified in the two Dynamite catalog files."
"OZBSOY3CHLT2YRYKF2N5V3XT","jack in tall box","Regular","no_match","","Unknown","No sufficiently specific candidate identified in the two Dynamite catalog files."
"Q2YEM7OLG2QINNCEQZ3JAB3Z","jurrasic pack","Regular","no_match","","Unknown","No sufficiently specific candidate identified in the two Dynamite catalog files."
"MU54DYAZM5S7JB6NWNK4MI7R","jurrasic pack","Jurassic Pack","no_match","","Unknown","No sufficiently specific candidate identified in the two Dynamite catalog files."
"MJMGOCFCGNQDJHMU55JEXXLY","jurrasic pack","Jurassic Pack","no_match","","Unknown","No sufficiently specific candidate identified in the two Dynamite catalog files."
"D6KC2VBTV4GXBX33BTY3XCEK","ka kaw","Regular","no_match","","Unknown","No sufficiently specific candidate identified in the two Dynamite catalog files."
"3YRUR4A6SXEFR6QHEBZ666DA","killer bees bc","Regular","no_match","","Unknown","No sufficiently specific candidate identified in the two Dynamite catalog files."
"UD6CLHKRDFQGYA4FZA3XQSKP","let's go brandon","Regular","no_match","","Unknown","No sufficiently specific candidate identified in the two Dynamite catalog files."
"FSQXUREBL7AO6TFFDCHCHLLN","magic whip backpack","Regular","no_match","","Unknown","No sufficiently specific candidate identified in the two Dynamite catalog files."
"OTTYNEVXAQXMAOLNIB6I3DVW","mighty cracker","Regular","no_match","","Unknown","No sufficiently specific candidate identified in the two Dynamite catalog files."
"ZQ5P53VXBJ5IS573IJDOWKNB","mob madness","Regular","no_match","","Unknown","No sufficiently specific candidate identified in the two Dynamite catalog files."
"TFA6F7IDN346GXHIFJMRO3O7","monster crusher","Regular","no_match","","Unknown","No sufficiently specific candidate identified in the two Dynamite catalog files."
"RSAUYRX3JUNFGEO3PQIFPQVB","morning Glory's 36"" sparklers","Regular","no_match","","Unknown","No sufficiently specific candidate identified in the two Dynamite catalog files."
"WL3IO2FYENLAKA7Q3QLLT2IM","neon 5"" canister artillery shells","Regular","no_match","","Unknown","No sufficiently specific candidate identified in the two Dynamite catalog files."
"TMC3YHZW3USJLNP2YNAQF35V","neon jellyfish","Regular","no_match","","Unknown","No sufficiently specific candidate identified in the two Dynamite catalog files."
"UMEMVODOJHAOQS33WJIBL5QB","night saber","Regular","no_match","","Unknown","No sufficiently specific candidate identified in the two Dynamite catalog files."
"62NZGL7IH4FIILNOQNQQQOYU","og kush 150 shot","Regular","no_match","","Unknown","No sufficiently specific candidate identified in the two Dynamite catalog files."
"5WQT32QXFG6ARL7YBA6ND6NF","overload burger","Regular","no_match","","Unknown","No sufficiently specific candidate identified in the two Dynamite catalog files."
"WD4UKVVQLK62VDXAMJEYHTDB","party animal assortment pack","Regular","no_match","","Unknown","No sufficiently specific candidate identified in the two Dynamite catalog files."
"Y3GNKR7ETF7UXZDUEI7GRN3Q","party sparklers","Regular","no_match","","Unknown","No sufficiently specific candidate identified in the two Dynamite catalog files."
"ANW2NNK77LR3WPA2LXT3TGB4","party sparklers 4","Regular","no_match","","Unknown","No sufficiently specific candidate identified in the two Dynamite catalog files."
"C4AV5GYQO3IGFIS46EKOJHON","pikachu","Regular","no_match","","Unknown","No sufficiently specific candidate identified in the two Dynamite catalog files."
"72YAFHVRGOCXMFTRMJYMR6L4","raise the dead 7"" 60G canister shells","Regular","no_match","","Unknown","No sufficiently specific candidate identified in the two Dynamite catalog files."
"Y6MI6RAGXGJYOLDXHW5XZHNL","rebel yell","Regular","no_match","","Unknown","No sufficiently specific candidate identified in the two Dynamite catalog files."
"3VIAP3SJEY55A36QYXXCBVQ2","rubber duck","Regular","no_match","","Unknown","No sufficiently specific candidate identified in the two Dynamite catalog files."
"ZE4FE7QJPUKGI2BXBCDRUTYE","rwb Coated Sparklers","Regular","no_match","","Unknown","No sufficiently specific candidate identified in the two Dynamite catalog files."
"C2NFT2NRLE754AUOXI7TKD3Q","sky latern","Regular","no_match","","Unknown","No sufficiently specific candidate identified in the two Dynamite catalog files."
"JHSEIAM24BK6XQH6KT7HOR6W","smoke crayon 8pc","Regular","no_match","","Unknown","No sufficiently specific candidate identified in the two Dynamite catalog files."
"6TBSZ3NSH4TUPQG4DCAMUEZO","snakes","Regular","probable","","products.json[139] Assorted Snakes / Black Cat / /products/assorted-snakes.png","Name identifies a candidate only; manufacturer and exact presentation have not been established."
"IRVHL3P2ISRPTNGSOEKIU34M","snakes","Regular","probable","","products.json[139] Assorted Snakes / Black Cat / /products/assorted-snakes.png","Name identifies a candidate only; manufacturer and exact presentation have not been established."
"6MRMR67QMNNCTTRHZE2254MW","super fountain","Regular","no_match","","Unknown","No sufficiently specific candidate identified in the two Dynamite catalog files."
"P4QS4KKFFSLNRX55JFVFNNWS","the excellent bag assortment","Regular","no_match","","Unknown","No sufficiently specific candidate identified in the two Dynamite catalog files."
"NDEHHITUQAUEJKUOJNMFS5HR","the max assortment","Regular","no_match","","Unknown","No sufficiently specific candidate identified in the two Dynamite catalog files."
"DS2LOLMZJR6IDEHXFFHGCYWG","tim","Regular","no_match","","Unknown","No sufficiently specific candidate identified in the two Dynamite catalog files."
"G2V6V67KQKVUJQFAKAF6VVH3","topsy turvy","Regular","no_match","","Unknown","No sufficiently specific candidate identified in the two Dynamite catalog files."
"VHFD2RMJF2FNH7YGT2NOMQIA","trooper turret","Regular","no_match","","Unknown","No sufficiently specific candidate identified in the two Dynamite catalog files."
"S3KO4A6HCLBITFYFPLZJUXHS","uav","Regular","no_match","","Unknown","No sufficiently specific candidate identified in the two Dynamite catalog files."
"RMIBK4Q2HGJO7WTEL7YGXGFF","us power 200g","Regular","probable","","products.json[24] U.S. Power / Raccoon / /products/us-power.png","Name identifies a candidate only; manufacturer and exact presentation have not been established."
"U4VMQYNRVE7JHWKOKZQ6PKCC","wings of wrath","Regular","no_match","","Unknown","No sufficiently specific candidate identified in the two Dynamite catalog files."
"HLPJXNKPP5GGLLNGHTQTVE73","wingspan","Regular","no_match","","Unknown","No sufficiently specific candidate identified in the two Dynamite catalog files."
