"square_token","square_sku","gtin","original_name","normalized_name","brand","square_category","original_variation","presentation","specifications_in_original_name","pending_group","reason","dynamite_candidates","missing_information_or_resources","csv_row","csv_line_start","csv_line_end","xlsx_sheet","xlsx_row"
"4EEEP37RJXP5AXHKDI7YX772","943100700084","","#10 Color Sparklers-8 Count","#10 Color Sparklers-8 Count","Unknown","Unknown","#10 Metal Color Sparklers 8 Pcs. BOGO","#10 Metal Color Sparklers 8 Pcs. BOGO","Unknown","no_match","No sufficiently specific candidate identified in the two Dynamite catalog files.","Unknown","Manufacturer or UPC/model, exact package/variant and corresponding photo/video.","2","2","2","Items","3"
"MO7U7N23MCPWFMSUO6F7KPX5","887946060578","","#10 Colored Sparklers 12pk","#10 Colored Sparklers 12pk","Unknown","Unknown","Regular","Unknown","Unknown","no_match","No sufficiently specific candidate identified in the two Dynamite catalog files.","Unknown","Manufacturer or UPC/model, exact package/variant and corresponding photo/video.","3","3","3","Items","4"
"NPHHBP5U244PDNHQCP2QKIFW","813559000335","","#20 Wedding Sparklers","#20 Wedding Sparklers","Unknown","Unknown","Regular","Unknown","Unknown","no_match","No sufficiently specific candidate identified in the two Dynamite catalog files.","Unknown","Manufacturer or UPC/model, exact package/variant and corresponding photo/video.","4","4","4","Items","5"
"TIP5YHEU5ZKBTV7XQE3XCN4Z","8145270110119","","#3 Cone","#3 Cone","Unknown","CONES","Regular","Unknown","Unknown","probable","Name identifies a candidate only; manufacturer and exact presentation have not been established.","products.json[39] No. 3 Cone Fountain / Monkey Mania / /products/no3-cone-fountain.png","Manufacturer or UPC/model, exact package/variant and corresponding photo/video.","5","5","5","Items","6"
"OJQE63ODOA5VPD3QCXH5T5YC","","757201000062","#3 Cone","#3 Cone","Unknown","CONES","n3 cone 2 pack","n3 cone 2 pack","Unknown","probable","Name identifies a candidate only; manufacturer and exact presentation have not been established.","products.json[39] No. 3 Cone Fountain / Monkey Mania / /products/no3-cone-fountain.png","Manufacturer or UPC/model, exact package/variant and corresponding photo/video.","6","6","6","Items","7"
"3PH6F5MR6FJAYXJ2USJNAAR2","8145270110317","","#3 Cone","#3 Cone","Unknown","CONES","Regular","Unknown","Unknown","probable","Name identifies a candidate only; manufacturer and exact presentation have not been established.","products.json[39] No. 3 Cone Fountain / Monkey Mania / /products/no3-cone-fountain.png","Manufacturer or UPC/model, exact package/variant and corresponding photo/video.","7","7","7","Items","8"
"LVWCVY2ZMETIEEFYQ2IMJELD","8145270110218","","#3 Cone (Cutting Edge)","#3 Cone (Cutting Edge)","Unknown","CONES","Regular","Unknown","Unknown","no_match","No sufficiently specific candidate identified in the two Dynamite catalog files.","Unknown","Manufacturer or UPC/model, exact package/variant and corresponding photo/video.","8","8","8","Items","9"
"CDGWKPGVVZ4K54TBJPCZ4AV4","813559002230","","#3 Cone (Megabanger)","#3 Cone (Megabanger)","Unknown","CONES","Regular","Unknown","Unknown","no_match","No sufficiently specific candidate identified in the two Dynamite catalog files.","Unknown","Manufacturer or UPC/model, exact package/variant and corresponding photo/video.","9","9","9","Items","10"
"GW2BANHVFZKPULG4Y2RIAFNB","705108404957","","#3 Cone (Shogun)","#3 Cone (Shogun)","Unknown","CONES","Regular","Unknown","Unknown","no_match","No sufficiently specific candidate identified in the two Dynamite catalog files.","Unknown","Manufacturer or UPC/model, exact package/variant and corresponding photo/video.","10","10","10","Items","11"
"VVMQPHPHLHQ5PLBD2WW6R5N7","816597933849","","#3 Mini Cones 12pc","#3 Mini Cones 12pc","Unknown","CONES","Regular","Unknown","12pc","no_match","No sufficiently specific candidate identified in the two Dynamite catalog files.","Unknown","Manufacturer or UPC/model, exact package/variant and corresponding photo/video.","11","11","11","Items","12"
"HPCVXOYT2OFAXABHQZESYK6X","715244102884","","#3 Solar Flare (BC)","#3 Solar Flare (BC)","Unknown","CONES","Regular","Unknown","Unknown","no_match","No sufficiently specific candidate identified in the two Dynamite catalog files.","Unknown","Manufacturer or UPC/model, exact package/variant and corresponding photo/video.","12","12","12","Items","13"
"AL7PJVDQO5U7GMSPD7J3WPPL","715244002887","","#3 Solar Wave (BC)","#3 Solar Wave (BC)","Unknown","CONES","Regular","Unknown","Unknown","no_match","No sufficiently specific candidate identified in the two Dynamite catalog files.","Unknown","Manufacturer or UPC/model, exact package/variant and corresponding photo/video.","13","13","13","Items","14"
"JYBDBSLRM7MBJD7YNRW5Z5LJ","821600011094","","#4 Cone","#4 Cone","Unknown","CONES","#4 Cone (Suns)","#4 Cone (Suns)","Unknown","no_match","No sufficiently specific candidate identified in the two Dynamite catalog files.","Unknown","Manufacturer or UPC/model, exact package/variant and corresponding photo/video.","14","14","14","Items","15"
"2ZRYMSNE7SUXC3BUQPGZSS6L","715244002894","","#4 Cone","#4 Cone","Unknown","CONES","#4 Turbo Flash (Black Cat)","#4 Turbo Flash (Black Cat)","Unknown","no_match","No sufficiently specific candidate identified in the two Dynamite catalog files.","Unknown","Manufacturer or UPC/model, exact package/variant and corresponding photo/video.","15","15","15","Items","16"
"XJKWJ2QUGHLISY77XDUXPQP6","064883500156","","#4 Texas Giant Cone","#4 Texas Giant Cone","Unknown","CONES","Regular","Unknown","Unknown","no_match","No sufficiently specific candidate identified in the two Dynamite catalog files.","Unknown","Manufacturer or UPC/model, exact package/variant and corresponding photo/video.","16","16","16","Items","17"
"TRIEBHHYA5DFR35IA2XFLZID","8145270170519","","#6 Rocket","#6 Rocket","Unknown","Unknown","Regular","Unknown","Unknown","no_match","No sufficiently specific candidate identified in the two Dynamite catalog files.","Unknown","Manufacturer or UPC/model, exact package/variant and corresponding photo/video.","17","17","17","Items","18"
"F6EIOAIYFBSGWP3PKEN7SVCD","","8145270111215","#8 Cone","#8 Cone","Unknown","CONES","Regular","Unknown","Unknown","no_match","No sufficiently specific candidate identified in the two Dynamite catalog files.","Unknown","Manufacturer or UPC/model, exact package/variant and corresponding photo/video.","18","18","18","Items","19"
"OP4I2X2T6BKOCAUYTPAZ6CLJ","8145270111116","","#8 Cone","#8 Cone","Unknown","CONES","Regular","Unknown","Unknown","no_match","No sufficiently specific candidate identified in the two Dynamite catalog files.","Unknown","Manufacturer or UPC/model, exact package/variant and corresponding photo/video.","19","19","19","Items","20"
"P3MQGK5WIZM5YW7SIK4CC3YZ","8145270111314","","#8 Cone","#8 Cone","Unknown","CONES","#8 Cone Generic #1","#8 Cone Generic #1","Unknown","no_match","No sufficiently specific candidate identified in the two Dynamite catalog files.","Unknown","Manufacturer or UPC/model, exact package/variant and corresponding photo/video.","20","20","20","Items","21"
"UQ2NKDQND4Y44GQ4K36F7HFF","8145270111215","","#8 Cone","#8 Cone","Unknown","CONES","#8 Cone Generic #2","#8 Cone Generic #2","Unknown","no_match","No sufficiently specific candidate identified in the two Dynamite catalog files.","Unknown","Manufacturer or UPC/model, exact package/variant and corresponding photo/video.","21","21","21","Items","22"
"M3SQAVSS5EO5RBMNDWIOKUA2","8145270181119","","#8 Golden Sparkler 6 Pcs-BOGO","#8 Golden Sparkler 6 Pcs","Unknown","Unknown","Regular","Unknown","6 Pcs","no_match","No sufficiently specific candidate identified in the two Dynamite catalog files.","Unknown","Manufacturer or UPC/model, exact package/variant and corresponding photo/video.","22","22","22","Items","23"
"OIJ7TSC5JP2IUVH2VMHIEGIM","715244002900","","#8 Pharaoh's Treasure (BC)","#8 Pharaoh's Treasure (BC)","Unknown","CONES","Regular","Unknown","Unknown","no_match","No sufficiently specific candidate identified in the two Dynamite catalog files.","Unknown","Manufacturer or UPC/model, exact package/variant and corresponding photo/video.","23","23","23","Items","24"
"6AOFMZL7Z7QDPXT3DX7Y3D2M","8145270170700","","#8 Rocket","#8 Rocket","Unknown","Unknown","Regular","Unknown","Unknown","no_match","No sufficiently specific candidate identified in the two Dynamite catalog files.","Unknown","Manufacturer or UPC/model, exact package/variant and corresponding photo/video.","24","24","24","Items","25"
"OU3CLDPZSKPLLSYKQYLJU6RV","8145270170717","","#8 Rockets","#8 Rockets","Unknown","Unknown","Regular","Unknown","Unknown","no_match","No sufficiently specific candidate identified in the two Dynamite catalog files.","Unknown","Manufacturer or UPC/model, exact package/variant and corresponding photo/video.","25","25","25","Items","26"
"TBCIHOLYIDHKDKTJC663NQNF","064883100851","","#8 Texas Giant Cone","#8 Texas Giant Cone","Unknown","CONES","Regular","Unknown","Unknown","no_match","No sufficiently specific candidate identified in the two Dynamite catalog files.","Unknown","Manufacturer or UPC/model, exact package/variant and corresponding photo/video.","26","26","26","Items","27"
"3WJMCMYZKMPO5XDMP5N3BO3H","8145270261118","","1"" Mini Artillery Balls (CE 12 pcs) (Orange Box)","1"" Mini Artillery Balls (CE 12 pcs) (Orange Box)","Unknown","Artillery/Festival Balls","Regular","Unknown","1"" | 12 pcs","no_match","No sufficiently specific candidate identified in the two Dynamite catalog files.","Unknown","Manufacturer or UPC/model, exact package/variant and corresponding photo/video.","27","27","27","Items","28"
"WX7GBZIXZKXMZNUV7AGQX36N","8145270161111","","1"" Mini Artillery Shells 12 pcs","1"" Mini Artillery Shells 12 pcs","Unknown","Unknown","Regular","Unknown","1"" | 12 pcs","no_match","No sufficiently specific candidate identified in the two Dynamite catalog files.","Unknown","Manufacturer or UPC/model, exact package/variant and corresponding photo/video.","28","28","28","Items","29"
"HY6JRS42XJTAXSJTLKOJFUQE","8145270121917","","10 Ball Assortment Pack","10 Ball Assortment Pack","Unknown","Unknown","Regular","Unknown","Unknown","no_match","No sufficiently specific candidate identified in the two Dynamite catalog files.","Unknown","Manufacturer or UPC/model, exact package/variant and corresponding photo/video.","29","29","29","Items","30"
"HNBYE6I6SH7A4UHRXRRAFJUH","680149054579","","10 Min White Smoke","10 Min White Smoke","Unknown","Unknown","Regular","Unknown","Unknown","no_match","No sufficiently specific candidate identified in the two Dynamite catalog files.","Unknown","Manufacturer or UPC/model, exact package/variant and corresponding photo/video.","30","30","30","Items","31"
"YIPN5KCTMVDGIH33DXXZID6U","887946003155","","100 Shot Barrage","100 Shot Barrage","Unknown","Unknown","Regular","Unknown","100 Shot","no_match","No sufficiently specific candidate identified in the two Dynamite catalog files.","Unknown","Manufacturer or UPC/model, exact package/variant and corresponding photo/video.","31","31","31","Items","32"
"DJGW2P764RZFK2JCOQD7IJSZ","693965000354","","100 Shot Magical Barrage","100 Shot Magical Barrage","Unknown","Unknown","Regular","Unknown","100 Shot","no_match","No sufficiently specific candidate identified in the two Dynamite catalog files.","Unknown","Manufacturer or UPC/model, exact package/variant and corresponding photo/video.","32","32","33","Items","33"
"N52HRIF24SHJ6W5XI2UTRROS","8052530130919","","100 Shot Magical Shot Barrage","100 Shot Magical Shot Barrage","Unknown","Unknown","Regular","Unknown","100 Shot","no_match","No sufficiently specific candidate identified in the two Dynamite catalog files.","Unknown","Manufacturer or UPC/model, exact package/variant and corresponding photo/video.","33","34","34","Items","34"
"VOJNDZJPMSFCCTEVC3SUOTZC","725272730799","","100 Shot Magical Shot Barrage","100 Shot Magical Shot Barrage","Unknown","Unknown","100 Shot Barrage Old","100 Shot Barrage Old","100 Shot","no_match","No sufficiently specific candidate identified in the two Dynamite catalog files.","Unknown","Manufacturer or UPC/model, exact package/variant and corresponding photo/video.","34","35","35","Items","35"
"UFZR2ZDV7SEVEGE4QLRUZXKU","805253353718","","100 Shot Missle","100 Shot Missle","Unknown","Unknown","Regular","Unknown","100 Shot","no_match","No sufficiently specific candidate identified in the two Dynamite catalog files.","Unknown","Manufacturer or UPC/model, exact package/variant and corresponding photo/video.","35","36","36","Items","36"
"I2K2S2XEXLGV6H2IBNPKGHL2","700000014280","","100 Shot Saturn Missle","100 Shot Saturn Missle","Unknown","Unknown","Regular","Unknown","100 Shot","probable","Name identifies a candidate only; manufacturer and exact presentation have not been established.","products.json[46] Saturn Missile Battery 100's / Monkey Mania / /products/saturn-missile-battery-100.png","Manufacturer or UPC/model, exact package/variant and corresponding photo/video.","36","37","37","Items","37"
"CVQPQGAEURDRAKP55EZVIL6Z","900003471343","","1000 Roll Fire car","1000 Roll Fire car","Unknown","Unknown","Regular","Unknown","Unknown","no_match","No sufficiently specific candidate identified in the two Dynamite catalog files.","Unknown","Manufacturer or UPC/model, exact package/variant and corresponding photo/video.","37","38","38","Items","38"
"3SUE26Q6F6HMGVWFT4GG4SSM","715244964017","","1000 gram display","1000 gram display","Unknown","Unknown","Regular","Unknown","1000 gram","no_match","No sufficiently specific candidate identified in the two Dynamite catalog files.","Unknown","Manufacturer or UPC/model, exact package/variant and corresponding photo/video.","38","39","39","Items","39"
"GKWFBV6MPTRMRUG3PHSI67NB","715244010714","","10000 Bkk Cat FireCrk","10000 Bkk Cat FireCrk","Unknown","Unknown","Regular","Unknown","Unknown","no_match","No sufficiently specific candidate identified in the two Dynamite catalog files.","Unknown","Manufacturer or UPC/model, exact package/variant and corresponding photo/video.","39","40","40","Items","40"
"T5SHAX3H2SLYWZ3VFB2WBPEK","8052530052518","","12 Firecrackers Bogo","12 Firecrackers","Unknown","Unknown","Regular","Unknown","Unknown","no_match","No sufficiently specific candidate identified in the two Dynamite catalog files.","Unknown","Manufacturer or UPC/model, exact package/variant and corresponding photo/video.","40","41","41","Items","41"
"ETMPUX6C7EPHRP4US5GCM5JQ","185108243105","","12 Inch Missile","12 Inch Missile","Unknown","Unknown","Regular","Unknown","12 Inch","no_match","No sufficiently specific candidate identified in the two Dynamite catalog files.","Unknown","Manufacturer or UPC/model, exact package/variant and corresponding photo/video.","41","42","42","Items","42"
"YVHIF5R4TWUQ4TVDXZZYOO4R","816597923741","","12 Inch Missile","12 Inch Missile","Unknown","Unknown","Regular","Unknown","12 Inch","no_match","No sufficiently specific candidate identified in the two Dynamite catalog files.","Unknown","Manufacturer or UPC/model, exact package/variant and corresponding photo/video.","42","43","43","Items","43"
"2XKEDNBW4SB5HAFPD74TWCQU","100000566015","","12 Pc Big Huge Burst","12 Pc Big Huge Burst","Unknown","Unknown","Regular","Unknown","12 Pc","no_match","No sufficiently specific candidate identified in the two Dynamite catalog files.","Unknown","Manufacturer or UPC/model, exact package/variant and corresponding photo/video.","43","44","44","Items","44"
"6W2PMFHVVSUEMCAZEM7CC6FO","680149047670","","12 Pk Neon Smoke Balls","12 Pk Neon Smoke Balls","Unknown","Unknown","Regular","Unknown","Unknown","no_match","No sufficiently specific candidate identified in the two Dynamite catalog files.","Unknown","Manufacturer or UPC/model, exact package/variant and corresponding photo/video.","44","45","45","Items","45"
"6FFX6S2ZDLIQKFSCCQF57TK7","813559007389","","12 pk magical shots","12 pk magical shots","Unknown","Unknown","Regular","Unknown","Unknown","no_match","No sufficiently specific candidate identified in the two Dynamite catalog files.","Unknown","Manufacturer or UPC/model, exact package/variant and corresponding photo/video.","45","46","46","Items","46"
"KBT3SVWZVERXSJWAFP5AQ6OG","705834210266","","12"" XXI Missile","12"" XXI Missile","Unknown","Unknown","Regular","Unknown","12""","no_match","No sufficiently specific candidate identified in the two Dynamite catalog files.","Unknown","Manufacturer or UPC/model, exact package/variant and corresponding photo/video.","46","47","47","Items","47"
"KE6KVYP7DAHPX7TFVFIKUJL7","100000103012","","12"" XXI Missile","12"" XXI Missile","Unknown","Unknown","12 Missile","12 Missile","12""","no_match","No sufficiently specific candidate identified in the two Dynamite catalog files.","Unknown","Manufacturer or UPC/model, exact package/variant and corresponding photo/video.","47","48","48","Items","48"
"D3QREITLNP6XJ5AOMNWFP3Y7","821600005031","","12"" XXI Missile","12"" XXI Missile","Unknown","Unknown","12"" Star Shooter","12"" Star Shooter","12""","no_match","No sufficiently specific candidate identified in the two Dynamite catalog files.","Unknown","Manufacturer or UPC/model, exact package/variant and corresponding photo/video.","48","49","49","Items","49"
"45N4PAZ53P7YTNQENWTOP3XJ","652009905109","","120 Shot Camp Pk","120 Shot Camp Pk","Unknown","Unknown","Regular","Unknown","120 Shot","no_match","No sufficiently specific candidate identified in the two Dynamite catalog files.","Unknown","Manufacturer or UPC/model, exact package/variant and corresponding photo/video.","49","50","50","Items","50"
"QYAXPQDE2TYNMB7YTYR6PER7","813559006061","","12pc No.10 Gold Sparklers","12pc No.10 Gold Sparklers","Unknown","Unknown","Regular","Unknown","12pc","no_match","No sufficiently specific candidate identified in the two Dynamite catalog files.","Unknown","Manufacturer or UPC/model, exact package/variant and corresponding photo/video.","50","51","51","Items","51"
"QXPW5W7TIS6F73NQR2KAHZKR","887946060400","","14"" Morning Glorys- Red Box","14"" Morning Glorys- Red Box","Unknown","Unknown","Regular","Unknown","14""","no_match","No sufficiently specific candidate identified in the two Dynamite catalog files.","Unknown","Manufacturer or UPC/model, exact package/variant and corresponding photo/video.","51","52","52","Items","52"
"6N3R23DAT7C5HMLM4GSIPQUL","8145270101612","","16000 Firecracker","16000 Firecracker","Unknown","Unknown","Regular","Unknown","Unknown","no_match","No sufficiently specific candidate identified in the two Dynamite catalog files.","Unknown","Manufacturer or UPC/model, exact package/variant and corresponding photo/video.","52","53","53","Items","53"
"TAOG6BC2S6VLWKSKNKOUQG2N","821600001149","","16000 Thunder Bomb Crackert","16000 Thunder Bomb Crackert","Unknown","Unknown","Regular","Unknown","Unknown","no_match","No sufficiently specific candidate identified in the two Dynamite catalog files.","Unknown","Manufacturer or UPC/model, exact package/variant and corresponding photo/video.","53","54","54","Items","54"
"SU6AOYSN2DG4RQ4GOPTHS2CW","821600014309","","198 Shot Saturn Missle","198 Shot Saturn Missle","Unknown","Unknown","Regular","Unknown","198 Shot","no_match","No sufficiently specific candidate identified in the two Dynamite catalog files.","Unknown","Manufacturer or UPC/model, exact package/variant and corresponding photo/video.","54","55","55","Items","55"
"EVMEMWULGO5FFPZTIZK4RDJJ","887946031059","","2 Color Space Ship 3 Pack","2 Color Space Ship 3 Pack","Unknown","Unknown","Regular","Unknown","3 Pack","no_match","No sufficiently specific candidate identified in the two Dynamite catalog files.","Unknown","Manufacturer or UPC/model, exact package/variant and corresponding photo/video.","55","56","56","Items","56"
"IWBOGXXV5RRGXSNCIMCONMYJ","8052530220917","","2 Color Spaceship","2 Color Spaceship","Unknown","Unknown","Regular","Unknown","Unknown","no_match","No sufficiently specific candidate identified in the two Dynamite catalog files.","Unknown","Manufacturer or UPC/model, exact package/variant and corresponding photo/video.","56","57","57","Items","57"
"O6KNWSDF2BMIHQ37TUXZZLJJ","","","2 Color Spaceship BOGO","2 Color Spaceship","Unknown","Unknown","Regular","Unknown","Unknown","no_match","No sufficiently specific candidate identified in the two Dynamite catalog files.","Unknown","Manufacturer or UPC/model, exact package/variant and corresponding photo/video.","57","58","58","Items","58"
"T3AVLYCRGWAKT6BREUWYYAAL","887946004213","","2 Min Extravaganza","2 Min Extravaganza","Unknown","Unknown","Regular","Unknown","Unknown","no_match","No sufficiently specific candidate identified in the two Dynamite catalog files.","Unknown","Manufacturer or UPC/model, exact package/variant and corresponding photo/video.","58","59","59","Items","59"
"K5DWDAJDWJNG6DTWEO5DGLHG","757205302599","","2 Minute Bomb","2 Minute Bomb","Unknown","Unknown","Regular","Unknown","2 Minute","no_match","No sufficiently specific candidate identified in the two Dynamite catalog files.","Unknown","Manufacturer or UPC/model, exact package/variant and corresponding photo/video.","59","60","60","Items","60"
"GXTEUEIENPDZQX225VYUZXIE","","010901322156","2 Minute Finale 500 Gram","2 Minute Finale 500 Gram","Unknown","500 GRAM FINALE","Regular","Unknown","2 Minute | 500 Gram","no_match","No sufficiently specific candidate identified in the two Dynamite catalog files.","Unknown","Manufacturer or UPC/model, exact package/variant and corresponding photo/video.","60","61","61","Items","61"
"2FCJSUCY2M7JKMLZIKJUWXLJ","050050513210","","2 Minute Finale 500 Gram","2 Minute Finale 500 Gram","Unknown","500 GRAM FINALE","Regular","Unknown","2 Minute | 500 Gram","no_match","No sufficiently specific candidate identified in the two Dynamite catalog files.","Unknown","Manufacturer or UPC/model, exact package/variant and corresponding photo/video.","61","62","62","Items","62"
"NPIALSN4V63R3R64QQOCWAML","","757205302599","2 minute bomb","2 minute bomb","Unknown","Unknown","Regular","Unknown","2 minute","no_match","No sufficiently specific candidate identified in the two Dynamite catalog files.","Unknown","Manufacturer or UPC/model, exact package/variant and corresponding photo/video.","62","63","63","Items","63"
"WCBZ5V4BLD2KB7C52VNMEQE2","757201530675","","20 Alarm Fire","20 Alarm Fire","Unknown","Unknown","Regular","Unknown","Unknown","no_match","No sufficiently specific candidate identified in the two Dynamite catalog files.","Unknown","Manufacturer or UPC/model, exact package/variant and corresponding photo/video.","63","64","64","Items","64"
"GS5Y7ZP4PE7LE5FGYNR5O2YI","705669335523","","20 Clip On Lighters","20 Clip On Lighters","Unknown","Unknown","Regular","Unknown","Unknown","no_match","No sufficiently specific candidate identified in the two Dynamite catalog files.","Unknown","Manufacturer or UPC/model, exact package/variant and corresponding photo/video.","64","65","65","Items","65"
"PHBTZYIQ3GDXQH5VRHBKTPWF","715244120000","","2000 Blk Cat Fire Crk Roll","2000 Blk Cat Fire Crk Roll","Unknown","Unknown","Regular","Unknown","Unknown","no_match","No sufficiently specific candidate identified in the two Dynamite catalog files.","Unknown","Manufacturer or UPC/model, exact package/variant and corresponding photo/video.","65","66","66","Items","66"
"KLGDXTOQZJLOLLWXZYP77NBO","8052530057117","","2000 Special Firecrackers","2000 Special Firecrackers","Unknown","Unknown","Regular","Unknown","Unknown","no_match","No sufficiently specific candidate identified in the two Dynamite catalog files.","Unknown","Manufacturer or UPC/model, exact package/variant and corresponding photo/video.","66","67","67","Items","67"
"55OSMECG4FX4FDJNAIZNJLGL","821600001118","","2000 Thunder Bomb Cracker","2000 Thunder Bomb Cracker","Unknown","Unknown","Regular","Unknown","Unknown","no_match","No sufficiently specific candidate identified in the two Dynamite catalog files.","Unknown","Manufacturer or UPC/model, exact package/variant and corresponding photo/video.","67","68","68","Items","68"
"Y3IFH74XUWEC2U3KZXSXVPQ2","821600000098","","24 Pack Roman Candles","24 Pack Roman Candles","Unknown","Unknown","Regular","Unknown","24 Pack","no_match","No sufficiently specific candidate identified in the two Dynamite catalog files.","Unknown","Manufacturer or UPC/model, exact package/variant and corresponding photo/video.","68","69","69","Items","69"
"QEODFH2T6BC2CTTMDFAN3ILS","805253354814","","25 Shot Sasturn Missiles","25 Shot Sasturn Missiles","Unknown","Unknown","Regular","Unknown","25 Shot","no_match","No sufficiently specific candidate identified in the two Dynamite catalog files.","Unknown","Manufacturer or UPC/model, exact package/variant and corresponding photo/video.","69","70","70","Items","70"
"C6GOME5OVCZJNCJAW7LZPB3A","612005006798","","25 Shot Saturn Missile","25 Shot Saturn Missile","Unknown","Unknown","Regular","Unknown","25 Shot","no_match","No sufficiently specific candidate identified in the two Dynamite catalog files.","Unknown","Manufacturer or UPC/model, exact package/variant and corresponding photo/video.","70","71","71","Items","71"
"W6SWRAF35UJN34Q2XJAD7F7V","688397661891","","25 shot cake assortment","25 shot cake assortment","Unknown","Unknown","Regular","Unknown","25 shot","no_match","No sufficiently specific candidate identified in the two Dynamite catalog files.","Unknown","Manufacturer or UPC/model, exact package/variant and corresponding photo/video.","71","72","72","Items","72"
"4HWFFPKQHZTJ2Q7APAMG44QB","705108561407","","250 Paratroopers","250 Paratroopers","Unknown","Unknown","Regular","Unknown","Unknown","no_match","No sufficiently specific candidate identified in the two Dynamite catalog files.","Unknown","Manufacturer or UPC/model, exact package/variant and corresponding photo/video.","72","73","73","Items","73"
"KDP4F2VSPPZOAWWNZM2FQ3EY","825272730758","","3 Artillery Box Deal","3 Artillery Box Deal","Unknown","Unknown","Festival Balla","Festival Balla","Unknown","no_match","No sufficiently specific candidate identified in the two Dynamite catalog files.","Unknown","Manufacturer or UPC/model, exact package/variant and corresponding photo/video.","73","74","74","Items","74"
"P3CCHOLOIHGZVDYAXTMIOVS2","821600018185","","3 Minute Fireworks Barrage","3 Minute Fireworks Barrage","Unknown","Unknown","Regular","Unknown","3 Minute","no_match","No sufficiently specific candidate identified in the two Dynamite catalog files.","Unknown","Manufacturer or UPC/model, exact package/variant and corresponding photo/video.","74","75","75","Items","75"
"MH57SPBVIQPICVM4BHIMB5O2","757202118087","","3 Minute Fountain","3 Minute Fountain","Unknown","Fountains","Regular","Unknown","3 Minute","probable","Name identifies a candidate only; manufacturer and exact presentation have not been established.","products.json[45] 3 MIN / Monkey Mania / /products/3-min.png | products.json[145] 3 Minute Fountain / Black Cat / /products/3-minute-fountain.png","Manufacturer or UPC/model, exact package/variant and corresponding photo/video.","75","76","76","Items","76"
"O4WED6SQAOYEZX67SYZ7HGIO","700000014327","","300 Saturn Missile","300 Saturn Missile","Unknown","Unknown","Regular","Unknown","Unknown","no_match","No sufficiently specific candidate identified in the two Dynamite catalog files.","Unknown","Manufacturer or UPC/model, exact package/variant and corresponding photo/video.","76","77","77","Items","77"
"3P62TB7PDFUGMV5XKWM4SPVM","849107066089","","36 "" Gold Sparklers","36 "" Gold Sparklers","Unknown","Unknown","Regular","Unknown","36 ""","no_match","No sufficiently specific candidate identified in the two Dynamite catalog files.","Unknown","Manufacturer or UPC/model, exact package/variant and corresponding photo/video.","77","78","78","Items","78"
"IV3BJZUIFVT2PF6ZZBU334X3","821600003136","","36 Inch Wedding Sparklers","36 Inch Wedding Sparklers","Unknown","Unknown","Regular","Unknown","36 Inch","no_match","No sufficiently specific candidate identified in the two Dynamite catalog files.","Unknown","Manufacturer or UPC/model, exact package/variant and corresponding photo/video.","78","79","79","Items","79"
"3BDVG5QR2QCQYDOZXHCWB2KF","705108900510","","36"" Gold Sparklers","36"" Gold Sparklers","Unknown","Unknown","Regular","Unknown","36""","no_match","No sufficiently specific candidate identified in the two Dynamite catalog files.","Unknown","Manufacturer or UPC/model, exact package/variant and corresponding photo/video.","79","80","80","Items","80"
"KIIXD2PHKQRWSEL2DVRTHH3R","816597924441","","36"" Morning Glory","36"" Morning Glory","Unknown","Unknown","Regular","Unknown","36""","no_match","No sufficiently specific candidate identified in the two Dynamite catalog files.","Unknown","Manufacturer or UPC/model, exact package/variant and corresponding photo/video.","80","81","81","Items","81"
"26PMZRVOBXZHMDNDBZNLSSG4","705108900336","","36"" Morning Glorys","36"" Morning Glorys","Unknown","Unknown","Regular","Unknown","36""","no_match","No sufficiently specific candidate identified in the two Dynamite catalog files.","Unknown","Manufacturer or UPC/model, exact package/variant and corresponding photo/video.","81","82","82","Items","82"
"FSLILKVUEZUCBWTLHGZ7G3DC","813559000403","","36' Gold Sparklers","36' Gold Sparklers","Unknown","Unknown","Regular","Unknown","Unknown","no_match","No sufficiently specific candidate identified in the two Dynamite catalog files.","Unknown","Manufacturer or UPC/model, exact package/variant and corresponding photo/video.","82","83","83","Items","83"
"FVAI2736O6VVNLFZFUR5OMO6","705108900503","","36' Gold Sparklers","36' Gold Sparklers","Unknown","Unknown","36 Inch Gold Sparklers","36 Inch Gold Sparklers","Unknown","no_match","No sufficiently specific candidate identified in the two Dynamite catalog files.","Unknown","Manufacturer or UPC/model, exact package/variant and corresponding photo/video.","83","84","84","Items","84"
"6XG66I5GX3TNWFSJGITBLXWB","8145270122723","","4 Assort Effect 10 Ball 12 Pack","4 Assort Effect 10 Ball 12 Pack","Unknown","Unknown","Regular","Unknown","12 Pack","no_match","No sufficiently specific candidate identified in the two Dynamite catalog files.","Unknown","Manufacturer or UPC/model, exact package/variant and corresponding photo/video.","84","85","85","Items","85"
"5O66QKT6BJQUWDBZEA64YIJ4","705108309702","","4 Pk Mini Snow Cones","4 Pk Mini Snow Cones","Unknown","Fountains","Regular","Unknown","Unknown","probable","Name identifies a candidate only; manufacturer and exact presentation have not been established.","products.json[114] Snow Cone / Winda / /products/snow-cone.png","Manufacturer or UPC/model, exact package/variant and corresponding photo/video.","85","86","86","Items","86"
"UJB7SIMZIOZNZYMFLLYRB6ZH","8052530170717","","40"" Mammoth Day Parachute","40"" Mammoth Day Parachute","Unknown","Unknown","Regular","Unknown","40""","no_match","No sufficiently specific candidate identified in the two Dynamite catalog files.","Unknown","Manufacturer or UPC/model, exact package/variant and corresponding photo/video.","86","87","87","Items","87"
"6PNXNZLUJTEFB4LXCTIWWKE5","8145270113721","","4pc Assortments 9"" Fountain","4pc Assortments 9"" Fountain","Unknown","Fountains","Regular","Unknown","4pc | 9""","no_match","No sufficiently specific candidate identified in the two Dynamite catalog files.","Unknown","Manufacturer or UPC/model, exact package/variant and corresponding photo/video.","87","88","88","Items","88"
"GYJNBMUQGW2TG3B67MHZX6RI","8052530170724","","4pk Parachute","4pk Parachute","Unknown","Unknown","Regular","Unknown","Unknown","no_match","No sufficiently specific candidate identified in the two Dynamite catalog files.","Unknown","Manufacturer or UPC/model, exact package/variant and corresponding photo/video.","88","89","89","Items","89"
"H5K3WTYZMTO4M7553I3M5UYE","705108002306","","4th Of July Backpack","4th Of July Backpack","Unknown","Family Pack Assortments","Regular","Unknown","Unknown","no_match","No sufficiently specific candidate identified in the two Dynamite catalog files.","Unknown","Manufacturer or UPC/model, exact package/variant and corresponding photo/video.","89","90","90","Items","90"
"A5YBHLDEGL7OUC573GBEWPRD","705108300020","","4th of July Pack","4th of July Pack","Unknown","Unknown","Regular","Unknown","Unknown","no_match","No sufficiently specific candidate identified in the two Dynamite catalog files.","Unknown","Manufacturer or UPC/model, exact package/variant and corresponding photo/video.","90","91","91","Items","91"
"QGRX3L4LF562QHPZHUWFHRV5","887946060226","","4x 3157/3156 High Power 7W Turn Signal Tail Brake Stop Car LED Bulbs (Amber/Yellow)","4x 3157/3156 High Power 7W Turn Signal Tail Brake Stop Car LED Bulbs (Amber/Yellow)","Unknown","Roman Candles","Regular","Unknown","Unknown","conflict","Item name describes automotive LED bulbs but Square category says Roman Candles; identity is corrupt, do not publish.","Unknown","Manufacturer or UPC/model, exact package/variant and corresponding photo/video.","91","92","92","Items","92"
"4TA643RIR37SKN2TGQC4TVAG","800000002000","800000002000","4x 3157/3156 High Power 7W Turn Signal Tail Brake Stop Car LED Bulbs (Amber/Yellow)","4x 3157/3156 High Power 7W Turn Signal Tail Brake Stop Car LED Bulbs (Amber/Yellow)","Unknown","Roman Candles","12/10 ball roman candle","12/10 ball roman candle","Unknown","conflict","Automotive LED-bulb item name conflicts with roman-candle variation and category; identity requires correction.","Unknown","Manufacturer or UPC/model, exact package/variant and corresponding photo/video.","92","93","93","Items","93"
"6LV6YJMXWXIGBPXYPBYYMKIK","6950165423661","","5 Inch Megabanger Professional Shells","5 Inch Megabanger Professional Shells","Unknown","Unknown","Regular","Unknown","5 Inch","no_match","No sufficiently specific candidate identified in the two Dynamite catalog files.","Unknown","Manufacturer or UPC/model, exact package/variant and corresponding photo/video.","93","94","94","Items","94"
"A6IN5BBRQ524DUHM5XIK22KD","887946004268","","6 3"" Parachutes","6 3"" Parachutes","Unknown","Unknown","Regular","Unknown","3""","no_match","No sufficiently specific candidate identified in the two Dynamite catalog files.","Unknown","Manufacturer or UPC/model, exact package/variant and corresponding photo/video.","94","95","95","Items","95"
"ARNCHSF72M2PGKYULV37DMUW","","841527101241","6 pc Artillery Shells Assorted","6 pc Artillery Shells Assorted","Unknown","Unknown","Regular","Unknown","6 pc","no_match","No sufficiently specific candidate identified in the two Dynamite catalog files.","Unknown","Manufacturer or UPC/model, exact package/variant and corresponding photo/video.","95","96","96","Items","96"
"ZX3TJ5FTJU4TSBNYYZ25OE5P","841527101258","","6 pc Artillery Shells Assorted","6 pc Artillery Shells Assorted","Unknown","Unknown","Whistling Buster","Whistling Buster","6 pc","no_match","No sufficiently specific candidate identified in the two Dynamite catalog files.","Unknown","Manufacturer or UPC/model, exact package/variant and corresponding photo/video.","96","97","97","Items","97"
"DEGTDLAZWR5MFPTCN24C5MYW","811273010029","","6 pc Artillery Shells Assorted","6 pc Artillery Shells Assorted","Unknown","Unknown","Crackling","Crackling","6 pc","no_match","No sufficiently specific candidate identified in the two Dynamite catalog files.","Unknown","Manufacturer or UPC/model, exact package/variant and corresponding photo/video.","97","98","98","Items","98"
"6LYJJH3ROCZPE5B25EYQFT2X","757201525176","","60 Infinity","60 Infinity","Unknown","Unknown","Regular","Unknown","Unknown","no_match","No sufficiently specific candidate identified in the two Dynamite catalog files.","Unknown","Manufacturer or UPC/model, exact package/variant and corresponding photo/video.","98","99","99","Items","99"
"G4RPL673CZVIZPHF3JQIYTAV","064883100769","","6ct Texas Size Rocket","6ct Texas Size Rocket","Unknown","Unknown","Regular","Unknown","6ct","no_match","No sufficiently specific candidate identified in the two Dynamite catalog files.","Unknown","Manufacturer or UPC/model, exact package/variant and corresponding photo/video.","99","100","100","Items","100"
"WWS64AP47VXXTHHYX3D2E5Z2","","705108402311","6pc 10 ball roman candle","6pc 10 ball roman candle","Unknown","Unknown","Regular","Unknown","6pc","no_match","No sufficiently specific candidate identified in the two Dynamite catalog files.","Unknown","Manufacturer or UPC/model, exact package/variant and corresponding photo/video.","100","101","101","Items","101"
"IV465BAKK2EAWD5TK3S32FRX","805253414235","","6pc Artillery Shells: Huge Color Bursts","6pc Artillery Shells: Huge Color Bursts","Unknown","Unknown","Regular","Unknown","6pc","no_match","No sufficiently specific candidate identified in the two Dynamite catalog files.","Unknown","Manufacturer or UPC/model, exact package/variant and corresponding photo/video.","101","102","102","Items","102"
"67Q5FTM7ANPDPMG4XUHW74DF","703674274226","","7 Disposable Lighters","7 Disposable Lighters","Unknown","Unknown","Regular","Unknown","Unknown","no_match","No sufficiently specific candidate identified in the two Dynamite catalog files.","Unknown","Manufacturer or UPC/model, exact package/variant and corresponding photo/video.","102","103","103","Items","103"
"PAYQMSSER3UY2TBKFB63PVI7","887946070027","","7"" Defender Missile","7"" Defender Missile","Unknown","Unknown","Regular","Unknown","7""","no_match","No sufficiently specific candidate identified in the two Dynamite catalog files.","Unknown","Manufacturer or UPC/model, exact package/variant and corresponding photo/video.","103","104","104","Items","104"
"XPH7RXILMQOK6PZWGNZX3SL5","888011307505","","750s Saturn Missile Battery","750s Saturn Missile Battery","Unknown","Unknown","Regular","Unknown","Unknown","no_match","No sufficiently specific candidate identified in the two Dynamite catalog files.","Unknown","Manufacturer or UPC/model, exact package/variant and corresponding photo/video.","104","105","105","Items","105"
"CJQNGWS3JU5HZJQ2XSK62B43","887946000499","","750s Saturn Missile Battery","750s Saturn Missile Battery","Unknown","Unknown","750 Shot","750 Shot","Unknown","no_match","No sufficiently specific candidate identified in the two Dynamite catalog files.","Unknown","Manufacturer or UPC/model, exact package/variant and corresponding photo/video.","105","106","106","Items","106"
"XDY67L6KGJ3UDL576VIBRNUO","821600005017","","8 Inch Missle","8 Inch Missle","Unknown","Unknown","Regular","Unknown","8 Inch","no_match","No sufficiently specific candidate identified in the two Dynamite catalog files.","Unknown","Manufacturer or UPC/model, exact package/variant and corresponding photo/video.","106","107","107","Items","107"
"KVJM6GNGZVNLT2VHSMPTYOEQ","705108074006","","8"" color sparklers","8"" color sparklers","Unknown","Unknown","Regular","Unknown","8""","no_match","No sufficiently specific candidate identified in the two Dynamite catalog files.","Unknown","Manufacturer or UPC/model, exact package/variant and corresponding photo/video.","107","108","108","Items","108"
"H5ODOFIVBLH5KHPX3NEZ6ROR","821600001132","","8000 Thunder Bomb Cracker","8000 Thunder Bomb Cracker","Unknown","Unknown","Regular","Unknown","Unknown","no_match","No sufficiently specific candidate identified in the two Dynamite catalog files.","Unknown","Manufacturer or UPC/model, exact package/variant and corresponding photo/video.","108","109","109","Items","109"
"BXB6IDEAWPODTC7JWB3OGSL2","821600025213","","96 Shot Color Pearl","96 Shot Color Pearl","Unknown","Unknown","Regular","Unknown","96 Shot","no_match","No sufficiently specific candidate identified in the two Dynamite catalog files.","Unknown","Manufacturer or UPC/model, exact package/variant and corresponding photo/video.","109","110","110","Items","110"
"PI4EHRNLTIX3BTAGFZUATH7S","674662533833","","A Legacy Of Liberty 250 Years 500g","A Legacy Of Liberty 250 Years 500g","Unknown","Unknown","Regular","Unknown","500g","no_match","No sufficiently specific candidate identified in the two Dynamite catalog files.","Unknown","Manufacturer or UPC/model, exact package/variant and corresponding photo/video.","110","111","111","Items","111"
"YFAWGJZFEI4UUOC7GCETC7FX","872421130013","","A Million Missles","A Million Missles","Unknown","Unknown","Regular","Unknown","Unknown","no_match","No sufficiently specific candidate identified in the two Dynamite catalog files.","Unknown","Manufacturer or UPC/model, exact package/variant and corresponding photo/video.","111","112","112","Items","112"
"VP5CG67K35FAOWJPZ7IWO4KN","197031322116","","AK-47 FOUNTAIN","AK-47 FOUNTAIN","Unknown","Fountains","Regular","Unknown","Unknown","no_match","No sufficiently specific candidate identified in the two Dynamite catalog files.","Unknown","Manufacturer or UPC/model, exact package/variant and corresponding photo/video.","112","113","113","Items","113"
"4CG65TCNMRJDOS6ZNDPNVF2L","875330032508","","AK-47 Fountain","AK-47 Fountain","Unknown","Fountains","Regular","Unknown","Unknown","no_match","No sufficiently specific candidate identified in the two Dynamite catalog files.","Unknown","Manufacturer or UPC/model, exact package/variant and corresponding photo/video.","113","114","114","Items","114"
"DJGH4MOSEAF477EDNI4PRQ4O","","652009200020","Above The Law Family Pack BC","Above The Law Family Pack BC","Unknown","Family Pack Assortments","Regular","Unknown","Unknown","no_match","No sufficiently specific candidate identified in the two Dynamite catalog files.","Unknown","Manufacturer or UPC/model, exact package/variant and corresponding photo/video.","114","115","115","Items","115"
"A3TTFCDNXBESWGPAC4RVRVLA","652009906540","","Absolute Pyro","Absolute Pyro","Unknown","500 GRAM FINALE > 500 GRAM FINALE ZIPPER CAKES","Regular","Unknown","Unknown","no_match","No sufficiently specific candidate identified in the two Dynamite catalog files.","Unknown","Manufacturer or UPC/model, exact package/variant and corresponding photo/video.","115","116","116","Items","116"
"GPZVXC3S5TOL4YDFTGF2GZYP","849107002148","","Adult Snaps Bogo","Adult Snaps","Unknown","Unknown","Regular","Unknown","Unknown","no_match","No sufficiently specific candidate identified in the two Dynamite catalog files.","Unknown","Manufacturer or UPC/model, exact package/variant and corresponding photo/video.","117","118","118","Items","118"
"YJIFUP2KPQJDBACJJP43G5SD","680149054289","","Aerojet (4 sticks)","Aerojet (4 sticks)","Unknown","Stick Rockets","Regular","Unknown","4 sticks","no_match","No sufficiently specific candidate identified in the two Dynamite catalog files.","Unknown","Manufacturer or UPC/model, exact package/variant and corresponding photo/video.","118","119","119","Items","119"
"SRP2KXXSRJ5ZLRYNRYPEYTA3","757201220071","","Aggression","Aggression","Unknown","Unknown","Regular","Unknown","Unknown","no_match","No sufficiently specific candidate identified in the two Dynamite catalog files.","Unknown","Manufacturer or UPC/model, exact package/variant and corresponding photo/video.","119","120","120","Items","120"
"4334FNRTII6SMFRXQN7MAUHA","687985102822","","Air Force One Rocket (5 sticks)","Air Force One Rocket (5 sticks)","Unknown","Stick Rockets","Regular","Unknown","5 sticks","no_match","No sufficiently specific candidate identified in the two Dynamite catalog files.","Unknown","Manufacturer or UPC/model, exact package/variant and corresponding photo/video.","120","121","121","Items","121"
"ASHLE2YBKFSZNM63ILNCUD23","202013250018","","Air Power 5"" Artillery Shells 24 pack","Air Power 5"" Artillery Shells 24 pack","Unknown","24 Pack Canister Artillery Shells 5 INCH","Regular","Unknown","5"" | 24 pack","no_match","No sufficiently specific candidate identified in the two Dynamite catalog files.","Unknown","Manufacturer or UPC/model, exact package/variant and corresponding photo/video.","121","122","122","Items","122"
"M5WL2GWBEX24UFCMOYR2IV5P","052301913206","","Alien Attack 500 Gram","Alien Attack 500 Gram","Unknown","500 GRAM FINALE","Regular","Unknown","500 Gram","no_match","No sufficiently specific candidate identified in the two Dynamite catalog files.","Unknown","Manufacturer or UPC/model, exact package/variant and corresponding photo/video.","122","123","123","Items","123"
"WCIPTN2Z22OBJCOSXXECSVFO","6011401913206","","Alien Attack 500 Gram","Alien Attack 500 Gram","Unknown","500 GRAM FINALE","Regular","Unknown","500 Gram","no_match","No sufficiently specific candidate identified in the two Dynamite catalog files.","Unknown","Manufacturer or UPC/model, exact package/variant and corresponding photo/video.","123","124","124","Items","124"
"V6MU7TUWULGKPYU6OK3YD6HQ","816597943671","","Alien Invasion 6"" Artillery Shells 24 Pack","Alien Invasion 6"" Artillery Shells 24 Pack","Unknown","24 Pack Artillery Shells 6""","Regular","Unknown","6"" | 24 Pack","no_match","No sufficiently specific candidate identified in the two Dynamite catalog files.","Unknown","Manufacturer or UPC/model, exact package/variant and corresponding photo/video.","124","125","125","Items","125"
"XYXKR3DJY6RHOJASSPK5TYT5","8052530043813","","All Star Pack","All Star Pack","Unknown","Unknown","Regular","Unknown","Unknown","no_match","No sufficiently specific candidate identified in the two Dynamite catalog files.","Unknown","Manufacturer or UPC/model, exact package/variant and corresponding photo/video.","125","126","126","Items","126"
"XDBTTK6XNQUZN7Y5OLEMK7P4","514677961026","","Always Remember","Always Remember","Unknown","Unknown","Regular","Unknown","Unknown","no_match","No sufficiently specific candidate identified in the two Dynamite catalog files.","Unknown","Manufacturer or UPC/model, exact package/variant and corresponding photo/video.","126","127","127","Items","127"
"P4V5UWFOA4QKR7HDTQ2Y7NTA","192537122338","","America Enduring ","America Enduring","Unknown","Unknown","Regular","Unknown","Unknown","no_match","No sufficiently specific candidate identified in the two Dynamite catalog files.","Unknown","Manufacturer or UPC/model, exact package/variant and corresponding photo/video.","127","128","128","Items","128"
"NNRAJOMOO6QMDDNVRN3MLQ2G","757201530644","","America First","America First","Unknown","Unknown","Regular","Unknown","Unknown","probable","Name identifies a candidate only; manufacturer and exact presentation have not been established.","products.json[9] America First / Raccoon / /products/america-first.png","Manufacturer or UPC/model, exact package/variant and corresponding photo/video.","128","129","129","Items","129"
"OV5PX3WTPYLU7UAQX5H6BZWS","800000125037","","America Forever","America Forever","Unknown","Unknown","Regular","Unknown","Unknown","no_match","No sufficiently specific candidate identified in the two Dynamite catalog files.","Unknown","Manufacturer or UPC/model, exact package/variant and corresponding photo/video.","129","130","130","Items","130"
"NX53FTYFRKZQY6WLTR2DY3WJ","757201572187","","American Anthem","American Anthem","Unknown","9-SHOT 500 GRAM RACKS","Regular","Unknown","Unknown","no_match","No sufficiently specific candidate identified in the two Dynamite catalog files.","Unknown","Manufacturer or UPC/model, exact package/variant and corresponding photo/video.","130","131","131","Items","131"
"MUGZGXIY22XE4VAAZZ7DVGMW","757202118070","","American Celebration Fountain","American Celebration Fountain","Unknown","Fountains","Regular","Unknown","Unknown","no_match","No sufficiently specific candidate identified in the two Dynamite catalog files.","Unknown","Manufacturer or UPC/model, exact package/variant and corresponding photo/video.","131","132","132","Items","132"
"F4VHERHXUEKP2V34SZ4UB66R","715244965298","","American Freedom Train ","American Freedom Train","Unknown","Unknown","Regular","Unknown","Unknown","no_match","No sufficiently specific candidate identified in the two Dynamite catalog files.","Unknown","Manufacturer or UPC/model, exact package/variant and corresponding photo/video.","132","133","133","Items","133"
"EJ67OI6GG3MOJJGKU6K6YPHX","805253311817","","American Pride Fountain","American Pride Fountain","Unknown","Fountains","Regular","Unknown","Unknown","no_match","No sufficiently specific candidate identified in the two Dynamite catalog files.","Unknown","Manufacturer or UPC/model, exact package/variant and corresponding photo/video.","133","134","134","Items","134"
"LXNCB5NMJNLAI6CU2C6JBNAC","","841527105072","American Spirit Show","American Spirit Show","Unknown","Unknown","Regular","Unknown","Unknown","no_match","No sufficiently specific candidate identified in the two Dynamite catalog files.","Unknown","Manufacturer or UPC/model, exact package/variant and corresponding photo/video.","134","135","135","Items","135"
"QF4SJO5A26QPFJ3INJVAWKZB","687985961214","","American Wildcard 200G","American Wildcard 200G","Unknown","Unknown","Regular","Unknown","200G","no_match","No sufficiently specific candidate identified in the two Dynamite catalog files.","Unknown","Manufacturer or UPC/model, exact package/variant and corresponding photo/video.","135","136","136","Items","136"
"LDTQWSGU6QA5LY4GLQ53WWQY","757205301271","","Americana 500 Gram","Americana 500 Gram","Unknown","500 GRAM FINALE","Regular","Unknown","500 Gram","no_match","No sufficiently specific candidate identified in the two Dynamite catalog files.","Unknown","Manufacturer or UPC/model, exact package/variant and corresponding photo/video.","136","137","137","Items","137"
"CP7RE6RLLTS5YYWJJ5KWFDGD","816597941578","","Americas best snappers","Americas best snappers","Unknown","Unknown","Regular","Unknown","Unknown","no_match","No sufficiently specific candidate identified in the two Dynamite catalog files.","Unknown","Manufacturer or UPC/model, exact package/variant and corresponding photo/video.","137","138","138","Items","138"
"XEHFK3MLUWNJO53ONKR3COLJ","757205301677","","Ant Chant","Ant Chant","Unknown","500 GRAM FINALE > 500 GRAM FINALE ZIPPER CAKES","Regular","Unknown","Unknown","probable","Name identifies a candidate only; manufacturer and exact presentation have not been established.","products.json[17] Ant Chant / Raccoon / /products/ant-chant.png","Manufacturer or UPC/model, exact package/variant and corresponding photo/video.","138","139","139","Items","139"
"MYCY5YAXU47YAWMJR6OTMGPJ","8145270114612","","Armadillo Fountain","Armadillo Fountain","Unknown","Fountains","Regular","Unknown","Unknown","no_match","No sufficiently specific candidate identified in the two Dynamite catalog files.","Unknown","Manufacturer or UPC/model, exact package/variant and corresponding photo/video.","139","140","140","Items","140"
"P4ESCHPHWPNNEQAO7CBR4SHE","805253310254","","Armed Forces 2.0","Armed Forces 2.0","Unknown","Unknown","Regular","Unknown","Unknown","conflict","Armed Forces generation/pack differs or is unspecified; source metadata says Raccoon but photographed branding says World Class. Do not conflate 2.0–6.0 or a three-pack.","products.json[13] Armed forces / Raccoon / /products/armed-forces.png","Manufacturer or UPC/model, exact package/variant and corresponding photo/video.","140","141","141","Items","141"
"MZZ52RLGSBVYWVGTZBM3WP3A","805253310216","","Armed Forces 3.0","Armed Forces 3.0","Unknown","Unknown","Regular","Unknown","Unknown","conflict","Armed Forces generation/pack differs or is unspecified; source metadata says Raccoon but photographed branding says World Class. Do not conflate 2.0–6.0 or a three-pack.","products.json[13] Armed forces / Raccoon / /products/armed-forces.png","Manufacturer or UPC/model, exact package/variant and corresponding photo/video.","141","142","142","Items","142"
"VW3Z4UDV6D74A3TIQ7L7S2PY","805253310261","","Armed Forces 4.0","Armed Forces 4.0","Unknown","Unknown","Regular","Unknown","Unknown","conflict","Armed Forces generation/pack differs or is unspecified; source metadata says Raccoon but photographed branding says World Class. Do not conflate 2.0–6.0 or a three-pack.","products.json[13] Armed forces / Raccoon / /products/armed-forces.png","Manufacturer or UPC/model, exact package/variant and corresponding photo/video.","142","143","143","Items","143"
"4XFR7CLMTWG34WHO72ZRFLRW","805253310230","","Armed Forces 5.0","Armed Forces 5.0","Unknown","Unknown","Regular","Unknown","Unknown","conflict","Armed Forces generation/pack differs or is unspecified; source metadata says Raccoon but photographed branding says World Class. Do not conflate 2.0–6.0 or a three-pack.","products.json[13] Armed forces / Raccoon / /products/armed-forces.png","Manufacturer or UPC/model, exact package/variant and corresponding photo/video.","143","144","144","Items","144"
"SMSO6AXTYFGVVTIJOT2FOHFG","805253310223","","Armed Forces 500 G","Armed Forces 500 G","Unknown","Unknown","Regular","Unknown","500 G","conflict","Armed Forces generation/pack differs or is unspecified; source metadata says Raccoon but photographed branding says World Class. Do not conflate 2.0–6.0 or a three-pack.","products.json[13] Armed forces / Raccoon / /products/armed-forces.png","Manufacturer or UPC/model, exact package/variant and corresponding photo/video.","144","145","145","Items","145"
"TLWMARRYOFXJBZJWZIHCNGBA","805253310247","","Armed Forces 6.0","Armed Forces 6.0","Unknown","Unknown","Regular","Unknown","Unknown","conflict","Armed Forces generation/pack differs or is unspecified; source metadata says Raccoon but photographed branding says World Class. Do not conflate 2.0–6.0 or a three-pack.","products.json[13] Armed forces / Raccoon / /products/armed-forces.png","Manufacturer or UPC/model, exact package/variant and corresponding photo/video.","145","146","146","Items","146"
"Y4SXCZVSAVHO2GCBJYKJPQZO","757201116015","","Arms Depot 4"" Artillery Shells 16 pack","Arms Depot 4"" Artillery Shells 16 pack","Unknown","12/16 Pack Artillery Shells 1.75"" RDX\, 4"" Pyro\, 5"" Xtra Lg","Regular","Unknown","4"" | 16 pack","no_match","No sufficiently specific candidate identified in the two Dynamite catalog files.","Unknown","Manufacturer or UPC/model, exact package/variant and corresponding photo/video.","146","147","147","Items","147"
"5XZWDB3GDSY4KFRZGEOLUX2U","695071404002","","Army Issue Grenades","Army Issue Grenades","Unknown","Unknown","Regular","Unknown","Unknown","no_match","No sufficiently specific candidate identified in the two Dynamite catalog files.","Unknown","Manufacturer or UPC/model, exact package/variant and corresponding photo/video.","147","148","148","Items","148"
"T625WGBZWWYVCCKWJQXTUQAZ","943100700022","","Artificial Satellite 12 Ct","Artificial Satellite 12 Ct","Unknown","Unknown","Regular","Unknown","12 Ct","no_match","No sufficiently specific candidate identified in the two Dynamite catalog files.","Unknown","Manufacturer or UPC/model, exact package/variant and corresponding photo/video.","148","149","149","Items","149"
"TTQLPUHZV4KBK3ZBZYTFFCOS","705108204281","","Artificial Satellites Bogo","Artificial Satellites","Unknown","Unknown","Regular","Unknown","Unknown","no_match","No sufficiently specific candidate identified in the two Dynamite catalog files.","Unknown","Manufacturer or UPC/model, exact package/variant and corresponding photo/video.","149","150","150","Items","150"
"PFM347B2GJEBEXQEMR545CKS","821611115156","","Artillery Shell","Artillery Shell","Unknown","Unknown","Regular","Unknown","Unknown","no_match","No sufficiently specific candidate identified in the two Dynamite catalog files.","Unknown","Manufacturer or UPC/model, exact package/variant and corresponding photo/video.","150","151","151","Items","151"
"JKA7CKPRGWO7RXNGENDKELON","757202000085","","Artillery Shells (Boomer 6 pcs) (Black Box)","Artillery Shells (Boomer 6 pcs) (Black Box)","Boomer","Artillery/Festival Balls","Regular","Unknown","6 pcs","no_match","No sufficiently specific candidate identified in the two Dynamite catalog files.","Unknown","Manufacturer or UPC/model, exact package/variant and corresponding photo/video.","151","152","152","Items","152"
"DTIZFT2E72RKGH2NKDOLRBDD","757202015157","","Artillery Shells (MM 6 pcs) (Black Box)","Artillery Shells (MM 6 pcs) (Black Box)","Unknown","Artillery/Festival Balls","Regular","Unknown","6 pcs","no_match","No sufficiently specific candidate identified in the two Dynamite catalog files.","Unknown","Manufacturer or UPC/model, exact package/variant and corresponding photo/video.","152","153","153","Items","153"
"KS3WIQC7PRDYQQCOWJTAGXZ5","064883101070","","Assorted Fountain I","Assorted Fountain I","Unknown","Fountains","Regular","Unknown","Unknown","no_match","No sufficiently specific candidate identified in the two Dynamite catalog files.","Unknown","Manufacturer or UPC/model, exact package/variant and corresponding photo/video.","153","154","154","Items","154"
"DNIEAW7XOSEWEYTAS775EKEY","064883101087","","Assorted Fountain II","Assorted Fountain II","Unknown","Fountains","Regular","Unknown","Unknown","no_match","No sufficiently specific candidate identified in the two Dynamite catalog files.","Unknown","Manufacturer or UPC/model, exact package/variant and corresponding photo/video.","154","155","155","Items","155"
"2U44ZS5P6EKYO7OV7MODRTLK","064883101056","","Assorted Fountain III","Assorted Fountain III","Unknown","Unknown","Regular","Unknown","Unknown","no_match","No sufficiently specific candidate identified in the two Dynamite catalog files.","Unknown","Manufacturer or UPC/model, exact package/variant and corresponding photo/video.","155","156","156","Items","156"
"7LUO3VYYP77HCIOYYFIT3BYA","064883101063","","Assorted Fountain IV","Assorted Fountain IV","Unknown","Fountains","Regular","Unknown","Unknown","no_match","No sufficiently specific candidate identified in the two Dynamite catalog files.","Unknown","Manufacturer or UPC/model, exact package/variant and corresponding photo/video.","156","157","157","Items","157"
"22UELNC5XMR2TK3DDX6EWAAO","816597938257","","Assorted Smoke 4 Pieces Colo","Assorted Smoke 4 Pieces Colo","Unknown","Unknown","Regular","Unknown","Unknown","no_match","No sufficiently specific candidate identified in the two Dynamite catalog files.","Unknown","Manufacturer or UPC/model, exact package/variant and corresponding photo/video.","157","158","158","Items","158"
"2EMXWPZ26FAUW5BA65KVXUKS","285108243102","","Atlantic Liftoff 4 Pack","Atlantic Liftoff 4 Pack","Unknown","Unknown","Regular","Unknown","4 Pack","no_match","No sufficiently specific candidate identified in the two Dynamite catalog files.","Unknown","Manufacturer or UPC/model, exact package/variant and corresponding photo/video.","158","159","159","Items","159"
"5FGW7K44ZLKLWCCNLF46GVBU","687985901319","","Atom Bomb","Atom Bomb","Unknown","Unknown","Regular","Unknown","Unknown","no_match","No sufficiently specific candidate identified in the two Dynamite catalog files.","Unknown","Manufacturer or UPC/model, exact package/variant and corresponding photo/video.","159","160","160","Items","160"
"WY6IKUMGETEASD73VPPZ7MW4","814527200252","","Atomic Fireball 500 Gram 51 Shot","Atomic Fireball 500 Gram 51 Shot","Unknown","Unknown","Regular","Unknown","500 Gram | 51 Shot","no_match","No sufficiently specific candidate identified in the two Dynamite catalog files.","Unknown","Manufacturer or UPC/model, exact package/variant and corresponding photo/video.","160","161","161","Items","161"
"WEQRBF4GHTPAJWQGHPHFFC5J","715244211104","","BC 1000 Firecracker Roll RWB BOGO","BC 1000 Firecracker Roll RWB","Unknown","Unknown","Regular","Unknown","Unknown","no_match","No sufficiently specific candidate identified in the two Dynamite catalog files.","Unknown","Manufacturer or UPC/model, exact package/variant and corresponding photo/video.","162","163","163","Items","163"
"6CSS3ISX42RRXQQ2MENLSZC6","715244101085","","BC 8000 Firecracker","BC 8000 Firecracker","Unknown","Unknown","Regular","Unknown","Unknown","no_match","No sufficiently specific candidate identified in the two Dynamite catalog files.","Unknown","Manufacturer or UPC/model, exact package/variant and corresponding photo/video.","163","164","164","Items","164"
"FOCSC6IBOIVACCWHZTLBLZQT","715244101054","","BC Little Dynamite RWB BOGO","BC Little Dynamite RWB","Unknown","Unknown","Regular","Unknown","Unknown","no_match","No sufficiently specific candidate identified in the two Dynamite catalog files.","Unknown","Manufacturer or UPC/model, exact package/variant and corresponding photo/video.","164","165","165","Items","165"
"U3PPF3HY5PVYEJ3EA2TQTIWV","715244006809","","BC Missile Base 100 Shot","BC Missile Base 100 Shot","Unknown","Unknown","Regular","Unknown","100 Shot","no_match","No sufficiently specific candidate identified in the two Dynamite catalog files.","Unknown","Manufacturer or UPC/model, exact package/variant and corresponding photo/video.","165","166","166","Items","166"
"K7LGOK3VETTHC3B4FVUAAFDY","715244065431","","BC Pro 8"" XXL Canister Shells 24ct","BC Pro 8"" XXL Canister Shells 24ct","Unknown","Unknown","Regular","Unknown","8"" | 24ct","no_match","No sufficiently specific candidate identified in the two Dynamite catalog files.","Unknown","Manufacturer or UPC/model, exact package/variant and corresponding photo/video.","166","167","167","Items","167"
"YDY6DLZFEDXO5ONL2ZCVMVQB","887946004398","","Baby Boy 12 Shots--Blue","Baby Boy 12 Shots--Blue","Unknown","Unknown","Regular","Unknown","12 Shots","no_match","No sufficiently specific candidate identified in the two Dynamite catalog files.","Unknown","Manufacturer or UPC/model, exact package/variant and corresponding photo/video.","167","168","168","Items","168"
"64B7IEPPO6WBABC24VSHNYKB","887946004404","","Baby Girl 12 Shots-Pink","Baby Girl 12 Shots-Pink","Unknown","Unknown","Regular","Unknown","12 Shots","no_match","No sufficiently specific candidate identified in the two Dynamite catalog files.","Unknown","Manufacturer or UPC/model, exact package/variant and corresponding photo/video.","168","169","169","Items","169"
"SZDGLTRVCWG4HBUU3DVAIC43","8145270148617","","Back Off 200 Gram 16 Shot","Back Off 200 Gram 16 Shot","Unknown","Unknown","Regular","Unknown","200 Gram | 16 Shot","no_match","No sufficiently specific candidate identified in the two Dynamite catalog files.","Unknown","Manufacturer or UPC/model, exact package/variant and corresponding photo/video.","169","170","170","Items","170"
"2BR2UEEEH65IBA7ISTM7J27E","705108308507","","Ballerina Ball","Ballerina Ball","Unknown","Unknown","Regular","Unknown","Unknown","no_match","No sufficiently specific candidate identified in the two Dynamite catalog files.","Unknown","Manufacturer or UPC/model, exact package/variant and corresponding photo/video.","170","171","171","Items","171"
"AREZ7BUJBZVK2OEMOVNEZLRN","687985245512","","Bamboozle 500 Gram","Bamboozle 500 Gram","Unknown","500 GRAM FINALE","Regular","Unknown","500 Gram","no_match","No sufficiently specific candidate identified in the two Dynamite catalog files.","Unknown","Manufacturer or UPC/model, exact package/variant and corresponding photo/video.","171","172","172","Items","172"
"57DECKRO7MDG7677XMRI6MNV","757202300178","","Banana Cracko Assortment Pack","Banana Cracko Assortment Pack","Unknown","Unknown","Regular","Unknown","Unknown","no_match","No sufficiently specific candidate identified in the two Dynamite catalog files.","Unknown","Manufacturer or UPC/model, exact package/variant and corresponding photo/video.","172","173","173","Items","173"
"5WOBUE3YYS4WYVYLWDNIR7WP","757201536530","","Band Of Brothers","Band Of Brothers","Brothers","Unknown","Regular","Unknown","Unknown","no_match","No sufficiently specific candidate identified in the two Dynamite catalog files.","Unknown","Manufacturer or UPC/model, exact package/variant and corresponding photo/video.","173","174","174","Items","174"
"C2C7EL6NNRTZWJT3IFXTDJMD","757201530781","","Bang Bros","Bang Bros","Unknown","Unknown","Regular","Unknown","Unknown","no_match","No sufficiently specific candidate identified in the two Dynamite catalog files.","Unknown","Manufacturer or UPC/model, exact package/variant and corresponding photo/video.","174","175","175","Items","175"
"TCFS7DODQT6FOX5OZPYXNCX3","757201572033","","Battle Cry","Battle Cry","Unknown","9-SHOT 500 GRAM RACKS","Regular","Unknown","Unknown","no_match","No sufficiently specific candidate identified in the two Dynamite catalog files.","Unknown","Manufacturer or UPC/model, exact package/variant and corresponding photo/video.","175","176","176","Items","176"
"OXROLOESSRJH2XC6XMZC7UJ3","757205301721","","Beware 500 Gram","Beware 500 Gram","Unknown","500 GRAM FINALE","Regular","Unknown","500 Gram","no_match","No sufficiently specific candidate identified in the two Dynamite catalog files.","Unknown","Manufacturer or UPC/model, exact package/variant and corresponding photo/video.","176","177","177","Items","177"
"ALYGOFAKRFQEAIMKXDLUL3Y7","875650100550","","Big Brother Family Pack 825 Shots","Big Brother Family Pack 825 Shots","Unknown","Family Pack Assortments","Regular","Unknown","825 Shots","no_match","No sufficiently specific candidate identified in the two Dynamite catalog files.","Unknown","Manufacturer or UPC/model, exact package/variant and corresponding photo/video.","177","178","178","Items","178"
"4UDECG7T6TXR37II5JLGEPWG","652009001092","","Big City Display Family Pack","Big City Display Family Pack","Unknown","Family Pack Assortments","Regular","Unknown","Unknown","no_match","No sufficiently specific candidate identified in the two Dynamite catalog files.","Unknown","Manufacturer or UPC/model, exact package/variant and corresponding photo/video.","178","179","179","Items","179"
"QNJZYSS4LXEZ7GZZTMHYM6MT","847294088396","","Big Gun","Big Gun","Unknown","Unknown","Regular","Unknown","Unknown","no_match","No sufficiently specific candidate identified in the two Dynamite catalog files.","Unknown","Manufacturer or UPC/model, exact package/variant and corresponding photo/video.","179","180","180","Items","180"
"DDPQ6MPSO2E3DLTPJTFGMOWN","","6950165427560","Big Mudder","Big Mudder","Unknown","Unknown","Regular","Unknown","Unknown","no_match","No sufficiently specific candidate identified in the two Dynamite catalog files.","Unknown","Manufacturer or UPC/model, exact package/variant and corresponding photo/video.","180","181","181","Items","181"
"4TH237NF56TPMUBWACH7JUXN","715244004768","","Big N Bad (6 sticks)","Big N Bad (6 sticks)","Unknown","Stick Rockets","Regular","Unknown","6 sticks","no_match","No sufficiently specific candidate identified in the two Dynamite catalog files.","Unknown","Manufacturer or UPC/model, exact package/variant and corresponding photo/video.","181","182","182","Items","182"
"BNWVUD62G4H3RHAG6WM5WJ7D","687985203512","","Big Top","Big Top","Unknown","Unknown","Regular","Unknown","Unknown","probable","Name identifies a candidate only; manufacturer and exact presentation have not been established.","products.json[70] Big Top / Brothers / products/big-top.png","Manufacturer or UPC/model, exact package/variant and corresponding photo/video.","182","183","183","Items","183"
"YWUCGQYY4FAJPWF6EZQKVZZM","757205301752","","Big Win","Big Win","Unknown","Unknown","Regular","Unknown","Unknown","no_match","No sufficiently specific candidate identified in the two Dynamite catalog files.","Unknown","Manufacturer or UPC/model, exact package/variant and corresponding photo/video.","183","184","184","Items","184"
"EVDWR5AUPPHH6HMALH6YPL7H","725272730768","","Biker (Small)","Biker (Small)","Unknown","Unknown","Regular","Unknown","Unknown","no_match","No sufficiently specific candidate identified in the two Dynamite catalog files.","Unknown","Manufacturer or UPC/model, exact package/variant and corresponding photo/video.","184","185","185","Items","185"
"BUMXMJPSJYVZURKWZNIUYRFH","695071403340","","Billy's Big Blast-78 Shots","Billy's Big Blast-78 Shots","Unknown","Unknown","Regular","Unknown","78 Shots","no_match","No sufficiently specific candidate identified in the two Dynamite catalog files.","Unknown","Manufacturer or UPC/model, exact package/variant and corresponding photo/video.","185","186","186","Items","186"
"63W6GHULIGTKDUDEOJI2ATNP","715244111107","","Black Cat 1000ct Firecracker","Black Cat 1000ct Firecracker","Black Cat","Unknown","Regular","Unknown","1000ct","no_match","No sufficiently specific candidate identified in the two Dynamite catalog files.","Unknown","Manufacturer or UPC/model, exact package/variant and corresponding photo/video.","186","187","187","Items","187"
"HPRUK354SRZV3EBF6JC7ZQ3N","715244101009","","Black Cat 100ct BOGO","Black Cat 100ct","Black Cat","Unknown","Regular","Unknown","100ct","no_match","No sufficiently specific candidate identified in the two Dynamite catalog files.","Unknown","Manufacturer or UPC/model, exact package/variant and corresponding photo/video.","187","188","188","Items","188"
"XVLRJSMAMPAD5I2SPFLPZBDH","715244111008","","Black Cat 100ct BOGO","Black Cat 100ct","Black Cat","Unknown","Brick","Brick","100ct","no_match","No sufficiently specific candidate identified in the two Dynamite catalog files.","Unknown","Manufacturer or UPC/model, exact package/variant and corresponding photo/video.","188","189","189","Items","189"
"TFRD5P7HBFY2P3RJRCMINLOG","715244016716","","Black Cat 16000 Roll","Black Cat 16000 Roll","Black Cat","Unknown","Regular","Unknown","Unknown","no_match","No sufficiently specific candidate identified in the two Dynamite catalog files.","Unknown","Manufacturer or UPC/model, exact package/variant and corresponding photo/video.","189","190","190","Items","190"
"FGFX64NVIPVVGVKKJOLPICWS","715244103010","","Black Cat 300 Count BOGO","Black Cat 300 Count","Black Cat","Unknown","Regular","Unknown","Unknown","no_match","No sufficiently specific candidate identified in the two Dynamite catalog files.","Unknown","Manufacturer or UPC/model, exact package/variant and corresponding photo/video.","190","191","191","Items","191"
"EZEGN4ZQNUKUAOTPHA7TRQOD","715244103003","","Black Cat 300 Count BOGO","Black Cat 300 Count","Black Cat","Unknown","300","300","Unknown","no_match","No sufficiently specific candidate identified in the two Dynamite catalog files.","Unknown","Manufacturer or UPC/model, exact package/variant and corresponding photo/video.","191","192","192","Items","192"
"PJKIMAXNIM5ZCOSCTTQD3UFL","715244154005","","Black Cat 400 count firecracker","Black Cat 400 count firecracker","Black Cat","Unknown","Regular","Unknown","Unknown","no_match","No sufficiently specific candidate identified in the two Dynamite catalog files.","Unknown","Manufacturer or UPC/model, exact package/variant and corresponding photo/video.","192","193","193","Items","193"
"YSCA5EM7QBGQ26342HWEVWIJ","715244140008","","Black Cat 4000","Black Cat 4000","Black Cat","Unknown","Regular","Unknown","Unknown","no_match","No sufficiently specific candidate identified in the two Dynamite catalog files.","Unknown","Manufacturer or UPC/model, exact package/variant and corresponding photo/video.","193","194","194","Items","194"
"WE4BJSDDQ2RUISDGUILR7WWQ","715244020454","","Black Cat 4ct Fountain","Black Cat 4ct Fountain","Black Cat","Fountains","Regular","Unknown","4ct","no_match","No sufficiently specific candidate identified in the two Dynamite catalog files.","Unknown","Manufacturer or UPC/model, exact package/variant and corresponding photo/video.","194","195","195","Items","195"
"VXHKPOAYSSTE6SOAD6R25KBA","715244204519","","Black Cat 4ct Fountain","Black Cat 4ct Fountain","Black Cat","Fountains","Peach Tree","Peach Tree","4ct","no_match","No sufficiently specific candidate identified in the two Dynamite catalog files.","Unknown","Manufacturer or UPC/model, exact package/variant and corresponding photo/video.","195","196","196","Items","196"
"7MTLDJ3YMV2C7PZJXGG3ABI5","715244204526","","Black Cat 4ct Fountain","Black Cat 4ct Fountain","Black Cat","Fountains","Gold & Silver","Gold & Silver","4ct","no_match","No sufficiently specific candidate identified in the two Dynamite catalog files.","Unknown","Manufacturer or UPC/model, exact package/variant and corresponding photo/video.","196","197","197","Items","197"
"XRRJMRH6BO7MXAGCWIFAMRR2","715244204540","","Black Cat 4ct Fountain","Black Cat 4ct Fountain","Black Cat","Fountains","Blue Ice","Blue Ice","4ct","no_match","No sufficiently specific candidate identified in the two Dynamite catalog files.","Unknown","Manufacturer or UPC/model, exact package/variant and corresponding photo/video.","197","198","198","Items","198"
"KEJ65JHKO6PDZGY3TF5HPABB","715244204533","","Black Cat 4ct Fountain","Black Cat 4ct Fountain","Black Cat","Fountains","Green Garden","Green Garden","4ct","no_match","No sufficiently specific candidate identified in the two Dynamite catalog files.","Unknown","Manufacturer or UPC/model, exact package/variant and corresponding photo/video.","198","199","199","Items","199"
"SZ5GTVLHSQZHQZF36S76IXVT","715244200115","","Black Cat 4ct Fountain","Black Cat 4ct Fountain","Black Cat","Fountains","Black Cat 6 In Fountain","Black Cat 6 In Fountain","4ct","no_match","No sufficiently specific candidate identified in the two Dynamite catalog files.","Unknown","Manufacturer or UPC/model, exact package/variant and corresponding photo/video.","199","200","200","Items","200"
"OLNNUWLN4NHN3YLZG3GE2IL2","715244064403","","Black Cat 5"" Artillery Shells 24 pack","Black Cat 5"" Artillery Shells 24 pack","Black Cat","24 Pack Canister Artillery Shells 5 INCH","Regular","Unknown","5"" | 24 pack","no_match","No sufficiently specific candidate identified in the two Dynamite catalog files.","Unknown","Manufacturer or UPC/model, exact package/variant and corresponding photo/video.","200","201","201","Items","201"
"OHKV5B66T3AXTW7D5M5EMGGO","715244105007","","Black Cat 500ct Firecracker","Black Cat 500ct Firecracker","Black Cat","Unknown","Regular","Unknown","500ct","no_match","No sufficiently specific candidate identified in the two Dynamite catalog files.","Unknown","Manufacturer or UPC/model, exact package/variant and corresponding photo/video.","201","202","202","Items","202"
"QQYB6NNR36NTVUWQKAVKSFLH","715244101504","","Black Cat 50ct BOGO","Black Cat 50ct","Black Cat","Unknown","Regular","Unknown","50ct","no_match","No sufficiently specific candidate identified in the two Dynamite catalog files.","Unknown","Manufacturer or UPC/model, exact package/variant and corresponding photo/video.","202","203","203","Items","203"
"HMO2P2U3P7TTHFJPMZIWTUIM","715244313068","","Black Cat 72 ct morning glory hole","Black Cat 72 ct morning glory hole","Black Cat","Unknown","Regular","Unknown","72 ct","no_match","No sufficiently specific candidate identified in the two Dynamite catalog files.","Unknown","Manufacturer or UPC/model, exact package/variant and corresponding photo/video.","203","204","204","Items","204"
"ZJCPCWGRIODBVZMR7O2VBAP7","715244084203","","Black Cat Cat Eyes- Spinners","Black Cat Cat Eyes- Spinners","Black Cat","Unknown","Regular","Unknown","Unknown","no_match","No sufficiently specific candidate identified in the two Dynamite catalog files.","Unknown","Manufacturer or UPC/model, exact package/variant and corresponding photo/video.","204","205","205","Items","205"
"UXME6WAPLY5YYCNEMRWPYOG2","715244800025","","Black Cat Celebrate America","Black Cat Celebrate America","Black Cat","Unknown","Regular","Unknown","Unknown","no_match","No sufficiently specific candidate identified in the two Dynamite catalog files.","Unknown","Manufacturer or UPC/model, exact package/variant and corresponding photo/video.","205","206","206","Items","206"
"IMSHHADLXVKXXU4KWSCGVL7P","715244102006","","Black Cat Firecracker 200ct BOGO","Black Cat Firecracker 200ct","Black Cat","Unknown","Regular","Unknown","200ct","no_match","No sufficiently specific candidate identified in the two Dynamite catalog files.","Unknown","Manufacturer or UPC/model, exact package/variant and corresponding photo/video.","207","208","208","Items","208"
"OQJ3UJAOXFEFEAN2NRWD3BCT","715244064496","","Black Cat Firework Fiesta-96 Shots","Black Cat Firework Fiesta-96 Shots","Black Cat","Unknown","Regular","Unknown","96 Shots","no_match","No sufficiently specific candidate identified in the two Dynamite catalog files.","Unknown","Manufacturer or UPC/model, exact package/variant and corresponding photo/video.","208","209","209","Items","209"
"2CAQEPKBJEJ3RLNNXOSPI2WJ","715244021741","","Black Cat Fountain","Black Cat Fountain","Black Cat","Fountains","Regular","Unknown","Unknown","no_match","No sufficiently specific candidate identified in the two Dynamite catalog files.","Unknown","Manufacturer or UPC/model, exact package/variant and corresponding photo/video.","209","210","210","Items","210"
"Z42WT7QYMWVQSGSLZELGXT3L","715244201921","","Black Cat Fountain Assortment","Black Cat Fountain Assortment","Black Cat","Fountains","Regular","Unknown","Unknown","no_match","No sufficiently specific candidate identified in the two Dynamite catalog files.","Unknown","Manufacturer or UPC/model, exact package/variant and corresponding photo/video.","210","211","211","Items","211"
"N6QN4FBEXWHAXX7QJIWZPTS3","","514675400015","Black Cat Gold EditionFamily Pack","Black Cat Gold EditionFamily Pack","Black Cat","Family Pack Assortments","Regular","Unknown","Unknown","no_match","No sufficiently specific candidate identified in the two Dynamite catalog files.","Unknown","Manufacturer or UPC/model, exact package/variant and corresponding photo/video.","211","212","212","Items","212"
"JIYCGITHI56QQJBAUNYZA4EJ","715244800018","","Black Cat Heritage","Black Cat Heritage","Black Cat","Unknown","Regular","Unknown","Unknown","no_match","No sufficiently specific candidate identified in the two Dynamite catalog files.","Unknown","Manufacturer or UPC/model, exact package/variant and corresponding photo/video.","212","213","213","Items","213"
"FKOTG65DY2KEAIG72E6ZQNZX","715244001057","","Black Cat Little Dynamite 100ct BOGO","Black Cat Little Dynamite 100ct","Black Cat","Unknown","Regular","Unknown","100ct","no_match","No sufficiently specific candidate identified in the two Dynamite catalog files.","Unknown","Manufacturer or UPC/model, exact package/variant and corresponding photo/video.","213","214","214","Items","214"
"2KTUHO3OXXDII2FN5JZYRHC5","715244064458","","Black Cat Neon Diablo 5"" Artillery Shells 6 Pack","Black Cat Neon Diablo 5"" Artillery Shells 6 Pack","Black Cat","6 Pack Artillery Shells 5""\, 6""","Regular","Unknown","5"" | 6 Pack","conflict","Square Neon Diablo is a 6-pack; source is a 24-pack. A matching 6-pack image is needed.","Unknown","Manufacturer or UPC/model, exact package/variant and corresponding photo/video.","215","216","216","Items","216"
"HJGHH3DSBQ3WC6ZCQID7J7VX","715244313136","","Black Cat Neon Sparkler Special 5 Ct","Black Cat Neon Sparkler Special 5 Ct","Black Cat","Unknown","Regular","Unknown","5 Ct","no_match","No sufficiently specific candidate identified in the two Dynamite catalog files.","Unknown","Manufacturer or UPC/model, exact package/variant and corresponding photo/video.","216","217","217","Items","217"
"IGYZ3FSCVEQTCHU556SVQHRY","715244313129","","Black Cat Neon Sparkler Special 5 Ct","Black Cat Neon Sparkler Special 5 Ct","Black Cat","Unknown","Black Cat Neon Sparklers- Waterfall","Black Cat Neon Sparklers- Waterfall","5 Ct","no_match","No sufficiently specific candidate identified in the two Dynamite catalog files.","Unknown","Manufacturer or UPC/model, exact package/variant and corresponding photo/video.","217","218","218","Items","218"
"TT2SFUZFZHFHXAQHVH2RAWZM","715244000012","","Black Cat Night Display","Black Cat Night Display","Black Cat","Family Pack Assortments","Regular","Unknown","Unknown","no_match","No sufficiently specific candidate identified in the two Dynamite catalog files.","Unknown","Manufacturer or UPC/model, exact package/variant and corresponding photo/video.","218","219","219","Items","219"
"EROQU5GO4XDUEGIESZCKSHZE","l","715244001002","Black Cat Party Pack 4 Family Pack","Black Cat Party Pack 4 Family Pack","Black Cat","Family Pack Assortments","Regular","Unknown","Unknown","no_match","No sufficiently specific candidate identified in the two Dynamite catalog files.","Unknown","Manufacturer or UPC/model, exact package/variant and corresponding photo/video.","219","220","220","Items","220"
"C7MGH6L5OBMU2I7P6XRLCCYG","715244963935","","Black Cat combo Cakes","Black Cat combo Cakes","Black Cat","Unknown","Regular","Unknown","Unknown","no_match","No sufficiently specific candidate identified in the two Dynamite catalog files.","Unknown","Manufacturer or UPC/model, exact package/variant and corresponding photo/video.","221","222","222","Items","222"
"BZQJPONZCT2MQBG76DYRMSJE","757205301585","","Black Hole 500 Gram","Black Hole 500 Gram","Unknown","500 GRAM FINALE","Regular","Unknown","500 Gram","no_match","No sufficiently specific candidate identified in the two Dynamite catalog files.","Unknown","Manufacturer or UPC/model, exact package/variant and corresponding photo/video.","222","223","223","Items","223"
"W4JMTKXNQYUCIQGHZXDJTKTO","887946010375","","Black Panther Artillery Shell","Black Panther Artillery Shell","Unknown","Unknown","Regular","Unknown","Unknown","no_match","No sufficiently specific candidate identified in the two Dynamite catalog files.","Unknown","Manufacturer or UPC/model, exact package/variant and corresponding photo/video.","223","224","224","Items","224"
"6DL57LCVLHNNTMKWBBIYB6Z5","8145270185919","","Black Snakes BOGO","Black Snakes","Unknown","Unknown","Regular","Unknown","Unknown","no_match","No sufficiently specific candidate identified in the two Dynamite catalog files.","Unknown","Manufacturer or UPC/model, exact package/variant and corresponding photo/video.","224","225","225","Items","225"
"EKGYPF5RGKPY6227FPL5HPLT","715244022243","","Blackcat 3 For 1","Blackcat 3 For 1","Unknown","Unknown","Regular","Unknown","Unknown","no_match","No sufficiently specific candidate identified in the two Dynamite catalog files.","Unknown","Manufacturer or UPC/model, exact package/variant and corresponding photo/video.","225","226","226","Items","226"
"XLO7UDEHBHTQYPEROBAO3RV4","687985909032","","Blood Money","Blood Money","Unknown","Unknown","Regular","Unknown","Unknown","no_match","No sufficiently specific candidate identified in the two Dynamite catalog files.","Unknown","Manufacturer or UPC/model, exact package/variant and corresponding photo/video.","226","227","227","Items","227"
"ETH2MEGPLHKWN4TS6CS66Q62","8145270182727","","Bloom Flower","Bloom Flower","Unknown","Unknown","Regular","Unknown","Unknown","probable","Name identifies a candidate only; manufacturer and exact presentation have not been established.","products.json[61] Ground Bloom Flower / Monkey Mania / /products/ground-bloom-flower.png","Manufacturer or UPC/model, exact package/variant and corresponding photo/video.","227","228","228","Items","228"
"UX7ODRUBPQVD2EVNWRTBHVVI","681402052189","","Bombas De LA Muerte 6"" Artillery Shells","Bombas De LA Muerte 6"" Artillery Shells","Unknown","24 Pack Artillery Shells 6""","Regular","Unknown","6""","no_match","No sufficiently specific candidate identified in the two Dynamite catalog files.","Unknown","Manufacturer or UPC/model, exact package/variant and corresponding photo/video.","228","229","229","Items","229"
"YNSK72CWCAZMY3Q742YZ2IA7","8052530220412","","Bomber BOGO","Bomber","Unknown","Unknown","Regular","Unknown","Unknown","no_match","No sufficiently specific candidate identified in the two Dynamite catalog files.","Unknown","Manufacturer or UPC/model, exact package/variant and corresponding photo/video.","229","230","230","Items","230"
"IWVVH23KXDAYSNRMLFAU5XK2","887946003711","","Bombing Mission 200g","Bombing Mission 200g","Unknown","Unknown","Regular","Unknown","200g","no_match","No sufficiently specific candidate identified in the two Dynamite catalog files.","Unknown","Manufacturer or UPC/model, exact package/variant and corresponding photo/video.","230","231","231","Items","231"
"6GOZMNTKVUSLC6RHAW33N3KD","","","Bones","Bones","Unknown","Unknown","Regular","Unknown","Unknown","no_match","No sufficiently specific candidate identified in the two Dynamite catalog files.","Unknown","Manufacturer or UPC/model, exact package/variant and corresponding photo/video.","231","232","232","Items","232"
"Q342ESYA7XRFLJBOFQWVWPAM","211321323222","","Bones \ Skull","Bones \ Skull","Unknown","Fountains","Regular","Unknown","Unknown","no_match","No sufficiently specific candidate identified in the two Dynamite catalog files.","Unknown","Manufacturer or UPC/model, exact package/variant and corresponding photo/video.","232","233","233","Items","233"
"NNYMAKIN6Z6PSP5AUYS4DUXN","816597942988","","Bones \ Skull","Bones \ Skull","Unknown","Fountains","Skull Fountain","Skull Fountain","Unknown","no_match","No sufficiently specific candidate identified in the two Dynamite catalog files.","Unknown","Manufacturer or UPC/model, exact package/variant and corresponding photo/video.","233","234","234","Items","234"
"IGG6JYTEMGHDBF5V5HAML3QY","705108955992","","Born Leaders","Born Leaders","Unknown","Unknown","Regular","Unknown","Unknown","no_match","No sufficiently specific candidate identified in the two Dynamite catalog files.","Unknown","Manufacturer or UPC/model, exact package/variant and corresponding photo/video.","234","235","235","Items","235"
"65OBLYIPE2NFJEMIMLWNUB7C","705108550609","","Boy Or Girl","Boy Or Girl","Unknown","Unknown","Regular","Unknown","Unknown","probable","Name identifies a candidate only; manufacturer and exact presentation have not been established.","gender-reveal.json[3] Boy or Girl / Unknown / /products/boy-or-girl.png","Manufacturer or UPC/model, exact package/variant and corresponding photo/video.","235","236","236","Items","236"
"GUHP7YBGQBP6QBDGNRLZD6PI","705108320806","","Brave Eagle","Brave Eagle","Unknown","Fountains","Regular","Unknown","Unknown","no_match","No sufficiently specific candidate identified in the two Dynamite catalog files.","Unknown","Manufacturer or UPC/model, exact package/variant and corresponding photo/video.","236","237","237","Items","237"
"B3H4JUEABU6IQNEHHP3NSP7B","705108401505","","Break Of Dawn Roman Candles (4 Pk/5 Big Shots)","Break Of Dawn Roman Candles (4 Pk/5 Big Shots)","Unknown","Roman Candles","Regular","Unknown","Unknown","no_match","No sufficiently specific candidate identified in the two Dynamite catalog files.","Unknown","Manufacturer or UPC/model, exact package/variant and corresponding photo/video.","237","238","238","Items","238"
"LC3DT2FV6CELZXJO3R6PA5GY","757201606011","","Break The Rules 6"" Artillery Shells 6 Pack","Break The Rules 6"" Artillery Shells 6 Pack","Unknown","6 Pack Artillery Shells 5""\, 6""","Regular","Unknown","6"" | 6 Pack","no_match","No sufficiently specific candidate identified in the two Dynamite catalog files.","Unknown","Manufacturer or UPC/model, exact package/variant and corresponding photo/video.","238","239","239","Items","239"
"7M2D3I5NCBOZXHSWT4EKOIEH","","","Brothers Container Load","Brothers Container Load","Brothers","Family Pack Assortments","Regular","Unknown","Unknown","no_match","No sufficiently specific candidate identified in the two Dynamite catalog files.","Unknown","Manufacturer or UPC/model, exact package/variant and corresponding photo/video.","239","240","240","Items","240"
"4RRYVZ5ZPMQBRZZ3G5LM7S6L","705108321704","","Bucket Of Fun Family Pack","Bucket Of Fun Family Pack","Unknown","Family Pack Assortments","Regular","Unknown","Unknown","no_match","No sufficiently specific candidate identified in the two Dynamite catalog files.","Unknown","Manufacturer or UPC/model, exact package/variant and corresponding photo/video.","240","241","241","Items","241"
"CGWOHHQGU7JBE2J5CGXROKAI","715244110063","","Bucket o Fun Assortment","Bucket o Fun Assortment","Unknown","Family Pack Assortments, Fountains","Regular","Unknown","Unknown","no_match","No sufficiently specific candidate identified in the two Dynamite catalog files.","Unknown","Manufacturer or UPC/model, exact package/variant and corresponding photo/video.","241","242","242","Items","242"
"GD57R3MMQSLWM4HWGJGAKPWL","887946030656","","Bumble Bees","Bumble Bees","Unknown","Unknown","Regular","Unknown","Unknown","no_match","No sufficiently specific candidate identified in the two Dynamite catalog files.","Unknown","Manufacturer or UPC/model, exact package/variant and corresponding photo/video.","242","243","243","Items","243"
"IY6MWRW7CYTAK7UCS62P2V47","757201530798","","Bumpin Trumpin 500 Gram 42 Shots","Bumpin Trumpin 500 Gram 42 Shots","Unknown","500 GRAM FINALE","Regular","Unknown","500 Gram | 42 Shots","no_match","No sufficiently specific candidate identified in the two Dynamite catalog files.","Unknown","Manufacturer or UPC/model, exact package/variant and corresponding photo/video.","243","244","244","Items","244"
"NVV6Y56O2YNTT3EEODY3VB6U","6942037750050","","Bustin Balls","Bustin Balls","Unknown","Unknown","Regular","Unknown","Unknown","no_match","No sufficiently specific candidate identified in the two Dynamite catalog files.","Unknown","Manufacturer or UPC/model, exact package/variant and corresponding photo/video.","244","245","245","Items","245"
"VO47WF5A2JD5HOT74KZ743W4","8145270155912","","CE 100","CE 100","Unknown","Unknown","Regular","Unknown","Unknown","no_match","No sufficiently specific candidate identified in the two Dynamite catalog files.","Unknown","Manufacturer or UPC/model, exact package/variant and corresponding photo/video.","245","246","246","Items","246"
"PNEATVLI5R2PZV4VZYILIJRB","8145271620211","","CE-DC 500 Gram 30 Shot","CE-DC 500 Gram 30 Shot","Unknown","Unknown","Regular","Unknown","500 Gram | 30 Shot","no_match","No sufficiently specific candidate identified in the two Dynamite catalog files.","Unknown","Manufacturer or UPC/model, exact package/variant and corresponding photo/video.","246","247","247","Items","247"
"EEB6GYW6OKUONPAP7CIMSVUX","705108003907","","CEO Family Pack Assortment","CEO Family Pack Assortment","Unknown","Family Pack Assortments","Regular","Unknown","Unknown","no_match","No sufficiently specific candidate identified in the two Dynamite catalog files.","Unknown","Manufacturer or UPC/model, exact package/variant and corresponding photo/video.","247","248","248","Items","248"
"YBTSQXW5MJG6UTYHOSOYIBRG","715244165100","","Call The Cops 200G","Call The Cops 200G","Unknown","Unknown","Regular","Unknown","200G","no_match","No sufficiently specific candidate identified in the two Dynamite catalog files.","Unknown","Manufacturer or UPC/model, exact package/variant and corresponding photo/video.","248","249","249","Items","249"
"7KHVOFXS6SBVFD3SWNDZTBNE","","705108805006","Cameleon 5"" Artillery Shells 24 pack","Cameleon 5"" Artillery Shells 24 pack","Unknown","24 Pack Canister Artillery Shells 5 INCH","Regular","Unknown","5"" | 24 pack","no_match","No sufficiently specific candidate identified in the two Dynamite catalog files.","Unknown","Manufacturer or UPC/model, exact package/variant and corresponding photo/video.","249","250","250","Items","250"
"Y7JONQCQHQJOPPQHB5DNKGSE","757201024013","","Camo Blast 4"" Artillery Shells 24 Pack","Camo Blast 4"" Artillery Shells 24 Pack","Unknown","24 Pack Artillery Shells 4""","Regular","Unknown","4"" | 24 Pack","no_match","No sufficiently specific candidate identified in the two Dynamite catalog files.","Unknown","Manufacturer or UPC/model, exact package/variant and corresponding photo/video.","250","251","251","Items","251"
"YQ5XSAV4O7JC4DVQKJAPRWIR","652009001757","","Camo Smoke","Camo Smoke","Unknown","Unknown","Regular","Unknown","Unknown","no_match","No sufficiently specific candidate identified in the two Dynamite catalog files.","Unknown","Manufacturer or UPC/model, exact package/variant and corresponding photo/video.","251","252","252","Items","252"
"BZM75VLS7V57JD3765BT6ND4","687985908417","","Canopus","Canopus","Unknown","Unknown","Regular","Unknown","Unknown","no_match","No sufficiently specific candidate identified in the two Dynamite catalog files.","Unknown","Manufacturer or UPC/model, exact package/variant and corresponding photo/video.","252","253","253","Items","253"
"RGD7OXT4MUNLMZKZWWNOE6YH","687985908448","","Capella","Capella","Unknown","Unknown","Regular","Unknown","Unknown","no_match","No sufficiently specific candidate identified in the two Dynamite catalog files.","Unknown","Manufacturer or UPC/model, exact package/variant and corresponding photo/video.","253","254","254","Items","254"
"4BECHQGPMIFJ2I3VL7Q6BJWV","687985222810","","Captain Sam 500 Gram","Captain Sam 500 Gram","Unknown","500 GRAM FINALE","Regular","Unknown","500 Gram","no_match","No sufficiently specific candidate identified in the two Dynamite catalog files.","Unknown","Manufacturer or UPC/model, exact package/variant and corresponding photo/video.","254","255","255","Items","255"
"AQNB2RNRDBP7KRY6KJDU52TF","8145270204917","","Castaway 500 Gram 36 Shots","Castaway 500 Gram 36 Shots","Unknown","Unknown","Regular","Unknown","500 Gram | 36 Shots","no_match","No sufficiently specific candidate identified in the two Dynamite catalog files.","Unknown","Manufacturer or UPC/model, exact package/variant and corresponding photo/video.","255","256","256","Items","256"
"2E2Q275KE2HTKEBVXFMTTI3B","705108001316","","Celebration","Celebration","Unknown","Unknown","Regular","Unknown","Unknown","no_match","No sufficiently specific candidate identified in the two Dynamite catalog files.","Unknown","Manufacturer or UPC/model, exact package/variant and corresponding photo/video.","256","257","257","Items","257"
"5SOYZ27LJ73CYTCXGVI6XIJN","687985908424","","Centauri","Centauri","Unknown","Unknown","Regular","Unknown","Unknown","no_match","No sufficiently specific candidate identified in the two Dynamite catalog files.","Unknown","Manufacturer or UPC/model, exact package/variant and corresponding photo/video.","257","258","258","Items","258"
"LYFTBDX6SYEMIV5CPX2ISXGE","757202120073","","Charm Fountain","Charm Fountain","Unknown","Fountains","Regular","Unknown","Unknown","no_match","No sufficiently specific candidate identified in the two Dynamite catalog files.","Unknown","Manufacturer or UPC/model, exact package/variant and corresponding photo/video.","258","259","259","Items","259"
"HD3E2RE4OCT4P6HVCZ6EKZLJ","8052530203620","","Chick Stick Pink Smoke","Chick Stick Pink Smoke","Unknown","Unknown","Regular","Unknown","Unknown","no_match","No sufficiently specific candidate identified in the two Dynamite catalog files.","Unknown","Manufacturer or UPC/model, exact package/variant and corresponding photo/video.","259","260","260","Items","260"
"CKV2SHWIY7BXZPYD5Q3VLVYA","887946050135","","Chicken Balloon Bogo","Chicken Balloon","Unknown","Unknown","Regular","Unknown","Unknown","no_match","No sufficiently specific candidate identified in the two Dynamite catalog files.","Unknown","Manufacturer or UPC/model, exact package/variant and corresponding photo/video.","260","261","261","Items","261"
"AIC5CSUHVVWXD4F72WXLHJ3H","946050135","","Chicken Blowing Balloon","Chicken Blowing Balloon","Unknown","Unknown","Regular","Unknown","Unknown","no_match","No sufficiently specific candidate identified in the two Dynamite catalog files.","Unknown","Manufacturer or UPC/model, exact package/variant and corresponding photo/video.","261","262","262","Items","262"
"WYIBDCIU4Z4PGWURAOWBDH5P","8052530161814","","Chickens","Chickens","Unknown","Unknown","Regular","Unknown","Unknown","no_match","No sufficiently specific candidate identified in the two Dynamite catalog files.","Unknown","Manufacturer or UPC/model, exact package/variant and corresponding photo/video.","262","263","263","Items","263"
"3SVJF54LTIL4K57W6IBPJABW","022203132166","","Christmas Tree","Christmas Tree","Unknown","Unknown","Regular","Unknown","Unknown","no_match","No sufficiently specific candidate identified in the two Dynamite catalog files.","Unknown","Manufacturer or UPC/model, exact package/variant and corresponding photo/video.","263","264","264","Items","264"
"6B5C73FKXNOL5YTMSMOAEQTT","6942037705210","","Christmas Tree","Christmas Tree","Unknown","Unknown","Regular","Unknown","Unknown","no_match","No sufficiently specific candidate identified in the two Dynamite catalog files.","Unknown","Manufacturer or UPC/model, exact package/variant and corresponding photo/video.","264","265","265","Items","265"
"VRQIDYXEMI2KTKYQZJHB2FAD","6942037705210","","Christmas Trees","Christmas Trees","Unknown","Unknown","Regular","Unknown","Unknown","no_match","No sufficiently specific candidate identified in the two Dynamite catalog files.","Unknown","Manufacturer or UPC/model, exact package/variant and corresponding photo/video.","265","266","266","Items","266"
"MT72I3FPXV4NP3IIIIYL4FJJ","683318813915","","Chroma 5"" Artillery Shells 24 pack","Chroma 5"" Artillery Shells 24 pack","Unknown","24 Pack Canister Artillery Shells 5 INCH","Regular","Unknown","5"" | 24 pack","no_match","No sufficiently specific candidate identified in the two Dynamite catalog files.","Unknown","Manufacturer or UPC/model, exact package/variant and corresponding photo/video.","266","267","267","Items","267"
"BDRHRJ7HW3ZEOVHORHON5YRU","715244022236","","Citrus Fountain","Citrus Fountain","Unknown","Fountains","Regular","Unknown","Unknown","no_match","No sufficiently specific candidate identified in the two Dynamite catalog files.","Unknown","Manufacturer or UPC/model, exact package/variant and corresponding photo/video.","267","268","268","Items","268"
"JV4RAMJ3YYQSBMJGOV3LQC7H","8052530052310","","Class Crackers 50ct BOGO","Class Crackers 50ct","Unknown","Unknown","Regular","Unknown","50ct","no_match","No sufficiently specific candidate identified in the two Dynamite catalog files.","Unknown","Manufacturer or UPC/model, exact package/variant and corresponding photo/video.","268","269","269","Items","269"
"SMZBAID5XZCSLQEYFZV5WJUQ","8052530051917","","Classic Crackers","Classic Crackers","Unknown","Unknown","Regular","Unknown","Unknown","no_match","No sufficiently specific candidate identified in the two Dynamite catalog files.","Unknown","Manufacturer or UPC/model, exact package/variant and corresponding photo/video.","269","270","270","Items","270"
"JZIJYSNHXZB5STADOAZ57JXD","680149047069","","Close Combat","Close Combat","Unknown","Unknown","Regular","Unknown","Unknown","no_match","No sufficiently specific candidate identified in the two Dynamite catalog files.","Unknown","Manufacturer or UPC/model, exact package/variant and corresponding photo/video.","270","271","271","Items","271"
"ILCUK2NMBSHM2346N44FLBD4","757205301196","","Cluster Bomb 500 Gram","Cluster Bomb 500 Gram","Unknown","500 GRAM FINALE","Regular","Unknown","500 Gram","no_match","No sufficiently specific candidate identified in the two Dynamite catalog files.","Unknown","Manufacturer or UPC/model, exact package/variant and corresponding photo/video.","271","272","272","Items","272"
"MGK6SZ2H563SI4HJP3OBSS5U","687985901340","","Cobalt Bomb","Cobalt Bomb","Unknown","Unknown","Regular","Unknown","Unknown","no_match","No sufficiently specific candidate identified in the two Dynamite catalog files.","Unknown","Manufacturer or UPC/model, exact package/variant and corresponding photo/video.","272","273","273","Items","273"
"66TOMKXWMPIFHL57L3PU6WDD","875330252111","","Color Pearl 96 Shot","Color Pearl 96 Shot","Unknown","Unknown","Regular","Unknown","96 Shot","no_match","No sufficiently specific candidate identified in the two Dynamite catalog files.","Unknown","Manufacturer or UPC/model, exact package/variant and corresponding photo/video.","273","274","274","Items","274"
"D2T55XL6ZRDLB5FBDSPK7ZXR","8145270121719","","Color Pearl Roman Candle","Color Pearl Roman Candle","Unknown","Roman Candles","Regular","Unknown","Unknown","no_match","No sufficiently specific candidate identified in the two Dynamite catalog files.","Unknown","Manufacturer or UPC/model, exact package/variant and corresponding photo/video.","274","275","275","Items","275"
"AHWAKFTGBPF373W5QDDGRP75","8145270121726","","Color Pearl Roman Candles BOGO","Color Pearl Roman Candles","Unknown","Roman Candles","Regular","Unknown","Unknown","no_match","No sufficiently specific candidate identified in the two Dynamite catalog files.","Unknown","Manufacturer or UPC/model, exact package/variant and corresponding photo/video.","275","276","276","Items","276"
"COXDJRGHTJG3HD2HXGP232WI","8052530180426","","Color Pearl With Bang Boomer-10 Ball BOGO","Color Pearl With Bang Boomer-10 Ball","Boomer","Roman Candles","Regular","Unknown","Unknown","no_match","No sufficiently specific candidate identified in the two Dynamite catalog files.","Unknown","Manufacturer or UPC/model, exact package/variant and corresponding photo/video.","276","277","277","Items","277"
"47HJ4LUC2CLMGPTPX4I2RA2M","8052530180419","","Color Pearl With Bang Boomer-10 Ball BOGO","Color Pearl With Bang Boomer-10 Ball","Boomer","Roman Candles","Color Pearl Boomer With Bang-10 Ball","Color Pearl Boomer With Bang-10 Ball","Unknown","no_match","No sufficiently specific candidate identified in the two Dynamite catalog files.","Unknown","Manufacturer or UPC/model, exact package/variant and corresponding photo/video.","277","278","278","Items","278"
"5TX5WRF6MO5NFJHE43HO4GRQ","821600025077","","Color Pearls","Color Pearls","Unknown","Unknown","Regular","Unknown","Unknown","probable","Name identifies a candidate only; manufacturer and exact presentation have not been established.","products.json[49] 10 Ball Color Pearls / Monkey Mania / /products/10-ball-color-pearls.png","Manufacturer or UPC/model, exact package/variant and corresponding photo/video.","278","279","279","Items","279"
"OYEEC66PCRJITCFCS4FL5RUP","757202018066","","Color Pearls 6 Count 10 Shot","Color Pearls 6 Count 10 Shot","Unknown","Roman Candles","Regular","Unknown","10 Shot","no_match","No sufficiently specific candidate identified in the two Dynamite catalog files.","Unknown","Manufacturer or UPC/model, exact package/variant and corresponding photo/video.","279","280","280","Items","280"
"VLK3AKYITHQA2VRQ2QD7MWRS","757201530729","","Color Rage","Color Rage","Unknown","Unknown","Regular","Unknown","Unknown","no_match","No sufficiently specific candidate identified in the two Dynamite catalog files.","Unknown","Manufacturer or UPC/model, exact package/variant and corresponding photo/video.","280","281","281","Items","281"
"TCVY46WIOJRSRTJX242W266K","8145270185216","","Color Smoke Ball 6 Pc","Color Smoke Ball 6 Pc","Unknown","Unknown","Regular","Unknown","6 Pc","no_match","No sufficiently specific candidate identified in the two Dynamite catalog files.","Unknown","Manufacturer or UPC/model, exact package/variant and corresponding photo/video.","281","282","282","Items","282"
"3MVMFOQG4D2LVDZ6CG42453F","887946021029","","Color Smoke Balls","Color Smoke Balls","Unknown","Unknown","Regular","Unknown","Unknown","no_match","No sufficiently specific candidate identified in the two Dynamite catalog files.","Unknown","Manufacturer or UPC/model, exact package/variant and corresponding photo/video.","282","283","283","Items","283"
"X55AAZNJ5H4A3WYATQWHUJC6","705108260256","","Color Smoke Grenade","Color Smoke Grenade","Unknown","Unknown","Regular","Unknown","Unknown","no_match","No sufficiently specific candidate identified in the two Dynamite catalog files.","Unknown","Manufacturer or UPC/model, exact package/variant and corresponding photo/video.","283","284","284","Items","284"
"HEQRXJPC54BDZL3AERGXQY7Y","715244007028","","Color Smokeballs","Color Smokeballs","Unknown","Unknown","Regular","Unknown","Unknown","no_match","No sufficiently specific candidate identified in the two Dynamite catalog files.","Unknown","Manufacturer or UPC/model, exact package/variant and corresponding photo/video.","284","285","285","Items","285"
"CNOC2VMJH3XFZJMHJI4N5R45","043100700074","","Color Sparklers #10","Color Sparklers #10","Unknown","Unknown","Sparklers","Sparklers","Unknown","no_match","No sufficiently specific candidate identified in the two Dynamite catalog files.","Unknown","Manufacturer or UPC/model, exact package/variant and corresponding photo/video.","285","286","286","Items","286"
"7URDOO5AVQK3XPYBFVZG3BCI","757201220033","","Colorful Skies","Colorful Skies","Unknown","Unknown","Regular","Unknown","Unknown","no_match","No sufficiently specific candidate identified in the two Dynamite catalog files.","Unknown","Manufacturer or UPC/model, exact package/variant and corresponding photo/video.","286","287","287","Items","287"
"2UXYY5LMMJRHVZCVIFAAOUXN","849107065013","","Comet Cannon","Comet Cannon","Unknown","Roman Candles","Regular","Unknown","Unknown","no_match","No sufficiently specific candidate identified in the two Dynamite catalog files.","Unknown","Manufacturer or UPC/model, exact package/variant and corresponding photo/video.","287","288","288","Items","288"
"ZYEQGHWQMW24XASSI2XV3ECG","777319994121","","Confetti Blaster","Confetti Blaster","Unknown","Unknown","Regular","Unknown","Unknown","no_match","No sufficiently specific candidate identified in the two Dynamite catalog files.","Unknown","Manufacturer or UPC/model, exact package/variant and corresponding photo/video.","288","289","289","Items","289"
"54J2U37QPJAWUQCUXQONKKAM","687985121427","","Corona (6 sitcks)","Corona (6 sitcks)","Unknown","Stick Rockets","Regular","Unknown","Unknown","no_match","No sufficiently specific candidate identified in the two Dynamite catalog files.","Unknown","Manufacturer or UPC/model, exact package/variant and corresponding photo/video.","289","290","290","Items","290"
"YOI6577F23QO7PGR4CUPKEPI","715244004867","","Cowboy Rockets (9 sticks)","Cowboy Rockets (9 sticks)","Unknown","Stick Rockets","Regular","Unknown","9 sticks","no_match","No sufficiently specific candidate identified in the two Dynamite catalog files.","Unknown","Manufacturer or UPC/model, exact package/variant and corresponding photo/video.","290","291","291","Items","291"
"RNY5C7YANLXHN4FDUF6G7SDX","649762148126","","Coyote Sam 500g","Coyote Sam 500g","Unknown","Unknown","Regular","Unknown","500g","no_match","No sufficiently specific candidate identified in the two Dynamite catalog files.","Unknown","Manufacturer or UPC/model, exact package/variant and corresponding photo/video.","291","292","292","Items","292"
"ODY4X5F35PDVTDU6QVKBRWBZ","715244003402","","Cracker Balls","Cracker Balls","Unknown","Unknown","Regular","Unknown","Unknown","no_match","No sufficiently specific candidate identified in the two Dynamite catalog files.","Unknown","Manufacturer or UPC/model, exact package/variant and corresponding photo/video.","292","293","293","Items","293"
"LKBNUIDOVUHJUQVVRHSX2VM3","715244001187","","Cracker Bomb","Cracker Bomb","Unknown","Unknown","Regular","Unknown","Unknown","no_match","No sufficiently specific candidate identified in the two Dynamite catalog files.","Unknown","Manufacturer or UPC/model, exact package/variant and corresponding photo/video.","293","294","294","Items","294"
"YPFHO6DMTAZG42ZDDG6C6PTV","715244063383","","Cracking Color Palms X 200 Gram 19 Shot","Cracking Color Palms X 200 Gram 19 Shot","Unknown","Unknown","Regular","Unknown","200 Gram | 19 Shot","no_match","No sufficiently specific candidate identified in the two Dynamite catalog files.","Unknown","Manufacturer or UPC/model, exact package/variant and corresponding photo/video.","294","295","295","Items","295"
"CARIESHRS7Z7SZK7NJTLEP7M","8145270182611","","Crackling Ball 6pc Bogo.","Crackling Ball 6pc .","Unknown","Unknown","Regular","Unknown","6pc","no_match","No sufficiently specific candidate identified in the two Dynamite catalog files.","Unknown","Manufacturer or UPC/model, exact package/variant and corresponding photo/video.","295","296","296","Items","296"
"LT3UDBGRPQLI6X7TTOIMN4YO","688397661778","","Crash 25 Shot 200G","Crash 25 Shot 200G","Unknown","Unknown","Regular","Unknown","25 Shot | 200G","no_match","No sufficiently specific candidate identified in the two Dynamite catalog files.","Unknown","Manufacturer or UPC/model, exact package/variant and corresponding photo/video.","296","297","297","Items","297"
"2KHQJPY6XSLI3ELDKJ2OMW6C","688397661754","","Crash 25 Shot 200G","Crash 25 Shot 200G","Unknown","Unknown","bazinga 25 shot 200G","bazinga 25 shot 200G","25 Shot | 200G","no_match","No sufficiently specific candidate identified in the two Dynamite catalog files.","Unknown","Manufacturer or UPC/model, exact package/variant and corresponding photo/video.","297","298","298","Items","298"
"SLEB37QVCY2KFTUVOS3QP3JN","688397661761","","Crash 25 Shot 200G","Crash 25 Shot 200G","Unknown","Unknown","krunch 25 shot 200G","krunch 25 shot 200G","25 Shot | 200G","no_match","No sufficiently specific candidate identified in the two Dynamite catalog files.","Unknown","Manufacturer or UPC/model, exact package/variant and corresponding photo/video.","298","299","299","Items","299"
"FIGJUNTJBEP3OSIX7BI6A6DZ","847294012131","","Crazy Chicken","Crazy Chicken","Unknown","Unknown","Regular","Unknown","Unknown","no_match","No sufficiently specific candidate identified in the two Dynamite catalog files.","Unknown","Manufacturer or UPC/model, exact package/variant and corresponding photo/video.","299","300","300","Items","300"
"GFUHBZGQTVWBTZPNL5L4BB4L","687985909018","","Crime Scene","Crime Scene","Unknown","Unknown","Regular","Unknown","Unknown","no_match","No sufficiently specific candidate identified in the two Dynamite catalog files.","Unknown","Manufacturer or UPC/model, exact package/variant and corresponding photo/video.","300","301","301","Items","301"
"ACH7X3F3TFHIS7RQSF7MTIEM","8145270150115","","Cruelty Devil 500 Gram 33 Shots","Cruelty Devil 500 Gram 33 Shots","Unknown","Unknown","Regular","Unknown","500 Gram | 33 Shots","no_match","No sufficiently specific candidate identified in the two Dynamite catalog files.","Unknown","Manufacturer or UPC/model, exact package/variant and corresponding photo/video.","301","302","302","Items","302"
"FJT7BZ4ZU7GAW6WHFWBJ3JBT","887946041485","","Cuckoo BOGO","Cuckoo","Unknown","Unknown","Regular","Unknown","Unknown","no_match","No sufficiently specific candidate identified in the two Dynamite catalog files.","Unknown","Manufacturer or UPC/model, exact package/variant and corresponding photo/video.","302","303","303","Items","303"
"OG3TJTR7VFJSVHKTSYLMUMWX","887946041423","","Cuckoo BOGO","Cuckoo","Unknown","Unknown","Cuckoo 6 Pack","Cuckoo 6 Pack","Unknown","no_match","No sufficiently specific candidate identified in the two Dynamite catalog files.","Unknown","Manufacturer or UPC/model, exact package/variant and corresponding photo/video.","303","304","304","Items","304"
"GY7QHO54XRO6QWTAUGPDIZH3","612005106221","","Cuckoo/killer Bees","Cuckoo/killer Bees","Unknown","Unknown","Regular","Unknown","Unknown","no_match","No sufficiently specific candidate identified in the two Dynamite catalog files.","Unknown","Manufacturer or UPC/model, exact package/variant and corresponding photo/video.","304","305","305","Items","305"
"PVA6PRTMEZGNEUVU222I6IMV","8145270155219","","Customary Enforcer 500 Gram 75 Shots","Customary Enforcer 500 Gram 75 Shots","Unknown","Unknown","Regular","Unknown","500 Gram | 75 Shots","no_match","No sufficiently specific candidate identified in the two Dynamite catalog files.","Unknown","Manufacturer or UPC/model, exact package/variant and corresponding photo/video.","305","306","306","Items","306"
"UCX3BSP3MEKX5BYC5OVIKUFY","8145270101216","","Cutting Edge 1000 Ct Firecracker","Cutting Edge 1000 Ct Firecracker","Unknown","Unknown","Regular","Unknown","1000 Ct","no_match","No sufficiently specific candidate identified in the two Dynamite catalog files.","Unknown","Manufacturer or UPC/model, exact package/variant and corresponding photo/video.","306","307","307","Items","307"
"Y4LB5KXKEDFKQKP2GNQGEF4F","8145270161715","","Cutting Edge Artillery Shells","Cutting Edge Artillery Shells","Unknown","Artillery/Festival Balls","Regular","Unknown","Unknown","no_match","No sufficiently specific candidate identified in the two Dynamite catalog files.","Unknown","Manufacturer or UPC/model, exact package/variant and corresponding photo/video.","307","308","308","Items","308"
"LYTQRC7FSGFBEKFPO6JB4QR6","8145270100813","","Cutting Edge Firecrackers 200ct BOGO","Cutting Edge Firecrackers 200ct","Unknown","Unknown","Regular","Unknown","200ct","no_match","No sufficiently specific candidate identified in the two Dynamite catalog files.","Unknown","Manufacturer or UPC/model, exact package/variant and corresponding photo/video.","308","309","309","Items","309"
"J6SLR7ZFLS7GBVRMGAEKIT4T","","687985211517","Daffodil 200 Gram","Daffodil 200 Gram","Unknown","Unknown","Regular","Unknown","200 Gram","no_match","No sufficiently specific candidate identified in the two Dynamite catalog files.","Unknown","Manufacturer or UPC/model, exact package/variant and corresponding photo/video.","309","310","310","Items","310"
"US6AED6QGLESYW7FW7TOXD47","705108115518","","Dagger","Dagger","Unknown","Unknown","Regular","Unknown","Unknown","no_match","No sufficiently specific candidate identified in the two Dynamite catalog files.","Unknown","Manufacturer or UPC/model, exact package/variant and corresponding photo/video.","310","311","311","Items","311"
"TPBOMNN4CK7ETI3SUSVUTQZ7","757205301462","","Dance In The Rain 500 Gram","Dance In The Rain 500 Gram","Unknown","500 GRAM FINALE","Regular","Unknown","500 Gram","no_match","No sufficiently specific candidate identified in the two Dynamite catalog files.","Unknown","Manufacturer or UPC/model, exact package/variant and corresponding photo/video.","311","312","312","Items","312"
"SAEDDBA2AX5RXVFM64AUJRUU","943100700060","","Dancing Butterfly Fountain 6 Pk","Dancing Butterfly Fountain 6 Pk","Unknown","Fountains","Regular","Unknown","Unknown","no_match","No sufficiently specific candidate identified in the two Dynamite catalog files.","Unknown","Manufacturer or UPC/model, exact package/variant and corresponding photo/video.","312","313","313","Items","313"
"GOIVSX5DISLUFTWXVSAEYSUG","705108146932","","Daytime Gender Reveal 16 Shot 200G","Daytime Gender Reveal 16 Shot 200G","Unknown","Unknown","Regular","Unknown","16 Shot | 200G","probable","Name identifies a candidate only; manufacturer and exact presentation have not been established.","gender-reveal.json[2] Gender Reveal / Unknown / /products/gender-reveal.png","Manufacturer or UPC/model, exact package/variant and corresponding photo/video.","313","314","314","Items","314"
"XES5VOPMCWFHSSS2Z36CIXHS","687985908592","","Deadly Dozen","Deadly Dozen","Unknown","Unknown","Regular","Unknown","Unknown","no_match","No sufficiently specific candidate identified in the two Dynamite catalog files.","Unknown","Manufacturer or UPC/model, exact package/variant and corresponding photo/video.","314","315","315","Items","315"
"7IRY6HSNH4VNPLT6PXWZKT75","814527301416","","Death Craze 500 Gram 25 Shots","Death Craze 500 Gram 25 Shots","Unknown","Unknown","Regular","Unknown","500 Gram | 25 Shots","no_match","No sufficiently specific candidate identified in the two Dynamite catalog files.","Unknown","Manufacturer or UPC/model, exact package/variant and corresponding photo/video.","315","316","316","Items","316"
"FOBFNTFXNE7QORSE2A2AI7BT","8145270144916","","Death Rattle 200 Gram 25 Shot","Death Rattle 200 Gram 25 Shot","Unknown","Unknown","Regular","Unknown","200 Gram | 25 Shot","no_match","No sufficiently specific candidate identified in the two Dynamite catalog files.","Unknown","Manufacturer or UPC/model, exact package/variant and corresponding photo/video.","316","317","317","Items","317"
"YQF53NHFFBFUSMKF35LBA6VG","400141322120","","Demon Shells","Demon Shells","Unknown","Unknown","Regular","Unknown","Unknown","no_match","No sufficiently specific candidate identified in the two Dynamite catalog files.","Unknown","Manufacturer or UPC/model, exact package/variant and corresponding photo/video.","317","318","318","Items","318"
"HOJWUIDUTAOYK255JGDXN7E5","757201525183","","Demon Stinger 500 Gram","Demon Stinger 500 Gram","Unknown","500 GRAM FINALE","Regular","Unknown","500 Gram","no_match","No sufficiently specific candidate identified in the two Dynamite catalog files.","Unknown","Manufacturer or UPC/model, exact package/variant and corresponding photo/video.","318","319","319","Items","319"
"XF6HKHESS6PH3D2OUJFBXNAH","037226808134","","Depth Charge","Depth Charge","Unknown","Unknown","Regular","Unknown","Unknown","no_match","No sufficiently specific candidate identified in the two Dynamite catalog files.","Unknown","Manufacturer or UPC/model, exact package/variant and corresponding photo/video.","319","320","320","Items","320"
"4NC6DX6Y2QALM2DXWI2KTDPX","821600009305","","Desert At Night Fountain","Desert At Night Fountain","Unknown","Fountains","Regular","Unknown","Unknown","no_match","No sufficiently specific candidate identified in the two Dynamite catalog files.","Unknown","Manufacturer or UPC/model, exact package/variant and corresponding photo/video.","320","321","321","Items","321"
"XKO5S6U3AXIMVMIH2DN4FUOH","887946003407","","Desert Eagle 9 Shots","Desert Eagle 9 Shots","Unknown","Unknown","Regular","Unknown","9 Shots","no_match","No sufficiently specific candidate identified in the two Dynamite catalog files.","Unknown","Manufacturer or UPC/model, exact package/variant and corresponding photo/video.","321","322","322","Items","322"
"4MNGOKBOL3IPGMHAVCPUY6MW","8052530200513","","Desert Smoke","Desert Smoke","Unknown","Unknown","Regular","Unknown","Unknown","no_match","No sufficiently specific candidate identified in the two Dynamite catalog files.","Unknown","Manufacturer or UPC/model, exact package/variant and corresponding photo/video.","322","323","323","Items","323"
"MUWPARNM5IHEUEY3Q3TOSK5C","687985905201","","Desperado 108 Breaks","Desperado 108 Breaks","Unknown","Unknown","Regular","Unknown","108 Breaks","no_match","No sufficiently specific candidate identified in the two Dynamite catalog files.","Unknown","Manufacturer or UPC/model, exact package/variant and corresponding photo/video.","323","324","324","Items","324"
"NH3YFLWYGENMILFCAQSJMENN","757202300161","","Dino Eggsplosion Assortment Pack","Dino Eggsplosion Assortment Pack","Unknown","Unknown","Regular","Unknown","Unknown","probable","Name identifies a candidate only; manufacturer and exact presentation have not been established.","products.json[35] Dino Eggsplosion / Monkey Mania / /products/dino-eggsplosion.png","Manufacturer or UPC/model, exact package/variant and corresponding photo/video.","324","325","325","Items","325"
"XDAMKKBGUSBTYTB3QTKXU5RN","705108097807","","Diwali Dazzler","Diwali Dazzler","Unknown","Unknown","Regular","Unknown","Unknown","probable","Two Square tokens have the same Diwali Dazzler name but different SKUs. Source cannot distinguish their presentations; do not merge.","products.json[149] Diwali Dazzler / Winda / /products/diwali-dazzler.png","Manufacturer or UPC/model, exact package/variant and corresponding photo/video.","325","326","326","Items","326"
"6GDRTFRVROGYS5VXDFGBZLSK","705108003808","","Diwali Dazzler","Diwali Dazzler","Unknown","Unknown","Regular","Unknown","Unknown","probable","Two Square tokens have the same Diwali Dazzler name but different SKUs. Source cannot distinguish their presentations; do not merge.","products.json[149] Diwali Dazzler / Winda / /products/diwali-dazzler.png","Manufacturer or UPC/model, exact package/variant and corresponding photo/video.","326","327","327","Items","327"
"EOL2XMCH6ACC23AV2DB3TJRG","649762148690","","Doge This 200 G","Doge This 200 G","Unknown","Unknown","Regular","Unknown","200 G","no_match","No sufficiently specific candidate identified in the two Dynamite catalog files.","Unknown","Manufacturer or UPC/model, exact package/variant and corresponding photo/video.","327","328","328","Items","328"
"5TD5X4FLPVCTVQF7BHYK32IN","757205301738","","Dont Tread On Me 500 Gram","Dont Tread On Me 500 Gram","Unknown","500 GRAM FINALE","Regular","Unknown","500 Gram","no_match","No sufficiently specific candidate identified in the two Dynamite catalog files.","Unknown","Manufacturer or UPC/model, exact package/variant and corresponding photo/video.","328","329","329","Items","329"
"LKGFXCZ2K7OWM7KUC65CNSR2","821600012121","","Double Break Artillery Shells","Double Break Artillery Shells","Unknown","Unknown","Regular","Unknown","Unknown","no_match","No sufficiently specific candidate identified in the two Dynamite catalog files.","Unknown","Manufacturer or UPC/model, exact package/variant and corresponding photo/video.","329","330","330","Items","330"
"3WHGF7SVFDVFMRVXUCISOM7A","705108804405","","Double Dragon 6"" Artillery Shells 6 Pack","Double Dragon 6"" Artillery Shells 6 Pack","Unknown","6 Pack Artillery Shells 5""\, 6""","Regular","Unknown","6"" | 6 Pack","probable","Name identifies a candidate only; manufacturer and exact presentation have not been established.","products.json[177] Double Dragon / Winda / /products/double-dragon.png","Manufacturer or UPC/model, exact package/variant and corresponding photo/video.","330","331","331","Items","331"
"LBTCKAS2RFQS5ZCE3YWQ2ECX","887946003315","","Double Knight Paraschutes","Double Knight Paraschutes","Unknown","Unknown","Regular","Unknown","Unknown","no_match","No sufficiently specific candidate identified in the two Dynamite catalog files.","Unknown","Manufacturer or UPC/model, exact package/variant and corresponding photo/video.","331","332","332","Items","332"
"CVUYVGDATU552XE7223KCXM7","811451015150","","Dragon Fire Fountain","Dragon Fire Fountain","Unknown","Fountains","Regular","Unknown","Unknown","no_match","No sufficiently specific candidate identified in the two Dynamite catalog files.","Unknown","Manufacturer or UPC/model, exact package/variant and corresponding photo/video.","332","333","333","Items","333"
"PQP2GSG52X57UH5U4X4ATBUH","757201220101","","Dreams From Heaven","Dreams From Heaven","Unknown","Unknown","Regular","Unknown","Unknown","no_match","No sufficiently specific candidate identified in the two Dynamite catalog files.","Unknown","Manufacturer or UPC/model, exact package/variant and corresponding photo/video.","333","334","334","Items","334"
"UV4AAU7AWTUYZJHIN2BGVUDU","514677009001","","Drone","Drone","Unknown","Fountains","Regular","Unknown","Unknown","no_match","No sufficiently specific candidate identified in the two Dynamite catalog files.","Unknown","Manufacturer or UPC/model, exact package/variant and corresponding photo/video.","334","335","335","Items","335"
"EJW2WP3EQ26XQFIYAVT7XUJV","8052530020715","","Dyno Mighty Mite","Dyno Mighty Mite","Unknown","Unknown","Regular","Unknown","Unknown","no_match","No sufficiently specific candidate identified in the two Dynamite catalog files.","Unknown","Manufacturer or UPC/model, exact package/variant and corresponding photo/video.","335","336","336","Items","336"
"4JAYK7GEHVPQZLW4ANRC4HX3","757205301202","","Eagle Pride","Eagle Pride","Unknown","Unknown","Regular","Unknown","Unknown","probable","Name identifies a candidate only; manufacturer and exact presentation have not been established.","products.json[8] Eagle Pride / Raccoon / /products/eagle-pride.png","Manufacturer or UPC/model, exact package/variant and corresponding photo/video.","336","337","337","Items","337"
"EMV5KGIZEKFEZ47LERLTHHQ6","","841527120211","Echo Blast (2 sticks)","Echo Blast (2 sticks)","Unknown","Stick Rockets","Regular","Unknown","2 sticks","no_match","No sufficiently specific candidate identified in the two Dynamite catalog files.","Unknown","Manufacturer or UPC/model, exact package/variant and corresponding photo/video.","337","338","338","Items","338"
"7PKHZPICZEFA4JUC4RVRVXGK","020165000110","","El Borracho 500 Gram","El Borracho 500 Gram","Unknown","500 GRAM FINALE","Regular","Unknown","500 Gram","no_match","No sufficiently specific candidate identified in the two Dynamite catalog files.","Unknown","Manufacturer or UPC/model, exact package/variant and corresponding photo/video.","338","339","339","Items","339"
"ADOJ2HOWLC3REE7GQSLVGOEP","680149005007","","Electric Sparklers ","Electric Sparklers","Unknown","Unknown","Regular","Unknown","Unknown","no_match","No sufficiently specific candidate identified in the two Dynamite catalog files.","Unknown","Manufacturer or UPC/model, exact package/variant and corresponding photo/video.","339","340","340","Items","340"
"EUGR467EG6YBC7IZANAOIYUQ","680149004987","","Electric Sparklers ","Electric Sparklers","Unknown","Unknown","Electric Sparklers BOGO","Electric Sparklers BOGO","Unknown","no_match","No sufficiently specific candidate identified in the two Dynamite catalog files.","Unknown","Manufacturer or UPC/model, exact package/variant and corresponding photo/video.","340","341","341","Items","341"
"55MZDC6656ZFQBJ72GZUVDHL","680149004994","","Electric Sparklers ","Electric Sparklers","Unknown","Unknown","Electric Sparklers","Electric Sparklers","Unknown","no_match","No sufficiently specific candidate identified in the two Dynamite catalog files.","Unknown","Manufacturer or UPC/model, exact package/variant and corresponding photo/video.","341","342","342","Items","342"
"HMEMTGD4XOIEVVLSFIF3T662","849107066058","","Emoji Sparklers","Emoji Sparklers","Unknown","Unknown","Regular","Unknown","Unknown","no_match","No sufficiently specific candidate identified in the two Dynamite catalog files.","Unknown","Manufacturer or UPC/model, exact package/variant and corresponding photo/video.","342","343","343","Items","343"
"VYONZ7ZLNL2R6YKAJHXVZMXS","757201545082","","Evil Temptation","Evil Temptation","Unknown","Unknown","Regular","Unknown","Unknown","no_match","No sufficiently specific candidate identified in the two Dynamite catalog files.","Unknown","Manufacturer or UPC/model, exact package/variant and corresponding photo/video.","343","344","344","Items","344"
"KLAC5WRPOD32YE2RHQYR5D5T","8052530140116","","Excalibur 4""Artillery Shells 24 Pack","Excalibur 4""Artillery Shells 24 Pack","Unknown","24 Pack Artillery Shells 4""","Regular","Unknown","4"" | 24 Pack","no_match","No sufficiently specific candidate identified in the two Dynamite catalog files.","Unknown","Manufacturer or UPC/model, exact package/variant and corresponding photo/video.","344","345","345","Items","345"
"374DOYWQNPU2ZPQDA4RXLATG","","805253357013","Excalibur Platinum","Excalibur Platinum","Unknown","Unknown","Regular","Unknown","Unknown","no_match","No sufficiently specific candidate identified in the two Dynamite catalog files.","Unknown","Manufacturer or UPC/model, exact package/variant and corresponding photo/video.","345","346","346","Items","346"
"CN2UGPN7G32ABKP2HR4VE56Y","705108320714","","Explosso","Explosso","Unknown","Unknown","Regular","Unknown","Unknown","no_match","No sufficiently specific candidate identified in the two Dynamite catalog files.","Unknown","Manufacturer or UPC/model, exact package/variant and corresponding photo/video.","346","347","347","Items","347"
"RRTRFIN5QPPFPDBBV7CIJF7C","705108320721","","Explosso","Explosso","Unknown","Unknown","Banguccino","Banguccino","Unknown","no_match","No sufficiently specific candidate identified in the two Dynamite catalog files.","Unknown","Manufacturer or UPC/model, exact package/variant and corresponding photo/video.","347","348","348","Items","348"
"KVCMEBUSBBC2K6IEAVWCFPMM","705108320738","","Explosso","Explosso","Unknown","Unknown","Boomcha","Boomcha","Unknown","no_match","No sufficiently specific candidate identified in the two Dynamite catalog files.","Unknown","Manufacturer or UPC/model, exact package/variant and corresponding photo/video.","348","349","349","Items","349"
"PY2S2TC72LQ7GCOBSZAKSH2I","705108320745","","Explosso","Explosso","Unknown","Unknown","Explosso","Explosso","Unknown","no_match","No sufficiently specific candidate identified in the two Dynamite catalog files.","Unknown","Manufacturer or UPC/model, exact package/variant and corresponding photo/video.","349","350","350","Items","350"
"UF6JHMTYDKFORDNS4HWDVFKD","715244000289","","Extra Large Missile Strike Force","Extra Large Missile Strike Force","Unknown","Unknown","Regular","Unknown","Unknown","no_match","No sufficiently specific candidate identified in the two Dynamite catalog files.","Unknown","Manufacturer or UPC/model, exact package/variant and corresponding photo/video.","350","351","351","Items","351"
"2OR3O44WVF5KVALIHJFA3LOR","725272730737","","Extra Small Missile BOGO","Extra Small Missile","Unknown","Unknown","Regular","Unknown","Unknown","no_match","No sufficiently specific candidate identified in the two Dynamite catalog files.","Unknown","Manufacturer or UPC/model, exact package/variant and corresponding photo/video.","351","352","352","Items","352"
"TZ7NZC3KAQMF42QI6KKDPPCB","","687985431519","Fairies in a Jar","Fairies in a Jar","Unknown","Fountains","Regular","Unknown","Unknown","no_match","No sufficiently specific candidate identified in the two Dynamite catalog files.","Unknown","Manufacturer or UPC/model, exact package/variant and corresponding photo/video.","352","353","353","Items","353"
"Y6HDHYHSC4SVETG4GORA6KKQ","514677060231","","Fallout 24 Shot","Fallout 24 Shot","Unknown","Unknown","Regular","Unknown","24 Shot","no_match","No sufficiently specific candidate identified in the two Dynamite catalog files.","Unknown","Manufacturer or UPC/model, exact package/variant and corresponding photo/video.","353","354","354","Items","354"
"IR3A4AZBTWTPF7MKEZLRKQLH","805253331518","","Family Truckster","Family Truckster","Unknown","Unknown","Regular","Unknown","Unknown","no_match","No sufficiently specific candidate identified in the two Dynamite catalog files.","Unknown","Manufacturer or UPC/model, exact package/variant and corresponding photo/video.","354","355","355","Items","355"
"34WO5SSWVN4FZCU64IKAKXIY","887946003421","","Fantastic Thunder","Fantastic Thunder","Unknown","Unknown","Regular","Unknown","Unknown","no_match","No sufficiently specific candidate identified in the two Dynamite catalog files.","Unknown","Manufacturer or UPC/model, exact package/variant and corresponding photo/video.","355","356","356","Items","356"
"BRFA4UPVQ2UAQ6NV4GZ4EMPG","8145270211519","","Feel The Pain 200 Gram 16 Shot","Feel The Pain 200 Gram 16 Shot","Unknown","Unknown","Regular","Unknown","200 Gram | 16 Shot","no_match","No sufficiently specific candidate identified in the two Dynamite catalog files.","Unknown","Manufacturer or UPC/model, exact package/variant and corresponding photo/video.","356","357","357","Items","357"
"TMKBXI7CUM5H2JOPFUNNWEJM","805253414211","","Festival Balls (Boomer 6 pcs) (Blue Box)","Festival Balls (Boomer 6 pcs) (Blue Box)","Boomer","Artillery/Festival Balls","Regular","Unknown","6 pcs","probable","Festival Balls variants have different named brands/box colors. Monkey Mania yellow-box assets do not establish identity of this variant.","products.json[65] Festival Balls / Monkey Mania / /products/festival-balls.png","Manufacturer or UPC/model, exact package/variant and corresponding photo/video.","357","358","358","Items","358"
"TGZ6I3LK5MKTW6422R4E6QJL","805253335219","","Festival Balls (Boomer 6 pcs) (Red/Black Box)","Festival Balls (Boomer 6 pcs) (Red/Black Box)","Boomer","Artillery/Festival Balls","Regular","Unknown","6 pcs","probable","Festival Balls variants have different named brands/box colors. Monkey Mania yellow-box assets do not establish identity of this variant.","products.json[65] Festival Balls / Monkey Mania / /products/festival-balls.png","Manufacturer or UPC/model, exact package/variant and corresponding photo/video.","358","359","359","Items","359"
"I3H4AEXZ4NK55UI7K7BX3RKD","805253414228","","Festival Balls (WC 6 pcs) (Black Box)","Festival Balls (WC 6 pcs) (Black Box)","Unknown","Artillery/Festival Balls","Regular","Unknown","6 pcs","probable","Festival Balls variants have different named brands/box colors. Monkey Mania yellow-box assets do not establish identity of this variant.","products.json[65] Festival Balls / Monkey Mania / /products/festival-balls.png","Manufacturer or UPC/model, exact package/variant and corresponding photo/video.","360","361","361","Items","361"
"UHU3VWJJGHU7PL66542PKXTI","","715244022472","Festival Fountain Black Cat. Quiet","Festival Fountain Black Cat. Quiet","Black Cat","Fountains","Regular","Unknown","Unknown","no_match","No sufficiently specific candidate identified in the two Dynamite catalog files.","Unknown","Manufacturer or UPC/model, exact package/variant and corresponding photo/video.","361","362","362","Items","362"
"IS6N3O5MBWG3G2ME7EQNMUQY","705108501168","","Fine Roulette","Fine Roulette","Unknown","Fountains","Regular","Unknown","Unknown","no_match","No sufficiently specific candidate identified in the two Dynamite catalog files.","Unknown","Manufacturer or UPC/model, exact package/variant and corresponding photo/video.","362","363","363","Items","363"
"ZILATYDCQAN5YQBBPDI23N4E","8145270162415","","Firearm 60 Gram 12 Pk","Firearm 60 Gram 12 Pk","Unknown","Unknown","Regular","Unknown","60 Gram","no_match","No sufficiently specific candidate identified in the two Dynamite catalog files.","Unknown","Manufacturer or UPC/model, exact package/variant and corresponding photo/video.","363","364","364","Items","364"
"VKYRGSZNC6YMZXDE4NAH6CPI","680149044402","","Fireblade","Fireblade","Unknown","Unknown","Regular","Unknown","Unknown","no_match","No sufficiently specific candidate identified in the two Dynamite catalog files.","Unknown","Manufacturer or UPC/model, exact package/variant and corresponding photo/video.","364","365","365","Items","365"
"RQ33PWJDSRI4ZK4AMNMTR5EQ","705834260131","","Firefly 4pk","Firefly 4pk","Unknown","Unknown","Regular","Unknown","Unknown","no_match","No sufficiently specific candidate identified in the two Dynamite catalog files.","Unknown","Manufacturer or UPC/model, exact package/variant and corresponding photo/video.","365","366","366","Items","366"
"UDPVVR2V6NSN2WD4JZAKTJSO","378001200027","","Fireworks Surprise Family Pack","Fireworks Surprise Family Pack","Unknown","Family Pack Assortments","Regular","Unknown","Unknown","no_match","No sufficiently specific candidate identified in the two Dynamite catalog files.","Unknown","Manufacturer or UPC/model, exact package/variant and corresponding photo/video.","366","367","367","Items","367"
"7ESPDX7VV2UTIDYELFY6DLBY","100000208717","","Flag Missile","Flag Missile","Unknown","Unknown","Regular","Unknown","Unknown","no_match","No sufficiently specific candidate identified in the two Dynamite catalog files.","Unknown","Manufacturer or UPC/model, exact package/variant and corresponding photo/video.","367","368","368","Items","368"
"TCSRFBWF6NWLUY3OTAFYOKXD","687985910601","","Flash Flood","Flash Flood","Unknown","Unknown","Regular","Unknown","Unknown","no_match","No sufficiently specific candidate identified in the two Dynamite catalog files.","Unknown","Manufacturer or UPC/model, exact package/variant and corresponding photo/video.","368","369","369","Items","369"
"3JVV4TVKAANYSUX3UJ6L745V","887946050043","","Flashing Strobe 6pc BOGO","Flashing Strobe 6pc","Unknown","Unknown","Regular","Unknown","6pc","no_match","No sufficiently specific candidate identified in the two Dynamite catalog files.","Unknown","Manufacturer or UPC/model, exact package/variant and corresponding photo/video.","369","370","370","Items","370"
"LCIBT3AGJHZW4U3DKXCPZC7Q","910006681229","","Flashing Strobes Bogo","Flashing Strobes","Unknown","Unknown","Regular","Unknown","Unknown","no_match","No sufficiently specific candidate identified in the two Dynamite catalog files.","Unknown","Manufacturer or UPC/model, exact package/variant and corresponding photo/video.","370","371","371","Items","371"
"NKVGAJ4J2IE4Q36QIMNWDHPG","757201324090","","Flawless","Flawless","Unknown","Unknown","Regular","Unknown","Unknown","no_match","No sufficiently specific candidate identified in the two Dynamite catalog files.","Unknown","Manufacturer or UPC/model, exact package/variant and corresponding photo/video.","371","372","372","Items","372"
"HSEE2QQE4BB7PJCN7CVTHR7V","","","Flawless","Flawless","Unknown","Unknown","Regular","Unknown","Unknown","no_match","No sufficiently specific candidate identified in the two Dynamite catalog files.","Unknown","Manufacturer or UPC/model, exact package/variant and corresponding photo/video.","372","373","373","Items","373"
"BOYNUSWD2BEPCMM7CBZR3EJT","887946070355","","Flying Eagle Rocket 4pk","Flying Eagle Rocket 4pk","Unknown","Unknown","Regular","Unknown","Unknown","no_match","No sufficiently specific candidate identified in the two Dynamite catalog files.","Unknown","Manufacturer or UPC/model, exact package/variant and corresponding photo/video.","373","374","374","Items","374"
"6HTTDB3PZXERBXUHKFQRZ4JS","757202282016","","Flying Pig Rocket (5 sticks)","Flying Pig Rocket (5 sticks)","Unknown","Stick Rockets","Regular","Unknown","5 sticks","no_match","No sufficiently specific candidate identified in the two Dynamite catalog files.","Unknown","Manufacturer or UPC/model, exact package/variant and corresponding photo/video.","374","375","375","Items","375"
"HGJJOE2YBJUPNO4R4QHDI7HR","887946030076","","Flying Pigs","Flying Pigs","Unknown","Unknown","Regular","Unknown","Unknown","no_match","No sufficiently specific candidate identified in the two Dynamite catalog files.","Unknown","Manufacturer or UPC/model, exact package/variant and corresponding photo/video.","375","376","376","Items","376"
"JCFBXIVT7KKBZBIRXVNJJBK7","705108001705","","Flying Space Family Assortment","Flying Space Family Assortment","Unknown","Family Pack Assortments","Regular","Unknown","Unknown","no_match","No sufficiently specific candidate identified in the two Dynamite catalog files.","Unknown","Manufacturer or UPC/model, exact package/variant and corresponding photo/video.","376","377","377","Items","377"
"CJ2BJYYYYUHQBERYD7AKM6GE","805253411715","","Football Fountain","Football Fountain","Unknown","Fountains","Regular","Unknown","Unknown","no_match","No sufficiently specific candidate identified in the two Dynamite catalog files.","Unknown","Manufacturer or UPC/model, exact package/variant and corresponding photo/video.","377","378","378","Items","378"
"ERZ4KRTZQCD4FRIINSYC7KN6","","702367266043","Forever Loyal Pyro Shine 500 Gram","Forever Loyal Pyro Shine 500 Gram","Unknown","500 GRAM FINALE","Regular","Unknown","500 Gram","no_match","No sufficiently specific candidate identified in the two Dynamite catalog files.","Unknown","Manufacturer or UPC/model, exact package/variant and corresponding photo/video.","378","379","379","Items","379"
"CNXT2D6OUM7V6HXR6EQMLK6S","753321711314","","Four Elements 500 Gram Super Pack","Four Elements 500 Gram Super Pack","Unknown","Unknown","Regular","Unknown","500 Gram","no_match","No sufficiently specific candidate identified in the two Dynamite catalog files.","Unknown","Manufacturer or UPC/model, exact package/variant and corresponding photo/video.","379","380","380","Items","380"
"CNCE4EH5EQ2E7NTTNIHKLLS2","887946061575","","Four Elements Roman Candles 4 Pk","Four Elements Roman Candles 4 Pk","Unknown","Roman Candles","Regular","Unknown","Unknown","no_match","No sufficiently specific candidate identified in the two Dynamite catalog files.","Unknown","Manufacturer or UPC/model, exact package/variant and corresponding photo/video.","380","381","381","Items","381"
"6GJMN5YEHLOMWFVG65L7N7HO","757202300048","","Freedom Anthem Assortment","Freedom Anthem Assortment","Unknown","Family Pack Assortments","Regular","Unknown","Unknown","no_match","No sufficiently specific candidate identified in the two Dynamite catalog files.","Unknown","Manufacturer or UPC/model, exact package/variant and corresponding photo/video.","381","382","382","Items","382"
"RRQV3GPTRLIF6GJLHNKYENES","","841527121102","Freedom Cry","Freedom Cry","Unknown","Unknown","Regular","Unknown","Unknown","no_match","No sufficiently specific candidate identified in the two Dynamite catalog files.","Unknown","Manufacturer or UPC/model, exact package/variant and corresponding photo/video.","382","383","383","Items","383"
"KWOSSYTOXFESYUAUTGWTLWLT","687985962815","","Freedom Rains 500g","Freedom Rains 500g","Unknown","Unknown","Regular","Unknown","500g","no_match","No sufficiently specific candidate identified in the two Dynamite catalog files.","Unknown","Manufacturer or UPC/model, exact package/variant and corresponding photo/video.","383","384","384","Items","384"
"WWNDBKUC4HP2HKKAY2MIMAD6","757201530668","","Freedom Rider 500 Gram","Freedom Rider 500 Gram","Unknown","500 GRAM FINALE","Regular","Unknown","500 Gram","no_match","No sufficiently specific candidate identified in the two Dynamite catalog files.","Unknown","Manufacturer or UPC/model, exact package/variant and corresponding photo/video.","384","385","385","Items","385"
"2CYKZ3ADBOY7HQ3VRW2OTG76","705108603602","","Freedom Wings BOGO Fountain","Freedom Wings Fountain","Unknown","Fountains","Regular","Unknown","Unknown","no_match","No sufficiently specific candidate identified in the two Dynamite catalog files.","Unknown","Manufacturer or UPC/model, exact package/variant and corresponding photo/video.","385","386","386","Items","386"
"BFHMO3VUSQUO2NEIBI67VEFL","757202118018","","Frog Bomb Fountain","Frog Bomb Fountain","Unknown","Fountains","Regular","Unknown","Unknown","no_match","No sufficiently specific candidate identified in the two Dynamite catalog files.","Unknown","Manufacturer or UPC/model, exact package/variant and corresponding photo/video.","386","387","387","Items","387"
"U236CCVWLTC54IK2KKOI7ELU","821600011148","","Frog Princess Fountain","Frog Princess Fountain","Unknown","Fountains","Regular","Unknown","Unknown","no_match","No sufficiently specific candidate identified in the two Dynamite catalog files.","Unknown","Manufacturer or UPC/model, exact package/variant and corresponding photo/video.","387","388","388","Items","388"
"X4CPHPCI2B7MPNSZXV7FBZGG","757205301783","","Fruit Of The Boom 500 Gram","Fruit Of The Boom 500 Gram","Unknown","500 GRAM FINALE","Regular","Unknown","500 Gram","no_match","No sufficiently specific candidate identified in the two Dynamite catalog files.","Unknown","Manufacturer or UPC/model, exact package/variant and corresponding photo/video.","388","389","389","Items","389"
"7EQHCPTRPGKCHMZ72HTQHAWQ","715244065370","","Fuego Loco 200G","Fuego Loco 200G","Unknown","Unknown","Regular","Unknown","200G","no_match","No sufficiently specific candidate identified in the two Dynamite catalog files.","Unknown","Manufacturer or UPC/model, exact package/variant and corresponding photo/video.","389","390","390","Items","390"
"33MRBL6PIMW3VFZZO24AOADU","687985911301","","Full Speed Firework 7 Inch","Full Speed Firework 7 Inch","Unknown","Unknown","Regular","Unknown","7 Inch","no_match","No sufficiently specific candidate identified in the two Dynamite catalog files.","Unknown","Manufacturer or UPC/model, exact package/variant and corresponding photo/video.","390","391","391","Items","391"
"XLIUBKNNYOS7BPGUJMKEB7JA","705108519101","","Fun Fuel","Fun Fuel","Unknown","Unknown","Regular","Unknown","Unknown","probable","Name identifies a candidate only; manufacturer and exact presentation have not been established.","products.json[155] Fun Fuel / Winda / /products/fun-fuel.png","Manufacturer or UPC/model, exact package/variant and corresponding photo/video.","391","392","392","Items","392"
"K3H3HRKD5KBBRG7WLWHLONDC","821600000029","","Fun Pack","Fun Pack","Unknown","Unknown","Regular","Unknown","Unknown","no_match","No sufficiently specific candidate identified in the two Dynamite catalog files.","Unknown","Manufacturer or UPC/model, exact package/variant and corresponding photo/video.","392","393","393","Items","393"
"K5FE2H4ORK6DTFKGEUMC253Y","850025775625","","Fuse","Fuse","Unknown","Unknown","Regular","Unknown","Unknown","no_match","No sufficiently specific candidate identified in the two Dynamite catalog files.","Unknown","Manufacturer or UPC/model, exact package/variant and corresponding photo/video.","393","394","394","Items","394"
"LGUVGBZLCTN44YCLZPEKROBM","850025775724","","Fuse","Fuse","Unknown","Unknown","Regular","Unknown","Unknown","no_match","No sufficiently specific candidate identified in the two Dynamite catalog files.","Unknown","Manufacturer or UPC/model, exact package/variant and corresponding photo/video.","394","395","395","Items","395"
"PX65NALOBYGQEFQA55IKEDJ7","850025775823","","Fuse","Fuse","Unknown","Unknown","Regular","Unknown","Unknown","no_match","No sufficiently specific candidate identified in the two Dynamite catalog files.","Unknown","Manufacturer or UPC/model, exact package/variant and corresponding photo/video.","395","396","396","Items","396"
"N6OTOY4DNT3WRUBLSUR5YSC7","705108803101","","G Force 4"" Artillery Shells 24 Pack","G Force 4"" Artillery Shells 24 Pack","Unknown","24 Pack Artillery Shells 4""","Regular","Unknown","4"" | 24 Pack","no_match","No sufficiently specific candidate identified in the two Dynamite catalog files.","Unknown","Manufacturer or UPC/model, exact package/variant and corresponding photo/video.","397","398","398","Items","398"
"R4GQVTO4EUT5C4LHMA44BP2K","757205301264","","Galactic Empire","Galactic Empire","Unknown","Unknown","Regular","Unknown","Unknown","no_match","No sufficiently specific candidate identified in the two Dynamite catalog files.","Unknown","Manufacturer or UPC/model, exact package/variant and corresponding photo/video.","398","399","399","Items","399"
"ICD7FSXEG3O2Z2P6GWCUW6VI","681402052110","","Ganja 6"" Artillery Shells 24 Pack","Ganja 6"" Artillery Shells 24 Pack","Unknown","24 Pack Artillery Shells 6""","Regular","Unknown","6"" | 24 Pack","no_match","No sufficiently specific candidate identified in the two Dynamite catalog files.","Unknown","Manufacturer or UPC/model, exact package/variant and corresponding photo/video.","400","401","401","Items","401"
"NPQM6WZFBTP4C4OTBCATSCF7","681402054039","","Ganja Blunt Roman","Ganja Blunt Roman","Unknown","Roman Candles","Regular","Unknown","Unknown","no_match","No sufficiently specific candidate identified in the two Dynamite catalog files.","Unknown","Manufacturer or UPC/model, exact package/variant and corresponding photo/video.","401","402","402","Items","402"
"QKJNWGQUAGSPJBWAPTAQN4PG","715244160594","","Garden In Spring Fountain","Garden In Spring Fountain","Unknown","Fountains","Regular","Unknown","Unknown","no_match","No sufficiently specific candidate identified in the two Dynamite catalog files.","Unknown","Manufacturer or UPC/model, exact package/variant and corresponding photo/video.","402","403","403","Items","403"
"336PY3AGZI3IPTSXMNUKSSYZ","027736011414","","Garden In Spring Fountain","Garden In Spring Fountain","Unknown","Fountains","Garden In Spring","Garden In Spring","Unknown","no_match","No sufficiently specific candidate identified in the two Dynamite catalog files.","Unknown","Manufacturer or UPC/model, exact package/variant and corresponding photo/video.","403","404","404","Items","404"
"S27B6LDFK4CFX5ZLTUT7BE3Z","715244005055","","Gatlin pack 8pc roman candle","Gatlin pack 8pc roman candle","Unknown","Roman Candles","Regular","Unknown","8pc","no_match","No sufficiently specific candidate identified in the two Dynamite catalog files.","Unknown","Manufacturer or UPC/model, exact package/variant and corresponding photo/video.","404","405","405","Items","405"
"GXES4E5ZSHJBQLWFWYTLT6FZ","821500004233","","Gatling Gun (Small)","Gatling Gun (Small)","Unknown","Roman Candles","Regular","Unknown","Unknown","probable","Name identifies a candidate only; manufacturer and exact presentation have not been established.","products.json[91] Gatling Gun / Brothers / products/gatling-gun.png","Manufacturer or UPC/model, exact package/variant and corresponding photo/video.","405","406","406","Items","406"
"E5JBUEZVKC3J7MB6OJHIZ3IJ","841527141186","","Gatling Gun Giant","Gatling Gun Giant","Unknown","Roman Candles","Regular","Unknown","Unknown","probable","Name identifies a candidate only; manufacturer and exact presentation have not been established.","products.json[91] Gatling Gun / Brothers / products/gatling-gun.png","Manufacturer or UPC/model, exact package/variant and corresponding photo/video.","406","407","407","Items","407"
"A7OIX6PJ76PDR2G647NUEY6L","805253015029","","Gemini Missile 24 Pcs","Gemini Missile 24 Pcs","Unknown","Unknown","Regular","Unknown","24 Pcs","no_match","No sufficiently specific candidate identified in the two Dynamite catalog files.","Unknown","Manufacturer or UPC/model, exact package/variant and corresponding photo/video.","407","408","408","Items","408"
"ZZZOD7FS2XXTSZ6IZ3FF7YYO","8145270157510","","Get Some","Get Some","Unknown","Unknown","Regular","Unknown","Unknown","no_match","No sufficiently specific candidate identified in the two Dynamite catalog files.","Unknown","Manufacturer or UPC/model, exact package/variant and corresponding photo/video.","408","409","409","Items","409"
"YDTEKK2YDLZUYQEMD6FZCZ2I","651137426296","","Ghost Banshee","Ghost Banshee","Unknown","Unknown","Regular","Unknown","Unknown","no_match","No sufficiently specific candidate identified in the two Dynamite catalog files.","Unknown","Manufacturer or UPC/model, exact package/variant and corresponding photo/video.","409","410","410","Items","410"
"CX3WJWBLRRX53W7VQZFUUZ5C","757201572194","","Ghost Dragon","Ghost Dragon","Unknown","9-SHOT 500 GRAM RACKS","Regular","Unknown","Unknown","no_match","No sufficiently specific candidate identified in the two Dynamite catalog files.","Unknown","Manufacturer or UPC/model, exact package/variant and corresponding photo/video.","410","411","411","Items","411"
"Q5DCX2MGZHMYFX7ADSL5C6FU","757201572170","","Ghost Killer","Ghost Killer","Unknown","9-SHOT 500 GRAM RACKS","Regular","Unknown","Unknown","no_match","No sufficiently specific candidate identified in the two Dynamite catalog files.","Unknown","Manufacturer or UPC/model, exact package/variant and corresponding photo/video.","411","412","412","Items","412"
"DK52TXNEXPJ5HDJE6462D23I","705108549801","","Ghost Rings","Ghost Rings","Unknown","9-SHOT 500 GRAM RACKS","Regular","Unknown","Unknown","no_match","No sufficiently specific candidate identified in the two Dynamite catalog files.","Unknown","Manufacturer or UPC/model, exact package/variant and corresponding photo/video.","412","413","413","Items","413"
"JENQHH5ASTDQRSU4AYNDS3DI","681402052820","","Ghost Roman Candle","Ghost Roman Candle","Unknown","Roman Candles","Regular","Unknown","Unknown","no_match","No sufficiently specific candidate identified in the two Dynamite catalog files.","Unknown","Manufacturer or UPC/model, exact package/variant and corresponding photo/video.","413","414","414","Items","414"
"NCACSUIIUKFFX3YO6RFUXKZX","705108548606","","Ghost Shell","Ghost Shell","Unknown","Unknown","Regular","Unknown","Unknown","no_match","No sufficiently specific candidate identified in the two Dynamite catalog files.","Unknown","Manufacturer or UPC/model, exact package/variant and corresponding photo/video.","414","415","415","Items","415"
"RAXEGL5PWHZOIT73XXXQK362","757201324069","","Ghostacular 5"" Artillery Shells 24 pack","Ghostacular 5"" Artillery Shells 24 pack","Unknown","24 Pack Canister Artillery Shells 5 INCH","Regular","Unknown","5"" | 24 pack","no_match","No sufficiently specific candidate identified in the two Dynamite catalog files.","Unknown","Manufacturer or UPC/model, exact package/variant and corresponding photo/video.","415","416","416","Items","416"
"CN65OGBPK2EDWQ7BC4INMBID","887946020794","","Giant Smoke Balls","Giant Smoke Balls","Unknown","Unknown","Regular","Unknown","Unknown","no_match","No sufficiently specific candidate identified in the two Dynamite catalog files.","Unknown","Manufacturer or UPC/model, exact package/variant and corresponding photo/video.","416","417","417","Items","417"
"4L7HAUXUJ733VND4WOHYQ5NN","514677002200","","Goal!","Goal!","Unknown","Fountains","Regular","Unknown","Unknown","no_match","No sufficiently specific candidate identified in the two Dynamite catalog files.","Unknown","Manufacturer or UPC/model, exact package/variant and corresponding photo/video.","417","418","418","Items","418"
"4ZBIUB5CMBX2SGYMBJC3PEZZ","","805253439511","God Bless America","God Bless America","Unknown","Unknown","Regular","Unknown","Unknown","no_match","No sufficiently specific candidate identified in the two Dynamite catalog files.","Unknown","Manufacturer or UPC/model, exact package/variant and corresponding photo/video.","418","419","419","Items","419"
"ZVYL43NGAFQNYSHEFHDYKODL","757201530859","","Gold Rush 500 Gram","Gold Rush 500 Gram","Unknown","500 GRAM FINALE","Regular","Unknown","500 Gram","no_match","No sufficiently specific candidate identified in the two Dynamite catalog files.","Unknown","Manufacturer or UPC/model, exact package/variant and corresponding photo/video.","419","420","420","Items","420"
"TVYAYQ2S7BQF2VT574J6MLDZ","132201920020","","Gold Skull","Gold Skull","Unknown","Unknown","Regular","Unknown","Unknown","no_match","No sufficiently specific candidate identified in the two Dynamite catalog files.","Unknown","Manufacturer or UPC/model, exact package/variant and corresponding photo/video.","420","421","421","Items","421"
"6AVGKVTQYLP3PSQNTCP4MSM4","687985211210","","Golden Peacock","Golden Peacock","Unknown","Unknown","Regular","Unknown","Unknown","no_match","No sufficiently specific candidate identified in the two Dynamite catalog files.","Unknown","Manufacturer or UPC/model, exact package/variant and corresponding photo/video.","421","422","422","Items","422"
"KVUXULCI4EXOSLFEDWCIZ2XP","8145270113714","","Golden Silver Assortment","Golden Silver Assortment","Unknown","Unknown","Regular","Unknown","Unknown","no_match","No sufficiently specific candidate identified in the two Dynamite catalog files.","Unknown","Manufacturer or UPC/model, exact package/variant and corresponding photo/video.","422","423","423","Items","423"
"VM2ZAA3FAPEOJJWLRFYDHRIP","757201530811","","Goooooal 500g Zipper Cake 102 shots","Goooooal 500g Zipper Cake 102 shots","Unknown","500 GRAM FINALE > 500 GRAM FINALE ZIPPER CAKES","Regular","Unknown","500g | 102 shots","no_match","No sufficiently specific candidate identified in the two Dynamite catalog files.","Unknown","Manufacturer or UPC/model, exact package/variant and corresponding photo/video.","424","425","425","Items","425"
"D6YSBFIRNB6FTJX5527KRGFF","831100012088","","Gorilla 6"" Artillery Shells 24 Pack","Gorilla 6"" Artillery Shells 24 Pack","Unknown","24 Pack Artillery Shells 6""","Regular","Unknown","6"" | 24 Pack","no_match","No sufficiently specific candidate identified in the two Dynamite catalog files.","Unknown","Manufacturer or UPC/model, exact package/variant and corresponding photo/video.","425","426","426","Items","426"
"FUX46WMJ6KKMB42MBGW2QFQB","705108321506","","Grand Cannon Fountain","Grand Cannon Fountain","Unknown","Fountains","Regular","Unknown","Unknown","no_match","No sufficiently specific candidate identified in the two Dynamite catalog files.","Unknown","Manufacturer or UPC/model, exact package/variant and corresponding photo/video.","426","427","427","Items","427"
"D5FZBGNRT3CBD726J3R3LGWC","6942037750067","","Grand Slam","Grand Slam","Unknown","Fountains","Regular","Unknown","Unknown","no_match","No sufficiently specific candidate identified in the two Dynamite catalog files.","Unknown","Manufacturer or UPC/model, exact package/variant and corresponding photo/video.","427","428","428","Items","428"
"WVJQMEDM4UWO7SU6ROOSBOKO","8052530042014","","Great Night extravaganza Assortment","Great Night extravaganza Assortment","Unknown","Unknown","Regular","Unknown","Unknown","no_match","No sufficiently specific candidate identified in the two Dynamite catalog files.","Unknown","Manufacturer or UPC/model, exact package/variant and corresponding photo/video.","428","429","429","Items","429"
"7A3AOYPUE3CUC6B24G6BPSIH","652009119001","","Green Fuse","Green Fuse","Unknown","Unknown","Regular","Unknown","Unknown","no_match","No sufficiently specific candidate identified in the two Dynamite catalog files.","Unknown","Manufacturer or UPC/model, exact package/variant and corresponding photo/video.","429","430","430","Items","430"
"4CBTD37T3BG3ABNFQKEB5YTD","816597935263","","Green Wasp","Green Wasp","Unknown","Unknown","Regular","Unknown","Unknown","no_match","No sufficiently specific candidate identified in the two Dynamite catalog files.","Unknown","Manufacturer or UPC/model, exact package/variant and corresponding photo/video.","430","431","431","Items","431"
"47X66FNFQ5M5AE5BX67W7K4P","705108600960","","Grillin N Chillin","Grillin N Chillin","Unknown","Unknown","Regular","Unknown","Unknown","no_match","No sufficiently specific candidate identified in the two Dynamite catalog files.","Unknown","Manufacturer or UPC/model, exact package/variant and corresponding photo/video.","431","432","432","Items","432"
"3SNMSXWD4H7ETDFWILOFMQ4E","8145270182833","","Ground Bloom Flower 12pk","Ground Bloom Flower 12pk","Unknown","Unknown","Regular","Unknown","Unknown","probable","Name identifies a candidate only; manufacturer and exact presentation have not been established.","products.json[61] Ground Bloom Flower / Monkey Mania / /products/ground-bloom-flower.png","Manufacturer or UPC/model, exact package/variant and corresponding photo/video.","432","433","433","Items","433"
"5YTIGLOF5PCVASHW7AJFD5SZ","725272730706","","Ground Bloom Flower Spinner","Ground Bloom Flower Spinner","Unknown","Unknown","Regular","Unknown","Unknown","probable","Name identifies a candidate only; manufacturer and exact presentation have not been established.","products.json[61] Ground Bloom Flower / Monkey Mania / /products/ground-bloom-flower.png","Manufacturer or UPC/model, exact package/variant and corresponding photo/video.","433","434","434","Items","434"
"75TEDZLHPLBRXIRIA5GDCIFL","693965500205","","Ground Bloom Flowers","Ground Bloom Flowers","Unknown","Unknown","Regular","Unknown","Unknown","probable","Name identifies a candidate only; manufacturer and exact presentation have not been established.","products.json[61] Ground Bloom Flower / Monkey Mania / /products/ground-bloom-flower.png","Manufacturer or UPC/model, exact package/variant and corresponding photo/video.","434","435","435","Items","435"
"4APSYIUKRRGGBOKLVCEU5N2Y","888000009014","","Ground Bloom Flowers","Ground Bloom Flowers","Unknown","Unknown","ground bloom flowers","ground bloom flowers","Unknown","probable","Name identifies a candidate only; manufacturer and exact presentation have not been established.","products.json[61] Ground Bloom Flower / Monkey Mania / /products/ground-bloom-flower.png","Manufacturer or UPC/model, exact package/variant and corresponding photo/video.","435","436","436","Items","436"
"I44W44ADWKVGTGLYWV2EVIWB","","6950165431222","Gush","Gush","Unknown","Fountains","Regular","Unknown","Unknown","no_match","No sufficiently specific candidate identified in the two Dynamite catalog files.","Unknown","Manufacturer or UPC/model, exact package/variant and corresponding photo/video.","436","437","437","Items","437"
"QEOAHTBTI755LXMWGKRW5EMG","705108321346","","Handheld Snow Cone","Handheld Snow Cone","Unknown","Fountains","Regular","Unknown","Unknown","conflict","Handheld Snowcone source shows a multi-piece display; Square variants differ in color/SKU. Unit vs display-pack identity is not established.","products.json[114] Snow Cone / Winda / /products/snow-cone.png | products.json[184] Handheld Snow Cone / Winda / /products/handheld-snow-cone.png","Manufacturer or UPC/model, exact package/variant and corresponding photo/video.","437","438","438","Items","438"
"O7G3LQMSVRJE5CJTYAGVNF4T","705108321339","","Handheld Snowcone","Handheld Snowcone","Unknown","Fountains","Regular","Unknown","Unknown","conflict","Handheld Snowcone source shows a multi-piece display; Square variants differ in color/SKU. Unit vs display-pack identity is not established.","products.json[114] Snow Cone / Winda / /products/snow-cone.png | products.json[184] Handheld Snow Cone / Winda / /products/handheld-snow-cone.png","Manufacturer or UPC/model, exact package/variant and corresponding photo/video.","438","439","439","Items","439"
"YTBQUVMNKF7EU4VIEL4R3EAU","705108321322","","Handheld Snowcone","Handheld Snowcone","Unknown","Fountains","Handheld Snowcone","Handheld Snowcone","Unknown","conflict","Handheld Snowcone source shows a multi-piece display; Square variants differ in color/SKU. Unit vs display-pack identity is not established.","products.json[114] Snow Cone / Winda / /products/snow-cone.png | products.json[184] Handheld Snow Cone / Winda / /products/handheld-snow-cone.png","Manufacturer or UPC/model, exact package/variant and corresponding photo/video.","439","440","440","Items","440"
"QMHFOJ62GJMP6R7RMLHHGCSG","705108321315","","Handheld Snowcone","Handheld Snowcone","Unknown","Fountains","Handheld Snowcone","Handheld Snowcone","Unknown","conflict","Handheld Snowcone source shows a multi-piece display; Square variants differ in color/SKU. Unit vs display-pack identity is not established.","products.json[114] Snow Cone / Winda / /products/snow-cone.png | products.json[184] Handheld Snow Cone / Winda / /products/handheld-snow-cone.png","Manufacturer or UPC/model, exact package/variant and corresponding photo/video.","440","441","441","Items","441"
"N33QU2DRWYMNUYFPRTWK46YL","8145270242216","","Happy Camper 200 Gram 25 Shot","Happy Camper 200 Gram 25 Shot","Unknown","Unknown","Regular","Unknown","200 Gram | 25 Shot","no_match","No sufficiently specific candidate identified in the two Dynamite catalog files.","Unknown","Manufacturer or UPC/model, exact package/variant and corresponding photo/video.","441","442","442","Items","442"
"OPKQIOVE4L5ZQDJ3U3KALWMX","705108700769","","Happy Dinosaur","Happy Dinosaur","Unknown","Unknown","Regular","Unknown","Unknown","no_match","No sufficiently specific candidate identified in the two Dynamite catalog files.","Unknown","Manufacturer or UPC/model, exact package/variant and corresponding photo/video.","442","443","443","Items","443"
"GCUCWW22VYRMJCKGYGLAMKAF","814527200160","","Hardcore 200 G","Hardcore 200 G","Unknown","Unknown","Regular","Unknown","200 G","no_match","No sufficiently specific candidate identified in the two Dynamite catalog files.","Unknown","Manufacturer or UPC/model, exact package/variant and corresponding photo/video.","443","444","444","Items","444"
"BKNQ623WTRVPWROLDUXP6Q6L","757201530637","","Hazmat","Hazmat","Unknown","Unknown","Regular","Unknown","Unknown","no_match","No sufficiently specific candidate identified in the two Dynamite catalog files.","Unknown","Manufacturer or UPC/model, exact package/variant and corresponding photo/video.","444","445","445","Items","445"
"DY5DP3QG2IV2MPEL5GFLUKCH","814527313518","","Heavy Handed 500 Gram 36 Shots","Heavy Handed 500 Gram 36 Shots","Unknown","Unknown","Regular","Unknown","500 Gram | 36 Shots","no_match","No sufficiently specific candidate identified in the two Dynamite catalog files.","Unknown","Manufacturer or UPC/model, exact package/variant and corresponding photo/video.","445","446","446","Items","446"
"IUIXJZMXJXNLT3RHGLUETYA7","841527141254","841527141254","Helix Terminator","Helix Terminator","Unknown","Unknown","Regular","Unknown","Unknown","no_match","No sufficiently specific candidate identified in the two Dynamite catalog files.","Unknown","Manufacturer or UPC/model, exact package/variant and corresponding photo/video.","446","447","447","Items","447"
"LLVKRTYFYMMNXUONBBVVBGGP","943100700039","","Hen Laying Egg BOGO","Hen Laying Egg","Unknown","Unknown","Regular","Unknown","Unknown","no_match","No sufficiently specific candidate identified in the two Dynamite catalog files.","Unknown","Manufacturer or UPC/model, exact package/variant and corresponding photo/video.","447","448","448","Items","448"
"PCBVWGLH76TMB2THUXTY6OVG","000701613295","","Hen Laying Eggs. BOGO","Hen Laying Eggs.","Unknown","Unknown","Regular","Unknown","Unknown","no_match","No sufficiently specific candidate identified in the two Dynamite catalog files.","Unknown","Manufacturer or UPC/model, exact package/variant and corresponding photo/video.","448","449","449","Items","449"
"FRCNZACDUCAW4XIN2KFT3M4L","814527200320","","High Voltage","High Voltage","Unknown","Unknown","Regular","Unknown","Unknown","no_match","No sufficiently specific candidate identified in the two Dynamite catalog files.","Unknown","Manufacturer or UPC/model, exact package/variant and corresponding photo/video.","450","451","451","Items","451"
"4RFIIMK7QCQH5PJA2UORE7HK","","687985913701","Hoist of the Colors (3 Cakes)","Hoist of the Colors (3 Cakes)","Unknown","Unknown","Regular","Unknown","Unknown","no_match","No sufficiently specific candidate identified in the two Dynamite catalog files.","Unknown","Manufacturer or UPC/model, exact package/variant and corresponding photo/video.","452","453","453","Items","453"
"HJTMDSKH3C53TJXF64R6QW53","","715244022489","Holiday Lights Fountain Black Cat Quiet","Holiday Lights Fountain Black Cat Quiet","Black Cat","Fountains","Regular","Unknown","Unknown","no_match","No sufficiently specific candidate identified in the two Dynamite catalog files.","Unknown","Manufacturer or UPC/model, exact package/variant and corresponding photo/video.","453","454","454","Items","454"
"AJ54GAY2B3V3IW5EFTAVU6DZ","816597941691","","Home Of The Brave 200 G","Home Of The Brave 200 G","Unknown","Unknown","Regular","Unknown","200 G","no_match","No sufficiently specific candidate identified in the two Dynamite catalog files.","Unknown","Manufacturer or UPC/model, exact package/variant and corresponding photo/video.","454","455","455","Items","455"
"R4GI34CWJNRTDFBMUUZ463NM","805253316492","","Home Of The Brave 24 Shells/24 Breaks","Home Of The Brave 24 Shells/24 Breaks","Unknown","Artillery Packs MultiShell MultiBreaks","Regular","Unknown","24 Shells | 24 Breaks","no_match","No sufficiently specific candidate identified in the two Dynamite catalog files.","Unknown","Manufacturer or UPC/model, exact package/variant and corresponding photo/video.","455","456","456","Items","456"
"PF7MSTRWM3LEPHVVTJHTUGRH","757201400039","","Home Of The Brave 48 Shells/72 Breaks","Home Of The Brave 48 Shells/72 Breaks","Unknown","Artillery Packs MultiShell MultiBreaks","Regular","Unknown","48 Shells | 72 Breaks","no_match","No sufficiently specific candidate identified in the two Dynamite catalog files.","Unknown","Manufacturer or UPC/model, exact package/variant and corresponding photo/video.","456","457","457","Items","457"
"5WWE7ULB44P5GEG5SPOE3C4H","","121823801299","Hometown 8 Ball Candles","Hometown 8 Ball Candles","Unknown","Unknown","Regular","Unknown","Unknown","no_match","No sufficiently specific candidate identified in the two Dynamite catalog files.","Unknown","Manufacturer or UPC/model, exact package/variant and corresponding photo/video.","457","458","458","Items","458"
"VO5VKMURGPFHWLH2WHVHDHTY","757201572163","","Hot As Hell 9 Rack","Hot As Hell 9 Rack","Unknown","Unknown","Regular","Unknown","Unknown","no_match","No sufficiently specific candidate identified in the two Dynamite catalog files.","Unknown","Manufacturer or UPC/model, exact package/variant and corresponding photo/video.","458","459","459","Items","459"
"XJZEMQJXB5U2J6MBX7XQ6PCY","8052531342212","","Hot Dog 200 Gram 16 Shot","Hot Dog 200 Gram 16 Shot","Unknown","Unknown","Regular","Unknown","200 Gram | 16 Shot","no_match","No sufficiently specific candidate identified in the two Dynamite catalog files.","Unknown","Manufacturer or UPC/model, exact package/variant and corresponding photo/video.","459","460","460","Items","460"
"4TLQKMAPJQY33RAKIVUWFQNU","8052530165928","","Hot Racer 2pk","Hot Racer 2pk","Unknown","Unknown","Regular","Unknown","Unknown","no_match","No sufficiently specific candidate identified in the two Dynamite catalog files.","Unknown","Manufacturer or UPC/model, exact package/variant and corresponding photo/video.","460","461","461","Items","461"
"CLS3OVOY5B22WFA3L5P3RCOV","8145270245811","","Hot Rod","Hot Rod","Unknown","Unknown","Regular","Unknown","Unknown","no_match","No sufficiently specific candidate identified in the two Dynamite catalog files.","Unknown","Manufacturer or UPC/model, exact package/variant and corresponding photo/video.","461","462","462","Items","462"
"FXE5QLUXVHWMCQYDRZA6DWMA","715244021970","","Hot Sauce Fountain","Hot Sauce Fountain","Unknown","Fountains","Regular","Unknown","Unknown","no_match","No sufficiently specific candidate identified in the two Dynamite catalog files.","Unknown","Manufacturer or UPC/model, exact package/variant and corresponding photo/video.","462","463","463","Items","463"
"4ZLDZRU4KVCXWE6IOXAFVKD2","757801578763","","Hot as Hell","Hot as Hell","Unknown","9-SHOT 500 GRAM RACKS","Regular","Unknown","Unknown","no_match","No sufficiently specific candidate identified in the two Dynamite catalog files.","Unknown","Manufacturer or UPC/model, exact package/variant and corresponding photo/video.","463","464","464","Items","464"
"MKMB5MPSXF6UVGVQ3RMXR4EH","8145270114711","","Howler Fountain","Howler Fountain","Unknown","Fountains","Regular","Unknown","Unknown","no_match","No sufficiently specific candidate identified in the two Dynamite catalog files.","Unknown","Manufacturer or UPC/model, exact package/variant and corresponding photo/video.","464","465","465","Items","465"
"XSHQZDOB32OQODB4SVTRD6EY","705108203000","","Howling Commandos (6 sticks)","Howling Commandos (6 sticks)","Unknown","Stick Rockets","Regular","Unknown","6 sticks","no_match","No sufficiently specific candidate identified in the two Dynamite catalog files.","Unknown","Manufacturer or UPC/model, exact package/variant and corresponding photo/video.","465","466","466","Items","466"
"ZWQVO4JHHW32NG6NCSCNNTGY","757201538145","","Huge White Strobe 500 Gram","Huge White Strobe 500 Gram","Unknown","500 GRAM FINALE","Regular","Unknown","500 Gram","no_match","No sufficiently specific candidate identified in the two Dynamite catalog files.","Unknown","Manufacturer or UPC/model, exact package/variant and corresponding photo/video.","466","467","467","Items","467"
"NWJSW2USYCV5YAHSLZZ3XUBB","8145270281512","","Hungry","Hungry","Unknown","Unknown","Regular","Unknown","Unknown","no_match","No sufficiently specific candidate identified in the two Dynamite catalog files.","Unknown","Manufacturer or UPC/model, exact package/variant and corresponding photo/video.","467","468","468","Items","468"
"AKI3KKIBYKNIRZHLPMG6HPDE","687985901326","","Hydrogen Bomb","Hydrogen Bomb","Unknown","Unknown","Regular","Unknown","Unknown","no_match","No sufficiently specific candidate identified in the two Dynamite catalog files.","Unknown","Manufacturer or UPC/model, exact package/variant and corresponding photo/video.","468","469","469","Items","469"
"URMFO7CTNSV5DHJHIIIIDGAJ","","840142208045","I Love America (3 Cakes)","I Love America (3 Cakes)","Unknown","Unknown","Regular","Unknown","Unknown","no_match","No sufficiently specific candidate identified in the two Dynamite catalog files.","Unknown","Manufacturer or UPC/model, exact package/variant and corresponding photo/video.","469","470","470","Items","470"
"WMH4N3QCURROC2TYDS4KULOZ","681402055845","","I Love Fireworks 500 Gram","I Love Fireworks 500 Gram","Unknown","500 GRAM FINALE","Regular","Unknown","500 Gram","no_match","No sufficiently specific candidate identified in the two Dynamite catalog files.","Unknown","Manufacturer or UPC/model, exact package/variant and corresponding photo/video.","470","471","471","Items","471"
"VW7ETH7XUUVOEGZVXZMRVCU7","022208813213","","I'm ready","I'm ready","Unknown","Fountains","Regular","Unknown","Unknown","no_match","No sufficiently specific candidate identified in the two Dynamite catalog files.","Unknown","Manufacturer or UPC/model, exact package/variant and corresponding photo/video.","471","472","472","Items","472"
"6356CC3S5APWLRMBKDQDCW5X","875330033918","","Ice Cream Cone 4 Pk","Ice Cream Cone 4 Pk","Unknown","Fountains","Regular","Unknown","Unknown","no_match","No sufficiently specific candidate identified in the two Dynamite catalog files.","Unknown","Manufacturer or UPC/model, exact package/variant and corresponding photo/video.","472","473","473","Items","473"
"YXQH6SOSX4CN7OBFRF67NEVE","875330033901","","Ice Cream Cone Mini Fountain","Ice Cream Cone Mini Fountain","Unknown","Fountains","Regular","Unknown","Unknown","no_match","No sufficiently specific candidate identified in the two Dynamite catalog files.","Unknown","Manufacturer or UPC/model, exact package/variant and corresponding photo/video.","473","474","474","Items","474"
"3MHU2W23G5WNERPNZEPAJUVA","705108917129","","Ice Fountains","Ice Fountains","Unknown","Fountains","Regular","Unknown","Unknown","no_match","No sufficiently specific candidate identified in the two Dynamite catalog files.","Unknown","Manufacturer or UPC/model, exact package/variant and corresponding photo/video.","474","475","475","Items","475"
"7J5NQF5D7C6KEDJJ4BNKEKG6","705669335516","","Ignite Large Battery Smartphone Enabled","Ignite Large Battery Smartphone Enabled","Unknown","Unknown","Regular","Unknown","Unknown","no_match","No sufficiently specific candidate identified in the two Dynamite catalog files.","Unknown","Manufacturer or UPC/model, exact package/variant and corresponding photo/video.","475","476","476","Items","476"
"3TARO3566LXW5GTPWVXEX2P6","193936962112","","Ignite The Spark","Ignite The Spark","Unknown","Fountains","Regular","Unknown","Unknown","no_match","No sufficiently specific candidate identified in the two Dynamite catalog files.","Unknown","Manufacturer or UPC/model, exact package/variant and corresponding photo/video.","476","477","477","Items","477"
"WQAF65QJW3S7GIUF6IQ567YB","821600012060","","Illuminati 5 Inch Neon Shells 60 Gram","Illuminati 5 Inch Neon Shells 60 Gram","Unknown","Unknown","Regular","Unknown","5 Inch | 60 Gram","no_match","No sufficiently specific candidate identified in the two Dynamite catalog files.","Unknown","Manufacturer or UPC/model, exact package/variant and corresponding photo/video.","477","478","478","Items","478"
"3OPETP7EWBNMLSAR4WE6LQNY","821600012145","","Illuminati 60 Gram Canister Shells 6 Pack","Illuminati 60 Gram Canister Shells 6 Pack","Unknown","Unknown","Regular","Unknown","60 Gram | 6 Pack","no_match","No sufficiently specific candidate identified in the two Dynamite catalog files.","Unknown","Manufacturer or UPC/model, exact package/variant and corresponding photo/video.","478","479","479","Items","479"
"HBGF2TEENREDHRL5CCFUQF74","681402055838","","Ilove Fireworks","Ilove Fireworks","Unknown","Unknown","Regular","Unknown","Unknown","no_match","No sufficiently specific candidate identified in the two Dynamite catalog files.","Unknown","Manufacturer or UPC/model, exact package/variant and corresponding photo/video.","479","480","480","Items","480"
"4KWGG6GWZ5N3VGLDAW57YTH3","140000104916","","Immortal Phoenix 500g","Immortal Phoenix 500g","Unknown","Unknown","Regular","Unknown","500g","no_match","No sufficiently specific candidate identified in the two Dynamite catalog files.","Unknown","Manufacturer or UPC/model, exact package/variant and corresponding photo/video.","480","481","481","Items","481"
"WNDDQWDUX5IMRUJBVDTK2UCH","8145270190111","","Incenerator","Incenerator","Unknown","Unknown","Regular","Unknown","Unknown","no_match","No sufficiently specific candidate identified in the two Dynamite catalog files.","Unknown","Manufacturer or UPC/model, exact package/variant and corresponding photo/video.","481","482","482","Items","482"
"S7YQMVG7VIYG56HEQ6EMBDTY","757205301769","","Infinity And Beyond 500 Gram","Infinity And Beyond 500 Gram","Unknown","500 GRAM FINALE","Regular","Unknown","500 Gram","no_match","No sufficiently specific candidate identified in the two Dynamite catalog files.","Unknown","Manufacturer or UPC/model, exact package/variant and corresponding photo/video.","482","483","483","Items","483"
"PB4BRS3FE2O4BB5DDXL53LT6","687985909025","","Inside Job","Inside Job","Unknown","Unknown","Regular","Unknown","Unknown","no_match","No sufficiently specific candidate identified in the two Dynamite catalog files.","Unknown","Manufacturer or UPC/model, exact package/variant and corresponding photo/video.","483","484","484","Items","484"
"SXECMCIGNTFKRD4Z3P4NBH77","6942037750043","","Intensedefense","Intensedefense","Unknown","Unknown","Regular","Unknown","Unknown","no_match","No sufficiently specific candidate identified in the two Dynamite catalog files.","Unknown","Manufacturer or UPC/model, exact package/variant and corresponding photo/video.","484","485","485","Items","485"
"MN4MFAPAACK2RIXOGQUVPSPJ","757201536011","","Iron Wolf","Iron Wolf","Unknown","Unknown","Regular","Unknown","Unknown","no_match","No sufficiently specific candidate identified in the two Dynamite catalog files.","Unknown","Manufacturer or UPC/model, exact package/variant and corresponding photo/video.","487","488","488","Items","488"
"NJHD7SM6ZI3QNNOJHFYYRYZ4","753321710966","","Its A Boy","Its A Boy","Unknown","Unknown","Regular","Unknown","Unknown","probable","Name identifies a candidate only; manufacturer and exact presentation have not been established.","gender-reveal.json[0] It's a Boy/Girl - Boom Woow / Unknown / /products/it's-a-boy-girl.png | gender-reveal.json[1] It's a Boy/Girl - T-Sky / Unknown / /products/blue-pink-smoke.png","Manufacturer or UPC/model, exact package/variant and corresponding photo/video.","488","489","489","Items","489"
"P66VDAIWM6ZX7BAZELY54NQD","753321710959","","Its A Girl","Its A Girl","Unknown","Unknown","Regular","Unknown","Unknown","no_match","No sufficiently specific candidate identified in the two Dynamite catalog files.","Unknown","Manufacturer or UPC/model, exact package/variant and corresponding photo/video.","489","490","490","Items","490"
"5RHTFSG3AOTJRALXK7NLSZPO","8145270289310","","Jaw Breaker 200 Gram 25 Shot","Jaw Breaker 200 Gram 25 Shot","Unknown","Unknown","Regular","Unknown","200 Gram | 25 Shot","no_match","No sufficiently specific candidate identified in the two Dynamite catalog files.","Unknown","Manufacturer or UPC/model, exact package/variant and corresponding photo/video.","490","491","491","Items","491"
"2I2ITQB4TQZX3IXYE3UZJNMR","757201220095","","Jawbreaker 25 Shots","Jawbreaker 25 Shots","Unknown","Unknown","Regular","Unknown","25 Shots","no_match","No sufficiently specific candidate identified in the two Dynamite catalog files.","Unknown","Manufacturer or UPC/model, exact package/variant and corresponding photo/video.","491","492","492","Items","492"
"UZCBBHPKUEH64KANXEM37JVQ","687985237715","","Jaws 16 Shot","Jaws 16 Shot","Unknown","Unknown","Regular","Unknown","16 Shot","no_match","No sufficiently specific candidate identified in the two Dynamite catalog files.","Unknown","Manufacturer or UPC/model, exact package/variant and corresponding photo/video.","492","493","493","Items","493"
"JUSF3HFQOT35RZT5ID4CJ5CF","715244021840","","Joker","Joker","Unknown","Unknown","Regular","Unknown","Unknown","no_match","No sufficiently specific candidate identified in the two Dynamite catalog files.","Unknown","Manufacturer or UPC/model, exact package/variant and corresponding photo/video.","493","494","494","Items","494"
"X6GYAZRENGEQ4LKUM7HSEQHR","P8","","Joker","Joker","Unknown","Unknown","Regular","Unknown","Unknown","no_match","No sufficiently specific candidate identified in the two Dynamite catalog files.","Unknown","Manufacturer or UPC/model, exact package/variant and corresponding photo/video.","494","495","495","Items","495"
"KIQSPT7TDOXOPH6FPCTYHWUM","757201225175","","Joker","Joker","Unknown","Unknown","Regular","Unknown","Unknown","no_match","No sufficiently specific candidate identified in the two Dynamite catalog files.","Unknown","Manufacturer or UPC/model, exact package/variant and corresponding photo/video.","495","496","496","Items","496"
"5JYX2SBZ4EQGLVLJKUKNZ5HG","132201950034","","Joker's Wild 500 Gram","Joker's Wild 500 Gram","Unknown","500 GRAM FINALE","Regular","Unknown","500 Gram","no_match","No sufficiently specific candidate identified in the two Dynamite catalog files.","Unknown","Manufacturer or UPC/model, exact package/variant and corresponding photo/video.","496","497","497","Items","497"
"VFDWZ7GPUOWDTWBKHLSGJRVM","715244000890","","Jr. Pyro Backpack","Jr. Pyro Backpack","Unknown","Unknown","Regular","Unknown","Unknown","no_match","No sufficiently specific candidate identified in the two Dynamite catalog files.","Unknown","Manufacturer or UPC/model, exact package/variant and corresponding photo/video.","497","498","498","Items","498"
"7VYA7XIP3PONIS57MJEGTCTA","757202522495","","Juicy Punch 200g","Juicy Punch 200g","Unknown","Unknown","Regular","Unknown","200g","no_match","No sufficiently specific candidate identified in the two Dynamite catalog files.","Unknown","Manufacturer or UPC/model, exact package/variant and corresponding photo/video.","498","499","499","Items","499"
"W34HU7UYYJB7LDAOD6P4LPVL","805253191013","","Jumbo","Jumbo","Unknown","Unknown","Regular","Unknown","Unknown","probable","Name identifies a candidate only; manufacturer and exact presentation have not been established.","products.json[60] Jumbo Crackling Ball MM / Monkey Mania / /products/jumbo-crackling-ball-mm.png | products.json[97] Jumbo Crackling Ball BP / Brothers / /products/jumbo-crackling-ball-bp.png | products.json[192] Jumbo Neon Smoke Ball / Winda / /products/jumbo-neon-smoke-ball.png","Manufacturer or UPC/model, exact package/variant and corresponding photo/video.","499","500","500","Items","500"
"U4RZFA74W7UMWQXRGYKXPVE6","111218312882","","Jumbo 8 ball roman candle","Jumbo 8 ball roman candle","Unknown","Roman Candles","Regular","Unknown","Unknown","probable","Name identifies a candidate only; manufacturer and exact presentation have not been established.","products.json[51] 8 Ball Roman Candle / Monkey Mania / /products/8-ball-roman-candle.png","Manufacturer or UPC/model, exact package/variant and corresponding photo/video.","500","501","501","Items","501"
"PNV3BCPEOI56E2CYQFOWT24C","170000000079","","Jumbo Ground Bloom 4pc","Jumbo Ground Bloom 4pc","Unknown","Unknown","Regular","Unknown","4pc","no_match","No sufficiently specific candidate identified in the two Dynamite catalog files.","Unknown","Manufacturer or UPC/model, exact package/variant and corresponding photo/video.","501","502","502","Items","502"
"SW2SLUS3A4M3XE5YO5YIJZ4D","705108601400","","Jumbo Neon Smoke Balls","Jumbo Neon Smoke Balls","Unknown","Unknown","Regular","Unknown","Unknown","probable","Name identifies a candidate only; manufacturer and exact presentation have not been established.","products.json[192] Jumbo Neon Smoke Ball / Winda / /products/jumbo-neon-smoke-ball.png","Manufacturer or UPC/model, exact package/variant and corresponding photo/video.","502","503","503","Items","503"
"RR5AKZQ5WYTXF32B4QNILETM","715244037230","","Jumbo Neon Smoke Balls","Jumbo Neon Smoke Balls","Unknown","Unknown","Jumbo Smoke Bombs","Jumbo Smoke Bombs","Unknown","probable","Name identifies a candidate only; manufacturer and exact presentation have not been established.","products.json[192] Jumbo Neon Smoke Ball / Winda / /products/jumbo-neon-smoke-ball.png","Manufacturer or UPC/model, exact package/variant and corresponding photo/video.","503","504","504","Items","504"
"A7MJHPJKX7PZSWVUZS63N7EX","715244057238","","Jumbo Smoke Bomb","Jumbo Smoke Bomb","Unknown","Unknown","Regular","Unknown","Unknown","no_match","No sufficiently specific candidate identified in the two Dynamite catalog files.","Unknown","Manufacturer or UPC/model, exact package/variant and corresponding photo/video.","504","505","505","Items","505"
"B6525IJMRT4TZHPC7KLWUVNP","715244047239","","Jumbo Smoke Bomb","Jumbo Smoke Bomb","Unknown","Unknown","Regular","Unknown","Unknown","no_match","No sufficiently specific candidate identified in the two Dynamite catalog files.","Unknown","Manufacturer or UPC/model, exact package/variant and corresponding photo/video.","505","506","506","Items","506"
"YKNOZA5YQVLENZX6KF62UIZ6","715244017232","","Jumbo Smoke Bomb","Jumbo Smoke Bomb","Unknown","Unknown","Regular","Unknown","Unknown","no_match","No sufficiently specific candidate identified in the two Dynamite catalog files.","Unknown","Manufacturer or UPC/model, exact package/variant and corresponding photo/video.","506","507","507","Items","507"
"YX55CVQXMUBMWCTOKMWCKXCU","211471323387","","Jumbo Texas Rocket (6 sticks)","Jumbo Texas Rocket (6 sticks)","Unknown","Stick Rockets","Regular","Unknown","6 sticks","no_match","No sufficiently specific candidate identified in the two Dynamite catalog files.","Unknown","Manufacturer or UPC/model, exact package/variant and corresponding photo/video.","507","508","508","Items","508"
"MOXRWPWWMQ5SUT4WOH6OQJLB","715244004843","","Jumbo Texas Rocket (6 sticks)","Jumbo Texas Rocket (6 sticks)","Unknown","Stick Rockets","Texas Bandit Rocket","Texas Bandit Rocket","6 sticks","no_match","No sufficiently specific candidate identified in the two Dynamite catalog files.","Unknown","Manufacturer or UPC/model, exact package/variant and corresponding photo/video.","508","509","509","Items","509"
"G5DP2C4PMD5CQGRSTL3IRSZA","","687985424719","Jumboshell Fountain","Jumboshell Fountain","Unknown","Unknown","Regular","Unknown","Unknown","no_match","No sufficiently specific candidate identified in the two Dynamite catalog files.","Unknown","Manufacturer or UPC/model, exact package/variant and corresponding photo/video.","509","510","510","Items","510"
"DV35VE7B7THZWF5QNIBDNOZB","687985271115","","Jump Master","Jump Master","Unknown","Unknown","Regular","Unknown","Unknown","no_match","No sufficiently specific candidate identified in the two Dynamite catalog files.","Unknown","Manufacturer or UPC/model, exact package/variant and corresponding photo/video.","510","511","511","Items","511"
"IU3TKO7KVSVTFEZ2FTB6KEXE","200000902018","","Jumping Jacks 12 Pk","Jumping Jacks 12 Pk","Unknown","Unknown","Regular","Unknown","Unknown","no_match","No sufficiently specific candidate identified in the two Dynamite catalog files.","Unknown","Manufacturer or UPC/model, exact package/variant and corresponding photo/video.","511","512","512","Items","512"
"MVWLXKMOVOHGCSTSHQCKAW53","725272730713","","Jumping Jacks 48 Packs Brick","Jumping Jacks 48 Packs Brick","Unknown","Unknown","Regular","Unknown","48 Pack","no_match","No sufficiently specific candidate identified in the two Dynamite catalog files.","Unknown","Manufacturer or UPC/model, exact package/variant and corresponding photo/video.","512","513","513","Items","513"
"63ABDUN5QZKYCRCKJWCMX43N","725272730720","","Jumping Jacks Single Pack BOGO","Jumping Jacks Single Pack","Unknown","Unknown","Regular","Unknown","Unknown","no_match","No sufficiently specific candidate identified in the two Dynamite catalog files.","Unknown","Manufacturer or UPC/model, exact package/variant and corresponding photo/video.","513","514","514","Items","514"
"PCD2Q6Z2XMIGC4HW3QMTTN4K","952009001017","","Junior Pyro Pack","Junior Pyro Pack","Unknown","Family Pack Assortments","Regular","Unknown","Unknown","no_match","No sufficiently specific candidate identified in the two Dynamite catalog files.","Unknown","Manufacturer or UPC/model, exact package/variant and corresponding photo/video.","514","515","515","Items","515"
"DMBYJ54GK3GFAH6WXUJ6V2VI","","","Ka Kaw","Ka Kaw","Unknown","Unknown","Regular","Unknown","Unknown","no_match","No sufficiently specific candidate identified in the two Dynamite catalog files.","Unknown","Manufacturer or UPC/model, exact package/variant and corresponding photo/video.","515","516","516","Items","516"
"HP6WUDDBL7N7TKZ753OPIJSA","814527200245","","Keeping It Real","Keeping It Real","Unknown","Unknown","Regular","Unknown","Unknown","no_match","No sufficiently specific candidate identified in the two Dynamite catalog files.","Unknown","Manufacturer or UPC/model, exact package/variant and corresponding photo/video.","516","517","517","Items","517"
"CLEPS4WYDO4XJDMUPA2CKO23","193936959969","","Kids Backpack Girl an d Boys","Kids Backpack Girl an d Boys","Unknown","Family Pack Assortments","Regular","Unknown","Unknown","no_match","No sufficiently specific candidate identified in the two Dynamite catalog files.","Unknown","Manufacturer or UPC/model, exact package/variant and corresponding photo/video.","517","518","518","Items","518"
"QI3R6QYYRQTBZYVBWLC7HM56","8052530044315","","Kids Backpack Girl an d Boys","Kids Backpack Girl an d Boys","Unknown","Family Pack Assortments","Kids Bag","Kids Bag","Unknown","no_match","No sufficiently specific candidate identified in the two Dynamite catalog files.","Unknown","Manufacturer or UPC/model, exact package/variant and corresponding photo/video.","518","519","519","Items","519"
"LRWLP66BQSB3PJEXKSCASG2E","705108003402","","Kids Fun Assortment Pack","Kids Fun Assortment Pack","Unknown","Unknown","Regular","Unknown","Unknown","no_match","No sufficiently specific candidate identified in the two Dynamite catalog files.","Unknown","Manufacturer or UPC/model, exact package/variant and corresponding photo/video.","519","520","520","Items","520"
"QKRK7IYAFXKSB4YNKICGHL7J","715244001705","","Kids Pack Family Pack","Kids Pack Family Pack","Unknown","Family Pack Assortments","Regular","Unknown","Unknown","no_match","No sufficiently specific candidate identified in the two Dynamite catalog files.","Unknown","Manufacturer or UPC/model, exact package/variant and corresponding photo/video.","520","521","521","Items","521"
"BZP7WM6U5DGAMNC6KELDK7KF","816597940465","","Killer Bee","Killer Bee","Unknown","Unknown","Regular","Unknown","Unknown","no_match","No sufficiently specific candidate identified in the two Dynamite catalog files.","Unknown","Manufacturer or UPC/model, exact package/variant and corresponding photo/video.","521","522","522","Items","522"
"ECRRSP2ZMN4T7UNEMZ4BZFUH","","612005102001","Killer Bee/Cuckoo","Killer Bee/Cuckoo","Unknown","Fountains","Regular","Unknown","Unknown","no_match","No sufficiently specific candidate identified in the two Dynamite catalog files.","Unknown","Manufacturer or UPC/model, exact package/variant and corresponding photo/video.","522","523","523","Items","523"
"GN6GTM3R7RHZGWD5MT7VVRG4","816597940458","","Killerbee","Killerbee","Unknown","Unknown","Regular","Unknown","Unknown","no_match","No sufficiently specific candidate identified in the two Dynamite catalog files.","Unknown","Manufacturer or UPC/model, exact package/variant and corresponding photo/video.","523","524","524","Items","524"
"OMGMX6DJTL7HV73NBAQWE5BL","","690151170174","King Bird 500ct roll","King Bird 500ct roll","Unknown","Unknown","Regular","Unknown","500ct","no_match","No sufficiently specific candidate identified in the two Dynamite catalog files.","Unknown","Manufacturer or UPC/model, exact package/variant and corresponding photo/video.","524","525","525","Items","525"
"PWYZQFTHJFKS7DQI5MFQSDSU","757201624015","","King Dragon 6"" Artillery Shells 24 pack","King Dragon 6"" Artillery Shells 24 pack","Unknown","24 Pack Artillery Shells 6""","Regular","Unknown","6"" | 24 pack","no_match","No sufficiently specific candidate identified in the two Dynamite catalog files.","Unknown","Manufacturer or UPC/model, exact package/variant and corresponding photo/video.","525","526","526","Items","526"
"RA4VSFNKBR2CEE73XSVYKDAB","814527311613","","Kiss Of The Dead Fountain","Kiss Of The Dead Fountain","Unknown","Fountains","Regular","Unknown","Unknown","no_match","No sufficiently specific candidate identified in the two Dynamite catalog files.","Unknown","Manufacturer or UPC/model, exact package/variant and corresponding photo/video.","526","527","527","Items","527"
"2EIQZBY4IHX6J4BPEZ2XX2GS","757202119619","","Knight Rider 96 Shot Fiesta","Knight Rider 96 Shot Fiesta","Unknown","Unknown","Regular","Unknown","96 Shot","no_match","Square Knight Rider 96 Shot Fiesta resembles approved Night Rider 96 Shot Monkey Mania, but brand/name difference remains unresolved; existing item preserved, no duplicate imported.","Unknown","Manufacturer or UPC/model, exact package/variant and corresponding photo/video.","527","528","528","Items","528"
"X5O47VHFJNLVVTMJW4FUZ5UB","687985429417","","Krakatoa Fountain","Krakatoa Fountain","Unknown","Fountains","Regular","Unknown","Unknown","no_match","No sufficiently specific candidate identified in the two Dynamite catalog files.","Unknown","Manufacturer or UPC/model, exact package/variant and corresponding photo/video.","528","529","529","Items","529"
"Q5HH6SPCEJBA62VMBYKNGSOV","8052531605126","","Lady Bugs-3 Pk","Lady Bugs-3 Pk","Unknown","Unknown","Regular","Unknown","Unknown","probable","Name identifies a candidate only; manufacturer and exact presentation have not been established.","products.json[96] Lady Bugs / Brothers / products/lady-bugs.png","Manufacturer or UPC/model, exact package/variant and corresponding photo/video.","529","530","530","Items","530"
"UNM6M7P645DLCLTNLXP5OQJ4","687985503520","","Lady Bugs-3 Pk","Lady Bugs-3 Pk","Unknown","Unknown","Lady Bug 2","Lady Bug 2","Unknown","probable","Name identifies a candidate only; manufacturer and exact presentation have not been established.","products.json[96] Lady Bugs / Brothers / products/lady-bugs.png","Manufacturer or UPC/model, exact package/variant and corresponding photo/video.","530","531","531","Items","531"
"FXAWO2ORUEY3N7AYTOIPM244","132190190015","","Ladybug","Ladybug","Unknown","Unknown","Regular","Unknown","Unknown","probable","Name identifies a candidate only; manufacturer and exact presentation have not been established.","products.json[96] Lady Bugs / Brothers / products/lady-bugs.png","Manufacturer or UPC/model, exact package/variant and corresponding photo/video.","531","532","532","Items","532"
"OBPFIRSKYIEBMVW777KGEAUA","887946030052","","Ladybugs","Ladybugs","Unknown","Unknown","Regular","Unknown","Unknown","probable","Name identifies a candidate only; manufacturer and exact presentation have not been established.","products.json[96] Lady Bugs / Brothers / products/lady-bugs.png","Manufacturer or UPC/model, exact package/variant and corresponding photo/video.","532","533","533","Items","533"
"TSVQXFSUPJ6YFG3POYTTB6UR","821611108035","","Ladybugs 3pk","Ladybugs 3pk","Unknown","Unknown","Regular","Unknown","Unknown","probable","Name identifies a candidate only; manufacturer and exact presentation have not been established.","products.json[96] Lady Bugs / Brothers / products/lady-bugs.png","Manufacturer or UPC/model, exact package/variant and corresponding photo/video.","533","534","534","Items","534"
"XZN7DKWNDG3J6PTPAD2S5X2W","757202400021","","Land Of Free Artillery Shells 36 Shells/54 Breaks","Land Of Free Artillery Shells 36 Shells/54 Breaks","Unknown","Artillery Packs MultiShell MultiBreaks","Regular","Unknown","36 Shells | 54 Breaks","probable","Name identifies a candidate only; manufacturer and exact presentation have not been established.","products.json[59] The Land of the Free / Monkey Mania / /products/land-of-the-free.png","Manufacturer or UPC/model, exact package/variant and corresponding photo/video.","534","535","535","Items","535"
"5PZUSQXRNXS7BQS5NFUUIQSE","753321710454","","Lantern Fountain","Lantern Fountain","Unknown","Fountains","Regular","Unknown","Unknown","no_match","No sufficiently specific candidate identified in the two Dynamite catalog files.","Unknown","Manufacturer or UPC/model, exact package/variant and corresponding photo/video.","535","536","536","Items","536"
"3EEWE3FYRYUDB6PR7KTM2HCK","943100700107","","Large Tank. 2 Pcs","Large Tank. 2 Pcs","Unknown","Unknown","Regular","Unknown","2 Pcs","no_match","No sufficiently specific candidate identified in the two Dynamite catalog files.","Unknown","Manufacturer or UPC/model, exact package/variant and corresponding photo/video.","536","537","537","Items","537"
"4GI5LHY7Q6XWJEL5UGID7TZC","841527142015","","Laser Show","Laser Show","Unknown","Unknown","Regular","Unknown","Unknown","no_match","No sufficiently specific candidate identified in the two Dynamite catalog files.","Unknown","Manufacturer or UPC/model, exact package/variant and corresponding photo/video.","537","538","538","Items","538"
"XV7KE6QBZI7WEMU4JOBKEQJ2","757201324052","","Let Freedom Ring 5"" Artillery Shells 24 pack","Let Freedom Ring 5"" Artillery Shells 24 pack","Unknown","24 Pack Canister Artillery Shells 5 INCH","Regular","Unknown","5"" | 24 pack","no_match","No sufficiently specific candidate identified in the two Dynamite catalog files.","Unknown","Manufacturer or UPC/model, exact package/variant and corresponding photo/video.","538","539","539","Items","539"
"BMPHOHCUPLEU37EOBN6ERLMH","8145270160510","","Liberty Artillery (12 pcs)","Liberty Artillery (12 pcs)","Unknown","Artillery/Festival Balls","Regular","Unknown","12 pcs","no_match","No sufficiently specific candidate identified in the two Dynamite catalog files.","Unknown","Manufacturer or UPC/model, exact package/variant and corresponding photo/video.","540","541","541","Items","541"
"GP4VTTYIGJ6FXPLM52AVKSEX","687985245314","","Light Bergade","Light Bergade","Unknown","Unknown","Regular","Unknown","Unknown","no_match","No sufficiently specific candidate identified in the two Dynamite catalog files.","Unknown","Manufacturer or UPC/model, exact package/variant and corresponding photo/video.","541","542","542","Items","542"
"PLXKY7XP7HIFWURQKCXESCDY","849107066003","","Light Force","Light Force","Unknown","Unknown","Regular","Unknown","Unknown","no_match","No sufficiently specific candidate identified in the two Dynamite catalog files.","Unknown","Manufacturer or UPC/model, exact package/variant and corresponding photo/video.","542","543","543","Items","543"
"VCUKBUQFGBHITI5MGJF2ATJD","201207210883","","Light Sabber","Light Sabber","Unknown","Unknown","Regular","Unknown","Unknown","no_match","No sufficiently specific candidate identified in the two Dynamite catalog files.","Unknown","Manufacturer or UPC/model, exact package/variant and corresponding photo/video.","543","544","544","Items","544"
"PI624V7CGZSW6BMHCLL66ANX","201207210807","","Light Saber","Light Saber","Unknown","Unknown","Regular","Unknown","Unknown","no_match","No sufficiently specific candidate identified in the two Dynamite catalog files.","Unknown","Manufacturer or UPC/model, exact package/variant and corresponding photo/video.","544","545","545","Items","545"
"TRDQTM43H6XJ7JTOME3ED7FC","","","Lightning Strike 500 Gram","Lightning Strike 500 Gram","Unknown","500 GRAM FINALE","Regular","Unknown","500 Gram","no_match","No sufficiently specific candidate identified in the two Dynamite catalog files.","Unknown","Manufacturer or UPC/model, exact package/variant and corresponding photo/video.","545","546","546","Items","546"
"FUFWY64SEL3Y52JVLL2IP6O4","757201536387","","Lightning Strike 500 Gram","Lightning Strike 500 Gram","Unknown","500 GRAM FINALE","Regular","Unknown","500 Gram","no_match","No sufficiently specific candidate identified in the two Dynamite catalog files.","Unknown","Manufacturer or UPC/model, exact package/variant and corresponding photo/video.","546","547","547","Items","547"
"M7GH3VKDSETMT54262ZWTB7W","","805253438415","Line of Duty","Line of Duty","Unknown","Unknown","Regular","Unknown","Unknown","no_match","No sufficiently specific candidate identified in the two Dynamite catalog files.","Unknown","Manufacturer or UPC/model, exact package/variant and corresponding photo/video.","547","548","548","Items","548"
"63X5ZTQYID5MAA2WEKPI7PEC","805253131064","","Loyal To None 500 Gram","Loyal To None 500 Gram","Unknown","500 GRAM FINALE","Regular","Unknown","500 Gram","no_match","No sufficiently specific candidate identified in the two Dynamite catalog files.","Unknown","Manufacturer or UPC/model, exact package/variant and corresponding photo/video.","548","549","549","Items","549"
"VMYN6UPNN3KN2G2KWMHQSAU3","8052531312116","","Loyal To None 500 Gram","Loyal To None 500 Gram","Unknown","500 GRAM FINALE","Regular","Unknown","500 Gram","no_match","No sufficiently specific candidate identified in the two Dynamite catalog files.","Unknown","Manufacturer or UPC/model, exact package/variant and corresponding photo/video.","549","550","550","Items","550"
"DM4RMWLVBBUGLXYFTBGIJX3N","705108602063","705108602063","Lucky Streak","Lucky Streak","Unknown","Unknown","Regular","Unknown","Unknown","no_match","No sufficiently specific candidate identified in the two Dynamite catalog files.","Unknown","Manufacturer or UPC/model, exact package/variant and corresponding photo/video.","550","551","551","Items","551"
"B6MEMAN2F7QOS724HQMX2VKA","687985003938","","M- Firecracker","M- Firecracker","Unknown","Unknown","Regular","Unknown","Unknown","no_match","No sufficiently specific candidate identified in the two Dynamite catalog files.","Unknown","Manufacturer or UPC/model, exact package/variant and corresponding photo/video.","551","552","552","Items","552"
"QPUT43JR5KAG6XLZUI3INWCD","851866115410","","M-1000 12 Pk","M-1000 12 Pk","Unknown","Unknown","Regular","Unknown","Unknown","no_match","No sufficiently specific candidate identified in the two Dynamite catalog files.","Unknown","Manufacturer or UPC/model, exact package/variant and corresponding photo/video.","552","553","553","Items","553"
"X7P67M6U25SNAVKSLJSSR6XU","715244001170","","M-150BlackCat 12 ct.   BOGO $6.00 TOTAL","M-150BlackCat 12 ct. $6.00 TOTAL","Unknown","Unknown","Regular","Unknown","12 ct","no_match","No sufficiently specific candidate identified in the two Dynamite catalog files.","Unknown","Manufacturer or UPC/model, exact package/variant and corresponding photo/video.","553","554","554","Items","554"
"33DEEREZKI62DJXZO7UKLFFK","816597923727","","M-200 Salute","M-200 Salute","Unknown","Unknown","Regular","Unknown","Unknown","no_match","No sufficiently specific candidate identified in the two Dynamite catalog files.","Unknown","Manufacturer or UPC/model, exact package/variant and corresponding photo/video.","554","555","555","Items","555"
"BRJJ5AYGIIXJVXDAM3MSGXVS","8052530020210","","M-5000 36pc","M-5000 36pc","Unknown","Unknown","Regular","Unknown","36pc","no_match","No sufficiently specific candidate identified in the two Dynamite catalog files.","Unknown","Manufacturer or UPC/model, exact package/variant and corresponding photo/video.","555","556","556","Items","556"
"WXWPSN4ND2Z3WGEC2GAJCWE6","8052530020319","","M-5000 Salute Cracker 12 pcs BOGO","M-5000 Salute Cracker 12 pcs","Unknown","Unknown","Regular","Unknown","12 pcs","no_match","No sufficiently specific candidate identified in the two Dynamite catalog files.","Unknown","Manufacturer or UPC/model, exact package/variant and corresponding photo/video.","556","557","557","Items","557"
"3NQOHAQKGQEEURIQHZHJ4DRU","8145270103616","","M-5000 Salute Crackers","M-5000 Salute Crackers","Unknown","Unknown","Regular","Unknown","Unknown","no_match","No sufficiently specific candidate identified in the two Dynamite catalog files.","Unknown","Manufacturer or UPC/model, exact package/variant and corresponding photo/video.","557","558","558","Items","558"
"WAREXJ2FSP76WHLIUSUS2B44","851866091479","","M-60 Firecrackers","M-60 Firecrackers","Unknown","Unknown","Regular","Unknown","Unknown","no_match","No sufficiently specific candidate identified in the two Dynamite catalog files.","Unknown","Manufacturer or UPC/model, exact package/variant and corresponding photo/video.","558","559","559","Items","559"
"HGMXNTVC7ZU4LQK4OWFPHQBW","715244003501","","M-85 Tank Black Cat","M-85 Tank Black Cat","Black Cat","Unknown","Regular","Unknown","Unknown","no_match","No sufficiently specific candidate identified in the two Dynamite catalog files.","Unknown","Manufacturer or UPC/model, exact package/variant and corresponding photo/video.","559","560","560","Items","560"
"VNSBHW2JFT7YH7Z45FOYZXPC","687985712700","","M1 Abrams","M1 Abrams","Unknown","Unknown","Regular","Unknown","Unknown","no_match","No sufficiently specific candidate identified in the two Dynamite catalog files.","Unknown","Manufacturer or UPC/model, exact package/variant and corresponding photo/video.","560","561","561","Items","561"
"MYGOS6NQDT54NB7PCTWKCZ3Z","715244001149","","M150","M150","Unknown","Unknown","Regular","Unknown","Unknown","no_match","No sufficiently specific candidate identified in the two Dynamite catalog files.","Unknown","Manufacturer or UPC/model, exact package/variant and corresponding photo/video.","561","562","562","Items","562"
"IWCZSPONSC7YZZZ4ASZW7EOB","814527302710","","Machine Gun","Machine Gun","Unknown","Roman Candles","Regular","Unknown","Unknown","no_match","No sufficiently specific candidate identified in the two Dynamite catalog files.","Unknown","Manufacturer or UPC/model, exact package/variant and corresponding photo/video.","562","563","563","Items","563"
"IS467D3ZI7OHYACMDLLSTIGE","715244022410","","Mad Cat Fountain","Mad Cat Fountain","Unknown","Fountains","Regular","Unknown","Unknown","no_match","No sufficiently specific candidate identified in the two Dynamite catalog files.","Unknown","Manufacturer or UPC/model, exact package/variant and corresponding photo/video.","563","564","564","Items","564"
"4TG53MYUHLIM42CZSPF6DYWV","687985910908","","Maelstrom  24 Shell 6""","Maelstrom 24 Shell 6""","Unknown","Unknown","Regular","Unknown","24 Shell | 6""","no_match","No sufficiently specific candidate identified in the two Dynamite catalog files.","Unknown","Manufacturer or UPC/model, exact package/variant and corresponding photo/video.","564","565","565","Items","565"
"HZAI6FQNRWPH7CBFYH23JPRX","814527200436","","Mafia 200 Gram 16 Shot","Mafia 200 Gram 16 Shot","Unknown","Unknown","Regular","Unknown","200 Gram | 16 Shot","no_match","No sufficiently specific candidate identified in the two Dynamite catalog files.","Unknown","Manufacturer or UPC/model, exact package/variant and corresponding photo/video.","565","566","566","Items","566"
"RSRJ5PRTCUG52YISOMQOF4VO","705108700714","","Magic Bunny_BOGO","Magic Bunny_BOGO","Unknown","Unknown","Regular","Unknown","Unknown","no_match","No sufficiently specific candidate identified in the two Dynamite catalog files.","Unknown","Manufacturer or UPC/model, exact package/variant and corresponding photo/video.","566","567","567","Items","567"
"XIZ5ULSCWUKFNWGTUJN7RBC7","287985242216","","Magic Carpet 200g","Magic Carpet 200g","Unknown","Unknown","Regular","Unknown","200g","no_match","No sufficiently specific candidate identified in the two Dynamite catalog files.","Unknown","Manufacturer or UPC/model, exact package/variant and corresponding photo/video.","567","568","568","Items","568"
"DNK6Z7PLBHKQRMCA3SSJLZ3T","687985502820","","Magic Crystal","Magic Crystal","Unknown","Unknown","Regular","Unknown","Unknown","no_match","No sufficiently specific candidate identified in the two Dynamite catalog files.","Unknown","Manufacturer or UPC/model, exact package/variant and corresponding photo/video.","568","569","569","Items","569"
"DNDROXQ36U2E6P3ESPN3OFYO","8145270245514","","Magic Eye 42 Shot","Magic Eye 42 Shot","Unknown","Unknown","Regular","Unknown","42 Shot","no_match","No sufficiently specific candidate identified in the two Dynamite catalog files.","Unknown","Manufacturer or UPC/model, exact package/variant and corresponding photo/video.","569","570","570","Items","570"
"G74C3PQXCCIBCMYS72BLUZYP","757205301745","","Magic Light","Magic Light","Unknown","Unknown","Regular","Unknown","Unknown","no_match","No sufficiently specific candidate identified in the two Dynamite catalog files.","Unknown","Manufacturer or UPC/model, exact package/variant and corresponding photo/video.","570","571","571","Items","571"
"LSG5WQCGT6ZAPEYBEPB25DRC","","8145270120521","Magic Sky","Magic Sky","Unknown","Unknown","Regular","Unknown","Unknown","no_match","No sufficiently specific candidate identified in the two Dynamite catalog files.","Unknown","Manufacturer or UPC/model, exact package/variant and corresponding photo/video.","571","572","572","Items","572"
"YM3NLUUHT3EWEGLHTFGS5RBM","","000000339162","Magic Wands","Magic Wands","Unknown","Unknown","Regular","Unknown","Unknown","no_match","No sufficiently specific candidate identified in the two Dynamite catalog files.","Unknown","Manufacturer or UPC/model, exact package/variant and corresponding photo/video.","572","573","573","Items","573"
"ELISRVGSZLOV7VVRCNLZLY5O","715244064120","","Magical Garage 100 shot","Magical Garage 100 shot","Unknown","Unknown","Regular","Unknown","100 shot","no_match","No sufficiently specific candidate identified in the two Dynamite catalog files.","Unknown","Manufacturer or UPC/model, exact package/variant and corresponding photo/video.","573","574","574","Items","574"
"2LT37G7DBZSXXTSZOJEXGBDM","6801490056874","","Magical Shots Barrage 100 Shot","Magical Shots Barrage 100 Shot","Unknown","Unknown","Regular","Unknown","100 Shot","no_match","No sufficiently specific candidate identified in the two Dynamite catalog files.","Unknown","Manufacturer or UPC/model, exact package/variant and corresponding photo/video.","574","575","575","Items","575"
"BATDQ2BB2DBWSRLIYDMUHFPI","757201572064","","Magnum Tremors","Magnum Tremors","Unknown","9-SHOT 500 GRAM RACKS","Regular","Unknown","Unknown","no_match","No sufficiently specific candidate identified in the two Dynamite catalog files.","Unknown","Manufacturer or UPC/model, exact package/variant and corresponding photo/video.","575","576","576","Items","576"
"QHR2H5KR63JK43L2NX2HHNCI","","805253396814","Major Mojo Family Pack","Major Mojo Family Pack","Unknown","Family Pack Assortments","Regular","Unknown","Unknown","no_match","No sufficiently specific candidate identified in the two Dynamite catalog files.","Unknown","Manufacturer or UPC/model, exact package/variant and corresponding photo/video.","576","577","577","Items","577"
"R3E444VOODWZJ3YN4WLMQE5M","943100700046","","Mammoth Smoke","Mammoth Smoke","Unknown","Unknown","Regular","Unknown","Unknown","no_match","No sufficiently specific candidate identified in the two Dynamite catalog files.","Unknown","Manufacturer or UPC/model, exact package/variant and corresponding photo/video.","578","579","579","Items","579"
"Q55HTE45LQTGDHAPZE5PBSHG","043100700128","","Mardigrais","Mardigrais","Unknown","Unknown","Regular","Unknown","Unknown","no_match","No sufficiently specific candidate identified in the two Dynamite catalog files.","Unknown","Manufacturer or UPC/model, exact package/variant and corresponding photo/video.","580","581","581","Items","581"
"5JPUFA6DW2VVHUQEXK7JAJC3","715244065356","","Mass Confusion 500G 45 Shot","Mass Confusion 500G 45 Shot","Unknown","Unknown","Regular","Unknown","500G | 45 Shot","no_match","No sufficiently specific candidate identified in the two Dynamite catalog files.","Unknown","Manufacturer or UPC/model, exact package/variant and corresponding photo/video.","581","582","582","Items","582"
"URA6MCFC6SIPCMFNC37DWJZ7","023063113241","","Mat Beast (12 pcs)","Mat Beast (12 pcs)","Unknown","Artillery/Festival Balls","Regular","Unknown","12 pcs","no_match","No sufficiently specific candidate identified in the two Dynamite catalog files.","Unknown","Manufacturer or UPC/model, exact package/variant and corresponding photo/video.","582","583","583","Items","583"
"HGIK5WH6JXZ7ZN67PVW5BCLM","662019061016","","Max Caliber 24 Shots","Max Caliber 24 Shots","Unknown","Unknown","Regular","Unknown","24 Shots","no_match","No sufficiently specific candidate identified in the two Dynamite catalog files.","Unknown","Manufacturer or UPC/model, exact package/variant and corresponding photo/video.","583","584","584","Items","584"
"7OHLMFFWUS7NBPRKIHKWX3HX","687985121229","","Maximum Altitude","Maximum Altitude","Unknown","Unknown","Regular","Unknown","Unknown","no_match","No sufficiently specific candidate identified in the two Dynamite catalog files.","Unknown","Manufacturer or UPC/model, exact package/variant and corresponding photo/video.","584","585","585","Items","585"
"MD45INUFCC64T2JKSK5NHQNX","687985283811","","Mechanical Bug 100 Shots","Mechanical Bug 100 Shots","Unknown","Unknown","Regular","Unknown","100 Shots","no_match","No sufficiently specific candidate identified in the two Dynamite catalog files.","Unknown","Manufacturer or UPC/model, exact package/variant and corresponding photo/video.","585","586","586","Items","586"
"HJH4HOGWHQBLBADRC7JH2ALP","680149048844","","Mega Black Smoke","Mega Black Smoke","Unknown","Unknown","Regular","Unknown","Unknown","no_match","No sufficiently specific candidate identified in the two Dynamite catalog files.","Unknown","Manufacturer or UPC/model, exact package/variant and corresponding photo/video.","586","587","587","Items","587"
"Z5MKLBVDY42ZEGMNQM634VML","821500004240","","Mega Gatling gun","Mega Gatling gun","Unknown","Roman Candles","Regular","Unknown","Unknown","probable","Name identifies a candidate only; manufacturer and exact presentation have not been established.","products.json[91] Gatling Gun / Brothers / products/gatling-gun.png","Manufacturer or UPC/model, exact package/variant and corresponding photo/video.","587","588","588","Items","588"
"A3F734LVXNN23JWR536FAGGM","702367266708","","Mega Gatling gun","Mega Gatling gun","Unknown","Roman Candles","gatling gun","gatling gun","Unknown","probable","Name identifies a candidate only; manufacturer and exact presentation have not been established.","products.json[91] Gatling Gun / Brothers / products/gatling-gun.png","Manufacturer or UPC/model, exact package/variant and corresponding photo/video.","588","589","589","Items","589"
"KRKT5JIOTMJLYMEFOTCJ5EIA","6510475378978","","Mega Pyro Huge Burst (6 pcs)","Mega Pyro Huge Burst (6 pcs)","Unknown","Artillery/Festival Balls","Regular","Unknown","6 pcs","no_match","No sufficiently specific candidate identified in the two Dynamite catalog files.","Unknown","Manufacturer or UPC/model, exact package/variant and corresponding photo/video.","589","590","590","Items","590"
"HQNE5XO5MPLYQSKG3O7U6WCT","757201536219","","Mega Shark","Mega Shark","Unknown","Unknown","Regular","Unknown","Unknown","no_match","No sufficiently specific candidate identified in the two Dynamite catalog files.","Unknown","Manufacturer or UPC/model, exact package/variant and corresponding photo/video.","590","591","591","Items","591"
"JZSYHXE4DQ7QGMED4JK76XXM","687985260812","","Megawatt-295 Shots","Megawatt-295 Shots","Unknown","Unknown","Regular","Unknown","295 Shots","no_match","No sufficiently specific candidate identified in the two Dynamite catalog files.","Unknown","Manufacturer or UPC/model, exact package/variant and corresponding photo/video.","591","592","592","Items","592"
"TCGFJ3MNAOY5DEHCFZ2BL2R5","8143270144011","","Mexican Jumping Beans","Mexican Jumping Beans","Unknown","Fountains","Regular","Unknown","Unknown","no_match","No sufficiently specific candidate identified in the two Dynamite catalog files.","Unknown","Manufacturer or UPC/model, exact package/variant and corresponding photo/video.","592","593","593","Items","593"
"KHIVIS7UANCQIZECYUTTC465","8145271617112","","Mickealangelo","Mickealangelo","Unknown","Unknown","Regular","Unknown","Unknown","no_match","No sufficiently specific candidate identified in the two Dynamite catalog files.","Unknown","Manufacturer or UPC/model, exact package/variant and corresponding photo/video.","593","594","594","Items","594"
"E3UXSYRN2VAH4HHUW5HI4IHN","687985234615","","Midnight 500 Gram","Midnight 500 Gram","Unknown","500 GRAM FINALE > 500 GRAM FINALE ZIPPER CAKES","Regular","Unknown","500 Gram","no_match","No sufficiently specific candidate identified in the two Dynamite catalog files.","Unknown","Manufacturer or UPC/model, exact package/variant and corresponding photo/video.","594","595","595","Items","595"
"L57MW34TGTU7YAZAPRRLPOM6","705108550906","","Midnight Sun 500 Gram","Midnight Sun 500 Gram","Unknown","500 GRAM FINALE","Regular","Unknown","500 Gram","no_match","No sufficiently specific candidate identified in the two Dynamite catalog files.","Unknown","Manufacturer or UPC/model, exact package/variant and corresponding photo/video.","595","596","596","Items","596"
"53PBIUYJWPQ6AXGVJZXUFE2J","757205301578","","Midnight Sun 500g","Midnight Sun 500g","Unknown","500 GRAM FINALE","Regular","Unknown","500g","no_match","No sufficiently specific candidate identified in the two Dynamite catalog files.","Unknown","Manufacturer or UPC/model, exact package/variant and corresponding photo/video.","596","597","597","Items","597"
"NNYHMJELCPBMXZXPPDDZYQXP","8052530054413","","Mighty Cracker 100pc BOGO","Mighty Cracker 100pc","Unknown","Unknown","30","30","100pc","no_match","No sufficiently specific candidate identified in the two Dynamite catalog files.","Unknown","Manufacturer or UPC/model, exact package/variant and corresponding photo/video.","597","598","598","Items","598"
"FAKGVMBHNQU7F7YPGIINCLPD","821600001156","","Mighty Cracker 100pc BOGO","Mighty Cracker 100pc","Unknown","Unknown","Mighty Crackers","Mighty Crackers","100pc","no_match","No sufficiently specific candidate identified in the two Dynamite catalog files.","Unknown","Manufacturer or UPC/model, exact package/variant and corresponding photo/video.","598","599","599","Items","599"
"BHYRBZW52FWBQHJ6QZ4MKZPT","200000606015","","Mighty Max Candle Assortment","Mighty Max Candle Assortment","Unknown","Roman Candles","Regular","Unknown","Unknown","no_match","No sufficiently specific candidate identified in the two Dynamite catalog files.","Unknown","Manufacturer or UPC/model, exact package/variant and corresponding photo/video.","599","600","600","Items","600"
"OKCB2UOBBJRUB7NBKFRGDTUE","757201572071","","Migraine","Migraine","Unknown","9-SHOT 500 GRAM RACKS","Regular","Unknown","Unknown","no_match","No sufficiently specific candidate identified in the two Dynamite catalog files.","Unknown","Manufacturer or UPC/model, exact package/variant and corresponding photo/video.","600","601","601","Items","601"
"WGWVTKV5LLYGNVGTHJWBKKJC","","","Military Parachute","Military Parachute","Unknown","Unknown","Regular","Unknown","Unknown","probable","Name identifies a candidate only; manufacturer and exact presentation have not been established.","products.json[189] Military Parachute / Winda / /products/military-parachute.png","Manufacturer or UPC/model, exact package/variant and corresponding photo/video.","601","602","602","Items","602"
"UZ3IJ3UW3ZVS2M3E74R3VNLV","705108508303","","Military Parachute Box 2 Pack","Military Parachute Box 2 Pack","Unknown","Unknown","Regular","Unknown","2 Pack","probable","Name identifies a candidate only; manufacturer and exact presentation have not been established.","products.json[189] Military Parachute / Winda / /products/military-parachute.png","Manufacturer or UPC/model, exact package/variant and corresponding photo/video.","602","603","603","Items","603"
"7A5IAAVZGOY7OFQE4GL6VVMN","757201306041","","Minecraft 5"" Artillery Shells 6 Pack","Minecraft 5"" Artillery Shells 6 Pack","Unknown","6 Pack Artillery Shells 5""\, 6""","Regular","Unknown","5"" | 6 Pack","no_match","No sufficiently specific candidate identified in the two Dynamite catalog files.","Unknown","Manufacturer or UPC/model, exact package/variant and corresponding photo/video.","603","604","604","Items","604"
"KHQGTUGPX2ABWY6TBLOAXTS7","757201225212","","Monkey Business","Monkey Business","Unknown","Unknown","Regular","Unknown","Unknown","no_match","No sufficiently specific candidate identified in the two Dynamite catalog files.","Unknown","Manufacturer or UPC/model, exact package/variant and corresponding photo/video.","604","605","605","Items","605"
"5T7VMN3SVTVIGJJRBSPLAP32","805253394414","","Monkey Business 200G","Monkey Business 200G","Unknown","Unknown","Regular","Unknown","200G","no_match","No sufficiently specific candidate identified in the two Dynamite catalog files.","Unknown","Manufacturer or UPC/model, exact package/variant and corresponding photo/video.","605","606","606","Items","606"
"GGZBALOR7JK3HCSJSAB5FJOB","821611109810","","Morning Glories 24\6 144 Pieces sparklers","Morning Glories 24\6 144 Pieces sparklers","Unknown","Unknown","Regular","Unknown","Unknown","no_match","No sufficiently specific candidate identified in the two Dynamite catalog files.","Unknown","Manufacturer or UPC/model, exact package/variant and corresponding photo/video.","606","607","607","Items","607"
"AV5JMGED5UC4OG7NH7O7O47E","8145270180211","","Morning Glories 24\6 144 Pieces sparklers","Morning Glories 24\6 144 Pieces sparklers","Unknown","Unknown","Morning Glorys Pack 144","Morning Glorys Pack 144","Unknown","no_match","No sufficiently specific candidate identified in the two Dynamite catalog files.","Unknown","Manufacturer or UPC/model, exact package/variant and corresponding photo/video.","607","608","608","Items","608"
"JW46UDVVNSF442AA7SCDR5FU","7059000109810","","Morning Glories-14""","Morning Glories-14""","Unknown","Unknown","Regular","Unknown","14""","no_match","No sufficiently specific candidate identified in the two Dynamite catalog files.","Unknown","Manufacturer or UPC/model, exact package/variant and corresponding photo/video.","608","609","609","Items","609"
"QWEMUCQK2V2YIXKJR2APJNVK","705108098101","","Morning Glory","Morning Glory","Unknown","Unknown","Regular","Unknown","Unknown","no_match","No sufficiently specific candidate identified in the two Dynamite catalog files.","Unknown","Manufacturer or UPC/model, exact package/variant and corresponding photo/video.","609","610","610","Items","610"
"NCTBJPN7RMTQTZDDSFLCPOWS","814327011041","","Morning Glory","Morning Glory","Unknown","Unknown","Regular","Unknown","Unknown","no_match","No sufficiently specific candidate identified in the two Dynamite catalog files.","Unknown","Manufacturer or UPC/model, exact package/variant and corresponding photo/video.","610","611","611","Items","611"
"WAF5VDGW2OT77X5XMU545NI2","821600981366","","Morning Glory 36 Inch sparklers","Morning Glory 36 Inch sparklers","Unknown","Unknown","Regular","Unknown","36 Inch","no_match","No sufficiently specific candidate identified in the two Dynamite catalog files.","Unknown","Manufacturer or UPC/model, exact package/variant and corresponding photo/video.","611","612","612","Items","612"
"GNN7EVLU5MZWTGQGLPYVSSZ4","158130736068","","Morning Glory 36"".","Morning Glory 36"".","Unknown","Unknown","Regular","Unknown","36""","no_match","No sufficiently specific candidate identified in the two Dynamite catalog files.","Unknown","Manufacturer or UPC/model, exact package/variant and corresponding photo/video.","612","613","613","Items","613"
"LC6EYG7KJQI7FT56KOSTYUHV","943100700053","","Morning Glory Sparklers 6pk Individual BOGO","Morning Glory Sparklers 6pk Individual","Unknown","Unknown","Regular","Unknown","Unknown","no_match","No sufficiently specific candidate identified in the two Dynamite catalog files.","Unknown","Manufacturer or UPC/model, exact package/variant and corresponding photo/video.","613","614","614","Items","614"
"XU4GLMW4LWFIZRWQQPIAXQLF","705108549405","","Mother Of The Bombs","Mother Of The Bombs","Unknown","Unknown","Regular","Unknown","Unknown","no_match","No sufficiently specific candidate identified in the two Dynamite catalog files.","Unknown","Manufacturer or UPC/model, exact package/variant and corresponding photo/video.","615","616","616","Items","616"
"KAWMWSNND6CWWITR7TTFBLLC","8145270161616","","Motion Maker","Motion Maker","Unknown","Unknown","Regular","Unknown","Unknown","no_match","No sufficiently specific candidate identified in the two Dynamite catalog files.","Unknown","Manufacturer or UPC/model, exact package/variant and corresponding photo/video.","616","617","617","Items","617"
"Z3OHILX3F5STN22AG3IR2YH7","687985421312","","Movie Time","Movie Time","Unknown","Unknown","Regular","Unknown","Unknown","no_match","No sufficiently specific candidate identified in the two Dynamite catalog files.","Unknown","Manufacturer or UPC/model, exact package/variant and corresponding photo/video.","617","618","620","Items","618"
"ML6UCMKNFT5Q6VWXICGN6TO2","821600016129","","Naughty Dog","Naughty Dog","Unknown","Unknown","Regular","Unknown","Unknown","no_match","No sufficiently specific candidate identified in the two Dynamite catalog files.","Unknown","Manufacturer or UPC/model, exact package/variant and corresponding photo/video.","619","622","622","Items","620"
"ILXOA5TDDYIBJD2RMHPXESV6","811451013439","","Naughty Elephant","Naughty Elephant","Unknown","Unknown","Regular","Unknown","Unknown","no_match","No sufficiently specific candidate identified in the two Dynamite catalog files.","Unknown","Manufacturer or UPC/model, exact package/variant and corresponding photo/video.","620","623","623","Items","621"
"6XC2CG64XOVFC5ZSL4AL6TQS","757201530408","","Neon Boom 25 Shot","Neon Boom 25 Shot","Unknown","Unknown","Regular","Unknown","25 Shot","no_match","No sufficiently specific candidate identified in the two Dynamite catalog files.","Unknown","Manufacturer or UPC/model, exact package/variant and corresponding photo/video.","622","625","625","Items","623"
"NQCEENLY6NB6N2PB42Q6ZDJH","757201520027","","Neon Butterflies 54 Shot","Neon Butterflies 54 Shot","Unknown","Unknown","Regular","Unknown","54 Shot","no_match","No sufficiently specific candidate identified in the two Dynamite catalog files.","Unknown","Manufacturer or UPC/model, exact package/variant and corresponding photo/video.","623","626","626","Items","624"
"65SPR36TT4PVNGW7PZMKA67K","715244007257","","Neon Camo Smoke","Neon Camo Smoke","Unknown","Unknown","Regular","Unknown","Unknown","no_match","No sufficiently specific candidate identified in the two Dynamite catalog files.","Unknown","Manufacturer or UPC/model, exact package/variant and corresponding photo/video.","624","627","627","Items","625"
"6SA6Q2XJKOHET5CW5VO67ZPO","757201520034","","Neon Celebration","Neon Celebration","Unknown","Unknown","Regular","Unknown","Unknown","no_match","No sufficiently specific candidate identified in the two Dynamite catalog files.","Unknown","Manufacturer or UPC/model, exact package/variant and corresponding photo/video.","625","628","628","Items","626"
"DESWK5DRCHLMT5AZZI2Q6SBM","207401322193","","Neon Night  Artillery (12 pcs)","Neon Night Artillery (12 pcs)","Unknown","Artillery/Festival Balls","Regular","Unknown","12 pcs","no_match","No sufficiently specific candidate identified in the two Dynamite catalog files.","Unknown","Manufacturer or UPC/model, exact package/variant and corresponding photo/video.","627","630","630","Items","628"
"NOAY7B4DBXXTUNGXXQ3RZGPF","","000000339209","Neon Saber Sparklers","Neon Saber Sparklers","Unknown","Unknown","Regular","Unknown","Unknown","no_match","No sufficiently specific candidate identified in the two Dynamite catalog files.","Unknown","Manufacturer or UPC/model, exact package/variant and corresponding photo/video.","628","631","631","Items","629"
"DL437RUBTEAUEVYUK7LTENDQ","887946004305","","Neon Show 16 Shots","Neon Show 16 Shots","Unknown","Unknown","Regular","Unknown","16 Shots","no_match","No sufficiently specific candidate identified in the two Dynamite catalog files.","Unknown","Manufacturer or UPC/model, exact package/variant and corresponding photo/video.","629","632","632","Items","630"
"GEDP25JGWJWZ7YOPA2DMR4CJ","6950165419367","","Neon Sky 140 shot","Neon Sky 140 shot","Unknown","Roman Candles","Regular","Unknown","140 shot","no_match","No sufficiently specific candidate identified in the two Dynamite catalog files.","Unknown","Manufacturer or UPC/model, exact package/variant and corresponding photo/video.","631","634","634","Items","632"
"5RLSEP5ZVM5UFUOAKRWVPI5Y","680149045096","","Neon Smoke Balls 6pk","Neon Smoke Balls 6pk","Unknown","Unknown","Regular","Unknown","Unknown","no_match","No sufficiently specific candidate identified in the two Dynamite catalog files.","Unknown","Manufacturer or UPC/model, exact package/variant and corresponding photo/video.","632","635","635","Items","633"
"XKTAJU5IB6I7JCEIQYBUHACK","681402052899","","Neon Smoke Bombs 24ct","Neon Smoke Bombs 24ct","Unknown","Unknown","Regular","Unknown","24ct","no_match","No sufficiently specific candidate identified in the two Dynamite catalog files.","Unknown","Manufacturer or UPC/model, exact package/variant and corresponding photo/video.","633","636","636","Items","634"
"Z33FH247DFGYUE7PXWSNXMKE","840142205242","","Neon Smoke Show","Neon Smoke Show","Unknown","Unknown","Regular","Unknown","Unknown","no_match","No sufficiently specific candidate identified in the two Dynamite catalog files.","Unknown","Manufacturer or UPC/model, exact package/variant and corresponding photo/video.","634","637","637","Items","635"
"NR4MTFDPX4TEOWP6T2SV5PK2","","841527170049","Neon Sparklers","Neon Sparklers","Unknown","Unknown","Regular","Unknown","Unknown","no_match","No sufficiently specific candidate identified in the two Dynamite catalog files.","Unknown","Manufacturer or UPC/model, exact package/variant and corresponding photo/video.","635","638","638","Items","636"
"6BTYAYIO5UUJFVNMMQEP246T","","705108900404","Neon Sparklers BOGO","Neon Sparklers","Unknown","Unknown","Regular","Unknown","Unknown","no_match","No sufficiently specific candidate identified in the two Dynamite catalog files.","Unknown","Manufacturer or UPC/model, exact package/variant and corresponding photo/video.","636","639","639","Items","637"
"E43XCOUSQYZLA6HC7QALQ2JM","695071402527","","Neon Strobe 200 Gram 18 Shot","Neon Strobe 200 Gram 18 Shot","Unknown","Unknown","Regular","Unknown","200 Gram | 18 Shot","no_match","No sufficiently specific candidate identified in the two Dynamite catalog files.","Unknown","Manufacturer or UPC/model, exact package/variant and corresponding photo/video.","637","640","640","Items","638"
"EX26G3CPJJF5NBZWBQVHHQGL","757201545112","","Neon Web","Neon Web","Unknown","Unknown","Regular","Unknown","Unknown","no_match","No sufficiently specific candidate identified in the two Dynamite catalog files.","Unknown","Manufacturer or UPC/model, exact package/variant and corresponding photo/video.","638","641","641","Items","639"
"73ZKYLH5IUS5MUMFLKHERCSJ","687985901333","","Neutron Bomb","Neutron Bomb","Unknown","Unknown","Regular","Unknown","Unknown","no_match","No sufficiently specific candidate identified in the two Dynamite catalog files.","Unknown","Manufacturer or UPC/model, exact package/variant and corresponding photo/video.","639","642","642","Items","640"
"V3CTF3FH4NKIRRFFPC6DY366","715244000029","","Night Display","Night Display","Unknown","Unknown","Regular","Unknown","Unknown","no_match","No sufficiently specific candidate identified in the two Dynamite catalog files.","Unknown","Manufacturer or UPC/model, exact package/variant and corresponding photo/video.","640","643","643","Items","641"
"TFDJ6PQBV7IFYAVY6PW7PMNC","8145270114414","","Night Owl Fountain","Night Owl Fountain","Unknown","Fountains","Regular","Unknown","Unknown","no_match","No sufficiently specific candidate identified in the two Dynamite catalog files.","Unknown","Manufacturer or UPC/model, exact package/variant and corresponding photo/video.","641","644","644","Items","642"
"ALQZ3KMCXR6USHH37AWXWUWW","814527200528","","Ninja","Ninja","Unknown","Unknown","Regular","Unknown","Unknown","probable","Name identifies a candidate only; manufacturer and exact presentation have not been established.","products.json[154] Fire Ninja / Winda / /products/fire-ninja.png","Manufacturer or UPC/model, exact package/variant and corresponding photo/video.","642","645","645","Items","643"
"KMH7EZXQ4SDAPJKEX4SEHMVI","757201324045","","Nishiki Blast 5"" Artillery 24 pack","Nishiki Blast 5"" Artillery 24 pack","Unknown","24 Pack Canister Artillery Shells 5 INCH","Regular","Unknown","5"" | 24 pack","no_match","No sufficiently specific candidate identified in the two Dynamite catalog files.","Unknown","Manufacturer or UPC/model, exact package/variant and corresponding photo/video.","643","646","646","Items","644"
"A5QPAZSLHSGWWLVXOQIFPISG","757201306034","","Nishiki Blast 5"" Artillery Shells 6 pack","Nishiki Blast 5"" Artillery Shells 6 pack","Unknown","6 Pack Artillery Shells 5""\, 6""","Regular","Unknown","5"" | 6 pack","no_match","No sufficiently specific candidate identified in the two Dynamite catalog files.","Unknown","Manufacturer or UPC/model, exact package/variant and corresponding photo/video.","644","647","647","Items","645"
"KBJO6YQUU24A5H53ZWYHQ3OC","6950165424101","","No. 10 Gold Sparklers","No. 10 Gold Sparklers","Unknown","Unknown","Regular","Unknown","Unknown","no_match","No sufficiently specific candidate identified in the two Dynamite catalog files.","Unknown","Manufacturer or UPC/model, exact package/variant and corresponding photo/video.","645","648","648","Items","646"
"I6GOOFO7IUOJT67L56YYC2OJ","8145270181010","","No.10 Sparklers 8-count","No.10 Sparklers 8-count","Unknown","Unknown","Regular","Unknown","Unknown","no_match","No sufficiently specific candidate identified in the two Dynamite catalog files.","Unknown","Manufacturer or UPC/model, exact package/variant and corresponding photo/video.","646","649","649","Items","647"
"VXW4HZNONEA5E3KZRHE6DZN5","857201001080","","Nuclear Snaps","Nuclear Snaps","Unknown","Unknown","Regular","Unknown","Unknown","probable","Name identifies a candidate only; manufacturer and exact presentation have not been established.","products.json[28] Nuclear Snaps / Raccoon / /products/nuclear-snaps.png","Manufacturer or UPC/model, exact package/variant and corresponding photo/video.","647","650","650","Items","648"
"3FO4ASOGRI5DLQUUHQ2L4Y6U","6950165403632","","O B M 500 Gram","O B M 500 Gram","Unknown","Unknown","Regular","Unknown","500 Gram","no_match","No sufficiently specific candidate identified in the two Dynamite catalog files.","Unknown","Manufacturer or UPC/model, exact package/variant and corresponding photo/video.","648","651","651","Items","649"
"PIXOQTBXHYSS7P6ZG56QBEEV","705108603701","","Occupy Mars 500 Gram","Occupy Mars 500 Gram","Unknown","500 GRAM FINALE","Regular","Unknown","500 Gram","no_match","No sufficiently specific candidate identified in the two Dynamite catalog files.","Unknown","Manufacturer or UPC/model, exact package/variant and corresponding photo/video.","649","652","652","Items","650"
"CSGE5JOMIS4S2UHMKANBYVT6","651137424360","","Og Kush","Og Kush","Unknown","Unknown","Regular","Unknown","Unknown","no_match","No sufficiently specific candidate identified in the two Dynamite catalog files.","Unknown","Manufacturer or UPC/model, exact package/variant and corresponding photo/video.","650","653","653","Items","651"
"YBPRO23AEBHWZWXJLOCBAP45","514677003108","","Ol'red ","Ol'red","Unknown","Unknown","Regular","Unknown","Unknown","no_match","No sufficiently specific candidate identified in the two Dynamite catalog files.","Unknown","Manufacturer or UPC/model, exact package/variant and corresponding photo/video.","651","654","654","Items","652"
"TJCEVYQKEURJTZKRXDKTT7TF","687985245215","","Old Ironsides 500 Gram","Old Ironsides 500 Gram","Unknown","500 GRAM FINALE","Regular","Unknown","500 Gram","no_match","No sufficiently specific candidate identified in the two Dynamite catalog files.","Unknown","Manufacturer or UPC/model, exact package/variant and corresponding photo/video.","652","655","655","Items","653"
"D2NK6VMC6V5Q6F7UV5RP7HCA","8052531503712","","One Bad Mother-In-Law 500 Gram","One Bad Mother-In-Law 500 Gram","Unknown","500 GRAM FINALE","Regular","Unknown","500 Gram","no_match","No sufficiently specific candidate identified in the two Dynamite catalog files.","Unknown","Manufacturer or UPC/model, exact package/variant and corresponding photo/video.","653","656","656","Items","654"
"LHO5N45NNG2Q6KRID3SIMDMD","8052531318514","","One Really Bad Mother 500 Gram","One Really Bad Mother 500 Gram","Unknown","500 GRAM FINALE","Regular","Unknown","500 Gram","no_match","No sufficiently specific candidate identified in the two Dynamite catalog files.","Unknown","Manufacturer or UPC/model, exact package/variant and corresponding photo/video.","654","657","657","Items","655"
"4QSJROFXXZ4LS3FKPOCQLOWI","687985208616","","Open Fire 500 Gram","Open Fire 500 Gram","Unknown","500 GRAM FINALE","Regular","Unknown","500 Gram","no_match","No sufficiently specific candidate identified in the two Dynamite catalog files.","Unknown","Manufacturer or UPC/model, exact package/variant and corresponding photo/video.","655","658","658","Items","656"
"PVMLANIMRLON66EC35HE5GH7","687985433117","","Oppullently Yours","Oppullently Yours","Unknown","Unknown","Regular","Unknown","Unknown","no_match","No sufficiently specific candidate identified in the two Dynamite catalog files.","Unknown","Manufacturer or UPC/model, exact package/variant and corresponding photo/video.","656","659","659","Items","657"
"7RIYCJGG6FJG6T7TPECJK5LN","043100700098","","Outer Space Craft-BOGO","Outer Space Craft","Unknown","Unknown","Regular","Unknown","Unknown","no_match","No sufficiently specific candidate identified in the two Dynamite catalog files.","Unknown","Manufacturer or UPC/model, exact package/variant and corresponding photo/video.","657","660","660","Items","658"
"RJI3L3ZOH6A34DOCTHDC2W66","514677060194","","Outlaw Justice","Outlaw Justice","Unknown","Unknown","Regular","Unknown","Unknown","no_match","No sufficiently specific candidate identified in the two Dynamite catalog files.","Unknown","Manufacturer or UPC/model, exact package/variant and corresponding photo/video.","658","661","661","Items","659"
"35NAPEUSRBXWA6VJOXXS2P2K","715244021994","","Pakin` Purple Fountain","Pakin` Purple Fountain","Unknown","Fountains","Regular","Unknown","Unknown","no_match","No sufficiently specific candidate identified in the two Dynamite catalog files.","Unknown","Manufacturer or UPC/model, exact package/variant and corresponding photo/video.","659","662","662","Items","660"
"URCSCIXNNU3JXYOPRXZQDCWP","705108548408","","Pandamonium","Pandamonium","Unknown","500 GRAM FINALE > 500 GRAM FINALE ZIPPER CAKES","Regular","Unknown","Unknown","no_match","No sufficiently specific candidate identified in the two Dynamite catalog files.","Unknown","Manufacturer or UPC/model, exact package/variant and corresponding photo/video.","660","663","663","Items","661"
"FMKDA4YHWK5ZV4ZEBDEWCVTB","8052530170625","","Parachutes Fireworks 6pk","Parachutes Fireworks 6pk","Unknown","Unknown","Regular","Unknown","Unknown","no_match","No sufficiently specific candidate identified in the two Dynamite catalog files.","Unknown","Manufacturer or UPC/model, exact package/variant and corresponding photo/video.","661","664","664","Items","662"
"OYYJWZFHABFVJ2I5GEN3BXNW","","715244001200","Party Animal Black Cat Assortment","Party Animal Black Cat Assortment","Black Cat","Family Pack Assortments","Regular","Unknown","Unknown","no_match","No sufficiently specific candidate identified in the two Dynamite catalog files.","Unknown","Manufacturer or UPC/model, exact package/variant and corresponding photo/video.","662","665","665","Items","663"
"GTJEOQD2CEPZLB6IG34L5DJL","705108555406","","Party Like Its 1776 500 Gram","Party Like Its 1776 500 Gram","Unknown","500 GRAM FINALE > 500 GRAM FINALE ZIPPER CAKES","Regular","Unknown","500 Gram","no_match","No sufficiently specific candidate identified in the two Dynamite catalog files.","Unknown","Manufacturer or UPC/model, exact package/variant and corresponding photo/video.","663","666","666","Items","664"
"SPHGB45PXXV5JJAYNVSAHQZH","161273215246","","Party Pack","Party Pack","Unknown","Unknown","Regular","Unknown","Unknown","no_match","No sufficiently specific candidate identified in the two Dynamite catalog files.","Unknown","Manufacturer or UPC/model, exact package/variant and corresponding photo/video.","664","667","667","Items","665"
"LVDV62MTB2UNJZMKZAAKZHU4","","715244000654","Party Pack 5 Black Cat","Party Pack 5 Black Cat","Black Cat","Family Pack Assortments","Regular","Unknown","Unknown","no_match","No sufficiently specific candidate identified in the two Dynamite catalog files.","Unknown","Manufacturer or UPC/model, exact package/variant and corresponding photo/video.","665","668","668","Items","666"
"EYHLYQPZXEA34ZHLVD4GS3EJ","715244100651","","Party Pack 5 S And S","Party Pack 5 S And S","Unknown","Unknown","Regular","Unknown","Unknown","no_match","No sufficiently specific candidate identified in the two Dynamite catalog files.","Unknown","Manufacturer or UPC/model, exact package/variant and corresponding photo/video.","666","669","669","Items","667"
"Y4WMTYEVPETUZALRIL7GZSZ7","","715244000456","Party Pack 6 Black Cat","Party Pack 6 Black Cat","Black Cat","Family Pack Assortments","Regular","Unknown","Unknown","no_match","No sufficiently specific candidate identified in the two Dynamite catalog files.","Unknown","Manufacturer or UPC/model, exact package/variant and corresponding photo/video.","667","670","670","Items","668"
"RUDFKSIOWOO6EYLP2XIK2POM","715244034161","","Party Popper BOGO","Party Popper","Unknown","Unknown","Regular","Unknown","Unknown","no_match","No sufficiently specific candidate identified in the two Dynamite catalog files.","Unknown","Manufacturer or UPC/model, exact package/variant and corresponding photo/video.","668","671","671","Items","669"
"YDXTBSQMDNA3CAACFFFV3M7G","","","Party Popper BOGO","Party Popper","Unknown","Unknown","Regular","Unknown","Unknown","no_match","No sufficiently specific candidate identified in the two Dynamite catalog files.","Unknown","Manufacturer or UPC/model, exact package/variant and corresponding photo/video.","669","672","672","Items","670"
"H4FJAI7L7W5675F4RDZW2DOK","887946051354","","Party Poppers","Party Poppers","Unknown","Unknown","Regular","Unknown","Unknown","no_match","No sufficiently specific candidate identified in the two Dynamite catalog files.","Unknown","Manufacturer or UPC/model, exact package/variant and corresponding photo/video.","670","673","673","Items","671"
"QJYHB53HMHM3LHA3AMQILUY6","757202120080","","Party Up Fountain","Party Up Fountain","Unknown","Fountains","Regular","Unknown","Unknown","no_match","No sufficiently specific candidate identified in the two Dynamite catalog files.","Unknown","Manufacturer or UPC/model, exact package/variant and corresponding photo/video.","671","674","674","Items","672"
"UJYS4PYVOEXLVSHB47PDTLWB","757201525091","","Pastel Sunset","Pastel Sunset","Unknown","Unknown","Regular","Unknown","Unknown","no_match","No sufficiently specific candidate identified in the two Dynamite catalog files.","Unknown","Manufacturer or UPC/model, exact package/variant and corresponding photo/video.","672","675","675","Items","673"
"XONH3T5IEWPTHSVDTIXWTFLQ","192537371033","","Patriot Missile Battery","Patriot Missile Battery","Unknown","Unknown","Regular","Unknown","Unknown","no_match","No sufficiently specific candidate identified in the two Dynamite catalog files.","Unknown","Manufacturer or UPC/model, exact package/variant and corresponding photo/video.","673","676","676","Items","674"
"GFECBXQR5N3CNQFF6ZSOS2AR","","000000770620","Patriot Smoke","Patriot Smoke","Unknown","Unknown","Regular","Unknown","Unknown","no_match","No sufficiently specific candidate identified in the two Dynamite catalog files.","Unknown","Manufacturer or UPC/model, exact package/variant and corresponding photo/video.","674","677","677","Items","675"
"6Q5EU5MTXGXJTDIOWHLDA6L2","","514677005027","Patriotic Fury","Patriotic Fury","Unknown","Roman Candles","Regular","Unknown","Unknown","no_match","No sufficiently specific candidate identified in the two Dynamite catalog files.","Unknown","Manufacturer or UPC/model, exact package/variant and corresponding photo/video.","675","678","678","Items","676"
"SYIQ3ASIUOUO65QYDGYYD6IP","757201530828","","Patriotic Waves","Patriotic Waves","Unknown","Unknown","Regular","Unknown","Unknown","no_match","No sufficiently specific candidate identified in the two Dynamite catalog files.","Unknown","Manufacturer or UPC/model, exact package/variant and corresponding photo/video.","676","679","679","Items","677"
"BW7FHJQTNO2EPTALDRURHPRD","757202125016","","Peace Elite","Peace Elite","Unknown","Fountains","Regular","Unknown","Unknown","no_match","No sufficiently specific candidate identified in the two Dynamite catalog files.","Unknown","Manufacturer or UPC/model, exact package/variant and corresponding photo/video.","677","680","680","Items","678"
"2EB6YQMF2JETUJYHQTRIZGR3","757201225076","","Peace Out","Peace Out","Unknown","Unknown","Regular","Unknown","Unknown","no_match","No sufficiently specific candidate identified in the two Dynamite catalog files.","Unknown","Manufacturer or UPC/model, exact package/variant and corresponding photo/video.","678","681","681","Items","679"
"LV65VKZH67LIUO4NCR3MY7E3","757201324083","","Peacock Spider 5"" Artillery Shells 24 pack","Peacock Spider 5"" Artillery Shells 24 pack","Unknown","24 Pack Canister Artillery Shells 5 INCH","Regular","Unknown","5"" | 24 pack","no_match","No sufficiently specific candidate identified in the two Dynamite catalog files.","Unknown","Manufacturer or UPC/model, exact package/variant and corresponding photo/video.","679","682","682","Items","680"
"BRYUXAWM2U773NSWLZI6RQJJ","821600011025","","Peacock fountain 2 Mins","Peacock fountain 2 Mins","Unknown","Fountains","Regular","Unknown","Unknown","no_match","No sufficiently specific candidate identified in the two Dynamite catalog files.","Unknown","Manufacturer or UPC/model, exact package/variant and corresponding photo/video.","680","683","683","Items","681"
"BSTVNCI44CC3KJXN4HLCGHUS","193936959730","","Penguin Mama Bogo","Penguin Mama","Unknown","Unknown","Regular","Unknown","Unknown","no_match","No sufficiently specific candidate identified in the two Dynamite catalog files.","Unknown","Manufacturer or UPC/model, exact package/variant and corresponding photo/video.","681","684","684","Items","682"
"7OAN37IRHHUF7PBB7LBMEFEN","680149045409","","Perfect Hobby Fuse","Perfect Hobby Fuse","Unknown","Unknown","Regular","Unknown","Unknown","no_match","No sufficiently specific candidate identified in the two Dynamite catalog files.","Unknown","Manufacturer or UPC/model, exact package/variant and corresponding photo/video.","682","685","685","Items","683"
"Y5OI5SINQV5R5HTH6T7JKPD3","1071738203680","","Pink Smoke 2pk","Pink Smoke 2pk","Unknown","Unknown","Regular","Unknown","Unknown","no_match","No sufficiently specific candidate identified in the two Dynamite catalog files.","Unknown","Manufacturer or UPC/model, exact package/variant and corresponding photo/video.","683","686","686","Items","684"
"VW6UK3R5PQCWGV2HP7PVG47Y","8145270151815","","Piranha 500 Gram","Piranha 500 Gram","Unknown","Unknown","Regular","Unknown","500 Gram","no_match","No sufficiently specific candidate identified in the two Dynamite catalog files.","Unknown","Manufacturer or UPC/model, exact package/variant and corresponding photo/video.","684","687","687","Items","685"
"7NIKJPUYYNEFFUPR4OAZ5TLP","757201225182","","Pirate Captain","Pirate Captain","Unknown","Unknown","Regular","Unknown","Unknown","no_match","No sufficiently specific candidate identified in the two Dynamite catalog files.","Unknown","Manufacturer or UPC/model, exact package/variant and corresponding photo/video.","685","688","688","Items","686"
"DBKP4RU3O2KESZZFVHZI7XGX","725272730911","","Pixie Stick Sparklers Bogo","Pixie Stick Sparklers","Unknown","Unknown","Regular","Unknown","Unknown","no_match","No sufficiently specific candidate identified in the two Dynamite catalog files.","Unknown","Manufacturer or UPC/model, exact package/variant and corresponding photo/video.","686","689","689","Items","687"
"QOBJJNSP3DTE3UDKCCERX3MP","849107066010","","Pixie Sticks","Pixie Sticks","Unknown","Unknown","Regular","Unknown","Unknown","no_match","No sufficiently specific candidate identified in the two Dynamite catalog files.","Unknown","Manufacturer or UPC/model, exact package/variant and corresponding photo/video.","687","690","690","Items","688"
"RG25535S4I3QWL6XUOT4SJVP","705108955640","","Pizza Platter","Pizza Platter","Unknown","Unknown","Regular","Unknown","Unknown","no_match","No sufficiently specific candidate identified in the two Dynamite catalog files.","Unknown","Manufacturer or UPC/model, exact package/variant and corresponding photo/video.","688","691","691","Items","689"
"F3QXAKJHZFDKFEHW4F5LYHG6","757201180702","","Planet Candle","Planet Candle","Unknown","Roman Candles","Regular","Unknown","Unknown","no_match","No sufficiently specific candidate identified in the two Dynamite catalog files.","Unknown","Manufacturer or UPC/model, exact package/variant and corresponding photo/video.","689","692","692","Items","690"
"LEGXEN3H3USZHEQPWD6DHKW7","705108602308","","Poop","Poop","Unknown","Unknown","Regular","Unknown","Unknown","no_match","No sufficiently specific candidate identified in the two Dynamite catalog files.","Unknown","Manufacturer or UPC/model, exact package/variant and corresponding photo/video.","690","693","693","Items","691"
"DJDD3CC7XZW5XMFZ5UOFKY3S","652009903457","","Pooping Dog","Pooping Dog","Unknown","Unknown","Regular","Unknown","Unknown","no_match","No sufficiently specific candidate identified in the two Dynamite catalog files.","Unknown","Manufacturer or UPC/model, exact package/variant and corresponding photo/video.","691","694","694","Items","692"
"UGWD5ORMIP3Z4SNOJNKZLSXD","8052530222713","","Pooping Puppy","Pooping Puppy","Unknown","Unknown","Regular","Unknown","Unknown","no_match","No sufficiently specific candidate identified in the two Dynamite catalog files.","Unknown","Manufacturer or UPC/model, exact package/variant and corresponding photo/video.","692","695","695","Items","693"
"ACVJ27NW6K665M5ZLJJWS6NQ","132201185009","","Pop Pop Snap","Pop Pop Snap","Unknown","Unknown","Regular","Unknown","Unknown","no_match","No sufficiently specific candidate identified in the two Dynamite catalog files.","Unknown","Manufacturer or UPC/model, exact package/variant and corresponding photo/video.","693","696","696","Items","694"
"RHF7AEHBY7OWIBXKCAQ7JFHO","000000770194","","Pop Pop Snappers","Pop Pop Snappers","Unknown","Unknown","Regular","Unknown","Unknown","no_match","No sufficiently specific candidate identified in the two Dynamite catalog files.","Unknown","Manufacturer or UPC/model, exact package/variant and corresponding photo/video.","694","697","697","Items","695"
"WOTDSCN5QXJWIDB22ZTJ7B4Y","887946041225","","Popcorn Snow Balls","Popcorn Snow Balls","Unknown","Fountains","Regular","Unknown","Unknown","no_match","No sufficiently specific candidate identified in the two Dynamite catalog files.","Unknown","Manufacturer or UPC/model, exact package/variant and corresponding photo/video.","695","698","698","Items","696"
"DIDEY25CLY47LXE7YSOJA5XD","6510475378985","","Premium Artillery 6pc","Premium Artillery 6pc","Unknown","Unknown","Regular","Unknown","6pc","no_match","No sufficiently specific candidate identified in the two Dynamite catalog files.","Unknown","Manufacturer or UPC/model, exact package/variant and corresponding photo/video.","696","699","699","Items","697"
"O4HEZOXYRTRJS3YERP4VZHZR","680149045379","","Premium Cannon Fuse","Premium Cannon Fuse","Unknown","Unknown","Regular","Unknown","Unknown","no_match","No sufficiently specific candidate identified in the two Dynamite catalog files.","Unknown","Manufacturer or UPC/model, exact package/variant and corresponding photo/video.","697","700","700","Items","698"
"FN4OGLCMYXTN2JZTRZ5NCKO4","680149047649","","Pretty In Pink 60sec Smoke","Pretty In Pink 60sec Smoke","Unknown","Unknown","Regular","Unknown","Unknown","no_match","No sufficiently specific candidate identified in the two Dynamite catalog files.","Unknown","Manufacturer or UPC/model, exact package/variant and corresponding photo/video.","698","701","701","Items","699"
"2ZRSOBQ75H3FUORH4EEQSKEV","680149047632","","Pretty In Pink 60sec Smoke","Pretty In Pink 60sec Smoke","Unknown","Unknown","boy o'boy blue 60 sec smoke","boy o'boy blue 60 sec smoke","Unknown","no_match","No sufficiently specific candidate identified in the two Dynamite catalog files.","Unknown","Manufacturer or UPC/model, exact package/variant and corresponding photo/video.","699","702","702","Items","700"
"BNUXKTUCJZD4IZ3NBI22JUGD","715244800032","","Pride And Honor","Pride And Honor","Unknown","Unknown","Regular","Unknown","Unknown","no_match","No sufficiently specific candidate identified in the two Dynamite catalog files.","Unknown","Manufacturer or UPC/model, exact package/variant and corresponding photo/video.","700","703","703","Items","701"
"B2R4LKO2AZTVC7WNZLP65265","8145270244913","","Pride And Joy","Pride And Joy","Unknown","Unknown","Regular","Unknown","Unknown","no_match","No sufficiently specific candidate identified in the two Dynamite catalog files.","Unknown","Manufacturer or UPC/model, exact package/variant and corresponding photo/video.","701","704","704","Items","702"
"W2DQZLRQIG7B6M6TLEHBUWPO","687985225910","","Prime Time","Prime Time","Unknown","Unknown","Regular","Unknown","Unknown","no_match","No sufficiently specific candidate identified in the two Dynamite catalog files.","Unknown","Manufacturer or UPC/model, exact package/variant and corresponding photo/video.","702","705","705","Items","703"
"SLK6V23MUILATCG47E752KNE","705108508907","","Princess Parachute","Princess Parachute","Unknown","Unknown","Regular","Unknown","Unknown","probable","Name identifies a candidate only; manufacturer and exact presentation have not been established.","products.json[190] Princess Parachute / Winda / /products/princess-parachute.png","Manufacturer or UPC/model, exact package/variant and corresponding photo/video.","703","706","706","Items","704"
"IJJCFG2L4D6373CWLT7PDNSV","201606802214","","Princess Power Sword Fountain- Pink","Princess Power Sword Fountain- Pink","Unknown","Fountains","Regular","Unknown","Unknown","no_match","No sufficiently specific candidate identified in the two Dynamite catalog files.","Unknown","Manufacturer or UPC/model, exact package/variant and corresponding photo/video.","704","707","707","Items","705"
"3U776SJS6U6ZARDKVW3VDN6F","757201525428","","Princeton 500g","Princeton 500g","Unknown","Unknown","Regular","Unknown","500g","no_match","No sufficiently specific candidate identified in the two Dynamite catalog files.","Unknown","Manufacturer or UPC/model, exact package/variant and corresponding photo/video.","705","708","708","Items","706"
"BE5SGVQG2WTIOQ7T7O5KZZ5M","757201520010","","Pro Pyro Show","Pro Pyro Show","Unknown","Unknown","Regular","Unknown","Unknown","no_match","No sufficiently specific candidate identified in the two Dynamite catalog files.","Unknown","Manufacturer or UPC/model, exact package/variant and corresponding photo/video.","706","709","709","Items","707"
"DB4TCS3F4TI7T4HCKIH4TICI","757205302131","","Proud And True 500 Gram","Proud And True 500 Gram","Unknown","500 GRAM FINALE","Regular","Unknown","500 Gram","no_match","No sufficiently specific candidate identified in the two Dynamite catalog files.","Unknown","Manufacturer or UPC/model, exact package/variant and corresponding photo/video.","707","710","710","Items","708"
"HOEPN7PMLZEIWDHROP4CNQHN","757201225205","","Pucker Up","Pucker Up","Unknown","Unknown","Regular","Unknown","Unknown","no_match","No sufficiently specific candidate identified in the two Dynamite catalog files.","Unknown","Manufacturer or UPC/model, exact package/variant and corresponding photo/video.","708","711","711","Items","709"
"K3CPITE3BIQOUTBNOLKATW72","687985426416","","Pure Fantasy  Fountain","Pure Fantasy Fountain","Unknown","Fountains","Regular","Unknown","Unknown","no_match","No sufficiently specific candidate identified in the two Dynamite catalog files.","Unknown","Manufacturer or UPC/model, exact package/variant and corresponding photo/video.","709","712","712","Items","710"
"MQUBTSR6GA2MQOBNUI3GR3R6","695071402510","","Purple Rain 200 Gram 20 Shots","Purple Rain 200 Gram 20 Shots","Unknown","Unknown","Regular","Unknown","200 Gram | 20 Shots","no_match","No sufficiently specific candidate identified in the two Dynamite catalog files.","Unknown","Manufacturer or UPC/model, exact package/variant and corresponding photo/video.","711","714","714","Items","712"
"2FDGHGEKWTLRHURUU6BFPNAL","687985427017","","Purplelicious","Purplelicious","Unknown","Unknown","Regular","Unknown","Unknown","no_match","No sufficiently specific candidate identified in the two Dynamite catalog files.","Unknown","Manufacturer or UPC/model, exact package/variant and corresponding photo/video.","712","715","715","Items","713"
"6V3AE6WIBJYROZB36X5IQNO7","887946002431","","Purplicious 16 Shot","Purplicious 16 Shot","Unknown","Unknown","Regular","Unknown","16 Shot","no_match","No sufficiently specific candidate identified in the two Dynamite catalog files.","Unknown","Manufacturer or UPC/model, exact package/variant and corresponding photo/video.","713","716","716","Items","714"
"HZAGPD3IMPZRECHNNQMOYHJG","757205301332","","Pyro Addict 500 Gram","Pyro Addict 500 Gram","Unknown","500 GRAM FINALE","Regular","Unknown","500 Gram","no_match","No sufficiently specific candidate identified in the two Dynamite catalog files.","Unknown","Manufacturer or UPC/model, exact package/variant and corresponding photo/video.","714","717","717","Items","715"
"S65NKA62L4VM76LXZCWIPRIN","57205301332","","Pyro Addict 500 Gram","Pyro Addict 500 Gram","Unknown","500 GRAM FINALE","Regular","Unknown","500 Gram","no_match","No sufficiently specific candidate identified in the two Dynamite catalog files.","Unknown","Manufacturer or UPC/model, exact package/variant and corresponding photo/video.","715","718","718","Items","716"
"NBYJHYVLGDM6O5TFADLC2M3Z","753321710676","","Pyro Alienware 4"" Artillery Shells 12 pack","Pyro Alienware 4"" Artillery Shells 12 pack","Unknown","12/16 Pack Artillery Shells 1.75"" RDX\, 4"" Pyro\, 5"" Xtra Lg","Regular","Unknown","4"" | 12 pack","no_match","No sufficiently specific candidate identified in the two Dynamite catalog files.","Unknown","Manufacturer or UPC/model, exact package/variant and corresponding photo/video.","716","719","719","Items","717"
"XPKPIHHLLYDHZR5MWGU3Q7IM","943100750119","","Pyro Bag #1","Pyro Bag #1","Unknown","Unknown","Regular","Unknown","Unknown","no_match","No sufficiently specific candidate identified in the two Dynamite catalog files.","Unknown","Manufacturer or UPC/model, exact package/variant and corresponding photo/video.","717","720","720","Items","718"
"VIX2UHODPHEVPAUTBUI4EP3W","705108320707","","Pyro Blends","Pyro Blends","Unknown","Unknown","Regular","Unknown","Unknown","no_match","No sufficiently specific candidate identified in the two Dynamite catalog files.","Unknown","Manufacturer or UPC/model, exact package/variant and corresponding photo/video.","718","721","721","Items","719"
"MM7NBQNS3IQJARZGRUKQHBTC","821111112082","","Pyro Chaos 6"" Artillery Shells 24 pack","Pyro Chaos 6"" Artillery Shells 24 pack","Unknown","24 Pack Artillery Shells 6""","Regular","Unknown","6"" | 24 pack","no_match","No sufficiently specific candidate identified in the two Dynamite catalog files.","Unknown","Manufacturer or UPC/model, exact package/variant and corresponding photo/video.","719","722","722","Items","720"
"XVGJDTRZN6G72H74OTSIEYPV","652009101112","","Pyro City","Pyro City","Unknown","Family Pack Assortments","Regular","Unknown","Unknown","no_match","No sufficiently specific candidate identified in the two Dynamite catalog files.","Unknown","Manufacturer or UPC/model, exact package/variant and corresponding photo/video.","720","723","723","Items","721"
"K3TMBZV5CNPFOAJ6D63VE66G","652009001115","","Pyro City 2","Pyro City 2","Unknown","Unknown","Regular","Unknown","Unknown","no_match","No sufficiently specific candidate identified in the two Dynamite catalog files.","Unknown","Manufacturer or UPC/model, exact package/variant and corresponding photo/video.","721","724","724","Items","722"
"H6UVAEIGHB6OJOGWCNMV7HRI","952009001024","","Pyro Pack","Pyro Pack","Unknown","Unknown","Regular","Unknown","Unknown","probable","Name identifies a candidate only; manufacturer and exact presentation have not been established.","products.json[54] Monkey's Pyro Pack / Monkey Mania / /products/monkey's-pyro-pack.png","Manufacturer or UPC/model, exact package/variant and corresponding photo/video.","722","725","725","Items","723"
"6FDCWTCRQOHD3Q7QAX23HFRU","652009001054","","Pyro Party","Pyro Party","Unknown","Unknown","Regular","Unknown","Unknown","no_match","No sufficiently specific candidate identified in the two Dynamite catalog files.","Unknown","Manufacturer or UPC/model, exact package/variant and corresponding photo/video.","723","726","726","Items","724"
"HEVVANDGFEVR76YPE7NPSCEM","649762148430","","Pyro Pops BOGO","Pyro Pops","Unknown","Unknown","Regular","Unknown","Unknown","no_match","No sufficiently specific candidate identified in the two Dynamite catalog files.","Unknown","Manufacturer or UPC/model, exact package/variant and corresponding photo/video.","725","728","728","Items","726"
"RBNKNZOCMLTGXG2TRQWWRYBN","649762148454","","Pyro Pops BOGO","Pyro Pops","Unknown","Unknown","pyro pops","pyro pops","Unknown","no_match","No sufficiently specific candidate identified in the two Dynamite catalog files.","Unknown","Manufacturer or UPC/model, exact package/variant and corresponding photo/video.","726","729","729","Items","727"
"CFGCQ6R3T7XOKG2TA2GCQGM7","649762148447","","Pyro Pops BOGO","Pyro Pops","Unknown","Unknown","pyro pops","pyro pops","Unknown","no_match","No sufficiently specific candidate identified in the two Dynamite catalog files.","Unknown","Manufacturer or UPC/model, exact package/variant and corresponding photo/video.","727","730","730","Items","728"
"NSKKJTQHV66B4EOJMDLAPZNP","649762148478","","Pyro Pops BOGO","Pyro Pops","Unknown","Unknown","pyro pops","pyro pops","Unknown","no_match","No sufficiently specific candidate identified in the two Dynamite catalog files.","Unknown","Manufacturer or UPC/model, exact package/variant and corresponding photo/video.","728","731","731","Items","729"
"GQIO43RFQ7PK5X5KJBYXTQQ7","649762148423","","Pyro Pops BOGO","Pyro Pops","Unknown","Unknown","pyro pops","pyro pops","Unknown","no_match","No sufficiently specific candidate identified in the two Dynamite catalog files.","Unknown","Manufacturer or UPC/model, exact package/variant and corresponding photo/video.","729","732","732","Items","730"
"BF3Z4FAZ36XGLL4UMBOLSW7S","649762148461","","Pyro Pops BOGO","Pyro Pops","Unknown","Unknown","pyro pops","pyro pops","Unknown","no_match","No sufficiently specific candidate identified in the two Dynamite catalog files.","Unknown","Manufacturer or UPC/model, exact package/variant and corresponding photo/video.","730","733","733","Items","731"
"3Y4WRX4IUKR6KRDG7YBHOSI6","943100700138","","Pyro Predator","Pyro Predator","Unknown","Unknown","Regular","Unknown","Unknown","no_match","No sufficiently specific candidate identified in the two Dynamite catalog files.","Unknown","Manufacturer or UPC/model, exact package/variant and corresponding photo/video.","731","734","734","Items","732"
"BF66HA5IYYBN6RWQQC4UDKQY","010610000161","","Pyro Predator Family Pack","Pyro Predator Family Pack","Unknown","Unknown","Regular","Unknown","Unknown","no_match","No sufficiently specific candidate identified in the two Dynamite catalog files.","Unknown","Manufacturer or UPC/model, exact package/variant and corresponding photo/video.","732","735","735","Items","733"
"D54L65LWKBKYAUHHVM6QNA6L","193936959976","","Pyro Princess Pack","Pyro Princess Pack","Unknown","Unknown","Regular","Unknown","Unknown","no_match","No sufficiently specific candidate identified in the two Dynamite catalog files.","Unknown","Manufacturer or UPC/model, exact package/variant and corresponding photo/video.","733","736","736","Items","734"
"MQOMTH6XZ663YZ6S6QXFK6LO","185108242337","","Pyro Ultimate Power","Pyro Ultimate Power","Unknown","Unknown","Regular","Unknown","Unknown","no_match","No sufficiently specific candidate identified in the two Dynamite catalog files.","Unknown","Manufacturer or UPC/model, exact package/variant and corresponding photo/video.","734","737","737","Items","735"
"6ULWXTCLRKTUXU7C5ZDN2UNW","680149047243","","Pyro Van","Pyro Van","Unknown","Unknown","Regular","Unknown","Unknown","no_match","No sufficiently specific candidate identified in the two Dynamite catalog files.","Unknown","Manufacturer or UPC/model, exact package/variant and corresponding photo/video.","735","738","738","Items","736"
"7TS7HQ3JDS5V5H6BDNGX3J66","687985905300","","Quest 4"" Artillery Shells 24 Pack","Quest 4"" Artillery Shells 24 Pack","Unknown","24 Pack Artillery Shells 4""","Regular","Unknown","4"" | 24 Pack","no_match","No sufficiently specific candidate identified in the two Dynamite catalog files.","Unknown","Manufacturer or UPC/model, exact package/variant and corresponding photo/video.","736","739","739","Items","737"
"SS36U2MYQRBEI5GVBABWBTXA","680149045430","","Quick Hobby Fuse","Quick Hobby Fuse","Unknown","Unknown","Regular","Unknown","Unknown","no_match","No sufficiently specific candidate identified in the two Dynamite catalog files.","Unknown","Manufacturer or UPC/model, exact package/variant and corresponding photo/video.","737","740","740","Items","738"
"FXSOEDZ2NUNCKEGBYV655575","","757200645011","RDXplosion 6"" Artillery Shells 12 pack","RDXplosion 6"" Artillery Shells 12 pack","Unknown","12/16 Pack Artillery Shells 1.75"" RDX\, 4"" Pyro\, 5"" Xtra Lg","Regular","Unknown","6"" | 12 pack","conflict","Square name specifies 6 inch; Square category and photographed RDXplosion package specify 1.75 inch. Confirm whether length/caliber or a wrong variant before matching.","products.json[2] RDXplosion / Raccoon / /products/RDXplosion.png","Manufacturer or UPC/model, exact package/variant and corresponding photo/video.","738","741","741","Items","739"
"NWMDDTHFDKMDDFCRMWXOQAEE","674662511459","","RWB Bombs Bursting","RWB Bombs Bursting","Unknown","Unknown","Regular","Unknown","Unknown","no_match","No sufficiently specific candidate identified in the two Dynamite catalog files.","Unknown","Manufacturer or UPC/model, exact package/variant and corresponding photo/video.","739","742","742","Items","740"
"MKPXTJVO2ZN76CBI5QC3BF66","800000151227","","RYG Jumbo Crackling Balls","RYG Jumbo Crackling Balls","Unknown","Unknown","Regular","Unknown","Unknown","no_match","No sufficiently specific candidate identified in the two Dynamite catalog files.","Unknown","Manufacturer or UPC/model, exact package/variant and corresponding photo/video.","740","743","743","Items","741"
"EFZMXOBWHIVMSUS6YEKZLHZW","757201324014","","Raccoon 5"" Artillery Shells 24 pack","Raccoon 5"" Artillery Shells 24 pack","Raccoon","24 Pack Canister Artillery Shells 5 INCH","Regular","Unknown","5"" | 24 pack","no_match","No sufficiently specific candidate identified in the two Dynamite catalog files.","Unknown","Manufacturer or UPC/model, exact package/variant and corresponding photo/video.","741","744","744","Items","742"
"TNYRSG3Q5J6EIUJNPKI3XOSD","757201225120","","Raging Willow","Raging Willow","Unknown","Unknown","Regular","Unknown","Unknown","no_match","No sufficiently specific candidate identified in the two Dynamite catalog files.","Unknown","Manufacturer or UPC/model, exact package/variant and corresponding photo/video.","742","745","745","Items","743"
"LAFSLBBO5TCGIGANK6PD6X6T","757205301189","","Rainbow Ghost 195 Shot Zipper Cake","Rainbow Ghost 195 Shot Zipper Cake","Unknown","500 GRAM FINALE > 500 GRAM FINALE ZIPPER CAKES","Regular","Unknown","195 Shot","probable","Name identifies a candidate only; manufacturer and exact presentation have not been established.","products.json[18] Rainbow Ghost / Raccoon / /products/rainbow-ghost.png","Manufacturer or UPC/model, exact package/variant and corresponding photo/video.","743","746","746","Items","744"
"T5PKC33IYA6KTNSCKQNN6SHB","943100700145","","Rapid Fire Roman Candle","Rapid Fire Roman Candle","Unknown","Roman Candles","Regular","Unknown","Unknown","no_match","No sufficiently specific candidate identified in the two Dynamite catalog files.","Unknown","Manufacturer or UPC/model, exact package/variant and corresponding photo/video.","744","747","747","Items","745"
"TOS4U7TKFD4RCZOIO6JPZLND","514677007007","","Reaper Smoke","Reaper Smoke","Unknown","Unknown","Regular","Unknown","Unknown","no_match","No sufficiently specific candidate identified in the two Dynamite catalog files.","Unknown","Manufacturer or UPC/model, exact package/variant and corresponding photo/video.","745","748","748","Items","746"
"HWTK2ULKLW2RRBRLNC3P4YHI","8145270190418","","Rebellion Family Pk","Rebellion Family Pk","Unknown","Unknown","Regular","Unknown","Unknown","no_match","No sufficiently specific candidate identified in the two Dynamite catalog files.","Unknown","Manufacturer or UPC/model, exact package/variant and corresponding photo/video.","746","749","749","Items","747"
"E5YULBGRF53NWHLMR67QEVOJ","","","Red Apple Fireworks","Red Apple Fireworks","Unknown","Unknown","Regular","Unknown","Unknown","no_match","No sufficiently specific candidate identified in the two Dynamite catalog files.","Unknown","Manufacturer or UPC/model, exact package/variant and corresponding photo/video.","747","750","750","Items","748"
"A7YX4EY5QDK63PQLN2MBASMP","821700020309","","Red N White Fountain","Red N White Fountain","Unknown","Unknown","Regular","Unknown","Unknown","no_match","No sufficiently specific candidate identified in the two Dynamite catalog files.","Unknown","Manufacturer or UPC/model, exact package/variant and corresponding photo/video.","748","751","751","Items","749"
"F6Q3FZ4SJ6IET2HB4T254AT2","705834232978","","Red White And Blue 200 Gram 12 Shot","Red White And Blue 200 Gram 12 Shot","Unknown","Unknown","Regular","Unknown","200 Gram | 12 Shot","no_match","No sufficiently specific candidate identified in the two Dynamite catalog files.","Unknown","Manufacturer or UPC/model, exact package/variant and corresponding photo/video.","749","752","752","Items","750"
"QXJ3RGVQIQ2UIDPOSRHFANBQ","140000104718","","Red White Blazed 500g","Red White Blazed 500g","Unknown","Unknown","Regular","Unknown","500g","no_match","No sufficiently specific candidate identified in the two Dynamite catalog files.","Unknown","Manufacturer or UPC/model, exact package/variant and corresponding photo/video.","750","753","753","Items","751"
"NP7PKBMF4KLRVRQWCBMOS66A","847294039831","","Red White Blue Snapper Bogo","Red White Blue Snapper","Unknown","Unknown","Regular","Unknown","Unknown","no_match","No sufficiently specific candidate identified in the two Dynamite catalog files.","Unknown","Manufacturer or UPC/model, exact package/variant and corresponding photo/video.","751","754","754","Items","752"
"7DSXP5SAKK7GOJF6OJXJAXHC","847294085982","","Red White Blue Snapper Bogo","Red White Blue Snapper","Unknown","Unknown","Box RWB SNAPS","Box RWB SNAPS","Unknown","no_match","No sufficiently specific candidate identified in the two Dynamite catalog files.","Unknown","Manufacturer or UPC/model, exact package/variant and corresponding photo/video.","752","755","755","Items","753"
"5RPOFPZKBIZ7RJ47JMBHBRNV","8052530130018","","Reflection Fountain","Reflection Fountain","Unknown","Fountains","Regular","Unknown","Unknown","no_match","No sufficiently specific candidate identified in the two Dynamite catalog files.","Unknown","Manufacturer or UPC/model, exact package/variant and corresponding photo/video.","753","756","756","Items","754"
"YAML6VIAULZIULDW3Q7TNCDX","6510475378992","","Revenge Shells 6pc","Revenge Shells 6pc","Unknown","Unknown","Regular","Unknown","6pc","no_match","No sufficiently specific candidate identified in the two Dynamite catalog files.","Unknown","Manufacturer or UPC/model, exact package/variant and corresponding photo/video.","754","757","757","Items","755"
"RXXAJBEZGNQ5F3XLRYKTDH6B","757201530712","","Revolution Now 500 Gram","Revolution Now 500 Gram","Unknown","500 GRAM FINALE","Regular","Unknown","500 Gram","no_match","No sufficiently specific candidate identified in the two Dynamite catalog files.","Unknown","Manufacturer or UPC/model, exact package/variant and corresponding photo/video.","755","758","758","Items","756"
"LJKJXGA7PUBYSR2CNXBKD256","814527200146","","Ridin Dirty","Ridin Dirty","Unknown","Unknown","Regular","Unknown","Unknown","no_match","No sufficiently specific candidate identified in the two Dynamite catalog files.","Unknown","Manufacturer or UPC/model, exact package/variant and corresponding photo/video.","756","759","759","Items","757"
"DVZ5SA2JXOMIZGASFEHJGIR3","757201306058","","Ring Of Honor 5"" Artillery Shells 6 Pack","Ring Of Honor 5"" Artillery Shells 6 Pack","Unknown","6 Pack Artillery Shells 5""\, 6""","Regular","Unknown","5"" | 6 Pack","no_match","No sufficiently specific candidate identified in the two Dynamite catalog files.","Unknown","Manufacturer or UPC/model, exact package/variant and corresponding photo/video.","757","760","760","Items","758"
"VDKQHYGJDBMFBXL65I3TCORF","705108804764","","Road Rage","Road Rage","Unknown","Unknown","Regular","Unknown","Unknown","probable","Name identifies a candidate only; manufacturer and exact presentation have not been established.","products.json[169] Road Rage / Winda / /products/road-rage.png","Manufacturer or UPC/model, exact package/variant and corresponding photo/video.","758","761","761","Items","759"
"RU6XE3BRBD6OW5W5QFTMX6TX","","757202120035","Rock On Fountain","Rock On Fountain","Unknown","Fountains","Regular","Unknown","Unknown","no_match","No sufficiently specific candidate identified in the two Dynamite catalog files.","Unknown","Manufacturer or UPC/model, exact package/variant and corresponding photo/video.","759","762","762","Items","760"
"H6MAG6RQ7MRYH3J75RJXMYTA","680149022288","","Roma Candle (8 ball/4Pack)  BOGO","Roma Candle (8 ball/4Pack)","Unknown","Roman Candles","Regular","Unknown","4Pack","no_match","No sufficiently specific candidate identified in the two Dynamite catalog files.","Unknown","Manufacturer or UPC/model, exact package/variant and corresponding photo/video.","760","763","763","Items","761"
"ICURJ3X4AGZXXWDOGTG25IDJ","887946060325","","Roman Candle (10 Ball/4 Pk)","Roman Candle (10 Ball/4 Pk)","Unknown","Roman Candles","Regular","Unknown","Unknown","no_match","No sufficiently specific candidate identified in the two Dynamite catalog files.","Unknown","Manufacturer or UPC/model, exact package/variant and corresponding photo/video.","761","764","764","Items","762"
"RQN6Q3IJG27DRVA6W4YQRFKU","8052530180822","","Roman Candle 10 Ball","Roman Candle 10 Ball","Unknown","Roman Candles","Regular","Unknown","Unknown","no_match","No sufficiently specific candidate identified in the two Dynamite catalog files.","Unknown","Manufacturer or UPC/model, exact package/variant and corresponding photo/video.","762","765","765","Items","763"
"CDDJKC5ST2S5CBCDNCNFXT5A","757201065153","","Roman Candle 10 Ball","Roman Candle 10 Ball","Unknown","Roman Candles","Regular","Unknown","Unknown","no_match","No sufficiently specific candidate identified in the two Dynamite catalog files.","Unknown","Manufacturer or UPC/model, exact package/variant and corresponding photo/video.","763","766","766","Items","764"
"RH4ASOQTUBY6FDPTYKDK3HYB","805253018082","","Roman Candle 10Ball","Roman Candle 10Ball","Unknown","Roman Candles","Regular","Unknown","Unknown","no_match","No sufficiently specific candidate identified in the two Dynamite catalog files.","Unknown","Manufacturer or UPC/model, exact package/variant and corresponding photo/video.","764","767","767","Items","765"
"MJ34ZZI6BVD46HRIMNPWKER3","8052530180815","","Roman Candle 10Ball","Roman Candle 10Ball","Unknown","Roman Candles","Roman Candle 10 Ball","Roman Candle 10 Ball","Unknown","no_match","No sufficiently specific candidate identified in the two Dynamite catalog files.","Unknown","Manufacturer or UPC/model, exact package/variant and corresponding photo/video.","765","768","768","Items","766"
"4MGNJBH6SPUWG2ZFG6XAYMSG","821611111080","","Roman Candle 12 Pack Assortment 120 Shot","Roman Candle 12 Pack Assortment 120 Shot","Unknown","Roman Candles","Regular","Unknown","12 Pack | 120 Shot","no_match","No sufficiently specific candidate identified in the two Dynamite catalog files.","Unknown","Manufacturer or UPC/model, exact package/variant and corresponding photo/video.","766","769","769","Items","767"
"FIX6XRZXDVWDRDKJCHSLED4F","757202165142","","Roman Candle 6 Count 8 Shots","Roman Candle 6 Count 8 Shots","Unknown","Roman Candles","Regular","Unknown","8 Shots","no_match","No sufficiently specific candidate identified in the two Dynamite catalog files.","Unknown","Manufacturer or UPC/model, exact package/variant and corresponding photo/video.","767","770","770","Items","768"
"VRVRESOI3PY3GDDSSGJYXK4S","757201018074","","Roman Candle Assortment (4 pk/10 Shot)","Roman Candle Assortment (4 pk/10 Shot)","Unknown","Roman Candles","Regular","Unknown","10 Shot","no_match","No sufficiently specific candidate identified in the two Dynamite catalog files.","Unknown","Manufacturer or UPC/model, exact package/variant and corresponding photo/video.","768","771","771","Items","769"
"3J24Z2O2DPZZX6CSO4IN6FF7","652009001801","","Roman Candle Assortment (4 pk/10 Shot)","Roman Candle Assortment (4 pk/10 Shot)","Unknown","Roman Candles","Starlight Roman Candle","Starlight Roman Candle","10 Shot","no_match","No sufficiently specific candidate identified in the two Dynamite catalog files.","Unknown","Manufacturer or UPC/model, exact package/variant and corresponding photo/video.","769","772","772","Items","770"
"4ABLREUNYD7DVSZ7TOM6UZRU","8052530180624","","Roman Candle Boomer- 5 Ball","Roman Candle Boomer- 5 Ball","Boomer","Roman Candles","Regular","Unknown","Unknown","no_match","No sufficiently specific candidate identified in the two Dynamite catalog files.","Unknown","Manufacturer or UPC/model, exact package/variant and corresponding photo/video.","770","773","773","Items","771"
"PFKU4FTPECZUSIDS2YNPHZ27","8052530180617","","Roman Candle Boomer- 5 Ball","Roman Candle Boomer- 5 Ball","Boomer","Roman Candles","Roman Candle Boomer-5 Ball","Roman Candle Boomer-5 Ball","Unknown","no_match","No sufficiently specific candidate identified in the two Dynamite catalog files.","Unknown","Manufacturer or UPC/model, exact package/variant and corresponding photo/video.","771","774","774","Items","772"
"WBCPWJZLFZLFCROJ3HT4HGVE","821600065158","","Roman Candle Camo (4 Shot/6 Pk)","Roman Candle Camo (4 Shot/6 Pk)","Unknown","Roman Candles","Regular","Unknown","4 Shot","no_match","No sufficiently specific candidate identified in the two Dynamite catalog files.","Unknown","Manufacturer or UPC/model, exact package/variant and corresponding photo/video.","772","775","775","Items","773"
"BEUXBUZTRQQWIL3ZX5EF5QRW","887946062138","","Roman Candle Heavy Shot 5 Ball","Roman Candle Heavy Shot 5 Ball","Unknown","Roman Candles","Regular","Unknown","Unknown","no_match","No sufficiently specific candidate identified in the two Dynamite catalog files.","Unknown","Manufacturer or UPC/model, exact package/variant and corresponding photo/video.","773","776","776","Items","774"
"ZODEGP6HHFAAMKTB6DKOCNGD","8145270120828","","Roman Candle Rapid Fire 8pk","Roman Candle Rapid Fire 8pk","Unknown","Roman Candles","Regular","Unknown","Unknown","no_match","No sufficiently specific candidate identified in the two Dynamite catalog files.","Unknown","Manufacturer or UPC/model, exact package/variant and corresponding photo/video.","774","777","777","Items","775"
"TGIHSXBHF62RRGWDJ66NGFR3","757202180701","757202018073","Roman Candles Assorted (4 Pack/10 Shot)","Roman Candles Assorted (4 Pack/10 Shot)","Unknown","Roman Candles","Regular","Unknown","4 Pack | 10 Shot","no_match","No sufficiently specific candidate identified in the two Dynamite catalog files.","Unknown","Manufacturer or UPC/model, exact package/variant and corresponding photo/video.","775","778","778","Items","776"
"HP7KP4CNYT2QHJJEHZ63647N","","841527141179","Rotating Gatling","Rotating Gatling","Unknown","Unknown","Regular","Unknown","Unknown","no_match","No sufficiently specific candidate identified in the two Dynamite catalog files.","Unknown","Manufacturer or UPC/model, exact package/variant and corresponding photo/video.","776","779","779","Items","777"
"V7GVWTY4J7MZ272LPHIH24EJ","841527141216","841527141216","Rotating Machine Gun","Rotating Machine Gun","Unknown","Unknown","Regular","Unknown","Unknown","no_match","No sufficiently specific candidate identified in the two Dynamite catalog files.","Unknown","Manufacturer or UPC/model, exact package/variant and corresponding photo/video.","777","780","780","Items","778"
"BM3R75NP4LQL6MSZRDVWACGL","140000104817","","Royal Rampage 500g","Royal Rampage 500g","Unknown","Unknown","Regular","Unknown","500g","no_match","No sufficiently specific candidate identified in the two Dynamite catalog files.","Unknown","Manufacturer or UPC/model, exact package/variant and corresponding photo/video.","778","781","781","Items","779"
"Q6KGAOERMQ3NMSBOJ2GJTR22","687985269013","","Ruckus (12 pcs)","Ruckus (12 pcs)","Unknown","Artillery/Festival Balls","Regular","Unknown","12 pcs","no_match","No sufficiently specific candidate identified in the two Dynamite catalog files.","Unknown","Manufacturer or UPC/model, exact package/variant and corresponding photo/video.","779","782","782","Items","780"
"JQOGXKHCLYLADVB4NZEYJBCK","725272730904","","SPECIAL $50 500g Cake","SPECIAL $50 500g Cake","Unknown","Unknown","Regular","Unknown","500g","no_match","No sufficiently specific candidate identified in the two Dynamite catalog files.","Unknown","Manufacturer or UPC/model, exact package/variant and corresponding photo/video.","781","784","784","Items","782"
"2I7W5V3OLFBTM7QVNYYY6R3U","825272730703","","SPECIAL $75 60g 24pk Artillery Shell","SPECIAL $75 60g 24pk Artillery Shell","Unknown","Unknown","Regular","Unknown","60g","no_match","No sufficiently specific candidate identified in the two Dynamite catalog files.","Unknown","Manufacturer or UPC/model, exact package/variant and corresponding photo/video.","782","785","785","Items","783"
"3D5Q5QZWIY456UDWUJ6S473W","725272730928","","SPECIAL 3/$75 200g Cake","SPECIAL 3/$75 200g Cake","Unknown","Unknown","Regular","Unknown","200g","no_match","No sufficiently specific candidate identified in the two Dynamite catalog files.","Unknown","Manufacturer or UPC/model, exact package/variant and corresponding photo/video.","783","786","786","Items","784"
"2TFSBSEHX3RIJIUGEAVYQ34I","705108802463","","Salute To Summer 200g","Salute To Summer 200g","Unknown","Unknown","Regular","Unknown","200g","no_match","No sufficiently specific candidate identified in the two Dynamite catalog files.","Unknown","Manufacturer or UPC/model, exact package/variant and corresponding photo/video.","784","787","787","Items","785"
"43W4GXYSFIHVJYCXF4YAW26J","700000014280","","Saturn Missile Battery 100 Shot","Saturn Missile Battery 100 Shot","Unknown","Unknown","Regular","Unknown","100 Shot","probable","Name identifies a candidate only; manufacturer and exact presentation have not been established.","products.json[46] Saturn Missile Battery 100's / Monkey Mania / /products/saturn-missile-battery-100.png","Manufacturer or UPC/model, exact package/variant and corresponding photo/video.","786","789","789","Items","787"
"FZMW6CFOEEK6Q7DGWWCOS5UO","887946003667","","Saturn Missile Battery 25 Shot","Saturn Missile Battery 25 Shot","Unknown","Unknown","Regular","Unknown","25 Shot","no_match","No sufficiently specific candidate identified in the two Dynamite catalog files.","Unknown","Manufacturer or UPC/model, exact package/variant and corresponding photo/video.","787","790","790","Items","788"
"ICM5Y3XUPART3UAJ6AFCB4ZA","8145270131312","","Saturn Missile Battery 300 Shot","Saturn Missile Battery 300 Shot","Unknown","Unknown","Regular","Unknown","300 Shot","probable","Name identifies a candidate only; manufacturer and exact presentation have not been established.","products.json[47] Saturn Missile Battery 300's / Monkey Mania / /products/saturn-missile-battery-300.png","Manufacturer or UPC/model, exact package/variant and corresponding photo/video.","788","791","791","Items","789"
"ADK4WL4CCEYTQAWKHGAW2QDM","8052531311515","","Saturn Missile Battery 300 Shot","Saturn Missile Battery 300 Shot","Unknown","Unknown","American Saturn Missile","American Saturn Missile","300 Shot","probable","Name identifies a candidate only; manufacturer and exact presentation have not been established.","products.json[47] Saturn Missile Battery 300's / Monkey Mania / /products/saturn-missile-battery-300.png","Manufacturer or UPC/model, exact package/variant and corresponding photo/video.","789","792","792","Items","790"
"RCBPW76UUVOBEFNEPO3MWPQB","8145270131718","","Saturn Missile Battery-750 Shot","Saturn Missile Battery-750 Shot","Unknown","Unknown","Regular","Unknown","750 Shot","no_match","No sufficiently specific candidate identified in the two Dynamite catalog files.","Unknown","Manufacturer or UPC/model, exact package/variant and corresponding photo/video.","790","793","793","Items","791"
"A7BVCSMERHS3I6HQV6PXR2VJ","887946003681","","Saturn Missle Battery 100 Sht","Saturn Missle Battery 100 Sht","Unknown","Unknown","Regular","Unknown","Unknown","no_match","No sufficiently specific candidate identified in the two Dynamite catalog files.","Unknown","Manufacturer or UPC/model, exact package/variant and corresponding photo/video.","791","794","794","Items","792"
"NJM6VGXTBORBIDBFE5WX2DBE","680149053961","","Saturn Ultra 750","Saturn Ultra 750","Unknown","Unknown","Regular","Unknown","Unknown","no_match","No sufficiently specific candidate identified in the two Dynamite catalog files.","Unknown","Manufacturer or UPC/model, exact package/variant and corresponding photo/video.","792","795","795","Items","793"
"5JQRSHABWBMQ52NCPHFZJAPH","757201848015","","Scarlet Thread 500 Gram","Scarlet Thread 500 Gram","Unknown","500 GRAM FINALE","Regular","Unknown","500 Gram","no_match","No sufficiently specific candidate identified in the two Dynamite catalog files.","Unknown","Manufacturer or UPC/model, exact package/variant and corresponding photo/video.","793","796","796","Items","794"
"4FSMJRLSNUAD2WCQM35D554W","8145270157619","","Screaming Eagles","Screaming Eagles","Unknown","Unknown","Regular","Unknown","Unknown","no_match","No sufficiently specific candidate identified in the two Dynamite catalog files.","Unknown","Manufacturer or UPC/model, exact package/variant and corresponding photo/video.","794","797","797","Items","795"
"CGTZLRFLVBLJADNUMR2I7V6D","687985714315","","Screeching Eagle","Screeching Eagle","Unknown","Fountains","Regular","Unknown","Unknown","no_match","No sufficiently specific candidate identified in the two Dynamite catalog files.","Unknown","Manufacturer or UPC/model, exact package/variant and corresponding photo/video.","795","798","798","Items","796"
"IDRRN7PXEHU5ESAIDFWNUFCC","687985912209","","Secret Vault Family Pack","Secret Vault Family Pack","Unknown","Family Pack Assortments","Regular","Unknown","Unknown","no_match","No sufficiently specific candidate identified in the two Dynamite catalog files.","Unknown","Manufacturer or UPC/model, exact package/variant and corresponding photo/video.","796","799","799","Items","797"
"ALNYFHJRL6SEF3PJ2DCWDWJB","695071405955","","Seismic Snaps","Seismic Snaps","Unknown","Unknown","Regular","Unknown","Unknown","no_match","No sufficiently specific candidate identified in the two Dynamite catalog files.","Unknown","Manufacturer or UPC/model, exact package/variant and corresponding photo/video.","797","800","800","Items","798"
"HBOU625S5LEK4PCVRH53HOQG","687985901104","","Serious Equipment 48 Shells","Serious Equipment 48 Shells","Unknown","Unknown","Regular","Unknown","48 Shells","no_match","No sufficiently specific candidate identified in the two Dynamite catalog files.","Unknown","Manufacturer or UPC/model, exact package/variant and corresponding photo/video.","798","801","801","Items","799"
"6SGGZX66ZYR44X62PWKO7V33","8572015003786","","Shark Attack 4 Pack","Shark Attack 4 Pack","Unknown","Unknown","Regular","Unknown","4 Pack","no_match","No sufficiently specific candidate identified in the two Dynamite catalog files.","Unknown","Manufacturer or UPC/model, exact package/variant and corresponding photo/video.","799","802","802","Items","800"
"NQH4FU2CQFAFPYQORARDZJR5","681402053018","","Shinobi","Shinobi","Unknown","Unknown","Regular","Unknown","Unknown","no_match","No sufficiently specific candidate identified in the two Dynamite catalog files.","Unknown","Manufacturer or UPC/model, exact package/variant and corresponding photo/video.","800","803","803","Items","801"
"FX3FZDERMCEZQ4YL3PDCIQQD","805253413214","","Show Me Your Kitties 200 gr","Show Me Your Kitties 200 gr","Unknown","Unknown","Regular","Unknown","Unknown","no_match","No sufficiently specific candidate identified in the two Dynamite catalog files.","Unknown","Manufacturer or UPC/model, exact package/variant and corresponding photo/video.","801","804","804","Items","802"
"O4MEQ2OSWJYYBCA5R6ZYCN3Z","753321710713","","Shower Of Sparks 5 Pcs","Shower Of Sparks 5 Pcs","Unknown","Unknown","Regular","Unknown","5 Pcs","no_match","No sufficiently specific candidate identified in the two Dynamite catalog files.","Unknown","Manufacturer or UPC/model, exact package/variant and corresponding photo/video.","802","805","805","Items","803"
"RXEDQUZWB3J67HDB622CHTLT","757201520058","","Silent Assasin","Silent Assasin","Unknown","Unknown","Regular","Unknown","Unknown","no_match","No sufficiently specific candidate identified in the two Dynamite catalog files.","Unknown","Manufacturer or UPC/model, exact package/variant and corresponding photo/video.","803","806","806","Items","804"
"6TL5MEXW2T74PYUHAH26HOD2","705108320509","","Silent Mode","Silent Mode","Unknown","Fountains","Regular","Unknown","Unknown","no_match","No sufficiently specific candidate identified in the two Dynamite catalog files.","Unknown","Manufacturer or UPC/model, exact package/variant and corresponding photo/video.","804","807","807","Items","805"
"44TDILAVET7KFW3RUYZOHEBZ","514677002255","","Silent Treatment Fountain","Silent Treatment Fountain","Unknown","Unknown","Regular","Unknown","Unknown","no_match","No sufficiently specific candidate identified in the two Dynamite catalog files.","Unknown","Manufacturer or UPC/model, exact package/variant and corresponding photo/video.","805","808","808","Items","806"
"ELPXYS33RVPQWPNX3ESR377E","814527310616","","Skull Force","Skull Force","Unknown","Unknown","Regular","Unknown","Unknown","no_match","No sufficiently specific candidate identified in the two Dynamite catalog files.","Unknown","Manufacturer or UPC/model, exact package/variant and corresponding photo/video.","806","809","809","Items","807"
"UKIQLFU5SEJTMJHR6AKHDO3E","695071589198","","Skull King 200 Gram 16 Shot","Skull King 200 Gram 16 Shot","Unknown","Unknown","Regular","Unknown","200 Gram | 16 Shot","no_match","No sufficiently specific candidate identified in the two Dynamite catalog files.","Unknown","Manufacturer or UPC/model, exact package/variant and corresponding photo/video.","807","810","810","Items","808"
"DHKAYQL2A5JTRZQGUAUPKSIC","695071403500","","Skull Popper 6 Pk","Skull Popper 6 Pk","Unknown","Unknown","Regular","Unknown","Unknown","no_match","No sufficiently specific candidate identified in the two Dynamite catalog files.","Unknown","Manufacturer or UPC/model, exact package/variant and corresponding photo/video.","808","811","811","Items","809"
"WTLUAOGLASBOLXA3LAEELXAQ","715244065301","","Sky Ink 200G","Sky Ink 200G","Unknown","Unknown","Regular","Unknown","200G","no_match","No sufficiently specific candidate identified in the two Dynamite catalog files.","Unknown","Manufacturer or UPC/model, exact package/variant and corresponding photo/video.","809","812","812","Items","810"
"TE2L56XEDWRPQVTX4WF7ZYPE","652001110037","","Sky Laterns","Sky Laterns","Unknown","Unknown","Regular","Unknown","Unknown","no_match","No sufficiently specific candidate identified in the two Dynamite catalog files.","Unknown","Manufacturer or UPC/model, exact package/variant and corresponding photo/video.","810","813","813","Items","811"
"64FX5VZCXQGIRO6L3MNRJR3F","674662508138","","Sky Laterns","Sky Laterns","Unknown","Unknown","Regular","Unknown","Unknown","no_match","No sufficiently specific candidate identified in the two Dynamite catalog files.","Unknown","Manufacturer or UPC/model, exact package/variant and corresponding photo/video.","811","814","814","Items","812"
"C3Z2RS7D6ATU276R6GFDRQJY","757202118025","","Sky Painter Fountain","Sky Painter Fountain","Unknown","Fountains","Regular","Unknown","Unknown","no_match","No sufficiently specific candidate identified in the two Dynamite catalog files.","Unknown","Manufacturer or UPC/model, exact package/variant and corresponding photo/video.","812","815","815","Items","813"
"LCUKICYEVG6O6GGZEFQMVWYJ","687985121717","","Skybolt (5 sticks)","Skybolt (5 sticks)","Unknown","Stick Rockets","Regular","Unknown","5 sticks","conflict","Square Skybolt specifies five sticks; Firehawk source photo shows a freestanding missile. Presentation does not agree.","products.json[103] Skybolt / Firehawk / /products/skybolt.png","Manufacturer or UPC/model, exact package/variant and corresponding photo/video.","814","817","817","Items","815"
"K2OSHKB5T4AD2TTS65UQK4JA","757202120042","","Slam Dunk Fountain","Slam Dunk Fountain","Unknown","Fountains","Regular","Unknown","Unknown","no_match","No sufficiently specific candidate identified in the two Dynamite catalog files.","Unknown","Manufacturer or UPC/model, exact package/variant and corresponding photo/video.","815","818","818","Items","816"
"UCFNVVHNNAU65DR3NT3CHQAH","","","Small Biker Gang Novelty","Small Biker Gang Novelty","Unknown","Unknown","Regular","Unknown","Unknown","no_match","No sufficiently specific candidate identified in the two Dynamite catalog files.","Unknown","Manufacturer or UPC/model, exact package/variant and corresponding photo/video.","816","819","819","Items","817"
"IDRU6XRW7BWBX53PXMETFDDW","725272730744","","Small Fire Truck Novelty","Small Fire Truck Novelty","Unknown","Unknown","Regular","Unknown","Unknown","no_match","No sufficiently specific candidate identified in the two Dynamite catalog files.","Unknown","Manufacturer or UPC/model, exact package/variant and corresponding photo/video.","817","820","820","Items","818"
"QR6JZFJ3F5O3DOF23GO3E274","887946001649","","Small Military Parachute","Small Military Parachute","Unknown","Unknown","Regular","Unknown","Unknown","probable","Name identifies a candidate only; manufacturer and exact presentation have not been established.","products.json[189] Military Parachute / Winda / /products/military-parachute.png","Manufacturer or UPC/model, exact package/variant and corresponding photo/video.","818","821","821","Items","819"
"CUMAYLL4GFQA4YQRN27UWOCT","887946001823","","Small Military Paratropper","Small Military Paratropper","Unknown","Unknown","Regular","Unknown","Unknown","no_match","No sufficiently specific candidate identified in the two Dynamite catalog files.","Unknown","Manufacturer or UPC/model, exact package/variant and corresponding photo/video.","819","822","822","Items","820"
"3ADFA4L7TG6JSPJDUV7IJW4C","725272730782","","Small Police Car Novelty","Small Police Car Novelty","Unknown","Unknown","Regular","Unknown","Unknown","no_match","No sufficiently specific candidate identified in the two Dynamite catalog files.","Unknown","Manufacturer or UPC/model, exact package/variant and corresponding photo/video.","820","823","823","Items","821"
"36MIDNKLKXE6BD6ZCKP33MAW","725272730775","","Small Skateboard Dude Novelty","Small Skateboard Dude Novelty","Unknown","Unknown","Regular","Unknown","Unknown","no_match","No sufficiently specific candidate identified in the two Dynamite catalog files.","Unknown","Manufacturer or UPC/model, exact package/variant and corresponding photo/video.","821","824","824","Items","822"
"B5PYMHTQP5GIGI7BPYVXIEQG","816597924397","","Small Tank","Small Tank","Unknown","Unknown","Regular","Unknown","Unknown","no_match","No sufficiently specific candidate identified in the two Dynamite catalog files.","Unknown","Manufacturer or UPC/model, exact package/variant and corresponding photo/video.","822","825","825","Items","823"
"IR4HFV2V4UFXVMGII7UKDZUS","705108070510","","Small Tank","Small Tank","Unknown","Unknown","Tank","Tank","Unknown","no_match","No sufficiently specific candidate identified in the two Dynamite catalog files.","Unknown","Manufacturer or UPC/model, exact package/variant and corresponding photo/video.","823","826","826","Items","824"
"BMR7JEOTMDGL54REFWSSF5II","816597924403","","Small Tank 12 Pack","Small Tank 12 Pack","Unknown","Unknown","Regular","Unknown","12 Pack","no_match","No sufficiently specific candidate identified in the two Dynamite catalog files.","Unknown","Manufacturer or UPC/model, exact package/variant and corresponding photo/video.","824","827","827","Items","825"
"EUMY5KCK234U6I7QG6EPUBCY","687985435418","","Smash Hit","Smash Hit","Unknown","Fountains","Regular","Unknown","Unknown","no_match","No sufficiently specific candidate identified in the two Dynamite catalog files.","Unknown","Manufacturer or UPC/model, exact package/variant and corresponding photo/video.","825","828","828","Items","826"
"ME7MEP7XSA56DBH43DBACC54","821600012039","","Smoke Artillery Shell","Smoke Artillery Shell","Unknown","Unknown","Regular","Unknown","Unknown","no_match","No sufficiently specific candidate identified in the two Dynamite catalog files.","Unknown","Manufacturer or UPC/model, exact package/variant and corresponding photo/video.","827","830","830","Items","828"
"AIIEVSFXVBRCO47FLHGNO2Z7","821600002030","","Smoke Balls","Smoke Balls","Unknown","Unknown","Regular","Unknown","Unknown","no_match","No sufficiently specific candidate identified in the two Dynamite catalog files.","Unknown","Manufacturer or UPC/model, exact package/variant and corresponding photo/video.","828","831","831","Items","829"
"DKB6UEB67H55UXXAKHRGO4Q2","887946021036","","Smoke Balls Box 72 Pieces","Smoke Balls Box 72 Pieces","Unknown","Unknown","Regular","Unknown","Unknown","no_match","No sufficiently specific candidate identified in the two Dynamite catalog files.","Unknown","Manufacturer or UPC/model, exact package/variant and corresponding photo/video.","829","832","832","Items","830"
"I3FAHXWTEBSV74DBN47OSRTC","027736035564","","Smoke Grenade","Smoke Grenade","Unknown","Unknown","Regular","Unknown","Unknown","no_match","No sufficiently specific candidate identified in the two Dynamite catalog files.","Unknown","Manufacturer or UPC/model, exact package/variant and corresponding photo/video.","830","833","833","Items","831"
"VI6MKFDJY44SCVZ2HFWQG53R","8145270186817","","Smoke Grenade  2pc BOGO","Smoke Grenade 2pc","Unknown","Unknown","Regular","Unknown","2pc","no_match","No sufficiently specific candidate identified in the two Dynamite catalog files.","Unknown","Manufacturer or UPC/model, exact package/variant and corresponding photo/video.","831","834","834","Items","832"
"JJYGWFKEJPWNWFZJ4SFH67SB","725272730751","","Smoke Grenade Color Pull Pin","Smoke Grenade Color Pull Pin","Unknown","Unknown","Regular","Unknown","Unknown","no_match","No sufficiently specific candidate identified in the two Dynamite catalog files.","Unknown","Manufacturer or UPC/model, exact package/variant and corresponding photo/video.","832","835","835","Items","833"
"Y5KJZEMQ3YT2HSORELWNXMQA","887946050234","","Snake Package","Snake Package","Unknown","Unknown","Regular","Unknown","Unknown","no_match","No sufficiently specific candidate identified in the two Dynamite catalog files.","Unknown","Manufacturer or UPC/model, exact package/variant and corresponding photo/video.","833","836","836","Items","834"
"CLCR26IVZCUSZQQ54T4PIWIO","715244003440","","Snake Package","Snake Package","Unknown","Unknown","Assorted Snakes","Assorted Snakes","Unknown","no_match","No sufficiently specific candidate identified in the two Dynamite catalog files.","Unknown","Manufacturer or UPC/model, exact package/variant and corresponding photo/video.","834","837","837","Items","835"
"CQWQUWJGDGP4XMUTBNF6CVHN","600000085009","","Snappers","Snappers","Unknown","Unknown","Regular","Unknown","Unknown","no_match","No sufficiently specific candidate identified in the two Dynamite catalog files.","Unknown","Manufacturer or UPC/model, exact package/variant and corresponding photo/video.","835","838","838","Items","836"
"UBCURPSLOYG22MXQUSCEACJ2","8145270186213","","Snappers BOGO","Snappers","Unknown","Unknown","Regular","Unknown","Unknown","no_match","No sufficiently specific candidate identified in the two Dynamite catalog files.","Unknown","Manufacturer or UPC/model, exact package/variant and corresponding photo/video.","836","839","839","Items","837"
"2AARIAYAE44WQKSSNH7V2PBO","","888000085001","Snaps BOGO","Snaps","Unknown","Unknown","Regular","Unknown","Unknown","no_match","No sufficiently specific candidate identified in the two Dynamite catalog files.","Unknown","Manufacturer or UPC/model, exact package/variant and corresponding photo/video.","837","840","840","Items","838"
"4R67JJWNKKF3QWUW3XTFBMFB","8145270163214","","Sniper 24 Shells","Sniper 24 Shells","Unknown","Unknown","Regular","Unknown","24 Shells","no_match","No sufficiently specific candidate identified in the two Dynamite catalog files.","Unknown","Manufacturer or UPC/model, exact package/variant and corresponding photo/video.","838","841","841","Items","839"
"KR3RZM5CYN7RTB47WMIVTE3H","757201112017","","Sniper Fire 12 Shot","Sniper Fire 12 Shot","Unknown","Unknown","Regular","Unknown","12 Shot","no_match","No sufficiently specific candidate identified in the two Dynamite catalog files.","Unknown","Manufacturer or UPC/model, exact package/variant and corresponding photo/video.","839","842","842","Items","840"
"CBRHNYWVQY2LISAFKAJPV4ZZ","705108308804","","Snow Cone Big","Snow Cone Big","Unknown","Fountains","Regular","Unknown","Unknown","probable","Name identifies a candidate only; manufacturer and exact presentation have not been established.","products.json[114] Snow Cone / Winda / /products/snow-cone.png","Manufacturer or UPC/model, exact package/variant and corresponding photo/video.","840","843","843","Items","841"
"QT4SJRW6RTVNYE3I2OXOAM4Q","821600011261","","Snow Cone Fountain","Snow Cone Fountain","Unknown","Fountains","Regular","Unknown","Unknown","probable","Name identifies a candidate only; manufacturer and exact presentation have not been established.","products.json[114] Snow Cone / Winda / /products/snow-cone.png","Manufacturer or UPC/model, exact package/variant and corresponding photo/video.","841","844","844","Items","842"
"WAAAG3RM5BHMZNQJ6PELW6V3","132191819472","","Snowcone","Snowcone","Unknown","Fountains","Regular","Unknown","Unknown","probable","Name identifies a candidate only; manufacturer and exact presentation have not been established.","products.json[114] Snow Cone / Winda / /products/snow-cone.png | products.json[184] Handheld Snow Cone / Winda / /products/handheld-snow-cone.png","Manufacturer or UPC/model, exact package/variant and corresponding photo/video.","842","845","845","Items","843"
"HWSLHV2QS7CBXJJXIS6GPRY7","705108309733","","Snowcone","Snowcone","Unknown","Fountains","Regular","Unknown","Unknown","probable","Name identifies a candidate only; manufacturer and exact presentation have not been established.","products.json[114] Snow Cone / Winda / /products/snow-cone.png | products.json[184] Handheld Snow Cone / Winda / /products/handheld-snow-cone.png","Manufacturer or UPC/model, exact package/variant and corresponding photo/video.","843","846","846","Items","844"
"7HSTZSPFLZOBUPYELG63T6TG","705108309740","","Snowcone Individual","Snowcone Individual","Unknown","Fountains","Regular","Unknown","Unknown","probable","Name identifies a candidate only; manufacturer and exact presentation have not been established.","products.json[114] Snow Cone / Winda / /products/snow-cone.png","Manufacturer or UPC/model, exact package/variant and corresponding photo/video.","844","847","847","Items","845"
"56UUUYAARKPLGMOGR523LF2P","887946041218","","Soda Foundation","Soda Foundation","Unknown","Fountains","Regular","Unknown","Unknown","no_match","No sufficiently specific candidate identified in the two Dynamite catalog files.","Unknown","Manufacturer or UPC/model, exact package/variant and corresponding photo/video.","845","848","848","Items","846"
"5D6GORADGNMEPLTPWFS3A6BA","687985247219","","Sons of Liberty 500 Gram","Sons of Liberty 500 Gram","Unknown","500 GRAM FINALE","Regular","Unknown","500 Gram","no_match","No sufficiently specific candidate identified in the two Dynamite catalog files.","Unknown","Manufacturer or UPC/model, exact package/variant and corresponding photo/video.","846","849","849","Items","847"
"DV3XLNU5AXWRHKJTQQ7FF4AU","","841527160361","Sound of Moo-sic","Sound of Moo-sic","Unknown","Fountains","Regular","Unknown","Unknown","no_match","No sufficiently specific candidate identified in the two Dynamite catalog files.","Unknown","Manufacturer or UPC/model, exact package/variant and corresponding photo/video.","847","850","850","Items","848"
"EOQSDKHNYNKDGEYU7SYZDMGF","805253407923","","Space Cowboy Bogo","Space Cowboy","Unknown","Unknown","Regular","Unknown","Unknown","no_match","No sufficiently specific candidate identified in the two Dynamite catalog files.","Unknown","Manufacturer or UPC/model, exact package/variant and corresponding photo/video.","848","851","851","Items","849"
"ZXRSIXTYSH6M7CLJQKS7SNB5","705108202706","","Space Falcon (5 sticks)","Space Falcon (5 sticks)","Unknown","Stick Rockets","Regular","Unknown","5 sticks","no_match","No sufficiently specific candidate identified in the two Dynamite catalog files.","Unknown","Manufacturer or UPC/model, exact package/variant and corresponding photo/video.","849","852","852","Items","850"
"2RKQ6XDDPPDOXSVF547EXY62","849107065051","","Space Junk","Space Junk","Unknown","Roman Candles","Regular","Unknown","Unknown","no_match","No sufficiently specific candidate identified in the two Dynamite catalog files.","Unknown","Manufacturer or UPC/model, exact package/variant and corresponding photo/video.","850","853","853","Items","851"
"YNMK7ZJZKNRBPDU6JK7AJRT3","","687985322411","Spangled Sparklers","Spangled Sparklers","Unknown","Unknown","Regular","Unknown","Unknown","no_match","No sufficiently specific candidate identified in the two Dynamite catalog files.","Unknown","Manufacturer or UPC/model, exact package/variant and corresponding photo/video.","851","854","854","Items","852"
"TMJFW6QOYHZPIJO2AYYQES7X","6950165424101","","Sparklers Bogo","Sparklers","Unknown","Unknown","Regular","Unknown","Unknown","no_match","No sufficiently specific candidate identified in the two Dynamite catalog files.","Unknown","Manufacturer or UPC/model, exact package/variant and corresponding photo/video.","852","855","855","Items","853"
"CPOOOXF72UNGR6EWAXHK26JF","849107066041","","Sparklers Bogo","Sparklers","Unknown","Unknown","Regular","Unknown","Unknown","no_match","No sufficiently specific candidate identified in the two Dynamite catalog files.","Unknown","Manufacturer or UPC/model, exact package/variant and corresponding photo/video.","853","856","856","Items","854"
"MUEHSXEB6KR5V6ISJ5TUEKHJ","849107066041","","Sparklers Bogo","Sparklers","Unknown","Unknown","Sparklers No.8 BOGO","Sparklers No.8 BOGO","Unknown","no_match","No sufficiently specific candidate identified in the two Dynamite catalog files.","Unknown","Manufacturer or UPC/model, exact package/variant and corresponding photo/video.","854","857","857","Items","855"
"BD7G6JJ3PMQ6UGFJDF64A2XL","8052530040416","","Stars Stripes Assortment","Stars Stripes Assortment","Unknown","Family Pack Assortments","Regular","Unknown","Unknown","no_match","No sufficiently specific candidate identified in the two Dynamite catalog files.","Unknown","Manufacturer or UPC/model, exact package/variant and corresponding photo/video.","856","859","859","Items","857"
"3XPUBX5CD2SO5BXJAVK5D4PW","8052532451517","","Stars and Stripes Family Pack","Stars and Stripes Family Pack","Unknown","Family Pack Assortments","Regular","Unknown","Unknown","no_match","No sufficiently specific candidate identified in the two Dynamite catalog files.","Unknown","Manufacturer or UPC/model, exact package/variant and corresponding photo/video.","857","860","860","Items","858"
"5O3KCZV7HWLL2CDEY4VOSTEL","715244009312","","Stealth Bomber","Stealth Bomber","Unknown","Unknown","Regular","Unknown","Unknown","no_match","No sufficiently specific candidate identified in the two Dynamite catalog files.","Unknown","Manufacturer or UPC/model, exact package/variant and corresponding photo/video.","858","861","861","Items","859"
"Z3WW4AQIC4ZXLQNTMA3PKJAT","","841527142022","Steel Titan Mortar","Steel Titan Mortar","Unknown","Roman Candles","Regular","Unknown","Unknown","no_match","No sufficiently specific candidate identified in the two Dynamite catalog files.","Unknown","Manufacturer or UPC/model, exact package/variant and corresponding photo/video.","859","862","862","Items","860"
"2BN5Z4GKQHHACJ6BQHH7XB4Y","8052530010914","","Stellar Jets (4 sticks)","Stellar Jets (4 sticks)","Unknown","Stick Rockets","Regular","Unknown","4 sticks","no_match","No sufficiently specific candidate identified in the two Dynamite catalog files.","Unknown","Manufacturer or UPC/model, exact package/variant and corresponding photo/video.","860","863","863","Items","861"
"LZUI6FBWEPODZ6FYNPMSTRRG","900007622062","","Stinger Rockets","Stinger Rockets","Unknown","Unknown","Regular","Unknown","Unknown","no_match","No sufficiently specific candidate identified in the two Dynamite catalog files.","Unknown","Manufacturer or UPC/model, exact package/variant and corresponding photo/video.","861","864","864","Items","862"
"PFUMNN4F7CTUD6OCYKHDPQLR","757202110012","","Strato Launcher 100 Shot","Strato Launcher 100 Shot","Unknown","Unknown","Regular","Unknown","100 Shot","no_match","No sufficiently specific candidate identified in the two Dynamite catalog files.","Unknown","Manufacturer or UPC/model, exact package/variant and corresponding photo/video.","862","865","865","Items","863"
"6ORG5JYKG6FPBMH67P7UPR3E","887946003438","","Striking Rainbow","Striking Rainbow","Unknown","Unknown","Regular","Unknown","Unknown","no_match","No sufficiently specific candidate identified in the two Dynamite catalog files.","Unknown","Manufacturer or UPC/model, exact package/variant and corresponding photo/video.","863","866","866","Items","864"
"3UA3DE63WWEIXYDEIHWR6NFD","757201220040","","Strobing Willow","Strobing Willow","Unknown","Unknown","Regular","Unknown","Unknown","no_match","No sufficiently specific candidate identified in the two Dynamite catalog files.","Unknown","Manufacturer or UPC/model, exact package/variant and corresponding photo/video.","864","867","867","Items","865"
"JHTD4RDJXZMEZNERSG7EXBGP","757201530392","","Sudden Crisis 30 Shot","Sudden Crisis 30 Shot","Unknown","Unknown","Regular","Unknown","30 Shot","no_match","No sufficiently specific candidate identified in the two Dynamite catalog files.","Unknown","Manufacturer or UPC/model, exact package/variant and corresponding photo/video.","866","869","869","Items","867"
"MCJREXVVQE3QRAECUUUZUCYQ","514677002323","","Sugar Pop","Sugar Pop","Unknown","Unknown","Regular","Unknown","Unknown","no_match","No sufficiently specific candidate identified in the two Dynamite catalog files.","Unknown","Manufacturer or UPC/model, exact package/variant and corresponding photo/video.","867","870","870","Items","868"
"WM5U5WA7YOACC752AX5JMVOI","681402053988","","Sugar Skull 6"" Artillery Shells 6 Pack","Sugar Skull 6"" Artillery Shells 6 Pack","Unknown","6 Pack Artillery Shells 5""\, 6""","Sugar Skull","Sugar Skull","6"" | 6 Pack","no_match","No sufficiently specific candidate identified in the two Dynamite catalog files.","Unknown","Manufacturer or UPC/model, exact package/variant and corresponding photo/video.","868","871","871","Items","869"
"TAYKK7F435S57FPDLPJYV3OZ","681402054008","","Sugar Skull 6"" Artillery Shells 6 Pack","Sugar Skull 6"" Artillery Shells 6 Pack","Unknown","6 Pack Artillery Shells 5""\, 6""","Sugar Skull","Sugar Skull","6"" | 6 Pack","no_match","No sufficiently specific candidate identified in the two Dynamite catalog files.","Unknown","Manufacturer or UPC/model, exact package/variant and corresponding photo/video.","869","872","872","Items","870"
"KCBDFWX3QDQK5IQPOL2VZJ7D","681402053971","","Sugar Skull 6"" Artillery Shells 6 Pack","Sugar Skull 6"" Artillery Shells 6 Pack","Unknown","6 Pack Artillery Shells 5""\, 6""","Sugar Skull","Sugar Skull","6"" | 6 Pack","no_match","No sufficiently specific candidate identified in the two Dynamite catalog files.","Unknown","Manufacturer or UPC/model, exact package/variant and corresponding photo/video.","870","873","873","Items","871"
"J3U233NEV6JWQT66GGKT72MN","681402053995","","Sugar Skull 6"" Artillery Shells 6 Pack","Sugar Skull 6"" Artillery Shells 6 Pack","Unknown","6 Pack Artillery Shells 5""\, 6""","Sugar Skull","Sugar Skull","6"" | 6 Pack","no_match","No sufficiently specific candidate identified in the two Dynamite catalog files.","Unknown","Manufacturer or UPC/model, exact package/variant and corresponding photo/video.","871","874","874","Items","872"
"FZ4UOHXN2PATZIU7FO7IYHQR","202112120298","","Super Cakes 4","Super Cakes 4","Unknown","Unknown","Regular","Unknown","Unknown","no_match","No sufficiently specific candidate identified in the two Dynamite catalog files.","Unknown","Manufacturer or UPC/model, exact package/variant and corresponding photo/video.","872","875","875","Items","873"
"B5TEHG6TB4E35SHGLJC73JTO","816597940212","","Super Jumbo Crackling Balls","Super Jumbo Crackling Balls","Unknown","Unknown","Regular","Unknown","Unknown","no_match","No sufficiently specific candidate identified in the two Dynamite catalog files.","Unknown","Manufacturer or UPC/model, exact package/variant and corresponding photo/video.","873","876","876","Items","874"
"TAESPIMBJC3BD7QYPG2HVSW4","8052530140819","","Super Magnum (12 pcs)","Super Magnum (12 pcs)","Unknown","Artillery/Festival Balls","Regular","Unknown","12 pcs","no_match","No sufficiently specific candidate identified in the two Dynamite catalog files.","Unknown","Manufacturer or UPC/model, exact package/variant and corresponding photo/video.","874","877","877","Items","875"
"YSJXWKAANWCTCMQCEY3JQUXK","715244003365","","Super Snap Bogo","Super Snap","Unknown","Unknown","Regular","Unknown","Unknown","no_match","No sufficiently specific candidate identified in the two Dynamite catalog files.","Unknown","Manufacturer or UPC/model, exact package/variant and corresponding photo/video.","875","878","878","Items","876"
"AHKZ7C7WXML7I5RH7EVVP3NV","687985434015","","Super Sword Boy","Super Sword Boy","Unknown","Unknown","Regular","Unknown","Unknown","no_match","No sufficiently specific candidate identified in the two Dynamite catalog files.","Unknown","Manufacturer or UPC/model, exact package/variant and corresponding photo/video.","876","879","879","Items","877"
"IUWUWRCHEBGYJ5VIM5ZNCDV3","757202120028","","Super dragon Fountain","Super dragon Fountain","Unknown","Fountains","Regular","Unknown","Unknown","no_match","No sufficiently specific candidate identified in the two Dynamite catalog files.","Unknown","Manufacturer or UPC/model, exact package/variant and corresponding photo/video.","877","880","880","Items","878"
"J5OIPB6TBG4AKLGTG5BA75KD","757201306010","","Supernova 5"" Artillery Shells 6 Pack","Supernova 5"" Artillery Shells 6 Pack","Unknown","6 Pack Artillery Shells 5""\, 6""","Regular","Unknown","5"" | 6 Pack","no_match","No sufficiently specific candidate identified in the two Dynamite catalog files.","Unknown","Manufacturer or UPC/model, exact package/variant and corresponding photo/video.","878","881","881","Items","879"
"NZZFXOG2QDEBBJWGNJ4F5T3R","887946041133","","Sword","Sword","Unknown","Unknown","Regular","Unknown","Unknown","no_match","No sufficiently specific candidate identified in the two Dynamite catalog files.","Unknown","Manufacturer or UPC/model, exact package/variant and corresponding photo/video.","879","882","882","Items","880"
"CFPGEC7FM3M3FLAT3WK62WEY","705108600335","","THAAD 226 Shot Zipper Cake","THAAD 226 Shot Zipper Cake","Unknown","500 GRAM FINALE > 500 GRAM FINALE ZIPPER CAKES","Regular","Unknown","226 Shot","no_match","No sufficiently specific candidate identified in the two Dynamite catalog files.","Unknown","Manufacturer or UPC/model, exact package/variant and corresponding photo/video.","880","883","883","Items","881"
"XPKESM4NEB7FD7MA2UGKJXXQ","027736000104","","TNT Bag Assortment","TNT Bag Assortment","Unknown","Unknown","Regular","Unknown","Unknown","no_match","No sufficiently specific candidate identified in the two Dynamite catalog files.","Unknown","Manufacturer or UPC/model, exact package/variant and corresponding photo/video.","881","884","884","Items","882"
"OCNKFMWD4RXNQEOM4RTQQJBQ","705108603008","","Take Me To Your Leader 500 Gram","Take Me To Your Leader 500 Gram","Unknown","500 GRAM FINALE","Regular","Unknown","500 Gram","no_match","No sufficiently specific candidate identified in the two Dynamite catalog files.","Unknown","Manufacturer or UPC/model, exact package/variant and corresponding photo/video.","882","885","885","Items","883"
"JCZP5TQ5GGDI72GS747HROMU","814527308415","","Taking Care Of Business Family Pk","Taking Care Of Business Family Pk","Unknown","Unknown","Regular","Unknown","Unknown","no_match","No sufficiently specific candidate identified in the two Dynamite catalog files.","Unknown","Manufacturer or UPC/model, exact package/variant and corresponding photo/video.","883","886","886","Items","884"
"YL45J65Z3E5TR6CTQSL6ACA3","816597934273","","Tank","Tank","Unknown","Unknown","Regular","Unknown","Unknown","probable","Name identifies a candidate only; manufacturer and exact presentation have not been established.","products.json[115] Fish Tank / Winda / /products/fish-tank.png | products.json[181] Tank Busters / Winda / /products/tank-busters.png","Manufacturer or UPC/model, exact package/variant and corresponding photo/video.","884","887","887","Items","885"
"7TEE4O7JK2ZG6OINQEOJJTSV","8145270187210","","Tank","Tank","Unknown","Unknown","Tank","Tank","Unknown","probable","Name identifies a candidate only; manufacturer and exact presentation have not been established.","products.json[115] Fish Tank / Winda / /products/fish-tank.png | products.json[181] Tank Busters / Winda / /products/tank-busters.png","Manufacturer or UPC/model, exact package/variant and corresponding photo/video.","885","888","888","Items","886"
"2KFDHM7PRJCRUR6NIOPWRUXF","285108243850","","Texas Giant Pop Rocket","Texas Giant Pop Rocket","Unknown","Unknown","Regular","Unknown","Unknown","no_match","No sufficiently specific candidate identified in the two Dynamite catalog files.","Unknown","Manufacturer or UPC/model, exact package/variant and corresponding photo/video.","886","889","889","Items","887"
"NSQKCL7FFBMVVVFCM4EKI7HF","64883100769","","Texas Pop Rocket","Texas Pop Rocket","Unknown","Unknown","Regular","Unknown","Unknown","no_match","No sufficiently specific candidate identified in the two Dynamite catalog files.","Unknown","Manufacturer or UPC/model, exact package/variant and corresponding photo/video.","887","890","890","Items","888"
"EOCYSNQTWRFGASZDKP4QENU7","020164900053","","Texas Sledgehammer 60 Gram 6 Inch","Texas Sledgehammer 60 Gram 6 Inch","Unknown","Unknown","Regular","Unknown","60 Gram | 6 Inch","no_match","No sufficiently specific candidate identified in the two Dynamite catalog files.","Unknown","Manufacturer or UPC/model, exact package/variant and corresponding photo/video.","888","891","891","Items","889"
"NJ6SAFHPATCWTVY7P6WUARZ6","765244000000","","The Beast Black Cat","The Beast Black Cat","Black Cat","Family Pack Assortments","Regular","Unknown","Unknown","no_match","No sufficiently specific candidate identified in the two Dynamite catalog files.","Unknown","Manufacturer or UPC/model, exact package/variant and corresponding photo/video.","889","892","892","Items","890"
"75TIIYAM4OKN23TPTHZZN67G","514677005003","","The Beast Roman Candle","The Beast Roman Candle","Unknown","Roman Candles","Regular","Unknown","Unknown","no_match","No sufficiently specific candidate identified in the two Dynamite catalog files.","Unknown","Manufacturer or UPC/model, exact package/variant and corresponding photo/video.","890","893","893","Items","891"
"KOTKW2PJDLTQA7NWSJVETPLO","652009001085","","The Godfather","The Godfather","Unknown","Family Pack Assortments","Regular","Unknown","Unknown","no_match","No sufficiently specific candidate identified in the two Dynamite catalog files.","Unknown","Manufacturer or UPC/model, exact package/variant and corresponding photo/video.","891","894","894","Items","892"
"Z6FPCUDLKJMT6XYLGBPTJAKZ","757201530804","","The Hulk Clap 500 Gram","The Hulk Clap 500 Gram","Unknown","500 GRAM FINALE","Regular","Unknown","500 Gram","no_match","No sufficiently specific candidate identified in the two Dynamite catalog files.","Unknown","Manufacturer or UPC/model, exact package/variant and corresponding photo/video.","892","895","895","Items","893"
"CIU2NNTHN47VXQHXXKQQ2NBE","8145271620518","","The Jaws 500 Gram 9 Shots","The Jaws 500 Gram 9 Shots","Unknown","Unknown","Regular","Unknown","500 Gram | 9 Shots","no_match","No sufficiently specific candidate identified in the two Dynamite catalog files.","Unknown","Manufacturer or UPC/model, exact package/variant and corresponding photo/video.","893","896","896","Items","894"
"D6T5FNCTMUTHQSDLYJD2YU3X","8052532451319","","The King Assortment","The King Assortment","Unknown","Family Pack Assortments","Regular","Unknown","Unknown","no_match","No sufficiently specific candidate identified in the two Dynamite catalog files.","Unknown","Manufacturer or UPC/model, exact package/variant and corresponding photo/video.","894","897","897","Items","895"
"YY2252GSY24VXZARC2U6X6BL","8052530040119","","The King Assortment","The King Assortment","Unknown","Family Pack Assortments","The King Assortment","The King Assortment","Unknown","no_match","No sufficiently specific candidate identified in the two Dynamite catalog files.","Unknown","Manufacturer or UPC/model, exact package/variant and corresponding photo/video.","895","898","898","Items","896"
"UTZ525RYU5BQ7EIDA555B7E5","014002913268","","The Kraken 4"" Artillery Shells 24 Pack","The Kraken 4"" Artillery Shells 24 Pack","Unknown","24 Pack Artillery Shells 4""","Regular","Unknown","4"" | 24 Pack","no_match","No sufficiently specific candidate identified in the two Dynamite catalog files.","Unknown","Manufacturer or UPC/model, exact package/variant and corresponding photo/video.","896","899","899","Items","897"
"MPQFHDSFYWL74TFBGIO233PQ","757205301318","","The Next Big Thing 500 Gram","The Next Big Thing 500 Gram","Unknown","500 GRAM FINALE","Regular","Unknown","500 Gram","no_match","No sufficiently specific candidate identified in the two Dynamite catalog files.","Unknown","Manufacturer or UPC/model, exact package/variant and corresponding photo/video.","897","900","900","Items","898"
"DVJJ6D4PS3O75T6GJDQQUVI6","7572015003800","","The Perfect Match","The Perfect Match","Unknown","Unknown","Regular","Unknown","Unknown","no_match","No sufficiently specific candidate identified in the two Dynamite catalog files.","Unknown","Manufacturer or UPC/model, exact package/variant and corresponding photo/video.","898","901","901","Items","899"
"JVJVJDEHKQTOTIG75XHAVP7R","687985290512","","The Red White And Blue Salute","The Red White And Blue Salute","Unknown","Unknown","Regular","Unknown","Unknown","no_match","No sufficiently specific candidate identified in the two Dynamite catalog files.","Unknown","Manufacturer or UPC/model, exact package/variant and corresponding photo/video.","900","903","903","Items","901"
"V5J3HQXPDHVHUAOL4TQYISXE","811451013859","","The wicked Witch","The wicked Witch","Unknown","Unknown","Regular","Unknown","Unknown","no_match","No sufficiently specific candidate identified in the two Dynamite catalog files.","Unknown","Manufacturer or UPC/model, exact package/variant and corresponding photo/video.","901","904","904","Items","902"
"IR7XAVEQUTZ3OXRPZRYDJDWS","652009112002","","Thor Missle","Thor Missle","Unknown","Unknown","Regular","Unknown","Unknown","no_match","No sufficiently specific candidate identified in the two Dynamite catalog files.","Unknown","Manufacturer or UPC/model, exact package/variant and corresponding photo/video.","902","905","905","Items","903"
"4NKU22OHLIB7KNREHQGNR5LH","8052530051016","","Thunder Bomb 1000ct Firecracker","Thunder Bomb 1000ct Firecracker","Unknown","Unknown","Regular","Unknown","1000ct","no_match","No sufficiently specific candidate identified in the two Dynamite catalog files.","Unknown","Manufacturer or UPC/model, exact package/variant and corresponding photo/video.","903","906","906","Items","904"
"TXJZDX235E43KSVDG4MP7WO6","8052530052525","","Thunder Bomb 640","Thunder Bomb 640","Unknown","Unknown","Regular","Unknown","Unknown","no_match","No sufficiently specific candidate identified in the two Dynamite catalog files.","Unknown","Manufacturer or UPC/model, exact package/variant and corresponding photo/video.","904","907","907","Items","905"
"EIY7LEWHON2DQBJR5WYIADRP","847294038032","","Thunderbomb 100ct Firecracker","Thunderbomb 100ct Firecracker","Unknown","Unknown","Regular","Unknown","100ct","no_match","No sufficiently specific candidate identified in the two Dynamite catalog files.","Unknown","Manufacturer or UPC/model, exact package/variant and corresponding photo/video.","905","908","908","Items","906"
"WFOP4EFT7Q3WECR3URYJ6KNH","757201624022","","Tiger Force 6"" Artillery Shells 24 Pack","Tiger Force 6"" Artillery Shells 24 Pack","Unknown","24 Pack Artillery Shells 6""","Regular","Unknown","6"" | 24 Pack","no_match","No sufficiently specific candidate identified in the two Dynamite catalog files.","Unknown","Manufacturer or UPC/model, exact package/variant and corresponding photo/video.","906","909","909","Items","907"
"KZIPK6N3RIIOP7VY7B5KOGHF","757201530651","","Till Death Do Us Part 30 Shot","Till Death Do Us Part 30 Shot","Unknown","Unknown","Regular","Unknown","30 Shot","no_match","No sufficiently specific candidate identified in the two Dynamite catalog files.","Unknown","Manufacturer or UPC/model, exact package/variant and corresponding photo/video.","907","910","910","Items","908"
"X5BMZULGHXXAMM4P3Z32O6CZ","705108309726","","Tiny Snow Cone","Tiny Snow Cone","Unknown","Fountains","Regular","Unknown","Unknown","probable","Name identifies a candidate only; manufacturer and exact presentation have not been established.","products.json[114] Snow Cone / Winda / /products/snow-cone.png","Manufacturer or UPC/model, exact package/variant and corresponding photo/video.","908","911","911","Items","909"
"BMUZDH4BBIKV6QQT3EJISDHT","705108309719","","Tiny Snow Cone","Tiny Snow Cone","Unknown","Fountains","Tiny Snowcone","Tiny Snowcone","Unknown","probable","Name identifies a candidate only; manufacturer and exact presentation have not been established.","products.json[114] Snow Cone / Winda / /products/snow-cone.png","Manufacturer or UPC/model, exact package/variant and corresponding photo/video.","909","912","912","Items","910"
"YX45DS6EV25H3VDDCVAYS7BG","847294012933","","Tomahawk","Tomahawk","Unknown","Fountains","Regular","Unknown","Unknown","no_match","No sufficiently specific candidate identified in the two Dynamite catalog files.","Unknown","Manufacturer or UPC/model, exact package/variant and corresponding photo/video.","910","913","913","Items","911"
"MPDVJ42G6H7A2ORWCX3DJGXI","8052530152218","","Tomahawk Missile","Tomahawk Missile","Unknown","Unknown","Regular","Unknown","Unknown","no_match","No sufficiently specific candidate identified in the two Dynamite catalog files.","Unknown","Manufacturer or UPC/model, exact package/variant and corresponding photo/video.","911","914","914","Items","912"
"QIAYT2L3TWLWGTLX3UO4IESI","162109350254","","Tommy Gun","Tommy Gun","Unknown","500 GRAM FINALE > 500 GRAM FINALE ZIPPER CAKES","Regular","Unknown","Unknown","no_match","No sufficiently specific candidate identified in the two Dynamite catalog files.","Unknown","Manufacturer or UPC/model, exact package/variant and corresponding photo/video.","912","915","915","Items","913"
"RINS3N3B7E4VFFP6N7JHNLEC","652009003454","","Torpedo","Torpedo","Unknown","Unknown","Regular","Unknown","Unknown","no_match","No sufficiently specific candidate identified in the two Dynamite catalog files.","Unknown","Manufacturer or UPC/model, exact package/variant and corresponding photo/video.","913","916","916","Items","914"
"T66IVCSZQXKG2EZT7K2CJZ6N","757205301363","","Tower of Power 500 Gram","Tower of Power 500 Gram","Unknown","500 GRAM FINALE","Regular","Unknown","500 Gram","no_match","No sufficiently specific candidate identified in the two Dynamite catalog files.","Unknown","Manufacturer or UPC/model, exact package/variant and corresponding photo/video.","914","917","917","Items","915"
"KU3SZ23DSJ3QKFYFOMKZHW5D","757202300017","","Toy Box Backpack Children","Toy Box Backpack Children","Unknown","Family Pack Assortments","Regular","Unknown","Unknown","no_match","No sufficiently specific candidate identified in the two Dynamite catalog files.","Unknown","Manufacturer or UPC/model, exact package/variant and corresponding photo/video.","915","918","918","Items","916"
"CLBWCGZC6RNAPWOITX5MVHAY","514677102030","","Tres Amigos","Tres Amigos","Unknown","Fountains","Regular","Unknown","Unknown","no_match","No sufficiently specific candidate identified in the two Dynamite catalog files.","Unknown","Manufacturer or UPC/model, exact package/variant and corresponding photo/video.","916","919","919","Items","917"
"MJS4BWTE4RD3SNVJXSBWD7DT","814527304615","","Truck Load Of Fun","Truck Load Of Fun","Unknown","Unknown","Regular","Unknown","Unknown","no_match","No sufficiently specific candidate identified in the two Dynamite catalog files.","Unknown","Manufacturer or UPC/model, exact package/variant and corresponding photo/video.","917","920","920","Items","918"
"X2YSWQNHGH422VSAGSM4MDBW","","800882025388","Truckload Of Fire","Truckload Of Fire","Unknown","Unknown","Regular","Unknown","Unknown","no_match","No sufficiently specific candidate identified in the two Dynamite catalog files.","Unknown","Manufacturer or UPC/model, exact package/variant and corresponding photo/video.","918","921","921","Items","919"
"IAUSC7I3MXQSAY2SVUYHJUKJ","","800882025456","Truckload Of Fire","Truckload Of Fire","Unknown","Unknown","Wings of the Brave","Wings of the Brave","Unknown","no_match","No sufficiently specific candidate identified in the two Dynamite catalog files.","Unknown","Manufacturer or UPC/model, exact package/variant and corresponding photo/video.","919","922","922","Items","920"
"FVQC5I6R3FX2UEIOOYM6DT7Z","","800882025623","Truckload Of Fire","Truckload Of Fire","Unknown","Unknown","Shield of Liberty","Shield of Liberty","Unknown","no_match","No sufficiently specific candidate identified in the two Dynamite catalog files.","Unknown","Manufacturer or UPC/model, exact package/variant and corresponding photo/video.","920","923","923","Items","921"
"WDFIOXLCDTEONEOMV4TJMAGP","","805253438910","Truckload Of Fire","Truckload Of Fire","Unknown","Unknown","Monumental Legacy","Monumental Legacy","Unknown","no_match","No sufficiently specific candidate identified in the two Dynamite catalog files.","Unknown","Manufacturer or UPC/model, exact package/variant and corresponding photo/video.","921","924","924","Items","922"
"DMIG3XTQAWN4E7WPYKPDNIUO","","805253438712","Truckload Of Fire","Truckload Of Fire","Unknown","Unknown","Aviation Nation","Aviation Nation","Unknown","no_match","No sufficiently specific candidate identified in the two Dynamite catalog files.","Unknown","Manufacturer or UPC/model, exact package/variant and corresponding photo/video.","922","925","925","Items","923"
"3IAUJECOLHLP4HEFULWNV7MZ","681402052677","","Turbo roman candle","Turbo roman candle","Unknown","Roman Candles","Regular","Unknown","Unknown","no_match","No sufficiently specific candidate identified in the two Dynamite catalog files.","Unknown","Manufacturer or UPC/model, exact package/variant and corresponding photo/video.","923","926","926","Items","924"
"4XNAMHJPDAR3ZZXVWJRVFCN7","687985909049","","Turf War","Turf War","Unknown","Unknown","Regular","Unknown","Unknown","no_match","No sufficiently specific candidate identified in the two Dynamite catalog files.","Unknown","Manufacturer or UPC/model, exact package/variant and corresponding photo/video.","924","927","927","Items","925"
"HFIHZKMFPSJ5AVHXN4OIW6JV","7950165416488","","Turtle 2 Pack","Turtle 2 Pack","Unknown","Unknown","Regular","Unknown","2 Pack","no_match","No sufficiently specific candidate identified in the two Dynamite catalog files.","Unknown","Manufacturer or UPC/model, exact package/variant and corresponding photo/video.","925","928","928","Items","926"
"4CDHEXAIGFVHBCKYZPZPMEUW","8145270182413","","Two Color Spaceship Bogo","Two Color Spaceship","Unknown","Unknown","Regular","Unknown","Unknown","no_match","No sufficiently specific candidate identified in the two Dynamite catalog files.","Unknown","Manufacturer or UPC/model, exact package/variant and corresponding photo/video.","926","929","929","Items","927"
"VHMJNYOIR3QENJLJWRTRR3KI","064883100165","","USA Arsenal 36 Shells","USA Arsenal 36 Shells","Unknown","Unknown","Regular","Unknown","36 Shells","no_match","No sufficiently specific candidate identified in the two Dynamite catalog files.","Unknown","Manufacturer or UPC/model, exact package/variant and corresponding photo/video.","927","930","930","Items","928"
"FUX3VOQTQWK6EUEVVU74CCYG","8052532451418","","USA Family Pack Assortment","USA Family Pack Assortment","Unknown","Family Pack Assortments","Regular","Unknown","Unknown","no_match","No sufficiently specific candidate identified in the two Dynamite catalog files.","Unknown","Manufacturer or UPC/model, exact package/variant and corresponding photo/video.","928","931","933","Items","929"
"E7IZVD5NDQ6BARD5OAHLMR2S","","","USA Large Assortment","USA Large Assortment","Unknown","Unknown","Regular","Unknown","Unknown","no_match","No sufficiently specific candidate identified in the two Dynamite catalog files.","Unknown","Manufacturer or UPC/model, exact package/variant and corresponding photo/video.","929","934","934","Items","930"
"OT6A2P62332JPPNLKF4FO6JT","","805253439610","USA Saturn Missile","USA Saturn Missile","Unknown","Unknown","250 Strong USA Saturn Missile","250 Strong USA Saturn Missile","Unknown","probable","Name identifies a candidate only; manufacturer and exact presentation have not been established.","products.json[74] USA Saturn Missile Battery / Brothers / products/usa-saturn-missile-battery.png","Manufacturer or UPC/model, exact package/variant and corresponding photo/video.","930","935","935","Items","931"
"DKHRWMFALVXVHW7T3N6RJ6TF","687985232413","","USA Saturn Missile","USA Saturn Missile","Unknown","Unknown","Regular","Unknown","Unknown","probable","Name identifies a candidate only; manufacturer and exact presentation have not been established.","products.json[74] USA Saturn Missile Battery / Brothers / products/usa-saturn-missile-battery.png","Manufacturer or UPC/model, exact package/variant and corresponding photo/video.","931","936","936","Items","932"
"W4LGRYU54PUUUSUHQXD7Y73Y","","805253433014","Ultimate America","Ultimate America","Unknown","Artillery Packs MultiShell MultiBreaks","Regular","Unknown","Unknown","no_match","No sufficiently specific candidate identified in the two Dynamite catalog files.","Unknown","Manufacturer or UPC/model, exact package/variant and corresponding photo/video.","932","937","937","Items","933"
"SIA2GNQKKWKEMU3PTSRTX5WT","002013220475","","Uncle Sam 500 Gram","Uncle Sam 500 Gram","Unknown","500 GRAM FINALE","Regular","Unknown","500 Gram","no_match","No sufficiently specific candidate identified in the two Dynamite catalog files.","Unknown","Manufacturer or UPC/model, exact package/variant and corresponding photo/video.","933","938","938","Items","934"
"BJRI3SFNDFVOQR6YLSYVEQ4X","514677002163","","Unicorn","Unicorn","Unknown","Unknown","Regular","Unknown","Unknown","no_match","No sufficiently specific candidate identified in the two Dynamite catalog files.","Unknown","Manufacturer or UPC/model, exact package/variant and corresponding photo/video.","934","939","939","Items","935"
"DXLAVO75BIV7EE5NVWMNZOG7","680149048431","","Unicorn Chaser_BOGO","Unicorn Chaser_BOGO","Unknown","Unknown","Regular","Unknown","Unknown","no_match","No sufficiently specific candidate identified in the two Dynamite catalog files.","Unknown","Manufacturer or UPC/model, exact package/variant and corresponding photo/video.","935","940","940","Items","936"
"57HEQD66AGXS3E567TGEGWYE","","805253437517","United States of Awesome","United States of Awesome","Unknown","Unknown","Regular","Unknown","Unknown","no_match","No sufficiently specific candidate identified in the two Dynamite catalog files.","Unknown","Manufacturer or UPC/model, exact package/variant and corresponding photo/video.","936","941","941","Items","937"
"LLYFGENB2BOJMKH4BIIMI7O7","8052530142714","","United We Stand Assortment","United We Stand Assortment","Unknown","Unknown","Regular","Unknown","Unknown","no_match","No sufficiently specific candidate identified in the two Dynamite catalog files.","Unknown","Manufacturer or UPC/model, exact package/variant and corresponding photo/video.","937","942","942","Items","938"
"6QWKN4NYSMH5FE4SPP4TXZEZ","687985908431","","Vega","Vega","Unknown","Unknown","Regular","Unknown","Unknown","no_match","No sufficiently specific candidate identified in the two Dynamite catalog files.","Unknown","Manufacturer or UPC/model, exact package/variant and corresponding photo/video.","939","944","944","Items","940"
"J4X2GNRP7XNRBVM5HXDI77OZ","687985913206","","Vendoworks","Vendoworks","Unknown","Unknown","Regular","Unknown","Unknown","no_match","No sufficiently specific candidate identified in the two Dynamite catalog files.","Unknown","Manufacturer or UPC/model, exact package/variant and corresponding photo/video.","940","945","945","Items","941"
"AVJ2UNGCOROG46OCAJARWH27","705108700721","","Venomous Snakes","Venomous Snakes","Unknown","Unknown","Regular","Unknown","Unknown","no_match","No sufficiently specific candidate identified in the two Dynamite catalog files.","Unknown","Manufacturer or UPC/model, exact package/variant and corresponding photo/video.","941","946","946","Items","942"
"53PY236TSO7UAIDCPQL23F4D","8145270145913","","Vertical Limit 200 Gram 16 Shot","Vertical Limit 200 Gram 16 Shot","Unknown","Unknown","Regular","Unknown","200 Gram | 16 Shot","no_match","No sufficiently specific candidate identified in the two Dynamite catalog files.","Unknown","Manufacturer or UPC/model, exact package/variant and corresponding photo/video.","942","947","947","Items","943"
"MPLY3UZKTRRPDCZXXFXRR433","131611802209","","Victory Sword","Victory Sword","Unknown","Unknown","Regular","Unknown","Unknown","no_match","No sufficiently specific candidate identified in the two Dynamite catalog files.","Unknown","Manufacturer or UPC/model, exact package/variant and corresponding photo/video.","943","948","948","Items","944"
"2GOV47XBIMZCDNOV72OJDVYL","","805253432918","Victory Vault","Victory Vault","Unknown","Artillery Packs MultiShell MultiBreaks","Regular","Unknown","Unknown","no_match","No sufficiently specific candidate identified in the two Dynamite catalog files.","Unknown","Manufacturer or UPC/model, exact package/variant and corresponding photo/video.","944","949","949","Items","945"
"QA7RJWR5IABYRYQ4RJTZCVD7","8145270113820","","Violet And Crimson Fountain 6pc","Violet And Crimson Fountain 6pc","Unknown","Fountains","Regular","Unknown","6pc","no_match","No sufficiently specific candidate identified in the two Dynamite catalog files.","Unknown","Manufacturer or UPC/model, exact package/variant and corresponding photo/video.","945","950","950","Items","946"
"AM2ZXLJ7TEDJQGPX2YZBW72P","757201225045","","Viper Strike","Viper Strike","Unknown","Unknown","Regular","Unknown","Unknown","no_match","No sufficiently specific candidate identified in the two Dynamite catalog files.","Unknown","Manufacturer or UPC/model, exact package/variant and corresponding photo/video.","946","951","951","Items","947"
"GRLCY6BUJIQP24563LEUEXK4","800000323105","","Viva Mexico 500 Gram","Viva Mexico 500 Gram","Unknown","500 GRAM FINALE","Regular","Unknown","500 Gram","no_match","No sufficiently specific candidate identified in the two Dynamite catalog files.","Unknown","Manufacturer or UPC/model, exact package/variant and corresponding photo/video.","947","952","952","Items","948"
"XTL5TLDJI3LTZYGCDMI4ODSC","687985250110","","Wacky Tobocey","Wacky Tobocey","Unknown","Unknown","Regular","Unknown","Unknown","no_match","No sufficiently specific candidate identified in the two Dynamite catalog files.","Unknown","Manufacturer or UPC/model, exact package/variant and corresponding photo/video.","948","953","953","Items","949"
"Z5AQ5L7DNIGG2FSAUAZOSQQ5","715244063178","","Walking Dead 19 Shots","Walking Dead 19 Shots","Unknown","Unknown","Regular","Unknown","19 Shots","no_match","No sufficiently specific candidate identified in the two Dynamite catalog files.","Unknown","Manufacturer or UPC/model, exact package/variant and corresponding photo/video.","949","954","954","Items","950"
"KS5452C734MZW35G2BTO3ZX4","887946005616","","Wall of Flame","Wall of Flame","Unknown","500 GRAM FINALE > 500 GRAM FINALE ZIPPER CAKES","Regular","Unknown","Unknown","no_match","No sufficiently specific candidate identified in the two Dynamite catalog files.","Unknown","Manufacturer or UPC/model, exact package/variant and corresponding photo/video.","950","955","955","Items","951"
"YIKPT4VA36G77JLEBR336HWV","687985985111","","War Hero 500 Gram","War Hero 500 Gram","Unknown","500 GRAM FINALE","Regular","Unknown","500 Gram","no_match","No sufficiently specific candidate identified in the two Dynamite catalog files.","Unknown","Manufacturer or UPC/model, exact package/variant and corresponding photo/video.","951","956","956","Items","952"
"6NQCWDXZ7TGFXFDOUC2FN5T7","887946061414","","War Machine","War Machine","Unknown","Unknown","Regular","Unknown","Unknown","no_match","No sufficiently specific candidate identified in the two Dynamite catalog files.","Unknown","Manufacturer or UPC/model, exact package/variant and corresponding photo/video.","952","957","957","Items","953"
"VNEIHGVRRDBQAJWZMKFV4C3O","652009906533","","War Machine 156 shots","War Machine 156 shots","Unknown","500 GRAM FINALE > 500 GRAM FINALE ZIPPER CAKES","Regular","Unknown","156 shots","no_match","No sufficiently specific candidate identified in the two Dynamite catalog files.","Unknown","Manufacturer or UPC/model, exact package/variant and corresponding photo/video.","953","958","958","Items","954"
"IS2XWCPIZV7WPJ7BQP3BAPSP","814527200535","","Warning Avalanche Ahead 500 Gram 26 Shot","Warning Avalanche Ahead 500 Gram 26 Shot","Unknown","Unknown","Regular","Unknown","500 Gram | 26 Shot","probable","Name identifies a candidate only; manufacturer and exact presentation have not been established.","products.json[151] Avalanche / Winda / /products/avalanche.png","Manufacturer or UPC/model, exact package/variant and corresponding photo/video.","954","959","959","Items","955"
"CNG6PFTZORZT3VTBUEOOCIHE","","6950165436012","Washinton's Wrath","Washinton's Wrath","Unknown","Unknown","Freedom's Firestorm","Freedom's Firestorm","Unknown","no_match","No sufficiently specific candidate identified in the two Dynamite catalog files.","Unknown","Manufacturer or UPC/model, exact package/variant and corresponding photo/video.","955","960","960","Items","956"
"6UJAXAORFVM7FYGGLZ67623O","","6950165436128","Washinton's Wrath","Washinton's Wrath","Unknown","Unknown","Regular","Unknown","Unknown","no_match","No sufficiently specific candidate identified in the two Dynamite catalog files.","Unknown","Manufacturer or UPC/model, exact package/variant and corresponding photo/video.","956","961","961","Items","957"
"TMUMFZK4FJCUWETKB2JNYRTR","814527311712","","Watching You Fountain","Watching You Fountain","Unknown","Fountains","Regular","Unknown","Unknown","no_match","No sufficiently specific candidate identified in the two Dynamite catalog files.","Unknown","Manufacturer or UPC/model, exact package/variant and corresponding photo/video.","957","962","962","Items","958"
"Y67YAJM4MTK2Q3WK6TKIAQSU","705108915040","","Watermelon  Ninja","Watermelon Ninja","Unknown","Fountains","Regular","Unknown","Unknown","no_match","No sufficiently specific candidate identified in the two Dynamite catalog files.","Unknown","Manufacturer or UPC/model, exact package/variant and corresponding photo/video.","958","963","963","Items","959"
"C44OQMPI7CLCZ5UOQBGPOVY5","","805253438613","We the People","We the People","Unknown","Unknown","Regular","Unknown","Unknown","no_match","No sufficiently specific candidate identified in the two Dynamite catalog files.","Unknown","Manufacturer or UPC/model, exact package/variant and corresponding photo/video.","959","964","964","Items","960"
"52R2ZXKH7VN6XE22HGIYOY7H","","805253437616","We the People Love Fireworks","We the People Love Fireworks","Unknown","Unknown","Regular","Unknown","Unknown","no_match","No sufficiently specific candidate identified in the two Dynamite catalog files.","Unknown","Manufacturer or UPC/model, exact package/variant and corresponding photo/video.","960","965","965","Items","961"
"QSQAXZFLM7YY3WE3XR322PCO","8145270155318","","Weapon Of Choice 36 Shot","Weapon Of Choice 36 Shot","Unknown","Unknown","Regular","Unknown","36 Shot","no_match","No sufficiently specific candidate identified in the two Dynamite catalog files.","Unknown","Manufacturer or UPC/model, exact package/variant and corresponding photo/video.","961","966","966","Items","962"
"BNKKQGDEVA5V7GNWV6M7MMU4","887946061681","","Wedding Sparklers No 14 Gold Sparklers 14 Inch 6 Pcs","Wedding Sparklers No 14 Gold Sparklers 14 Inch 6 Pcs","Unknown","Unknown","Regular","Unknown","14 Inch | 6 Pcs","no_match","No sufficiently specific candidate identified in the two Dynamite catalog files.","Unknown","Manufacturer or UPC/model, exact package/variant and corresponding photo/video.","962","967","967","Items","963"
"XIJVJE2L4HZMIGUUW74YVCDN","680149045133","","Wedding Sparklers-#20 Gold 20 Inch 8 Pcs","Wedding Sparklers-#20 Gold 20 Inch 8 Pcs","Unknown","Unknown","Regular","Unknown","20 Inch | 8 Pcs","no_match","No sufficiently specific candidate identified in the two Dynamite catalog files.","Unknown","Manufacturer or UPC/model, exact package/variant and corresponding photo/video.","963","968","968","Items","964"
"ZYLKLF2LIQFBMRPYETQMEHPO","211325210436","","Welcome To America","Welcome To America","Unknown","Fountains","Regular","Unknown","Unknown","no_match","No sufficiently specific candidate identified in the two Dynamite catalog files.","Unknown","Manufacturer or UPC/model, exact package/variant and corresponding photo/video.","964","969","969","Items","965"
"4TIP4COGELAUIDAJ6MST3CFQ","757201536110","","What A Blast","What A Blast","Unknown","Unknown","Regular","Unknown","Unknown","no_match","No sufficiently specific candidate identified in the two Dynamite catalog files.","Unknown","Manufacturer or UPC/model, exact package/variant and corresponding photo/video.","965","970","970","Items","966"
"MM3BLPBIRXKHJ5V4YE4XWPAQ","8052530044216","","What Boys Are Made Of","What Boys Are Made Of","Unknown","Unknown","Regular","Unknown","Unknown","no_match","No sufficiently specific candidate identified in the two Dynamite catalog files.","Unknown","Manufacturer or UPC/model, exact package/variant and corresponding photo/video.","966","971","971","Items","967"
"FLN6Q2HNLPI5J536VFRX5FV3","674662504420","","What's That 500 Gram","What's That 500 Gram","Unknown","500 GRAM FINALE","Regular","Unknown","500 Gram","no_match","No sufficiently specific candidate identified in the two Dynamite catalog files.","Unknown","Manufacturer or UPC/model, exact package/variant and corresponding photo/video.","967","972","972","Items","968"
"6DOXRDGFLEMBC4IEFOHUXQ33","","705108803965","Whiskey Business","Whiskey Business","Unknown","Unknown","Regular","Unknown","Unknown","no_match","No sufficiently specific candidate identified in the two Dynamite catalog files.","Unknown","Manufacturer or UPC/model, exact package/variant and corresponding photo/video.","968","973","973","Items","969"
"42AKSK3AMAWJSVSRY2QX2L4D","200300105164","","Whistling Buster","Whistling Buster","Unknown","Unknown","Regular","Unknown","Unknown","no_match","No sufficiently specific candidate identified in the two Dynamite catalog files.","Unknown","Manufacturer or UPC/model, exact package/variant and corresponding photo/video.","969","974","974","Items","970"
"UGR7VX5AJCKWYKD5WLDPARD5","652009002549","","Whistling Chaser 8 Pk","Whistling Chaser 8 Pk","Unknown","Unknown","Regular","Unknown","Unknown","no_match","No sufficiently specific candidate identified in the two Dynamite catalog files.","Unknown","Manufacturer or UPC/model, exact package/variant and corresponding photo/video.","970","975","975","Items","971"
"I6JNE43GUTMPUOBCPM36M7QM","705108802760","","Who Runs The World 500g","Who Runs The World 500g","Unknown","Unknown","Regular","Unknown","500g","no_match","No sufficiently specific candidate identified in the two Dynamite catalog files.","Unknown","Manufacturer or UPC/model, exact package/variant and corresponding photo/video.","971","976","976","Items","972"
"CV664TCU26NIUFZPF425DRAO","192537002890","","Wild Cat 5"" Artillery Shells 24 pack","Wild Cat 5"" Artillery Shells 24 pack","Unknown","24 Pack Canister Artillery Shells 5 INCH","Regular","Unknown","5"" | 24 pack","no_match","No sufficiently specific candidate identified in the two Dynamite catalog files.","Unknown","Manufacturer or UPC/model, exact package/variant and corresponding photo/video.","972","977","977","Items","973"
"6SQ25JK3RYG5ECAM3GS2PQ3R","757201220026","","Wild Horses","Wild Horses","Unknown","Unknown","Regular","Unknown","Unknown","no_match","No sufficiently specific candidate identified in the two Dynamite catalog files.","Unknown","Manufacturer or UPC/model, exact package/variant and corresponding photo/video.","973","978","978","Items","974"
"DZB6A5PJPGHXV3BGZRJYYKJ7","8572015003793","","Wild Hunt 500 G Pack","Wild Hunt 500 G Pack","Unknown","Unknown","Regular","Unknown","500 G","no_match","No sufficiently specific candidate identified in the two Dynamite catalog files.","Unknown","Manufacturer or UPC/model, exact package/variant and corresponding photo/video.","974","979","979","Items","975"
"VDUDV2IJWJQDR3OXDDXGSYVX","687985292417","","Wild West","Wild West","Unknown","Unknown","Regular","Unknown","Unknown","no_match","No sufficiently specific candidate identified in the two Dynamite catalog files.","Unknown","Manufacturer or UPC/model, exact package/variant and corresponding photo/video.","975","980","980","Items","976"
"6HVANF2BUGX7XBWGM6KGJOJI","687985262410","","Wildcard","Wildcard","Unknown","Unknown","Regular","Unknown","Unknown","no_match","No sufficiently specific candidate identified in the two Dynamite catalog files.","Unknown","Manufacturer or UPC/model, exact package/variant and corresponding photo/video.","976","981","981","Items","977"
"RIOM3SESJXPNVNW246HUV6UY","757201536318","","Willow Explosion","Willow Explosion","Unknown","Unknown","Regular","Unknown","Unknown","no_match","No sufficiently specific candidate identified in the two Dynamite catalog files.","Unknown","Manufacturer or UPC/model, exact package/variant and corresponding photo/video.","977","982","982","Items","978"
"475TU4CYYUU2N4WBJOEXBVVC","757201536301","","Wine O' Clock","Wine O' Clock","Unknown","Unknown","Regular","Unknown","Unknown","no_match","No sufficiently specific candidate identified in the two Dynamite catalog files.","Unknown","Manufacturer or UPC/model, exact package/variant and corresponding photo/video.","978","983","983","Items","979"
"RDNMIFK5DN5NS47I3G4DFEK3","757205301028","","Wings Of Desire 500 Gram","Wings Of Desire 500 Gram","Unknown","500 GRAM FINALE","Regular","Unknown","500 Gram","no_match","No sufficiently specific candidate identified in the two Dynamite catalog files.","Unknown","Manufacturer or UPC/model, exact package/variant and corresponding photo/video.","979","984","984","Items","980"
"AYTDVARD6EIZWXGX72EAMDXL","703674274196","","Wireless Lighter Firing System","Wireless Lighter Firing System","Unknown","Unknown","Regular","Unknown","Unknown","no_match","No sufficiently specific candidate identified in the two Dynamite catalog files.","Unknown","Manufacturer or UPC/model, exact package/variant and corresponding photo/video.","980","985","985","Items","981"
"JYPTK3SJCOV73CE4NJUGOT6J","814527318216","","Wolves","Wolves","Unknown","Unknown","Regular","Unknown","Unknown","no_match","No sufficiently specific candidate identified in the two Dynamite catalog files.","Unknown","Manufacturer or UPC/model, exact package/variant and corresponding photo/video.","981","986","986","Items","982"
"RNWQE56DSFMVHJ64MOFUYAR4","","715244022465","Worlds Lagest Fountian","Worlds Lagest Fountian","Unknown","Fountains","Regular","Unknown","Unknown","no_match","No sufficiently specific candidate identified in the two Dynamite catalog files.","Unknown","Manufacturer or UPC/model, exact package/variant and corresponding photo/video.","982","987","987","Items","983"
"CPEIQZMDOBTZ3F24F6U4ST5F","680149047755","","X Wing Missle","X Wing Missle","Unknown","Unknown","Regular","Unknown","Unknown","no_match","No sufficiently specific candidate identified in the two Dynamite catalog files.","Unknown","Manufacturer or UPC/model, exact package/variant and corresponding photo/video.","983","988","988","Items","984"
"JW2FSPRKWWSE6UIL2JIGPHNB","757201312011","","Xtra Large 5"" Artillery Shells 12 pack","Xtra Large 5"" Artillery Shells 12 pack","Unknown","12/16 Pack Artillery Shells 1.75"" RDX\, 4"" Pyro\, 5"" Xtra Lg","Regular","Unknown","5"" | 12 pack","no_match","No sufficiently specific candidate identified in the two Dynamite catalog files.","Unknown","Manufacturer or UPC/model, exact package/variant and corresponding photo/video.","984","989","989","Items","985"
"KTQONGUQYENKCXK6T2CHPF4P","h33887946030311","","Zangers","Zangers","Unknown","Unknown","Regular","Unknown","Unknown","no_match","No sufficiently specific candidate identified in the two Dynamite catalog files.","Unknown","Manufacturer or UPC/model, exact package/variant and corresponding photo/video.","985","990","990","Items","986"
"SCYFUPEUZPM64WQU4QBY6NKC","887946030311","","Zangers BOGO","Zangers","Unknown","Unknown","Regular","Unknown","Unknown","no_match","No sufficiently specific candidate identified in the two Dynamite catalog files.","Unknown","Manufacturer or UPC/model, exact package/variant and corresponding photo/video.","986","991","991","Items","987"
"ABSSOYGSF5XAJ7T3RPHZ6GUX","8052530147214","","Zeus Artillery 24 Shells/36 Breaks","Zeus Artillery 24 Shells/36 Breaks","Unknown","Artillery Packs MultiShell MultiBreaks","Regular","Unknown","24 Shells | 36 Breaks","no_match","No sufficiently specific candidate identified in the two Dynamite catalog files.","Unknown","Manufacturer or UPC/model, exact package/variant and corresponding photo/video.","987","992","992","Items","988"
"K4U6AWT3ZSCB7UMQSFTHNS2T","69400360","","Zing. BOGO","Zing.","Unknown","Unknown","Regular","Unknown","Unknown","no_match","No sufficiently specific candidate identified in the two Dynamite catalog files.","Unknown","Manufacturer or UPC/model, exact package/variant and corresponding photo/video.","988","993","993","Items","989"
"TBUBQKGLIPZ3YZ7ACJLUPCHR","601020003035","","Zippers 6pc","Zippers 6pc","Unknown","Unknown","Regular","Unknown","6pc","no_match","No sufficiently specific candidate identified in the two Dynamite catalog files.","Unknown","Manufacturer or UPC/model, exact package/variant and corresponding photo/video.","989","994","994","Items","990"
"MLRBPIXQ3OWSYIEEJFU5UA6F","211491323473","","Zombie Killer 5"" Artillery Shells 24 pack","Zombie Killer 5"" Artillery Shells 24 pack","Unknown","24 Pack Canister Artillery Shells 5 INCH","Regular","Unknown","5"" | 24 pack","probable","Name identifies a candidate only; manufacturer and exact presentation have not been established.","products.json[30] Zombie / Monkey Mania / /products/zombie.png","Manufacturer or UPC/model, exact package/variant and corresponding photo/video.","990","995","995","Items","991"
"C4H5ALVI5ANGSTY6KKEOP2YJ","6950165423067","","Zombied 9 Shots","Zombied 9 Shots","Unknown","Unknown","Regular","Unknown","9 Shots","probable","Name identifies a candidate only; manufacturer and exact presentation have not been established.","products.json[30] Zombie / Monkey Mania / /products/zombie.png","Manufacturer or UPC/model, exact package/variant and corresponding photo/video.","991","996","996","Items","992"
"ZMSLCMXFLVZU2T7HTZ32QRD5","214345008014","","alien chaser","alien chaser","Unknown","Unknown","Regular","Unknown","Unknown","no_match","No sufficiently specific candidate identified in the two Dynamite catalog files.","Unknown","Manufacturer or UPC/model, exact package/variant and corresponding photo/video.","992","997","997","Items","993"
"FY34EGC4CU3KPIDESMEXQUM6","","674662513897","americas thunderbombs 1000 firecrackers","americas thunderbombs 1000 firecrackers","Unknown","Unknown","Regular","Unknown","Unknown","no_match","No sufficiently specific candidate identified in the two Dynamite catalog files.","Unknown","Manufacturer or UPC/model, exact package/variant and corresponding photo/video.","993","998","998","Items","994"
"L5C5YKYKI6P6RTTUFZUQAN67","100000100226","","artificial satellite","artificial satellite","Unknown","Unknown","Regular","Unknown","Unknown","no_match","No sufficiently specific candidate identified in the two Dynamite catalog files.","Unknown","Manufacturer or UPC/model, exact package/variant and corresponding photo/video.","994","999","999","Items","995"
"CYOD2EG37BSGJSX2PMIA745V","816597943091","","big mudder trucker","big mudder trucker","Unknown","Unknown","Regular","Unknown","Unknown","no_match","No sufficiently specific candidate identified in the two Dynamite catalog files.","Unknown","Manufacturer or UPC/model, exact package/variant and corresponding photo/video.","996","1001","1001","Items","997"
"7W4TMQGPSRAQMBAUNBIOH3OH","687985297511","","blond joke","blond joke","Unknown","Unknown","Regular","Unknown","Unknown","probable","Name identifies a candidate only; manufacturer and exact presentation have not been established.","products.json[89] Blond Joke / Brothers / products/blond-joke.png","Manufacturer or UPC/model, exact package/variant and corresponding photo/video.","997","1002","1002","Items","998"
"RMHJFIXZYBQN2KUAIQCXEAJN","","705108501106","bump bear","bump bear","Unknown","Unknown","Regular","Unknown","Unknown","probable","Name identifies a candidate only; manufacturer and exact presentation have not been established.","products.json[152] Bump Bear / Winda / /products/bump-bear.png","Manufacturer or UPC/model, exact package/variant and corresponding photo/video.","998","1003","1003","Items","999"
"FWD36HGV7A4TLSAPI2MAT4HL","687985430819","","cat calls","cat calls","Unknown","Fountains","Regular","Unknown","Unknown","no_match","No sufficiently specific candidate identified in the two Dynamite catalog files.","Unknown","Manufacturer or UPC/model, exact package/variant and corresponding photo/video.","999","1004","1004","Items","1000"
"ESLZA7PGFA42ZX5QDNW7DNQS","715244033447","","colored snakes","colored snakes","Unknown","Unknown","Regular","Unknown","Unknown","no_match","No sufficiently specific candidate identified in the two Dynamite catalog files.","Unknown","Manufacturer or UPC/model, exact package/variant and corresponding photo/video.","1000","1005","1005","Items","1001"
"FRFVWA6OPHD7DZENTVJS2RBE","687985904624","","container load assortment","container load assortment","Unknown","Unknown","Regular","Unknown","Unknown","no_match","No sufficiently specific candidate identified in the two Dynamite catalog files.","Unknown","Manufacturer or UPC/model, exact package/variant and corresponding photo/video.","1001","1006","1006","Items","1002"
"ZBY55IANNELVIVADDGQEEIVP","715244020140","","cuckoo","cuckoo","Unknown","Unknown","Regular","Unknown","Unknown","no_match","No sufficiently specific candidate identified in the two Dynamite catalog files.","Unknown","Manufacturer or UPC/model, exact package/variant and corresponding photo/video.","1002","1007","1007","Items","1003"
"JHH35X7EGHAJV5SLSC7BDZSK","687985901395","","da big box o' bombs","da big box o' bombs","Unknown","Unknown","Regular","Unknown","Unknown","probable","Name identifies a candidate only; manufacturer and exact presentation have not been established.","products.json[98] Da Big Box O' Bombs / Brothers / /products/da-big-box-o'-bombs.png","Manufacturer or UPC/model, exact package/variant and corresponding photo/video.","1003","1008","1008","Items","1004"
"CVAUNE4ODRI6N6BCYCLHK4WS","841527110298","","dino bomb","dino bomb","Unknown","Unknown","Regular","Unknown","Unknown","no_match","No sufficiently specific candidate identified in the two Dynamite catalog files.","Unknown","Manufacturer or UPC/model, exact package/variant and corresponding photo/video.","1004","1009","1009","Items","1005"
"YAR54WJZVKSVXZJB6WIGGNJ7","112233000259","","dragon artillery shell","dragon artillery shell","Unknown","Unknown","Regular","Unknown","Unknown","no_match","No sufficiently specific candidate identified in the two Dynamite catalog files.","Unknown","Manufacturer or UPC/model, exact package/variant and corresponding photo/video.","1005","1010","1010","Items","1006"
"6QO63UPD5GZPJBJPTPD76VNT","112233000242","","dragon artillery shell","dragon artillery shell","Unknown","Unknown","Dragon Artillery Shell","Dragon Artillery Shell","Unknown","no_match","No sufficiently specific candidate identified in the two Dynamite catalog files.","Unknown","Manufacturer or UPC/model, exact package/variant and corresponding photo/video.","1006","1011","1011","Items","1007"
"RLY2XMX3UEEYIBZHJTFOND6V","811451011763","","dragon artillery shell","dragon artillery shell","Unknown","Unknown","Dragon Artillery Shell","Dragon Artillery Shell","Unknown","no_match","No sufficiently specific candidate identified in the two Dynamite catalog files.","Unknown","Manufacturer or UPC/model, exact package/variant and corresponding photo/video.","1007","1012","1012","Items","1008"
"T52ZOHQ6LBMGDIOFIZ22YDPN","811451013422","","dragon artillery shell","dragon artillery shell","Unknown","Unknown","Dragon Artillery Shell","Dragon Artillery Shell","Unknown","no_match","No sufficiently specific candidate identified in the two Dynamite catalog files.","Unknown","Manufacturer or UPC/model, exact package/variant and corresponding photo/video.","1008","1013","1013","Items","1009"
"EU6L6PVTJT2WVTO3IXNXKD4T","715244064694","","fiesta grande 216 shot","fiesta grande 216 shot","Unknown","Unknown","Regular","Unknown","216 shot","no_match","No sufficiently specific candidate identified in the two Dynamite catalog files.","Unknown","Manufacturer or UPC/model, exact package/variant and corresponding photo/video.","1009","1014","1014","Items","1010"
"JOZNARA424EEK6F2KF7HBTKU","687985285617","","flying colors","flying colors","Unknown","Unknown","Regular","Unknown","Unknown","no_match","No sufficiently specific candidate identified in the two Dynamite catalog files.","Unknown","Manufacturer or UPC/model, exact package/variant and corresponding photo/video.","1010","1015","1015","Items","1011"
"DXJSL22TCSMUGGQINAP24X5T","8052531144915","","frog princess","frog princess","Unknown","Fountains","Frog Princess","Frog Princess","Unknown","no_match","No sufficiently specific candidate identified in the two Dynamite catalog files.","Unknown","Manufacturer or UPC/model, exact package/variant and corresponding photo/video.","1011","1016","1016","Items","1012"
"C5IJRH4ATYMQXYAVEYHQW35A","8052531137719","","frog princess","frog princess","Unknown","Fountains","Frog Prince","Frog Prince","Unknown","no_match","No sufficiently specific candidate identified in the two Dynamite catalog files.","Unknown","Manufacturer or UPC/model, exact package/variant and corresponding photo/video.","1012","1017","1017","Items","1013"
"M4YZJHNICGF76SSOFNVQBUVQ","022210013236","","game on","game on","Unknown","Fountains","Regular","Unknown","Unknown","no_match","No sufficiently specific candidate identified in the two Dynamite catalog files.","Unknown","Manufacturer or UPC/model, exact package/variant and corresponding photo/video.","1013","1018","1018","Items","1014"
"MCBS7WIPTOROQZQTI2VDVBOC","688130233668","","glow pops BOGO","glow pops","Unknown","Unknown","Regular","Unknown","Unknown","no_match","No sufficiently specific candidate identified in the two Dynamite catalog files.","Unknown","Manufacturer or UPC/model, exact package/variant and corresponding photo/video.","1014","1019","1019","Items","1015"
"4RIXDLTM62EP3YANE6EI3ISQ","805253026520","","goliath","goliath","Unknown","Unknown","Regular","Unknown","Unknown","no_match","No sufficiently specific candidate identified in the two Dynamite catalog files.","Unknown","Manufacturer or UPC/model, exact package/variant and corresponding photo/video.","1015","1020","1020","Items","1016"
"I2Z6MQ67VGNRLP3ESDV4GHX4","681402052691","","gumball barrage","gumball barrage","Unknown","Unknown","Regular","Unknown","Unknown","no_match","No sufficiently specific candidate identified in the two Dynamite catalog files.","Unknown","Manufacturer or UPC/model, exact package/variant and corresponding photo/video.","1016","1021","1021","Items","1017"
"Q3FVGPX5GRZZUNS42RW7JQQJ","077021322923","","happy 16 shot","happy 16 shot","Unknown","Unknown","Regular","Unknown","16 shot","no_match","No sufficiently specific candidate identified in the two Dynamite catalog files.","Unknown","Manufacturer or UPC/model, exact package/variant and corresponding photo/video.","1017","1022","1022","Items","1018"
"PGK3TNKD3K42HUIFSRTEXDRZ","177021322944","","happy 36 shot","happy 36 shot","Unknown","Unknown","Regular","Unknown","36 shot","no_match","No sufficiently specific candidate identified in the two Dynamite catalog files.","Unknown","Manufacturer or UPC/model, exact package/variant and corresponding photo/video.","1018","1023","1023","Items","1019"
"S7H4K7C6I5R4F5NP7HHUWFBX","676821059819","","home run","home run","Unknown","Unknown","Regular","Unknown","Unknown","no_match","No sufficiently specific candidate identified in the two Dynamite catalog files.","Unknown","Manufacturer or UPC/model, exact package/variant and corresponding photo/video.","1019","1024","1024","Items","1020"
"4OVKMNYNTWXUH5ITGCIUIWW5","705108321902","","hoot hoot hooray","hoot hoot hooray","Unknown","Fountains","Regular","Unknown","Unknown","no_match","No sufficiently specific candidate identified in the two Dynamite catalog files.","Unknown","Manufacturer or UPC/model, exact package/variant and corresponding photo/video.","1020","1025","1025","Items","1021"
"O5NCK6FZ4MGSKN2QNW6ZPXSA","019471322627","","ice cream","ice cream","Unknown","Fountains","Regular","Unknown","Unknown","no_match","No sufficiently specific candidate identified in the two Dynamite catalog files.","Unknown","Manufacturer or UPC/model, exact package/variant and corresponding photo/video.","1021","1026","1026","Items","1022"
"LGRKTS64MSYDTY5XMOR7KCXT","616612189141","","its a Texas thing","its a Texas thing","Unknown","Unknown","Regular","Unknown","Unknown","no_match","No sufficiently specific candidate identified in the two Dynamite catalog files.","Unknown","Manufacturer or UPC/model, exact package/variant and corresponding photo/video.","1022","1027","1027","Items","1023"
"OZBSOY3CHLT2YRYKF2N5V3XT","193936959136","","jack in tall box","jack in tall box","Unknown","Fountains","Regular","Unknown","Unknown","no_match","No sufficiently specific candidate identified in the two Dynamite catalog files.","Unknown","Manufacturer or UPC/model, exact package/variant and corresponding photo/video.","1023","1028","1028","Items","1024"
"Q2YEM7OLG2QINNCEQZ3JAB3Z","020162001004","","jurrasic pack","jurrasic pack","Unknown","Unknown","Regular","Unknown","Unknown","no_match","No sufficiently specific candidate identified in the two Dynamite catalog files.","Unknown","Manufacturer or UPC/model, exact package/variant and corresponding photo/video.","1024","1029","1029","Items","1025"
"MU54DYAZM5S7JB6NWNK4MI7R","020162001028","","jurrasic pack","jurrasic pack","Unknown","Unknown","Jurassic Pack","Jurassic Pack","Unknown","no_match","No sufficiently specific candidate identified in the two Dynamite catalog files.","Unknown","Manufacturer or UPC/model, exact package/variant and corresponding photo/video.","1025","1030","1030","Items","1026"
"MJMGOCFCGNQDJHMU55JEXXLY","020162001011","","jurrasic pack","jurrasic pack","Unknown","Unknown","Jurassic Pack","Jurassic Pack","Unknown","no_match","No sufficiently specific candidate identified in the two Dynamite catalog files.","Unknown","Manufacturer or UPC/model, exact package/variant and corresponding photo/video.","1026","1031","1031","Items","1027"
"D6KC2VBTV4GXBX33BTY3XCEK","688130232920","","ka kaw","ka kaw","Unknown","Unknown","Regular","Unknown","Unknown","no_match","No sufficiently specific candidate identified in the two Dynamite catalog files.","Unknown","Manufacturer or UPC/model, exact package/variant and corresponding photo/video.","1027","1032","1032","Items","1028"
"3YRUR4A6SXEFR6QHEBZ666DA","715244020157","","killer bees bc","killer bees bc","Unknown","Unknown","Regular","Unknown","Unknown","no_match","No sufficiently specific candidate identified in the two Dynamite catalog files.","Unknown","Manufacturer or UPC/model, exact package/variant and corresponding photo/video.","1028","1033","1033","Items","1029"
"UD6CLHKRDFQGYA4FZA3XQSKP","805253401013","","let's go brandon","let's go brandon","Unknown","Unknown","Regular","Unknown","Unknown","no_match","No sufficiently specific candidate identified in the two Dynamite catalog files.","Unknown","Manufacturer or UPC/model, exact package/variant and corresponding photo/video.","1029","1034","1034","Items","1030"
"FSQXUREBL7AO6TFFDCHCHLLN","847294000510","","magic whip backpack","magic whip backpack","Unknown","Unknown","Regular","Unknown","Unknown","no_match","No sufficiently specific candidate identified in the two Dynamite catalog files.","Unknown","Manufacturer or UPC/model, exact package/variant and corresponding photo/video.","1030","1035","1035","Items","1031"
"OTTYNEVXAQXMAOLNIB6I3DVW","8145270102718","","mighty cracker","mighty cracker","Unknown","Unknown","Regular","Unknown","Unknown","no_match","No sufficiently specific candidate identified in the two Dynamite catalog files.","Unknown","Manufacturer or UPC/model, exact package/variant and corresponding photo/video.","1031","1036","1036","Items","1032"
"ZQ5P53VXBJ5IS573IJDOWKNB","687985909094","","mob madness","mob madness","Unknown","Unknown","Regular","Unknown","Unknown","no_match","No sufficiently specific candidate identified in the two Dynamite catalog files.","Unknown","Manufacturer or UPC/model, exact package/variant and corresponding photo/video.","1032","1037","1037","Items","1033"
"TFA6F7IDN346GXHIFJMRO3O7","821200018257","","monster crusher","monster crusher","Unknown","Fountains","Regular","Unknown","Unknown","no_match","No sufficiently specific candidate identified in the two Dynamite catalog files.","Unknown","Manufacturer or UPC/model, exact package/variant and corresponding photo/video.","1033","1038","1038","Items","1034"
"RSAUYRX3JUNFGEO3PQIFPQVB","715244313242","","morning Glory's 36"" sparklers","morning Glory's 36"" sparklers","Unknown","Unknown","Regular","Unknown","36""","no_match","No sufficiently specific candidate identified in the two Dynamite catalog files.","Unknown","Manufacturer or UPC/model, exact package/variant and corresponding photo/video.","1034","1039","1039","Items","1035"
"WL3IO2FYENLAKA7Q3QLLT2IM","","630128918309","neon 5"" canister artillery shells","neon 5"" canister artillery shells","Unknown","Unknown","Regular","Unknown","5""","no_match","No sufficiently specific candidate identified in the two Dynamite catalog files.","Unknown","Manufacturer or UPC/model, exact package/variant and corresponding photo/video.","1035","1040","1040","Items","1036"
"TMC3YHZW3USJLNP2YNAQF35V","757201572125","","neon jellyfish","neon jellyfish","Unknown","Unknown","Regular","Unknown","Unknown","no_match","No sufficiently specific candidate identified in the two Dynamite catalog files.","Unknown","Manufacturer or UPC/model, exact package/variant and corresponding photo/video.","1036","1041","1041","Items","1037"
"UMEMVODOJHAOQS33WJIBL5QB","","805253332515","night saber","night saber","Unknown","Unknown","Regular","Unknown","Unknown","no_match","No sufficiently specific candidate identified in the two Dynamite catalog files.","Unknown","Manufacturer or UPC/model, exact package/variant and corresponding photo/video.","1037","1042","1042","Items","1038"
"62NZGL7IH4FIILNOQNQQQOYU","651137423813","","og kush 150 shot","og kush 150 shot","Unknown","Unknown","Regular","Unknown","150 shot","no_match","No sufficiently specific candidate identified in the two Dynamite catalog files.","Unknown","Manufacturer or UPC/model, exact package/variant and corresponding photo/video.","1038","1043","1043","Items","1039"
"5WQT32QXFG6ARL7YBA6ND6NF","705108502165","","overload burger","overload burger","Unknown","Fountains","Regular","Unknown","Unknown","no_match","No sufficiently specific candidate identified in the two Dynamite catalog files.","Unknown","Manufacturer or UPC/model, exact package/variant and corresponding photo/video.","1039","1044","1044","Items","1040"
"WD4UKVVQLK62VDXAMJEYHTDB","715244001200","","party animal assortment pack","party animal assortment pack","Unknown","Unknown","Regular","Unknown","Unknown","no_match","No sufficiently specific candidate identified in the two Dynamite catalog files.","Unknown","Manufacturer or UPC/model, exact package/variant and corresponding photo/video.","1040","1045","1045","Items","1041"
"Y3GNKR7ETF7UXZDUEI7GRN3Q","705108901210","","party sparklers","party sparklers","Unknown","Unknown","Regular","Unknown","Unknown","no_match","No sufficiently specific candidate identified in the two Dynamite catalog files.","Unknown","Manufacturer or UPC/model, exact package/variant and corresponding photo/video.","1041","1046","1046","Items","1042"
"ANW2NNK77LR3WPA2LXT3TGB4","705108901203","","party sparklers 4","party sparklers 4","Unknown","Unknown","Regular","Unknown","Unknown","no_match","No sufficiently specific candidate identified in the two Dynamite catalog files.","Unknown","Manufacturer or UPC/model, exact package/variant and corresponding photo/video.","1042","1047","1047","Items","1043"
"C4AV5GYQO3IGFIS46EKOJHON","821700020231","","pikachu","pikachu","Unknown","Fountains","Regular","Unknown","Unknown","no_match","No sufficiently specific candidate identified in the two Dynamite catalog files.","Unknown","Manufacturer or UPC/model, exact package/variant and corresponding photo/video.","1043","1048","1048","Items","1044"
"72YAFHVRGOCXMFTRMJYMR6L4","","705108805709","raise the dead 7"" 60G canister shells","raise the dead 7"" 60G canister shells","Unknown","Unknown","Regular","Unknown","7"" | 60G","no_match","No sufficiently specific candidate identified in the two Dynamite catalog files.","Unknown","Manufacturer or UPC/model, exact package/variant and corresponding photo/video.","1044","1049","1049","Items","1045"
"Y6MI6RAGXGJYOLDXHW5XZHNL","020162000014","","rebel yell","rebel yell","Unknown","Unknown","Regular","Unknown","Unknown","no_match","No sufficiently specific candidate identified in the two Dynamite catalog files.","Unknown","Manufacturer or UPC/model, exact package/variant and corresponding photo/video.","1045","1050","1050","Items","1046"
"3VIAP3SJEY55A36QYXXCBVQ2","821700020705","","rubber duck","rubber duck","Unknown","Fountains","Regular","Unknown","Unknown","no_match","No sufficiently specific candidate identified in the two Dynamite catalog files.","Unknown","Manufacturer or UPC/model, exact package/variant and corresponding photo/video.","1046","1051","1051","Items","1047"
"ZE4FE7QJPUKGI2BXBCDRUTYE","849107066034","","rwb Coated Sparklers","rwb Coated Sparklers","Unknown","Unknown","Regular","Unknown","Unknown","no_match","No sufficiently specific candidate identified in the two Dynamite catalog files.","Unknown","Manufacturer or UPC/model, exact package/variant and corresponding photo/video.","1047","1052","1052","Items","1048"
"C2NFT2NRLE754AUOXI7TKD3Q","674662508152","","sky latern","sky latern","Unknown","Unknown","Regular","Unknown","Unknown","no_match","No sufficiently specific candidate identified in the two Dynamite catalog files.","Unknown","Manufacturer or UPC/model, exact package/variant and corresponding photo/video.","1048","1053","1053","Items","1049"
"JHSEIAM24BK6XQH6KT7HOR6W","674662505397","","smoke crayon 8pc","smoke crayon 8pc","Unknown","Unknown","Regular","Unknown","8pc","no_match","No sufficiently specific candidate identified in the two Dynamite catalog files.","Unknown","Manufacturer or UPC/model, exact package/variant and corresponding photo/video.","1049","1054","1054","Items","1050"
"6TBSZ3NSH4TUPQG4DCAMUEZO","","715244023448","snakes","snakes","Unknown","Unknown","Regular","Unknown","Unknown","probable","Name identifies a candidate only; manufacturer and exact presentation have not been established.","products.json[139] Assorted Snakes / Black Cat / /products/assorted-snakes.png","Manufacturer or UPC/model, exact package/variant and corresponding photo/video.","1050","1055","1055","Items","1051"
"IRVHL3P2ISRPTNGSOEKIU34M","715244013449","","snakes","snakes","Unknown","Unknown","Regular","Unknown","Unknown","probable","Name identifies a candidate only; manufacturer and exact presentation have not been established.","products.json[139] Assorted Snakes / Black Cat / /products/assorted-snakes.png","Manufacturer or UPC/model, exact package/variant and corresponding photo/video.","1051","1056","1056","Items","1052"
"6MRMR67QMNNCTTRHZE2254MW","687985425211","","super fountain","super fountain","Unknown","Fountains","Regular","Unknown","Unknown","no_match","No sufficiently specific candidate identified in the two Dynamite catalog files.","Unknown","Manufacturer or UPC/model, exact package/variant and corresponding photo/video.","1052","1057","1057","Items","1053"
"P4QS4KKFFSLNRX55JFVFNNWS","715244300327","","the excellent bag assortment","the excellent bag assortment","Unknown","Unknown","Regular","Unknown","Unknown","no_match","No sufficiently specific candidate identified in the two Dynamite catalog files.","Unknown","Manufacturer or UPC/model, exact package/variant and corresponding photo/video.","1053","1058","1058","Items","1054"
"NDEHHITUQAUEJKUOJNMFS5HR","687985908899","","the max assortment","the max assortment","Unknown","Unknown","Regular","Unknown","Unknown","no_match","No sufficiently specific candidate identified in the two Dynamite catalog files.","Unknown","Manufacturer or UPC/model, exact package/variant and corresponding photo/video.","1054","1059","1059","Items","1055"
"DS2LOLMZJR6IDEHXFFHGCYWG","821711120692","","tim","tim","Unknown","Fountains","Regular","Unknown","Unknown","no_match","No sufficiently specific candidate identified in the two Dynamite catalog files.","Unknown","Manufacturer or UPC/model, exact package/variant and corresponding photo/video.","1055","1060","1060","Items","1056"
"G2V6V67KQKVUJQFAKAF6VVH3","687985152315","","topsy turvy","topsy turvy","Unknown","Unknown","Regular","Unknown","Unknown","no_match","No sufficiently specific candidate identified in the two Dynamite catalog files.","Unknown","Manufacturer or UPC/model, exact package/variant and corresponding photo/video.","1056","1061","1061","Items","1057"
"VHFD2RMJF2FNH7YGT2NOMQIA","705108403103","","trooper turret","trooper turret","Unknown","Unknown","Regular","Unknown","Unknown","no_match","No sufficiently specific candidate identified in the two Dynamite catalog files.","Unknown","Manufacturer or UPC/model, exact package/variant and corresponding photo/video.","1057","1062","1062","Items","1058"
"S3KO4A6HCLBITFYFPLZJUXHS","715244019304","","uav","uav","Unknown","Unknown","Regular","Unknown","Unknown","no_match","No sufficiently specific candidate identified in the two Dynamite catalog files.","Unknown","Manufacturer or UPC/model, exact package/variant and corresponding photo/video.","1058","1063","1063","Items","1059"
"RMIBK4Q2HGJO7WTEL7YGXGFF","","757201225342","us power 200g","us power 200g","Unknown","Unknown","Regular","Unknown","200g","probable","Name identifies a candidate only; manufacturer and exact presentation have not been established.","products.json[24] U.S. Power / Raccoon / /products/us-power.png","Manufacturer or UPC/model, exact package/variant and corresponding photo/video.","1059","1064","1064","Items","1060"
"U4VMQYNRVE7JHWKOKZQ6PKCC","757201216050","","wings of wrath","wings of wrath","Unknown","Unknown","Regular","Unknown","Unknown","no_match","No sufficiently specific candidate identified in the two Dynamite catalog files.","Unknown","Manufacturer or UPC/model, exact package/variant and corresponding photo/video.","1060","1065","1065","Items","1061"
"HLPJXNKPP5GGLLNGHTQTVE73","705108955626","","wingspan","wingspan","Unknown","Unknown","Regular","Unknown","Unknown","no_match","No sufficiently specific candidate identified in the two Dynamite catalog files.","Unknown","Manufacturer or UPC/model, exact package/variant and corresponding photo/video.","1061","1066","1066","Items","1062"
