"square_token","square_sku","gtin","original_name","normalized_name","brand","square_category","original_variation","presentation","specifications_in_original_name","pending_group","reason","dynamite_candidates","missing_information_or_resources","csv_row","csv_line_start","csv_line_end","xlsx_sheet","xlsx_row","research_status","product_id","verified_brand","manufacturer_code","verified_video","research_query","research_sources","research_reason","required_next_step"
"4EEEP37RJXP5AXHKDI7YX772","943100700084","","#10 Color Sparklers-8 Count","#10 Color Sparklers-8 Count","Unknown","Unknown","#10 Metal Color Sparklers 8 Pcs. BOGO","#10 Metal Color Sparklers 8 Pcs. BOGO","Unknown","no_match","No sufficiently specific candidate identified in the two Dynamite catalog files.","Unknown","Manufacturer or UPC/model, exact package/variant and corresponding photo/video.","2","2","2","Items","3","no_verified_identity","","Unknown","Unknown","","""943100700084"" fireworks | #10 Color Sparklers-8 Count #10 Metal Color Sparklers 8 Pcs. BOGO fireworks manufacturer","https://goldfieldfireworks.com/index.php/our-fireworks/sparklers/product/1592-color-sparklers-10 | https://www.connfireworks.com/shogun-10-color-sparklers.html","Code and name/presentation searches did not establish an exact product for Square ""#10 Color Sparklers-8 Count"" / ""#10 Metal Color Sparklers 8 Pcs. BOGO"" (code 943100700084). No verified manufacturer/package image or exact model was found; generic/store identifiers cannot determine identity.","Provide the exact Rockwall package photograph and readable manufacturer/UPC plus retail count; do not approve by name alone."
"MO7U7N23MCPWFMSUO6F7KPX5","887946060578","","#10 Colored Sparklers 12pk","#10 Colored Sparklers 12pk","Unknown","Unknown","Regular","Unknown","Unknown","no_match","No sufficiently specific candidate identified in the two Dynamite catalog files.","Unknown","Manufacturer or UPC/model, exact package/variant and corresponding photo/video.","3","3","3","Items","4","no_verified_identity","","Unknown","Unknown","","""887946060578"" fireworks | #10 Colored Sparklers 12pk  fireworks manufacturer","https://elevatedfireworks.com/products/10-wire-sparklers-12-pack | https://goldfieldfireworks.com/index.php/our-fireworks/sparklers/product/1592-color-sparklers-10 | https://www.connfireworks.com/shogun-10-color-sparklers.html | https://myfloridacfo.com/docs/state-fire-marshal-libraries/sfm-documents/bfp/approved-sparklers-list/23-sparklers-pdf.pdf | https://www.reddit.com/r/Pyrotechnics/comments/1duvpmi","Code and name/presentation searches did not establish an exact product for Square ""#10 Colored Sparklers 12pk"" / ""Regular"" (code 887946060578). No verified manufacturer/package image or exact model was found; generic/store identifiers cannot determine identity.","Provide the exact Rockwall package photograph and readable manufacturer/UPC plus retail count; do not approve by name alone."
"NPHHBP5U244PDNHQCP2QKIFW","813559000335","","#20 Wedding Sparklers","#20 Wedding Sparklers","Unknown","Unknown","Regular","Unknown","Unknown","no_match","No sufficiently specific candidate identified in the two Dynamite catalog files.","Unknown","Manufacturer or UPC/model, exact package/variant and corresponding photo/video.","4","4","4","Items","5","candidate_requires_package_review","","Unknown","Unknown","","""813559000335"" fireworks | 20"" Gold Sparklers Megabanger official fireworks manufacturer","https://usa-fireworks.com/products/sparklers/20-gold-sparklers/ | https://megabangerfireworks.com/product/20-color-sparklers/","Code 813559000335 occurs in the retrieved product/source ""20"" Gold Sparklers | Single Pack of 12 Sparklers"". Square records ""#20 Wedding Sparklers"" / ""Regular""; this is a candidate, not a confirmed retail-package crosswalk. Inspected reference https://usa-fireworks.com/wp-content/uploads/2026/09/original-872.png ([177, 248]); a transparent file exists, but exact brand, package count or variant is not independently established; it was not published.","Provide the exact Rockwall package photograph and readable manufacturer/UPC plus retail count; do not approve by name alone."
"TIP5YHEU5ZKBTV7XQE3XCN4Z","8145270110119","","#3 Cone","#3 Cone","Unknown","CONES","Regular","Unknown","Unknown","probable","Name identifies a candidate only; manufacturer and exact presentation have not been established.","products.json[39] No. 3 Cone Fountain / Monkey Mania / /products/no3-cone-fountain.png","Manufacturer or UPC/model, exact package/variant and corresponding photo/video.","5","5","5","Items","6","identity_confirmation_needed","","Unknown","Unknown","","""8145270110119"" fireworks | #3 Cone  fireworks manufacturer","https://www.shogunvulcan.com/product/sfc03-shogun-cone-fountain-no-3-asst | https://www.tntfireworks.com/fireworks/cat/fountains/4199-3-cone | https://dominatorfireworks.com/fountains/DM756-Cone-Fountain.html | https://fireworks.com/products/3-assorted-cones | https://www.myfloridacfo.com/docs-sf/state-fire-marshal-libraries/sfm-documents/bfp/approved-sparklers-list/2017-2018-approved-sparklers-list.pdf?sfvrsn=294cdf7b_3","Name/presentation research returned candidates (including ""SFC03 SHOGUN CONE FOUNTAIN NO. 3 ASST. - Cone Fountains - USA Consumer Fireworks - Cone Fountains - USA Consumer Fireworks - SHOGUN | VULCAN fireworks manufacturer""), but no consulted product page establishes the Square code 8145270110119, brand and exact variant together. The Dynamite name candidates remain unconfirmed.","Provide the exact Rockwall package photograph and readable manufacturer/UPC plus retail count; do not approve by name alone."
"3PH6F5MR6FJAYXJ2USJNAAR2","8145270110317","","#3 Cone","#3 Cone","Unknown","CONES","Regular","Unknown","Unknown","probable","Name identifies a candidate only; manufacturer and exact presentation have not been established.","products.json[39] No. 3 Cone Fountain / Monkey Mania / /products/no3-cone-fountain.png","Manufacturer or UPC/model, exact package/variant and corresponding photo/video.","7","7","7","Items","8","identity_confirmation_needed","","Unknown","Unknown","","""8145270110317"" fireworks | #3 Cone  fireworks manufacturer","https://www.shogunvulcan.com/product/sfc03-shogun-cone-fountain-no-3-asst | https://www.tntfireworks.com/fireworks/cat/fountains/4199-3-cone | https://dominatorfireworks.com/fountains/DM756-Cone-Fountain.html | https://fireworks.com/products/3-assorted-cones | https://www.myfloridacfo.com/docs-sf/state-fire-marshal-libraries/sfm-documents/bfp/approved-sparklers-list/2017-2018-approved-sparklers-list.pdf?sfvrsn=294cdf7b_3","Name/presentation research returned candidates (including ""SFC03 SHOGUN CONE FOUNTAIN NO. 3 ASST. - Cone Fountains - USA Consumer Fireworks - Cone Fountains - USA Consumer Fireworks - SHOGUN | VULCAN fireworks manufacturer""), but no consulted product page establishes the Square code 8145270110317, brand and exact variant together. The Dynamite name candidates remain unconfirmed.","Provide the exact Rockwall package photograph and readable manufacturer/UPC plus retail count; do not approve by name alone."
"LVWCVY2ZMETIEEFYQ2IMJELD","8145270110218","","#3 Cone (Cutting Edge)","#3 Cone (Cutting Edge)","Unknown","CONES","Regular","Unknown","Unknown","no_match","No sufficiently specific candidate identified in the two Dynamite catalog files.","Unknown","Manufacturer or UPC/model, exact package/variant and corresponding photo/video.","8","8","8","Items","9","identity_confirmation_needed","","Unknown","Unknown","","""8145270110218"" fireworks | #3 Cone (Cutting Edge)  fireworks manufacturer","https://cuttingedgefireworks.com/firework-category/cone-fountains/ | https://www.shogunvulcan.com/product/sfc03-shogun-cone-fountain-no-3-asst | https://victoryfireworkswholesale.com/shogun-3-cone/ | https://jbfireworks.com/conic-cones-3-3-cone-fountain-firework-by-supreme-fireworks.html | https://www.schneitterfireworks.com/product-page/the-cool-kids-ass-t-10-shots-bet-flex-lit-g-o-a-t","Name/presentation research returned candidates (including ""Cone Fountains – Cutting Edge Fireworks""), but no consulted product page establishes the Square code 8145270110218, brand and exact variant together. The Dynamite name candidates remain unconfirmed.","Provide the exact Rockwall package photograph and readable manufacturer/UPC plus retail count; do not approve by name alone."
"CDGWKPGVVZ4K54TBJPCZ4AV4","813559002230","","#3 Cone (Megabanger)","#3 Cone (Megabanger)","Unknown","CONES","Regular","Unknown","Unknown","no_match","No sufficiently specific candidate identified in the two Dynamite catalog files.","Unknown","Manufacturer or UPC/model, exact package/variant and corresponding photo/video.","9","9","9","Items","10","identity_confirmation_needed","","Unknown","Unknown","","""813559002230"" fireworks | #3 Cone (Megabanger)  fireworks manufacturer","https://www.shogunvulcan.com/product/sfc03-shogun-cone-fountain-no-3-asst | https://victoryfireworkswholesale.com/shogun-3-cone/ | https://jbfireworks.com/conic-cones-3-3-cone-fountain-firework-by-supreme-fireworks.html | https://www.schneitterfireworks.com/product-page/the-cool-kids-ass-t-10-shots-bet-flex-lit-g-o-a-t | https://www.reddit.com/r/fireworks/comments/1v4jrky/american_freedom_3_noab_by_megabanger_fireworks/","Name/presentation research returned candidates (including ""SFC03 SHOGUN CONE FOUNTAIN NO. 3 ASST. - Cone Fountains - USA Consumer Fireworks - Cone Fountains - USA Consumer Fireworks - SHOGUN | VULCAN fireworks manufacturer""), but no consulted product page establishes the Square code 813559002230, brand and exact variant together. The Dynamite name candidates remain unconfirmed.","Provide the exact Rockwall package photograph and readable manufacturer/UPC plus retail count; do not approve by name alone."
"GW2BANHVFZKPULG4Y2RIAFNB","705108404957","","#3 Cone (Shogun)","#3 Cone (Shogun)","Unknown","CONES","Regular","Unknown","Unknown","no_match","No sufficiently specific candidate identified in the two Dynamite catalog files.","Unknown","Manufacturer or UPC/model, exact package/variant and corresponding photo/video.","10","10","10","Items","11","identity_confirmation_needed","","Unknown","Unknown","","""705108404957"" fireworks | #3 Cone (Shogun)  fireworks manufacturer","https://www.shogunvulcan.com/product/sfc03-shogun-cone-fountain-no-3-asst | https://victoryfireworkswholesale.com/shogun-3-cone/ | https://jbfireworks.com/conic-cones-3-3-cone-fountain-firework-by-supreme-fireworks.html | https://www.schneitterfireworks.com/product-page/the-cool-kids-ass-t-10-shots-bet-flex-lit-g-o-a-t","Name/presentation research returned candidates (including ""SFC03 SHOGUN CONE FOUNTAIN NO. 3 ASST. - Cone Fountains - USA Consumer Fireworks - Cone Fountains - USA Consumer Fireworks - SHOGUN | VULCAN fireworks manufacturer""), but no consulted product page establishes the Square code 705108404957, brand and exact variant together. The Dynamite name candidates remain unconfirmed.","Provide the exact Rockwall package photograph and readable manufacturer/UPC plus retail count; do not approve by name alone."
"VVMQPHPHLHQ5PLBD2WW6R5N7","816597933849","","#3 Mini Cones 12pc","#3 Mini Cones 12pc","Unknown","CONES","Regular","Unknown","12pc","no_match","No sufficiently specific candidate identified in the two Dynamite catalog files.","Unknown","Manufacturer or UPC/model, exact package/variant and corresponding photo/video.","11","11","11","Items","12","no_verified_identity","","Unknown","Unknown","","""816597933849"" fireworks | #3 Mini Cones 12pc  fireworks manufacturer","https://jbfireworks.com/conic-cones-3-3-cone-fountain-firework-by-supreme-fireworks.html","Code and name/presentation searches did not establish an exact product for Square ""#3 Mini Cones 12pc"" / ""Regular"" (code 816597933849). No verified manufacturer/package image or exact model was found; generic/store identifiers cannot determine identity.","Provide the exact Rockwall package photograph and readable manufacturer/UPC plus retail count; do not approve by name alone."
"AL7PJVDQO5U7GMSPD7J3WPPL","715244002887","","#3 Solar Wave (BC)","#3 Solar Wave (BC)","Unknown","CONES","Regular","Unknown","Unknown","no_match","No sufficiently specific candidate identified in the two Dynamite catalog files.","Unknown","Manufacturer or UPC/model, exact package/variant and corresponding photo/video.","13","13","13","Items","14","identity_confirmation_needed","","Unknown","Unknown","","""715244002887"" fireworks | #3 Solar Wave (BC)  fireworks manufacturer","https://bartzfireworks.com/product/solar-wave-3-cone/","Name/presentation research returned candidates (including ""Black Cat Solar Wave #3 Cone – Bartz Fireworks""), but no consulted product page establishes the Square code 715244002887, brand and exact variant together. The Dynamite name candidates remain unconfirmed.","Provide the exact Rockwall package photograph and readable manufacturer/UPC plus retail count; do not approve by name alone."
"JYBDBSLRM7MBJD7YNRW5Z5LJ","821600011094","","#4 Cone","#4 Cone","Unknown","CONES","#4 Cone (Suns)","#4 Cone (Suns)","Unknown","no_match","No sufficiently specific candidate identified in the two Dynamite catalog files.","Unknown","Manufacturer or UPC/model, exact package/variant and corresponding photo/video.","14","14","14","Items","15","identity_confirmation_needed","","Unknown","Unknown","","""821600011094"" fireworks | #4 Cone #4 Cone (Suns) fireworks manufacturer","https://millerfireworks.com/product/4-cone-fountain-suns/ | https://palmerwholesalefireworks.com/4-cone-fountain/ | https://usa-fireworks.com/products/fountains/fountains-200-gram/4-cone/ | https://www.aahfireworks.com/4-cone-assorted-wc.html","Name/presentation research returned candidates (including ""#4 CONE FOUNTAIN SUNS - MILLER FIREWORKS""), but no consulted product page establishes the Square code 821600011094, brand and exact variant together. The Dynamite name candidates remain unconfirmed.","Provide the exact Rockwall package photograph and readable manufacturer/UPC plus retail count; do not approve by name alone."
"XJKWJ2QUGHLISY77XDUXPQP6","064883500156","","#4 Texas Giant Cone","#4 Texas Giant Cone","Unknown","CONES","Regular","Unknown","Unknown","no_match","No sufficiently specific candidate identified in the two Dynamite catalog files.","Unknown","Manufacturer or UPC/model, exact package/variant and corresponding photo/video.","16","16","16","Items","17","no_verified_identity","","Unknown","Unknown","","""064883500156"" fireworks | #4 Texas Giant Cone  fireworks manufacturer","https://millerfireworks.com/product/4-cone-fountain-suns/ | https://palmerwholesalefireworks.com/4-cone-fountain/ | https://trademarks.justia.com/986/66/texas-98666156.html | https://usa-fireworks.com/products/fountains/fountains-200-gram/4-cone/ | https://www.aahfireworks.com/4-cone-assorted-wc.html","Code and name/presentation searches did not establish an exact product for Square ""#4 Texas Giant Cone"" / ""Regular"" (code 064883500156). No verified manufacturer/package image or exact model was found; generic/store identifiers cannot determine identity.","Provide the exact Rockwall package photograph and readable manufacturer/UPC plus retail count; do not approve by name alone."
"TRIEBHHYA5DFR35IA2XFLZID","8145270170519","","#6 Rocket","#6 Rocket","Unknown","Unknown","Regular","Unknown","Unknown","no_match","No sufficiently specific candidate identified in the two Dynamite catalog files.","Unknown","Manufacturer or UPC/model, exact package/variant and corresponding photo/video.","17","17","17","Items","18","identity_confirmation_needed","","Unknown","Unknown","","""8145270170519"" fireworks | #6 Rocket  fireworks manufacturer","https://www.championfireworks.com/Rockets917/lk1309-ring-shell-rocket-6-colors | https://www.reddit.com/r/u_samseo_6/comments/t6ghwn | https://en.wikipedia.org/wiki/Model_rocket | https://en.wikipedia.org/wiki/Rocket_%28firework%29 | https://www.reddit.com/r/u_samseo_6/comments/q5ptiy","Name/presentation research returned candidates (including ""LK1309 Ring Shell Rocket 6 Colors, China LK1309 Ring Shell Rocket 6 Colors Manufacturers, Suppliers, Factory - Liuyang Champion Fireworks Manufacture Co.,Ltd.""), but no consulted product page establishes the Square code 8145270170519, brand and exact variant together. The Dynamite name candidates remain unconfirmed.","Provide the exact Rockwall package photograph and readable manufacturer/UPC plus retail count; do not approve by name alone."
"F6EIOAIYFBSGWP3PKEN7SVCD","","8145270111215","#8 Cone","#8 Cone","Unknown","CONES","Regular","Unknown","Unknown","no_match","No sufficiently specific candidate identified in the two Dynamite catalog files.","Unknown","Manufacturer or UPC/model, exact package/variant and corresponding photo/video.","18","18","18","Items","19","identity_confirmation_needed","","Unknown","Unknown","","""8145270111215"" fireworks","https://staging.usa-fireworks.com/products/fountains/fountains-200-gram/8-cone-ce-3/","Name/presentation research returned candidates (including ""#8 Cone - Fountain - USA FIREWORKS""), but no consulted product page establishes the Square code 8145270111215, brand and exact variant together. The Dynamite name candidates remain unconfirmed.","Provide the exact Rockwall package photograph and readable manufacturer/UPC plus retail count; do not approve by name alone."
"OP4I2X2T6BKOCAUYTPAZ6CLJ","8145270111116","","#8 Cone","#8 Cone","Unknown","CONES","Regular","Unknown","Unknown","no_match","No sufficiently specific candidate identified in the two Dynamite catalog files.","Unknown","Manufacturer or UPC/model, exact package/variant and corresponding photo/video.","19","19","19","Items","20","identity_confirmation_needed","","Unknown","Unknown","","""8145270111116"" fireworks | #8 Cone  fireworks manufacturer","https://www.tntfireworks.com/fireworks/cat/fountains/4324-8-cone | https://www.redrhinofireworks.com/firework/8-super-jumbo-cone-assortment/ | https://fireworks.com/products/novelties/sparklers/8-gold-sparkler-6-pieces-per-box-copy | https://elevatedfireworks.com/products/8-gold-bamboo-sparklers | https://keystonefireworks.com/shop/8-sparkler-safety-stick/","Name/presentation research returned candidates (including ""Fireworks | TNT Fireworks | #8 CONE""), but no consulted product page establishes the Square code 8145270111116, brand and exact variant together. The Dynamite name candidates remain unconfirmed.","Provide the exact Rockwall package photograph and readable manufacturer/UPC plus retail count; do not approve by name alone."
"P3MQGK5WIZM5YW7SIK4CC3YZ","8145270111314","","#8 Cone","#8 Cone","Unknown","CONES","#8 Cone Generic #1","#8 Cone Generic #1","Unknown","no_match","No sufficiently specific candidate identified in the two Dynamite catalog files.","Unknown","Manufacturer or UPC/model, exact package/variant and corresponding photo/video.","20","20","20","Items","21","no_verified_identity","","Unknown","Unknown","","""8145270111314"" fireworks | #8 Cone #8 Cone Generic #1 fireworks manufacturer","https://www.redrhinofireworks.com/firework/8-super-jumbo-cone-assortment/ | https://www.tntfireworks.com/fireworks/cat/fountains/4324-8-cone","Code and name/presentation searches did not establish an exact product for Square ""#8 Cone"" / ""#8 Cone Generic #1"" (code 8145270111314). No verified manufacturer/package image or exact model was found; generic/store identifiers cannot determine identity.","Provide the exact Rockwall package photograph and readable manufacturer/UPC plus retail count; do not approve by name alone."
"UQ2NKDQND4Y44GQ4K36F7HFF","8145270111215","","#8 Cone","#8 Cone","Unknown","CONES","#8 Cone Generic #2","#8 Cone Generic #2","Unknown","no_match","No sufficiently specific candidate identified in the two Dynamite catalog files.","Unknown","Manufacturer or UPC/model, exact package/variant and corresponding photo/video.","21","21","21","Items","22","identity_confirmation_needed","","Unknown","Unknown","","""8145270111215"" fireworks","https://staging.usa-fireworks.com/products/fountains/fountains-200-gram/8-cone-ce-3/","Name/presentation research returned candidates (including ""#8 Cone - Fountain - USA FIREWORKS""), but no consulted product page establishes the Square code 8145270111215, brand and exact variant together. The Dynamite name candidates remain unconfirmed.","Provide the exact Rockwall package photograph and readable manufacturer/UPC plus retail count; do not approve by name alone."
"M3SQAVSS5EO5RBMNDWIOKUA2","8145270181119","","#8 Golden Sparkler 6 Pcs-BOGO","#8 Golden Sparkler 6 Pcs","Unknown","Unknown","Regular","Unknown","6 Pcs","no_match","No sufficiently specific candidate identified in the two Dynamite catalog files.","Unknown","Manufacturer or UPC/model, exact package/variant and corresponding photo/video.","22","22","22","Items","23","identity_confirmation_needed","","Unknown","Unknown","","""8145270181119"" fireworks | #8 Golden Sparkler 6 Pcs  fireworks manufacturer","https://fireworks.com/products/novelties/sparklers/8-gold-sparkler-6-pieces-per-box-copy | https://elevatedfireworks.com/products/8-gold-bamboo-sparklers | https://keystonefireworks.com/shop/8-sparkler-safety-stick/","Name/presentation research returned candidates (including ""#8 Color Sparkler - 6 pieces per box | Phantom Fireworks""), but no consulted product page establishes the Square code 8145270181119, brand and exact variant together. The Dynamite name candidates remain unconfirmed.","Provide the exact Rockwall package photograph and readable manufacturer/UPC plus retail count; do not approve by name alone."
"OU3CLDPZSKPLLSYKQYLJU6RV","8145270170717","","#8 Rockets","#8 Rockets","Unknown","Unknown","Regular","Unknown","Unknown","no_match","No sufficiently specific candidate identified in the two Dynamite catalog files.","Unknown","Manufacturer or UPC/model, exact package/variant and corresponding photo/video.","25","25","25","Items","26","no_verified_identity","","Unknown","Unknown","","""8145270170717"" fireworks | #8 Rockets  fireworks manufacturer","https://fireworks.com/products/novelties/sparklers/8-gold-sparkler-6-pieces-per-box-copy | https://elevatedfireworks.com/products/8-gold-bamboo-sparklers | https://keystonefireworks.com/shop/8-sparkler-safety-stick/ | https://www.championfireworks.com/Fountains/8-inch-conic-fountain-fireworks | https://www.redrhinofireworks.com/firework/8-super-jumbo-cone-assortment/","Code and name/presentation searches did not establish an exact product for Square ""#8 Rockets"" / ""Regular"" (code 8145270170717). No verified manufacturer/package image or exact model was found; generic/store identifiers cannot determine identity.","Provide the exact Rockwall package photograph and readable manufacturer/UPC plus retail count; do not approve by name alone."
"TBCIHOLYIDHKDKTJC663NQNF","064883100851","","#8 Texas Giant Cone","#8 Texas Giant Cone","Unknown","CONES","Regular","Unknown","Unknown","no_match","No sufficiently specific candidate identified in the two Dynamite catalog files.","Unknown","Manufacturer or UPC/model, exact package/variant and corresponding photo/video.","26","26","26","Items","27","no_verified_identity","","Unknown","Unknown","","""064883100851"" fireworks | #8 Texas Giant Cone  fireworks manufacturer","https://en.wikipedia.org/wiki/New_Texas_Giant","Code and name/presentation searches did not establish an exact product for Square ""#8 Texas Giant Cone"" / ""Regular"" (code 064883100851). No verified manufacturer/package image or exact model was found; generic/store identifiers cannot determine identity.","Provide the exact Rockwall package photograph and readable manufacturer/UPC plus retail count; do not approve by name alone."
"3WJMCMYZKMPO5XDMP5N3BO3H","8145270261118","","1"" Mini Artillery Balls (CE 12 pcs) (Orange Box)","1"" Mini Artillery Balls (CE 12 pcs) (Orange Box)","Unknown","Artillery/Festival Balls","Regular","Unknown","1"" | 12 pcs","no_match","No sufficiently specific candidate identified in the two Dynamite catalog files.","Unknown","Manufacturer or UPC/model, exact package/variant and corresponding photo/video.","27","27","27","Items","28","no_verified_identity","","Unknown","Unknown","","""8145270261118"" fireworks | 1"" Mini Artillery Balls (CE 12 pcs) (Orange Box)  fireworks manufacturer","","Code and name/presentation searches did not establish an exact product for Square ""1"" Mini Artillery Balls (CE 12 pcs) (Orange Box)"" / ""Regular"" (code 8145270261118). No verified manufacturer/package image or exact model was found; generic/store identifiers cannot determine identity.","Provide the exact Rockwall package photograph and readable manufacturer/UPC plus retail count; do not approve by name alone."
"HY6JRS42XJTAXSJTLKOJFUQE","8145270121917","","10 Ball Assortment Pack","10 Ball Assortment Pack","Unknown","Unknown","Regular","Unknown","Unknown","no_match","No sufficiently specific candidate identified in the two Dynamite catalog files.","Unknown","Manufacturer or UPC/model, exact package/variant and corresponding photo/video.","29","29","29","Items","30","identity_confirmation_needed","","Unknown","Unknown","","""8145270121917"" fireworks | 10 Ball Assortment Pack  fireworks manufacturer","https://www.tntfireworks.com/fireworks/cat/big-thunder/4125-10-ball-assorted | https://americanwholesalefireworks.com/roman-candle-10-ball-assortment// | https://mcfireworks.com/en/products_list/10-ball-roman-candle-firework-factory | https://fireworks.com/products/aerial/roman-candles/10-ball-assorted-candles | https://keystonefireworks.com/shop/assorted-10-ball-candles/","Name/presentation research returned candidates (including ""Fireworks | TNT Fireworks | 10 BALL ASSORTED""), but no consulted product page establishes the Square code 8145270121917, brand and exact variant together. The Dynamite name candidates remain unconfirmed.","Provide the exact Rockwall package photograph and readable manufacturer/UPC plus retail count; do not approve by name alone."
"HNBYE6I6SH7A4UHRXRRAFJUH","680149054579","","10 Min White Smoke","10 Min White Smoke","Unknown","Unknown","Regular","Unknown","Unknown","no_match","No sufficiently specific candidate identified in the two Dynamite catalog files.","Unknown","Manufacturer or UPC/model, exact package/variant and corresponding photo/video.","30","30","30","Items","31","identity_confirmation_needed","","Unknown","Unknown","","""680149054579"" fireworks | 10 Min White Smoke  fireworks manufacturer","https://nitrofireworkstore.com/SK165-10-Minute-Smoke | https://twistedthunder.com/shop/brand/shogun/10-minute-smoke/ | https://www.reddit.com/r/fireworks/comments/129wx07","Name/presentation research returned candidates (including ""10-Minute White Smoke (Case)""), but no consulted product page establishes the Square code 680149054579, brand and exact variant together. The Dynamite name candidates remain unconfirmed.","Provide the exact Rockwall package photograph and readable manufacturer/UPC plus retail count; do not approve by name alone."
"YIPN5KCTMVDGIH33DXXZID6U","887946003155","","100 Shot Barrage","100 Shot Barrage","Unknown","Unknown","Regular","Unknown","100 Shot","no_match","No sufficiently specific candidate identified in the two Dynamite catalog files.","Unknown","Manufacturer or UPC/model, exact package/variant and corresponding photo/video.","31","31","31","Items","32","identity_confirmation_needed","","Unknown","Unknown","","""887946003155"" fireworks | 100 Shot Barrage  fireworks manufacturer","https://www.shogunvulcan.com/product/ssm2516-100-shots-magical-barrage | https://cuttingedgefireworks.com/fire-product/100-shot-magical-barrage/ | https://www.championfireworks.com/Roman-candles795/lk1107-magical-shots-barrage-100-balls | https://www.myvictoryfireworks.com/Zencart/index.php?main_page=product_info&products_id=195 | https://big-shotter-fireworks.co.uk/our-products/big-shotter-fireworks-shaadi-mubarak-100-shot/","Name/presentation research returned candidates (including ""SSM2516 100 SHOTS MAGICAL BARRAGE - 200gm Cakes - USA Consumer Fireworks - 200gm Cakes - USA Consumer Fireworks - SHOGUN | VULCAN fireworks manufacturer""), but no consulted product page establishes the Square code 887946003155, brand and exact variant together. The Dynamite name candidates remain unconfirmed.","Provide the exact Rockwall package photograph and readable manufacturer/UPC plus retail count; do not approve by name alone."
"DJGW2P764RZFK2JCOQD7IJSZ","693965000354","","100 Shot Magical Barrage","100 Shot Magical Barrage","Unknown","Unknown","Regular","Unknown","100 Shot","no_match","No sufficiently specific candidate identified in the two Dynamite catalog files.","Unknown","Manufacturer or UPC/model, exact package/variant and corresponding photo/video.","32","32","33","Items","33","identity_confirmation_needed","","Unknown","Unknown","","""693965000354"" fireworks | 100 Shot Magical Barrage  fireworks manufacturer","https://www.shogunvulcan.com/product/ssm2516-100-shots-magical-barrage | https://cuttingedgefireworks.com/fire-product/100-shot-magical-barrage/ | https://www.championfireworks.com/Roman-candles795/lk1107-magical-shots-barrage-100-balls | https://www.myvictoryfireworks.com/Zencart/index.php?main_page=product_info&products_id=195 | https://firebrosfireworks.com/products/magical-barrage-100-shot","Name/presentation research returned candidates (including ""SSM2516 100 SHOTS MAGICAL BARRAGE - 200gm Cakes - USA Consumer Fireworks - 200gm Cakes - USA Consumer Fireworks - SHOGUN | VULCAN fireworks manufacturer""), but no consulted product page establishes the Square code 693965000354, brand and exact variant together. The Dynamite name candidates remain unconfirmed.","Provide the exact Rockwall package photograph and readable manufacturer/UPC plus retail count; do not approve by name alone."
"N52HRIF24SHJ6W5XI2UTRROS","8052530130919","","100 Shot Magical Shot Barrage","100 Shot Magical Shot Barrage","Unknown","Unknown","Regular","Unknown","100 Shot","no_match","No sufficiently specific candidate identified in the two Dynamite catalog files.","Unknown","Manufacturer or UPC/model, exact package/variant and corresponding photo/video.","33","34","34","Items","34","candidate_requires_package_review","","Unknown","Unknown","","""8052530130919"" fireworks | 100 Shot Magical Barrage Boomer official fireworks manufacturer","https://usa-fireworks.com/products/aerial-all-cakes/aerial-200-gram-cakes/100-shot-magical-barrage-2/ | https://beta2024.usa-fireworks.com/products/aerial-all-cakes/aerial-200-gram-cakes/product-163480-variation-2/ | https://dynamitefireworks.com/product/100-shot-magical-barrage/","Code 8052530130919 occurs in the retrieved product/source ""100 Shot Magical Barrage"". Square records ""100 Shot Magical Shot Barrage"" / ""Regular""; this is a candidate, not a confirmed retail-package crosswalk. Inspected reference https://usa-fireworks.com/wp-content/uploads/2026/09/original-1092.png ([445, 583]); its background is opaque and no faithful transparent exact-unit resource was approved.","Provide the exact Rockwall package photograph and readable manufacturer/UPC plus retail count; do not approve by name alone."
"VOJNDZJPMSFCCTEVC3SUOTZC","725272730799","","100 Shot Magical Shot Barrage","100 Shot Magical Shot Barrage","Unknown","Unknown","100 Shot Barrage Old","100 Shot Barrage Old","100 Shot","no_match","No sufficiently specific candidate identified in the two Dynamite catalog files.","Unknown","Manufacturer or UPC/model, exact package/variant and corresponding photo/video.","34","35","35","Items","35","identity_confirmation_needed","","Unknown","Unknown","","""725272730799"" fireworks | 100 Shot Magical Shot Barrage 100 Shot Barrage Old fireworks manufacturer","https://www.shogunvulcan.com/product/ssm2516-100-shots-magical-barrage | https://cuttingedgefireworks.com/fire-product/100-shot-magical-barrage/ | https://www.championfireworks.com/Roman-candles795/lk1107-magical-shots-barrage-100-balls | https://www.myvictoryfireworks.com/Zencart/index.php?main_page=product_info&products_id=195 | https://firebrosfireworks.com/products/magical-barrage-100-shot","Name/presentation research returned candidates (including ""SSM2516 100 SHOTS MAGICAL BARRAGE - 200gm Cakes - USA Consumer Fireworks - 200gm Cakes - USA Consumer Fireworks - SHOGUN | VULCAN fireworks manufacturer""), but no consulted product page establishes the Square code 725272730799, brand and exact variant together. The Dynamite name candidates remain unconfirmed.","Provide the exact Rockwall package photograph and readable manufacturer/UPC plus retail count; do not approve by name alone."
"UFZR2ZDV7SEVEGE4QLRUZXKU","805253353718","","100 Shot Missle","100 Shot Missle","Unknown","Unknown","Regular","Unknown","100 Shot","no_match","No sufficiently specific candidate identified in the two Dynamite catalog files.","Unknown","Manufacturer or UPC/model, exact package/variant and corresponding photo/video.","35","36","36","Items","36","no_verified_identity","","Unknown","Unknown","","""805253353718"" fireworks | 100 Shot Missle  fireworks manufacturer","https://www.shogunvulcan.com/product/ssm2516-100-shots-magical-barrage | https://www.championfireworks.com/Roman-candles795/lk1107-magical-shots-barrage-100-balls | https://cuttingedgefireworks.com/fire-product/100-shot-magical-barrage/ | https://www.myvictoryfireworks.com/Zencart/index.php?main_page=product_info&products_id=195 | https://big-shotter-fireworks.co.uk/our-products/big-shotter-fireworks-shaadi-mubarak-100-shot/","Code and name/presentation searches did not establish an exact product for Square ""100 Shot Missle"" / ""Regular"" (code 805253353718). No verified manufacturer/package image or exact model was found; generic/store identifiers cannot determine identity.","Provide the exact Rockwall package photograph and readable manufacturer/UPC plus retail count; do not approve by name alone."
"I2K2S2XEXLGV6H2IBNPKGHL2","700000014280","","100 Shot Saturn Missle","100 Shot Saturn Missle","Unknown","Unknown","Regular","Unknown","100 Shot","probable","Name identifies a candidate only; manufacturer and exact presentation have not been established.","products.json[46] Saturn Missile Battery 100's / Monkey Mania / /products/saturn-missile-battery-100.png","Manufacturer or UPC/model, exact package/variant and corresponding photo/video.","36","37","37","Items","37","identity_confirmation_needed","","Unknown","Unknown","","""700000014280"" fireworks | 100 Shot Saturn Missle  fireworks manufacturer","https://flashingfireworks.com/products/100-shot-saturn-missle-battery | https://www.made-in-china.com/showroom/jiahuifireworksco/product-detailMblmkpzDhocI/China-100-Shot-Saturn-Missile.html | https://shop.rozzifireworks.com/products/saturn-missiles | https://keystonefireworks.com/shop/100-shot-saturn-missile/ | https://rgsbrandfireworks.com/products/200g-aerial/100-shot-saturn-missile/","Name/presentation research returned candidates (including ""100 Shot Saturn Missile | Missiles | Flashing Fireworks""), but no consulted product page establishes the Square code 700000014280, brand and exact variant together. The Dynamite name candidates remain unconfirmed.","Provide the exact Rockwall package photograph and readable manufacturer/UPC plus retail count; do not approve by name alone."
"CVQPQGAEURDRAKP55EZVIL6Z","900003471343","","1000 Roll Fire car","1000 Roll Fire car","Unknown","Unknown","Regular","Unknown","Unknown","no_match","No sufficiently specific candidate identified in the two Dynamite catalog files.","Unknown","Manufacturer or UPC/model, exact package/variant and corresponding photo/video.","37","38","38","Items","38","no_verified_identity","","Unknown","Unknown","","""900003471343"" fireworks | 1000 Roll Fire car  fireworks manufacturer","","Code and name/presentation searches did not establish an exact product for Square ""1000 Roll Fire car"" / ""Regular"" (code 900003471343). No verified manufacturer/package image or exact model was found; generic/store identifiers cannot determine identity.","Provide the exact Rockwall package photograph and readable manufacturer/UPC plus retail count; do not approve by name alone."
"3SUE26Q6F6HMGVWFT4GG4SSM","715244964017","","1000 gram display","1000 gram display","Unknown","Unknown","Regular","Unknown","1000 gram","no_match","No sufficiently specific candidate identified in the two Dynamite catalog files.","Unknown","Manufacturer or UPC/model, exact package/variant and corresponding photo/video.","38","39","39","Items","39","data_conflict","","Unknown","Unknown","","Compared code against official Winco UPC reference | 1000 gram display L89@P8: 500 Gram Zipper Cakes MEBC6401 1000 Gram Display (715244964017) fireworks manufacturer","https://blackcatfireworks.com/fireworks/aerials-up-to-500-gram/1000-gram-display/ | https://allamericanfireworks.net/500-gram-zipper-cakes","Square code 715244964017 differs from current Winco UPC 715244640119 for 1000 Gram Display; same supplier model does not prove the same two-cake presentation.","Provide the exact Rockwall package photograph and readable manufacturer/UPC plus retail count; do not approve by name alone."
"GKWFBV6MPTRMRUG3PHSI67NB","715244010714","","10000 Bkk Cat FireCrk","10000 Bkk Cat FireCrk","Unknown","Unknown","Regular","Unknown","Unknown","no_match","No sufficiently specific candidate identified in the two Dynamite catalog files.","Unknown","Manufacturer or UPC/model, exact package/variant and corresponding photo/video.","39","40","40","Items","40","candidate_requires_package_review","","Unknown","Unknown","","""715244010714"" fireworks | Black Cat Firecrackers 10,000-roll  official fireworks manufacturer","https://bettendorf.crossroadsfireworks.com/fireworks/black-cat-firecrackers-10000-roll/ | https://waterloo.crossroadsfireworks.com/fireworks/black-cat-firecrackers-10000-roll/ | https://blackcatfireworks.com/fireworks/firecrackers/ | https://millerfireworks.com/product/10000-roll-black-cat/ | https://www.blackcatfireworks.co.uk/about/about-us/ | https://myfloridacfo.com/docs-sf/state-fire-marshal-libraries/sfm-documents/bfp/approved-sparklers-list/2025-2026-approved-sparklers-list.pdf?sfvrsn=d2dc3bba_1","Code 715244010714 occurs in the retrieved product/source ""Black Cat Firecrackers 10,000-roll"". Square records ""10000 Bkk Cat FireCrk"" / ""Regular""; this is a candidate, not a confirmed retail-package crosswalk. Inspected reference https://bettendorf.crossroadsfireworks.com/wp-content/uploads/sites/7/2026/02/e434c46b-7f25-498a-8b6a-406ff3d38829.png ([600, 600]); its background is opaque and no faithful transparent exact-unit resource was approved.","Provide the exact Rockwall package photograph and readable manufacturer/UPC plus retail count; do not approve by name alone."
"T5SHAX3H2SLYWZ3VFB2WBPEK","8052530052518","","12 Firecrackers Bogo","12 Firecrackers","Unknown","Unknown","Regular","Unknown","Unknown","no_match","No sufficiently specific candidate identified in the two Dynamite catalog files.","Unknown","Manufacturer or UPC/model, exact package/variant and corresponding photo/video.","40","41","41","Items","41","identity_confirmation_needed","","Unknown","Unknown","","""8052530052518"" fireworks | 12 Firecrackers  fireworks manufacturer","https://www.kellfire.com/fireworks-for-all/firecrackers/m-88-firecrackers-12s | https://bellinofireworks.com/product/12-missile/ | https://www.shogunvulcan.com/product/ms212-black-arrow-missile-12 | https://pmscrackers.com/crackers/ananda-super-star-12","Name/presentation research returned candidates (including ""M-88 12's Firecrackers For Sale | Kellner's Fireworks | Harrisville, PA""), but no consulted product page establishes the Square code 8052530052518, brand and exact variant together. The Dynamite name candidates remain unconfirmed.","Provide the exact Rockwall package photograph and readable manufacturer/UPC plus retail count; do not approve by name alone."
"ETMPUX6C7EPHRP4US5GCM5JQ","185108243105","","12 Inch Missile","12 Inch Missile","Unknown","Unknown","Regular","Unknown","12 Inch","no_match","No sufficiently specific candidate identified in the two Dynamite catalog files.","Unknown","Manufacturer or UPC/model, exact package/variant and corresponding photo/video.","41","42","42","Items","42","identity_confirmation_needed","","Unknown","Unknown","","""185108243105"" fireworks | 12 Inch Missile  fireworks manufacturer","https://www.shogunvulcan.com/product/ms212-black-arrow-missile-12 | https://bellinofireworks.com/product/12-missile/","Name/presentation research returned candidates (including ""MS212 BLACK ARROW MISSILE 12"" - Missiles - USA Consumer Fireworks - Missiles - USA Consumer Fireworks - SHOGUN | VULCAN fireworks manufacturer""), but no consulted product page establishes the Square code 185108243105, brand and exact variant together. The Dynamite name candidates remain unconfirmed.","Provide the exact Rockwall package photograph and readable manufacturer/UPC plus retail count; do not approve by name alone."
"YVHIF5R4TWUQ4TVDXZZYOO4R","816597923741","","12 Inch Missile","12 Inch Missile","Unknown","Unknown","Regular","Unknown","12 Inch","no_match","No sufficiently specific candidate identified in the two Dynamite catalog files.","Unknown","Manufacturer or UPC/model, exact package/variant and corresponding photo/video.","42","43","43","Items","43","candidate_requires_package_review","","Unknown","Unknown","","""816597923741"" fireworks | Sky Bacon Missile - 12 Sky Bacon official fireworks manufacturer","https://simpsonfireworks.com/ME100-Sky-Bacon-Missile-R-PC/ | https://www.skybaconfireworks.com/featured | https://www.skybaconfireworks.com/2020 | https://skylinefireworksllc.com/GM137-BOOM-sky-bacon-R-PC/","Code 816597923741 occurs in the retrieved product/source ""Sky Bacon Missile - 12"". Square records ""12 Inch Missile"" / ""Regular""; this is a candidate, not a confirmed retail-package crosswalk. Inspected reference https://cdn11.bigcommerce.com/s-57hs4do35p/images/stencil/1280x1280/products/262/541/3907__57171.1708637233.png?c=1 ([500, 500]); a transparent file exists, but exact brand, package count or variant is not independently established; it was not published.","Provide the exact Rockwall package photograph and readable manufacturer/UPC plus retail count; do not approve by name alone."
"2XKEDNBW4SB5HAFPD74TWCQU","100000566015","","12 Pc Big Huge Burst","12 Pc Big Huge Burst","Unknown","Unknown","Regular","Unknown","12 Pc","no_match","No sufficiently specific candidate identified in the two Dynamite catalog files.","Unknown","Manufacturer or UPC/model, exact package/variant and corresponding photo/video.","43","44","44","Items","44","no_verified_identity","","Unknown","Unknown","","""100000566015"" fireworks | 12 Pc Big Huge Burst  fireworks manufacturer","https://www.sunwingfireworks.com/product/sw-c2533/","Code and name/presentation searches did not establish an exact product for Square ""12 Pc Big Huge Burst"" / ""Regular"" (code 100000566015). No verified manufacturer/package image or exact model was found; generic/store identifiers cannot determine identity.","Provide the exact Rockwall package photograph and readable manufacturer/UPC plus retail count; do not approve by name alone."
"6W2PMFHVVSUEMCAZEM7CC6FO","680149047670","","12 Pk Neon Smoke Balls","12 Pk Neon Smoke Balls","Unknown","Unknown","Regular","Unknown","Unknown","no_match","No sufficiently specific candidate identified in the two Dynamite catalog files.","Unknown","Manufacturer or UPC/model, exact package/variant and corresponding photo/video.","44","45","45","Items","45","no_verified_identity","","Unknown","Unknown","","""680149047670"" fireworks | 12 Pk Neon Smoke Balls  fireworks manufacturer","","Code and name/presentation searches did not establish an exact product for Square ""12 Pk Neon Smoke Balls"" / ""Regular"" (code 680149047670). No verified manufacturer/package image or exact model was found; generic/store identifiers cannot determine identity.","Provide the exact Rockwall package photograph and readable manufacturer/UPC plus retail count; do not approve by name alone."
"6FFX6S2ZDLIQKFSCCQF57TK7","813559007389","","12 pk magical shots","12 pk magical shots","Unknown","Unknown","Regular","Unknown","Unknown","no_match","No sufficiently specific candidate identified in the two Dynamite catalog files.","Unknown","Manufacturer or UPC/model, exact package/variant and corresponding photo/video.","45","46","46","Items","46","identity_confirmation_needed","","Unknown","Unknown","","""813559007389"" fireworks | 12 pk magical shots  fireworks manufacturer","https://fajerwerkigorzow.pl/sklep/hurtownia/hurtownia-rzymskie-ognie/t6236-magical-shots-80-12-10s-rzymskie-o-jorge/","Name/presentation research returned candidates (including ""T6236 MAGICAL SHOTS 80/12 10S RZYMSKIE O JORGE – Hurtownia fajerwerków AS""), but no consulted product page establishes the Square code 813559007389, brand and exact variant together. The Dynamite name candidates remain unconfirmed.","Provide the exact Rockwall package photograph and readable manufacturer/UPC plus retail count; do not approve by name alone."
"KBT3SVWZVERXSJWAFP5AQ6OG","705834210266","","12"" XXI Missile","12"" XXI Missile","Unknown","Unknown","Regular","Unknown","12""","no_match","No sufficiently specific candidate identified in the two Dynamite catalog files.","Unknown","Manufacturer or UPC/model, exact package/variant and corresponding photo/video.","46","47","47","Items","47","identity_confirmation_needed","","Unknown","Unknown","","""705834210266"" fireworks | 12"" XXI Missile  fireworks manufacturer","https://www.shogunvulcan.com/product/ms212-black-arrow-missile-12 | https://www.fireworks.us/xxi-missile-12-p/ME108.htm","Name/presentation research returned candidates (including ""MS212 BLACK ARROW MISSILE 12"" - Missiles - USA Consumer Fireworks - Missiles - USA Consumer Fireworks - SHOGUN | VULCAN fireworks manufacturer""), but no consulted product page establishes the Square code 705834210266, brand and exact variant together. The Dynamite name candidates remain unconfirmed.","Provide the exact Rockwall package photograph and readable manufacturer/UPC plus retail count; do not approve by name alone."
"KE6KVYP7DAHPX7TFVFIKUJL7","100000103012","","12"" XXI Missile","12"" XXI Missile","Unknown","Unknown","12 Missile","12 Missile","12""","no_match","No sufficiently specific candidate identified in the two Dynamite catalog files.","Unknown","Manufacturer or UPC/model, exact package/variant and corresponding photo/video.","47","48","48","Items","48","identity_confirmation_needed","","Unknown","Unknown","","""100000103012"" fireworks | 12"" XXI Missile 12 Missile fireworks manufacturer","https://www.shogunvulcan.com/product/ms212-black-arrow-missile-12 | https://bellinofireworks.com/product/12-missile/ | https://www.fireworks.us/xxi-missile-12-p/ME108.htm | https://tristatefireworksllc.com/12-xxi-missile/","Name/presentation research returned candidates (including ""MS212 BLACK ARROW MISSILE 12"" - Missiles - USA Consumer Fireworks - Missiles - USA Consumer Fireworks - SHOGUN | VULCAN fireworks manufacturer""), but no consulted product page establishes the Square code 100000103012, brand and exact variant together. The Dynamite name candidates remain unconfirmed.","Provide the exact Rockwall package photograph and readable manufacturer/UPC plus retail count; do not approve by name alone."
"D3QREITLNP6XJ5AOMNWFP3Y7","821600005031","","12"" XXI Missile","12"" XXI Missile","Unknown","Unknown","12"" Star Shooter","12"" Star Shooter","12""","no_match","No sufficiently specific candidate identified in the two Dynamite catalog files.","Unknown","Manufacturer or UPC/model, exact package/variant and corresponding photo/video.","48","49","49","Items","49","identity_confirmation_needed","","Unknown","Unknown","","""821600005031"" fireworks | 12"" XXI Missile 12"" Star Shooter fireworks manufacturer","https://www.fireworks.us/xxi-missile-12-p/ME108.htm | https://tristatefireworksllc.com/12-xxi-missile/ | https://bellinofireworks.com/product/12-missile/ | https://www.shogunvulcan.com/product/ms212-black-arrow-missile-12","Name/presentation research returned candidates (including ""XXI Missile - 12"" - Cannon""), but no consulted product page establishes the Square code 821600005031, brand and exact variant together. The Dynamite name candidates remain unconfirmed.","Provide the exact Rockwall package photograph and readable manufacturer/UPC plus retail count; do not approve by name alone."
"QYAXPQDE2TYNMB7YTYR6PER7","813559006061","","12pc No.10 Gold Sparklers","12pc No.10 Gold Sparklers","Unknown","Unknown","Regular","Unknown","12pc","no_match","No sufficiently specific candidate identified in the two Dynamite catalog files.","Unknown","Manufacturer or UPC/model, exact package/variant and corresponding photo/video.","50","51","51","Items","51","no_verified_identity","","Unknown","Unknown","","""813559006061"" fireworks | 12pc No.10 Gold Sparklers  fireworks manufacturer","","Code and name/presentation searches did not establish an exact product for Square ""12pc No.10 Gold Sparklers"" / ""Regular"" (code 813559006061). No verified manufacturer/package image or exact model was found; generic/store identifiers cannot determine identity.","Provide the exact Rockwall package photograph and readable manufacturer/UPC plus retail count; do not approve by name alone."
"QXPW5W7TIS6F73NQR2KAHZKR","887946060400","","14"" Morning Glorys- Red Box","14"" Morning Glorys- Red Box","Unknown","Unknown","Regular","Unknown","14""","no_match","No sufficiently specific candidate identified in the two Dynamite catalog files.","Unknown","Manufacturer or UPC/model, exact package/variant and corresponding photo/video.","51","52","52","Items","52","identity_confirmation_needed","","Unknown","Unknown","","""887946060400"" fireworks | 14"" Morning Glorys- Red Box  fireworks manufacturer","https://www.libertyfireworks.us/products/box-of-14-morning-glories-144pcs | https://flashingfireworks.com/products/morning-glory-14 | https://www.captainboom.com/14-morning-glory-captain-boom-fireworks | https://www.kellfire.com/fireworks-for-all/sparklers/14-morning-glories-72s","Name/presentation research returned candidates (including ""MORNING GLORIES - Item # 0981 – Liberty Fireworks""), but no consulted product page establishes the Square code 887946060400, brand and exact variant together. The Dynamite name candidates remain unconfirmed.","Provide the exact Rockwall package photograph and readable manufacturer/UPC plus retail count; do not approve by name alone."
"6N3R23DAT7C5HMLM4GSIPQUL","8145270101612","","16000 Firecracker","16000 Firecracker","Unknown","Unknown","Regular","Unknown","Unknown","no_match","No sufficiently specific candidate identified in the two Dynamite catalog files.","Unknown","Manufacturer or UPC/model, exact package/variant and corresponding photo/video.","52","53","53","Items","53","candidate_requires_package_review","","Unknown","Unknown","","""8145270101612"" fireworks | 16000 Firecracker P-T737-Case Winda Fireworks official fireworks manufacturer","https://americanwholesalefireworks.com/strip-of-16-000-flash-cracker/","Code 8145270101612 occurs in the retrieved product/source ""Strip of 16,000 - Firecracker"". Square records ""16000 Firecracker"" / ""Regular""; this is a candidate, not a confirmed retail-package crosswalk. Inspected reference https://cdn11.bigcommerce.com/s-2n33n5vm38/images/stencil/500x500/products/5817/10978/AWF_IMAGE_TEMPLATE__77435.1726237794.png?c=2 ([500, 500]); its background is opaque and no faithful transparent exact-unit resource was approved.","Provide the exact Rockwall package photograph and readable manufacturer/UPC plus retail count; do not approve by name alone."
"TAOG6BC2S6VLWKSKNKOUQG2N","821600001149","","16000 Thunder Bomb Crackert","16000 Thunder Bomb Crackert","Unknown","Unknown","Regular","Unknown","Unknown","no_match","No sufficiently specific candidate identified in the two Dynamite catalog files.","Unknown","Manufacturer or UPC/model, exact package/variant and corresponding photo/video.","53","54","54","Items","54","no_verified_identity","","Unknown","Unknown","","""821600001149"" fireworks | 16000 Thunder Bomb Crackert  fireworks manufacturer","https://www.reddit.com/r/fireworks/comments/12n2gdu","Code and name/presentation searches did not establish an exact product for Square ""16000 Thunder Bomb Crackert"" / ""Regular"" (code 821600001149). No verified manufacturer/package image or exact model was found; generic/store identifiers cannot determine identity.","Provide the exact Rockwall package photograph and readable manufacturer/UPC plus retail count; do not approve by name alone."
"SU6AOYSN2DG4RQ4GOPTHS2CW","821600014309","","198 Shot Saturn Missle","198 Shot Saturn Missle","Unknown","Unknown","Regular","Unknown","198 Shot","no_match","No sufficiently specific candidate identified in the two Dynamite catalog files.","Unknown","Manufacturer or UPC/model, exact package/variant and corresponding photo/video.","54","55","55","Items","55","no_verified_identity","","Unknown","Unknown","","""821600014309"" fireworks | 198 Shot Saturn Missle  fireworks manufacturer","","Code and name/presentation searches did not establish an exact product for Square ""198 Shot Saturn Missle"" / ""Regular"" (code 821600014309). No verified manufacturer/package image or exact model was found; generic/store identifiers cannot determine identity.","Provide the exact Rockwall package photograph and readable manufacturer/UPC plus retail count; do not approve by name alone."
"EVMEMWULGO5FFPZTIZK4RDJJ","887946031059","","2 Color Space Ship 3 Pack","2 Color Space Ship 3 Pack","Unknown","Unknown","Regular","Unknown","3 Pack","no_match","No sufficiently specific candidate identified in the two Dynamite catalog files.","Unknown","Manufacturer or UPC/model, exact package/variant and corresponding photo/video.","55","56","56","Items","56","identity_confirmation_needed","","Unknown","Unknown","","""887946031059"" fireworks | 2 Color Space Ship 3 Pack  fireworks manufacturer","https://www.boomtownfireworks.com/products/2-color-space-ship/ | https://ocfireworks.com/2-color-spaceship-3-pk/ | https://deatonfireworks.com/fireworks/two-color-space-ship/ | https://www.redrhinofireworks.com/firework/2-color-spaceship/","Name/presentation research returned candidates (including ""2 color space ship | Boom Town Fireworks, Your Indiana and Chicago Fireworks Superstore""), but no consulted product page establishes the Square code 887946031059, brand and exact variant together. The Dynamite name candidates remain unconfirmed.","Provide the exact Rockwall package photograph and readable manufacturer/UPC plus retail count; do not approve by name alone."
"IWBOGXXV5RRGXSNCIMCONMYJ","8052530220917","","2 Color Spaceship","2 Color Spaceship","Unknown","Unknown","Regular","Unknown","Unknown","no_match","No sufficiently specific candidate identified in the two Dynamite catalog files.","Unknown","Manufacturer or UPC/model, exact package/variant and corresponding photo/video.","56","57","57","Items","57","candidate_requires_package_review","","Unknown","Unknown","","""8052530220917"" fireworks | Two Color Space Ship - Boomer Boomer  official fireworks manufacturer","https://beta2024.usa-fireworks.com/products/website-coupons/two-color-space-ship-boomer-2/ | https://fireworks.com/products/aerial/aerial-spinners/2-color-space-ship-6-pc","Code 8052530220917 occurs in the retrieved product/source ""Two Color Space Ship - Boomer"". Square records ""2 Color Spaceship"" / ""Regular""; this is a candidate, not a confirmed retail-package crosswalk. Inspected reference https://beta2024.usa-fireworks.com/wp-content/uploads/2022/04/original-48.png ([573, 455]); its background is opaque and no faithful transparent exact-unit resource was approved.","Provide the exact Rockwall package photograph and readable manufacturer/UPC plus retail count; do not approve by name alone."
"O6KNWSDF2BMIHQ37TUXZZLJJ","","","2 Color Spaceship BOGO","2 Color Spaceship","Unknown","Unknown","Regular","Unknown","Unknown","no_match","No sufficiently specific candidate identified in the two Dynamite catalog files.","Unknown","Manufacturer or UPC/model, exact package/variant and corresponding photo/video.","57","58","58","Items","58","identity_confirmation_needed","","Unknown","Unknown","","""2 Color Spaceship BOGO"" fireworks manufacturer | 2 Color Spaceship  fireworks manufacturer","https://www.boomtownfireworks.com/products/2-color-space-ship/ | https://ocfireworks.com/2-color-spaceship-3-pk/ | https://www.redrhinofireworks.com/firework/2-color-spaceship/","Name/presentation research returned candidates (including ""2 color space ship | Boom Town Fireworks, Your Indiana and Chicago Fireworks Superstore""), but no consulted product page establishes the Square code [missing], brand and exact variant together. The Dynamite name candidates remain unconfirmed.","Provide the exact Rockwall package photograph and readable manufacturer/UPC plus retail count; do not approve by name alone."
"GXTEUEIENPDZQX225VYUZXIE","","010901322156","2 Minute Finale 500 Gram","2 Minute Finale 500 Gram","Unknown","500 GRAM FINALE","Regular","Unknown","2 Minute | 500 Gram","no_match","No sufficiently specific candidate identified in the two Dynamite catalog files.","Unknown","Manufacturer or UPC/model, exact package/variant and corresponding photo/video.","60","61","61","Items","61","identity_confirmation_needed","","Unknown","Unknown","","""010901322156"" fireworks | 2 Minute Finale 500 Gram  fireworks manufacturer","https://americanwholesalefireworks.com/2-minute-finale/ | https://www.shogunvulcan.com/product/lbmc-006-2-minute-wonder | https://www.reddit.com/r/fireworks/comments/1d5f5u3","Name/presentation research returned candidates (including ""2 Minute Finale - 500 Gram Cake""), but no consulted product page establishes the Square code 010901322156, brand and exact variant together. The Dynamite name candidates remain unconfirmed.","Provide the exact Rockwall package photograph and readable manufacturer/UPC plus retail count; do not approve by name alone."
"2FCJSUCY2M7JKMLZIKJUWXLJ","050050513210","","2 Minute Finale 500 Gram","2 Minute Finale 500 Gram","Unknown","500 GRAM FINALE","Regular","Unknown","2 Minute | 500 Gram","no_match","No sufficiently specific candidate identified in the two Dynamite catalog files.","Unknown","Manufacturer or UPC/model, exact package/variant and corresponding photo/video.","61","62","62","Items","62","identity_confirmation_needed","","Unknown","Unknown","","""050050513210"" fireworks | 2 Minute Finale 500 Gram  fireworks manufacturer","https://americanwholesalefireworks.com/2-minute-finale/ | https://www.shogunvulcan.com/product/lbmc-006-2-minute-wonder | https://www.reddit.com/r/fireworks/comments/1d5f5u3","Name/presentation research returned candidates (including ""2 Minute Finale - 500 Gram Cake""), but no consulted product page establishes the Square code 050050513210, brand and exact variant together. The Dynamite name candidates remain unconfirmed.","Provide the exact Rockwall package photograph and readable manufacturer/UPC plus retail count; do not approve by name alone."
"WCBZ5V4BLD2KB7C52VNMEQE2","757201530675","","20 Alarm Fire","20 Alarm Fire","Unknown","Unknown","Regular","Unknown","Unknown","no_match","No sufficiently specific candidate identified in the two Dynamite catalog files.","Unknown","Manufacturer or UPC/model, exact package/variant and corresponding photo/video.","63","64","64","Items","64","no_verified_identity","","Unknown","Unknown","","""757201530675"" fireworks | 20 Alarm Fire  fireworks manufacturer","","Code and name/presentation searches did not establish an exact product for Square ""20 Alarm Fire"" / ""Regular"" (code 757201530675). No verified manufacturer/package image or exact model was found; generic/store identifiers cannot determine identity.","Provide the exact Rockwall package photograph and readable manufacturer/UPC plus retail count; do not approve by name alone."
"GS5Y7ZP4PE7LE5FGYNR5O2YI","705669335523","","20 Clip On Lighters","20 Clip On Lighters","Unknown","Unknown","Regular","Unknown","Unknown","no_match","No sufficiently specific candidate identified in the two Dynamite catalog files.","Unknown","Manufacturer or UPC/model, exact package/variant and corresponding photo/video.","64","65","65","Items","65","candidate_requires_package_review","","Unknown","Unknown","","""705669335523"" fireworks | 20 Clip On Lighters IGNITE-CLIPON-2M Ignite Clip-On Ignitors: 2 Meter (6.5 Foot) official fireworks manufacturer","https://elevatedfireworks.com/es/products/2m-ignite-clip-on-igniters-20-pack | https://americanwholesalefireworks.com/ignite-clip-on-ignitors-2-meter-6-5-foot/ | https://twistedthunder.com/shop/firing-systems-ignitors/ignite-clip-on-igniters/","Code 705669335523 occurs in the retrieved product/source ""IGNITE 2m Encendedores con clip (Paquete de 20)"". Square records ""20 Clip On Lighters"" / ""Regular""; this is a candidate, not a confirmed retail-package crosswalk. Inspected reference https://elevatedfireworks.com/cdn/shop/files/image_824d69d7-5812-47c6-8428-5f6f83efd160.png?v=1750644525&width=1920 ([879, 500]); its background is opaque and no faithful transparent exact-unit resource was approved.","Provide the exact Rockwall package photograph and readable manufacturer/UPC plus retail count; do not approve by name alone."
"55OSMECG4FX4FDJNAIZNJLGL","821600001118","","2000 Thunder Bomb Cracker","2000 Thunder Bomb Cracker","Unknown","Unknown","Regular","Unknown","Unknown","no_match","No sufficiently specific candidate identified in the two Dynamite catalog files.","Unknown","Manufacturer or UPC/model, exact package/variant and corresponding photo/video.","67","68","68","Items","68","identity_confirmation_needed","","Unknown","Unknown","","""821600001118"" fireworks | 2000 Thunder Bomb Cracker  fireworks manufacturer","https://h4fireworks.com/products/thunder-bomb-firecracker-2000 | https://www.reddit.com/r/fireworks/comments/gng89q","Name/presentation research returned candidates (including ""PRODUCTS | H4 FIREWORKS WHOLESALE FIREWORKS""), but no consulted product page establishes the Square code 821600001118, brand and exact variant together. The Dynamite name candidates remain unconfirmed.","Provide the exact Rockwall package photograph and readable manufacturer/UPC plus retail count; do not approve by name alone."
"Y3IFH74XUWEC2U3KZXSXVPQ2","821600000098","","24 Pack Roman Candles","24 Pack Roman Candles","Unknown","Unknown","Regular","Unknown","24 Pack","no_match","No sufficiently specific candidate identified in the two Dynamite catalog files.","Unknown","Manufacturer or UPC/model, exact package/variant and corresponding photo/video.","68","69","69","Items","69","identity_confirmation_needed","","Unknown","Unknown","","""821600000098"" fireworks | 24 Pack Roman Candles  fireworks manufacturer","https://www.hunanliuyangfireworks.com/roman-candles","Name/presentation research returned candidates (including ""Roman Candles | professional custom fireworks manufacturer |""), but no consulted product page establishes the Square code 821600000098, brand and exact variant together. The Dynamite name candidates remain unconfirmed.","Provide the exact Rockwall package photograph and readable manufacturer/UPC plus retail count; do not approve by name alone."
"C6GOME5OVCZJNCJAW7LZPB3A","612005006798","","25 Shot Saturn Missile","25 Shot Saturn Missile","Unknown","Unknown","Regular","Unknown","25 Shot","no_match","No sufficiently specific candidate identified in the two Dynamite catalog files.","Unknown","Manufacturer or UPC/model, exact package/variant and corresponding photo/video.","70","71","71","Items","71","identity_confirmation_needed","","Unknown","Unknown","","""612005006798"" fireworks | 25 Shot Saturn Missile  fireworks manufacturer","https://www.redapplefireworks.com/products/25-shot-saturn-missile | https://www.redrhinofireworks.com/wp-content/uploads/2025/01/RRFW-2025-catalog_WEB.pdf","Name/presentation research returned candidates (including ""25 Shot Saturn Missile""), but no consulted product page establishes the Square code 612005006798, brand and exact variant together. The Dynamite name candidates remain unconfirmed.","Provide the exact Rockwall package photograph and readable manufacturer/UPC plus retail count; do not approve by name alone."
"W6SWRAF35UJN34Q2XJAD7F7V","688397661891","","25 shot cake assortment","25 shot cake assortment","Unknown","Unknown","Regular","Unknown","25 shot","no_match","No sufficiently specific candidate identified in the two Dynamite catalog files.","Unknown","Manufacturer or UPC/model, exact package/variant and corresponding photo/video.","71","72","72","Items","72","identity_confirmation_needed","","Unknown","Unknown","","""688397661891"" fireworks | 25 shot cake assortment  fireworks manufacturer","https://mcfireworks.com/product-detail/500g-cake-joker-25-shots-500g-cake-assortment-mc582 | https://www.championfireworks.com/Cakes/25-shots-cake-fireworks-with-caps | https://en.mcfireworks.com/products_list/25-shot-cake-firework | https://www.purplestarfireworks.com/F2-cakes/psc172--25-shot-cake | https://en.mcfireworks.com/product-detail/-don-t-stop-believin--25-shots-200g-cake-mc218","Name/presentation research returned candidates (including ""Joker 25 shots 500G Cake assortment MC582 | McFireworks""), but no consulted product page establishes the Square code 688397661891, brand and exact variant together. The Dynamite name candidates remain unconfirmed.","Provide the exact Rockwall package photograph and readable manufacturer/UPC plus retail count; do not approve by name alone."
"KDP4F2VSPPZOAWWNZM2FQ3EY","825272730758","","3 Artillery Box Deal","3 Artillery Box Deal","Unknown","Unknown","Festival Balla","Festival Balla","Unknown","no_match","No sufficiently specific candidate identified in the two Dynamite catalog files.","Unknown","Manufacturer or UPC/model, exact package/variant and corresponding photo/video.","73","74","74","Items","74","no_verified_identity","","Unknown","Unknown","","""825272730758"" fireworks | 3 Artillery Box Deal Festival Balla fireworks manufacturer","","Code and name/presentation searches did not establish an exact product for Square ""3 Artillery Box Deal"" / ""Festival Balla"" (code 825272730758). No verified manufacturer/package image or exact model was found; generic/store identifiers cannot determine identity.","Provide the exact Rockwall package photograph and readable manufacturer/UPC plus retail count; do not approve by name alone."
"P3CCHOLOIHGZVDYAXTMIOVS2","821600018185","","3 Minute Fireworks Barrage","3 Minute Fireworks Barrage","Unknown","Unknown","Regular","Unknown","3 Minute","no_match","No sufficiently specific candidate identified in the two Dynamite catalog files.","Unknown","Manufacturer or UPC/model, exact package/variant and corresponding photo/video.","74","75","75","Items","75","identity_confirmation_needed","","Unknown","Unknown","","""821600018185"" fireworks | 3 Minute Fireworks Barrage  fireworks manufacturer","https://millerfireworks.com/product/3-minutes-barrage-74-shot-suns/","Name/presentation research returned candidates (including ""3 MINUTES BARRAGE 74 SHOT SUNS - MILLER FIREWORKS""), but no consulted product page establishes the Square code 821600018185, brand and exact variant together. The Dynamite name candidates remain unconfirmed.","Provide the exact Rockwall package photograph and readable manufacturer/UPC plus retail count; do not approve by name alone."
"O4WED6SQAOYEZX67SYZ7HGIO","700000014327","","300 Saturn Missile","300 Saturn Missile","Unknown","Unknown","Regular","Unknown","Unknown","no_match","No sufficiently specific candidate identified in the two Dynamite catalog files.","Unknown","Manufacturer or UPC/model, exact package/variant and corresponding photo/video.","76","77","77","Items","77","identity_confirmation_needed","","Unknown","Unknown","","""700000014327"" fireworks | 300 Saturn Missile  fireworks manufacturer","https://www.brotherspyrotechnics.com/CoverDetail/34 | https://skykingfireworks.com/product/saturn-missile-300-shots/ | https://www.redrhinofireworks.com/wp-content/uploads/2024/09/RRFW-2024-catalog_WEB-Copy.pdf | https://www.reddit.com/r/fireworks/comments/18n1jta","Name/presentation research returned candidates (including ""Cover Saturn Missile""), but no consulted product page establishes the Square code 700000014327, brand and exact variant together. The Dynamite name candidates remain unconfirmed.","Provide the exact Rockwall package photograph and readable manufacturer/UPC plus retail count; do not approve by name alone."
"3P62TB7PDFUGMV5XKWM4SPVM","849107066089","","36 "" Gold Sparklers","36 "" Gold Sparklers","Unknown","Unknown","Regular","Unknown","36 ""","no_match","No sufficiently specific candidate identified in the two Dynamite catalog files.","Unknown","Manufacturer or UPC/model, exact package/variant and corresponding photo/video.","77","78","78","Items","78","identity_confirmation_needed","","Unknown","Unknown","","""849107066089"" fireworks | 36 "" Gold Sparklers  fireworks manufacturer","https://www.championfireworks.com/application/36-inch-smokeless-sparklers | https://weddingdaysparklers.com/product/36-inch-wedding-sparklers/ | https://grandweddingexit.com/products/36-inch-wedding-sparklers | https://weddingsparklersusa.com/shop/36-inch-wedding-sparklers-48-pack/","Name/presentation research returned candidates (including ""36 inch smokeless sparklers Manufacturer & Supplier in China - Liuyang Champion Fireworks Manufacture Co.,Ltd.""), but no consulted product page establishes the Square code 849107066089, brand and exact variant together. The Dynamite name candidates remain unconfirmed.","Provide the exact Rockwall package photograph and readable manufacturer/UPC plus retail count; do not approve by name alone."
"IV3BJZUIFVT2PF6ZZBU334X3","821600003136","","36 Inch Wedding Sparklers","36 Inch Wedding Sparklers","Unknown","Unknown","Regular","Unknown","36 Inch","no_match","No sufficiently specific candidate identified in the two Dynamite catalog files.","Unknown","Manufacturer or UPC/model, exact package/variant and corresponding photo/video.","78","79","79","Items","79","identity_confirmation_needed","","Unknown","Unknown","","""821600003136"" fireworks | 36 Inch Wedding Sparklers  fireworks manufacturer","https://www.championfireworks.com/application/36-inch-smokeless-sparklers | https://weddingdaysparklers.com/product/36-inch-wedding-sparklers/ | https://grandweddingexit.com/products/36-inch-wedding-sparklers | https://weddingsparklersusa.com/shop/36-inch-wedding-sparklers-48-pack/ | https://weddingdaysparklers.com/","Name/presentation research returned candidates (including ""36 inch smokeless sparklers Manufacturer & Supplier in China - Liuyang Champion Fireworks Manufacture Co.,Ltd.""), but no consulted product page establishes the Square code 821600003136, brand and exact variant together. The Dynamite name candidates remain unconfirmed.","Provide the exact Rockwall package photograph and readable manufacturer/UPC plus retail count; do not approve by name alone."
"3BDVG5QR2QCQYDOZXHCWB2KF","705108900510","","36"" Gold Sparklers","36"" Gold Sparklers","Unknown","Unknown","Regular","Unknown","36""","no_match","No sufficiently specific candidate identified in the two Dynamite catalog files.","Unknown","Manufacturer or UPC/model, exact package/variant and corresponding photo/video.","79","80","80","Items","80","candidate_requires_package_review","","Unknown","Unknown","","""705108900510"" fireworks | 36"" Gold Sparklers  official fireworks manufacturer","https://georgiasbestfireworks.com/product/36-gold-sparklers/ | https://millerfireworks.com/product/36-morning-glory-miracle/","Code 705108900510 occurs in the retrieved product/source ""36"" Gold Sparklers"". Square records ""36"" Gold Sparklers"" / ""Regular""; this is a candidate, not a confirmed retail-package crosswalk. Inspected reference https://georgiasbestfireworks.com/wp-content/uploads/2026/05/SPark-36.png ([411, 1080]); its background is opaque and no faithful transparent exact-unit resource was approved.","Provide the exact Rockwall package photograph and readable manufacturer/UPC plus retail count; do not approve by name alone."
"KIIXD2PHKQRWSEL2DVRTHH3R","816597924441","","36"" Morning Glory","36"" Morning Glory","Unknown","Unknown","Regular","Unknown","36""","no_match","No sufficiently specific candidate identified in the two Dynamite catalog files.","Unknown","Manufacturer or UPC/model, exact package/variant and corresponding photo/video.","80","81","81","Items","81","candidate_requires_package_review","","Unknown","Unknown","","""816597924441"" fireworks | 36"" Morning Glory Sparklers -  official fireworks manufacturer","https://fireworkconnection.com/product/36-morning-glory-sparkler/ | https://pyromaniapyro.com/morning-glory-36/ | https://dosgringosfireworks.com/SP174-36-Morning-Glory-966-R-PC/ | https://76fireworkstore.com/SP174-36-Morning-Glory-966-R-PC | https://backyardheroesfireworks.com/product/36-inch-morning-glory/ | https://millerfireworks.com/product/36-morning-glory-miracle/","Code 816597924441 occurs in the retrieved product/source ""36"" Morning Glory Sparklers - "". Square records ""36"" Morning Glory"" / ""Regular""; this is a candidate, not a confirmed retail-package crosswalk. Inspected reference https://fireworkconnection.com/wp-content/uploads/2021/06/36__Morning_Glory.png ([103, 650]); a transparent file exists, but exact brand, package count or variant is not independently established; it was not published.","Provide the exact Rockwall package photograph and readable manufacturer/UPC plus retail count; do not approve by name alone."
"26PMZRVOBXZHMDNDBZNLSSG4","705108900336","","36"" Morning Glorys","36"" Morning Glorys","Unknown","Unknown","Regular","Unknown","36""","no_match","No sufficiently specific candidate identified in the two Dynamite catalog files.","Unknown","Manufacturer or UPC/model, exact package/variant and corresponding photo/video.","81","82","82","Items","82","no_verified_identity","","Unknown","Unknown","","""705108900336"" fireworks | 36"" Morning Glorys  fireworks manufacturer","","Code and name/presentation searches did not establish an exact product for Square ""36"" Morning Glorys"" / ""Regular"" (code 705108900336). No verified manufacturer/package image or exact model was found; generic/store identifiers cannot determine identity.","Provide the exact Rockwall package photograph and readable manufacturer/UPC plus retail count; do not approve by name alone."
"FSLILKVUEZUCBWTLHGZ7G3DC","813559000403","","36' Gold Sparklers","36' Gold Sparklers","Unknown","Unknown","Regular","Unknown","Unknown","no_match","No sufficiently specific candidate identified in the two Dynamite catalog files.","Unknown","Manufacturer or UPC/model, exact package/variant and corresponding photo/video.","82","83","83","Items","83","identity_confirmation_needed","","Unknown","Unknown","","""813559000403"" fireworks | 36' Gold Sparklers  fireworks manufacturer","https://www.tntfireworks.com/fireworks/cat/sparklers-handheld/3510-36-in-sparkler-gold | https://www.sfxfireworks.com/product/36-gold-sparklers | https://americanwholesalefireworks.com/36-gold-sparklers-dominator/","Name/presentation research returned candidates (including ""Fireworks | TNT Fireworks | 36 IN SPARKLER GOLD""), but no consulted product page establishes the Square code 813559000403, brand and exact variant together. The Dynamite name candidates remain unconfirmed.","Provide the exact Rockwall package photograph and readable manufacturer/UPC plus retail count; do not approve by name alone."
"FVAI2736O6VVNLFZFUR5OMO6","705108900503","","36' Gold Sparklers","36' Gold Sparklers","Unknown","Unknown","36 Inch Gold Sparklers","36 Inch Gold Sparklers","Unknown","no_match","No sufficiently specific candidate identified in the two Dynamite catalog files.","Unknown","Manufacturer or UPC/model, exact package/variant and corresponding photo/video.","83","84","84","Items","84","identity_confirmation_needed","","Unknown","Unknown","","""705108900503"" fireworks | 36' Gold Sparklers 36 Inch Gold Sparklers fireworks manufacturer","https://www.tntfireworks.com/fireworks/cat/sparklers-handheld/3510-36-in-sparkler-gold | https://www.sfxfireworks.com/product/36-gold-sparklers | https://americanwholesalefireworks.com/36-gold-sparklers-dominator/","Name/presentation research returned candidates (including ""Fireworks | TNT Fireworks | 36 IN SPARKLER GOLD""), but no consulted product page establishes the Square code 705108900503, brand and exact variant together. The Dynamite name candidates remain unconfirmed.","Provide the exact Rockwall package photograph and readable manufacturer/UPC plus retail count; do not approve by name alone."
"6XG66I5GX3TNWFSJGITBLXWB","8145270122723","","4 Assort Effect 10 Ball 12 Pack","4 Assort Effect 10 Ball 12 Pack","Unknown","Unknown","Regular","Unknown","12 Pack","no_match","No sufficiently specific candidate identified in the two Dynamite catalog files.","Unknown","Manufacturer or UPC/model, exact package/variant and corresponding photo/video.","84","85","85","Items","85","identity_confirmation_needed","","Unknown","Unknown","","""8145270122723"" fireworks","https://usa-fireworks.com/products/roman-candles/10-ball-roman-candle-assortment/","Name/presentation research returned candidates (including ""10 Ball Candle Assortment | Twelve Pack of 10 Shot Candles - USA Fireworks!""), but no consulted product page establishes the Square code 8145270122723, brand and exact variant together. The Dynamite name candidates remain unconfirmed.","Provide the exact Rockwall package photograph and readable manufacturer/UPC plus retail count; do not approve by name alone."
"UJB7SIMZIOZNZYMFLLYRB6ZH","8052530170717","","40"" Mammoth Day Parachute","40"" Mammoth Day Parachute","Unknown","Unknown","Regular","Unknown","40""","no_match","No sufficiently specific candidate identified in the two Dynamite catalog files.","Unknown","Manufacturer or UPC/model, exact package/variant and corresponding photo/video.","86","87","87","Items","87","candidate_requires_package_review","","Unknown","Unknown","","""8052530170717"" fireworks | 40"" Mammoth Parachute Boomer official fireworks manufacturer","https://staging.usa-fireworks.com/products/parachutes/40-mammoth-day-parachute/ | https://www.aahfireworks.com/mammoth-parachute-40-pack.html","Code 8052530170717 occurs in the retrieved product/source ""40"" Mammoth Parachute | 1 Shot Parachute | Day Time"". Square records ""40"" Mammoth Day Parachute"" / ""Regular""; this is a candidate, not a confirmed retail-package crosswalk. Inspected reference https://staging.usa-fireworks.com/wp-content/uploads/2024/11/original-7362.png ([478, 578]); its background is opaque and no faithful transparent exact-unit resource was approved.","Provide the exact Rockwall package photograph and readable manufacturer/UPC plus retail count; do not approve by name alone."
"6PNXNZLUJTEFB4LXCTIWWKE5","8145270113721","","4pc Assortments 9"" Fountain","4pc Assortments 9"" Fountain","Unknown","Fountains","Regular","Unknown","4pc | 9""","no_match","No sufficiently specific candidate identified in the two Dynamite catalog files.","Unknown","Manufacturer or UPC/model, exact package/variant and corresponding photo/video.","87","88","88","Items","88","no_verified_identity","","Unknown","Unknown","","""8145270113721"" fireworks | 4pc Assortments 9"" Fountain  fireworks manufacturer","https://www.shogunvulcan.com/product/sf90-shogun-assorted-9-fountain | https://americanwholesalefireworks.com/9-fountain-assortment/ | https://rkmfireworks.net/9-inch-floral-fountain-assortment-4-1/ | https://jabs-fireworks.com/product/9-assorted-fountain/ | https://www.reddit.com/r/fireworks/comments/1uc07qk/sams_club_fountain_assortments/","Code and name/presentation searches did not establish an exact product for Square ""4pc Assortments 9"" Fountain"" / ""Regular"" (code 8145270113721). No verified manufacturer/package image or exact model was found; generic/store identifiers cannot determine identity.","Provide the exact Rockwall package photograph and readable manufacturer/UPC plus retail count; do not approve by name alone."
"GYJNBMUQGW2TG3B67MHZX6RI","8052530170724","","4pk Parachute","4pk Parachute","Unknown","Unknown","Regular","Unknown","Unknown","no_match","No sufficiently specific candidate identified in the two Dynamite catalog files.","Unknown","Manufacturer or UPC/model, exact package/variant and corresponding photo/video.","88","89","89","Items","89","candidate_requires_package_review","","Unknown","Unknown","","""8052530170724"" fireworks | Mammoth Day Parachute 4pk Boomer Fireworks official fireworks manufacturer","https://ocfireworks.com/mammoth-day-parachute-4pk/ | https://www.aahfireworks.com/mammoth-parachute-40-pack.html","Code 8052530170724 occurs in the retrieved product/source ""Mammoth Day Parachute 4pk"". Square records ""4pk Parachute"" / ""Regular""; this is a candidate, not a confirmed retail-package crosswalk. Inspected reference https://cdn11.bigcommerce.com/s-m60h2m7qge/images/stencil/800x800/products/10667/7155/Boomer_Mammoth_Parachute__10175.1663864974.jpg?c=2 ([800, 800]); its background is opaque and no faithful transparent exact-unit resource was approved.","Provide the exact Rockwall package photograph and readable manufacturer/UPC plus retail count; do not approve by name alone."
"H5K3WTYZMTO4M7553I3M5UYE","705108002306","","4th Of July Backpack","4th Of July Backpack","Unknown","Family Pack Assortments","Regular","Unknown","Unknown","no_match","No sufficiently specific candidate identified in the two Dynamite catalog files.","Unknown","Manufacturer or UPC/model, exact package/variant and corresponding photo/video.","89","90","90","Items","90","candidate_requires_package_review","","Unknown","Unknown","","""705108002306"" fireworks","https://www.getwinda.com/product-page/4th-of-july-backpack | https://americanfireworks.com/4th-of-july-backpack/ | https://americanwholesalefireworks.com/4th-of-july-backpack/","Code 705108002306 occurs in the retrieved product/source ""4TH OF JULY BACKPACK"". Square records ""4th Of July Backpack"" / ""Regular""; this is a candidate, not a confirmed retail-package crosswalk. Inspected reference https://static.wixstatic.com/media/ecdf0c_9181277f06c14e7aa42edab7bab69982~mv2.jpg/v1/fit/w_500,h_500,q_90/file.jpg ([500, 500]); its background is opaque and no faithful transparent exact-unit resource was approved.","Provide the exact Rockwall package photograph and readable manufacturer/UPC plus retail count; do not approve by name alone."
"A5YBHLDEGL7OUC573GBEWPRD","705108300020","","4th of July Pack","4th of July Pack","Unknown","Unknown","Regular","Unknown","Unknown","no_match","No sufficiently specific candidate identified in the two Dynamite catalog files.","Unknown","Manufacturer or UPC/model, exact package/variant and corresponding photo/video.","90","91","91","Items","91","no_verified_identity","","Unknown","Unknown","","""705108300020"" fireworks | 4th of July Pack  fireworks manufacturer","https://en.wikipedia.org/wiki/Macy%27s_4th_of_July_Fireworks","Code and name/presentation searches did not establish an exact product for Square ""4th of July Pack"" / ""Regular"" (code 705108300020). No verified manufacturer/package image or exact model was found; generic/store identifiers cannot determine identity.","Provide the exact Rockwall package photograph and readable manufacturer/UPC plus retail count; do not approve by name alone."
"4TA643RIR37SKN2TGQC4TVAG","800000002000","800000002000","4x 3157/3156 High Power 7W Turn Signal Tail Brake Stop Car LED Bulbs (Amber/Yellow)","4x 3157/3156 High Power 7W Turn Signal Tail Brake Stop Car LED Bulbs (Amber/Yellow)","Unknown","Roman Candles","12/10 ball roman candle","12/10 ball roman candle","Unknown","conflict","Automotive LED-bulb item name conflicts with roman-candle variation and category; identity requires correction.","Unknown","Manufacturer or UPC/model, exact package/variant and corresponding photo/video.","92","93","93","Items","93","data_conflict","","Unknown","Unknown","","""800000002000"" fireworks | 4x 3157/3156 High Power 7W Turn Signal Tail Brake Stop Car LED Bulbs (Amber/Yellow) 12/10 ball roman candle fireworks manufacturer","https://www.reddit.com/r/Amazon__Deals_/comments/t764hj | https://www.reddit.com/r/Amazon__Deals_/comments/tnbz52 | https://www.superlumination.com/3157_3156.htm | https://www.reddit.com/r/Amazon__Deals_/comments/t4xwm0 | https://www.reddit.com/r/Amazon__Deals_/comments/tm4pi9","Square combines an automotive LED-bulb item name with a 12/10-ball Roman candle variation. The export does not establish which commercial item this row represents.","Provide the exact Rockwall package photograph and readable manufacturer/UPC plus retail count; do not approve by name alone."
"6LV6YJMXWXIGBPXYPBYYMKIK","6950165423661","","5 Inch Megabanger Professional Shells","5 Inch Megabanger Professional Shells","Unknown","Unknown","Regular","Unknown","5 Inch","no_match","No sufficiently specific candidate identified in the two Dynamite catalog files.","Unknown","Manufacturer or UPC/model, exact package/variant and corresponding photo/video.","93","94","94","Items","94","identity_confirmation_needed","","Unknown","Unknown","","""6950165423661"" fireworks | 5 Inch Megabanger Professional Shells  fireworks manufacturer","https://megabangerfireworks.com/product/professional-5-shell/ | https://millerfireworks.com/product/professional-5-shells-megabanger/ | https://www.dancing-fireworks.com/display-shell/mortar-fireworks-shell-professional-shows-5.html | https://www.broadfireworks.com/application/5-inch-ball-shells | https://www.pyrojunkiefireworks.com/product/5-professinal-shells/","Name/presentation research returned candidates (including ""Professional 5″ Shells – Megabanger Fireworks""), but no consulted product page establishes the Square code 6950165423661, brand and exact variant together. The Dynamite name candidates remain unconfirmed.","Provide the exact Rockwall package photograph and readable manufacturer/UPC plus retail count; do not approve by name alone."
"A6IN5BBRQ524DUHM5XIK22KD","887946004268","","6 3"" Parachutes","6 3"" Parachutes","Unknown","Unknown","Regular","Unknown","3""","no_match","No sufficiently specific candidate identified in the two Dynamite catalog files.","Unknown","Manufacturer or UPC/model, exact package/variant and corresponding photo/video.","94","95","95","Items","95","no_verified_identity","","Unknown","Unknown","","""887946004268"" fireworks | 6 3"" Parachutes  fireworks manufacturer","https://www.wisleypyrotechnics.com/s/3-6-25-14G-Products-List.pdf","Code and name/presentation searches did not establish an exact product for Square ""6 3"" Parachutes"" / ""Regular"" (code 887946004268). No verified manufacturer/package image or exact model was found; generic/store identifiers cannot determine identity.","Provide the exact Rockwall package photograph and readable manufacturer/UPC plus retail count; do not approve by name alone."
"ARNCHSF72M2PGKYULV37DMUW","","841527101241","6 pc Artillery Shells Assorted","6 pc Artillery Shells Assorted","Unknown","Unknown","Regular","Unknown","6 pc","no_match","No sufficiently specific candidate identified in the two Dynamite catalog files.","Unknown","Manufacturer or UPC/model, exact package/variant and corresponding photo/video.","95","96","96","Items","96","data_conflict","","Unknown","Unknown","","""841527101241"" fireworks | Dragon Artillery White Hot official fireworks manufacturer","https://usa-fireworks.com/products/artillery-shells/dragon-artillery-6-shots/","Exact-code retailer lists White Hot Dragon Artillery, while its photograph carries T-Sky branding. A six-shell name alone cannot resolve that contradiction.","Provide the exact Rockwall package photograph and readable manufacturer/UPC plus retail count; do not approve by name alone."
"DEGTDLAZWR5MFPTCN24C5MYW","811273010029","","6 pc Artillery Shells Assorted","6 pc Artillery Shells Assorted","Unknown","Unknown","Crackling","Crackling","6 pc","no_match","No sufficiently specific candidate identified in the two Dynamite catalog files.","Unknown","Manufacturer or UPC/model, exact package/variant and corresponding photo/video.","97","98","98","Items","98","no_verified_identity","","Unknown","Unknown","","""811273010029"" fireworks | 6 pc Artillery Shells Assorted Crackling fireworks manufacturer","https://www.sunwingfireworks.com/product/sw-w515b/ | https://fireworkstore.com/products/skull-crusher-crackling-artillery-shells | https://thefireworkssuperstore.com/shop/crackling-artillery-shell-w-tail","Code and name/presentation searches did not establish an exact product for Square ""6 pc Artillery Shells Assorted"" / ""Crackling"" (code 811273010029). No verified manufacturer/package image or exact model was found; generic/store identifiers cannot determine identity.","Provide the exact Rockwall package photograph and readable manufacturer/UPC plus retail count; do not approve by name alone."
"6LYJJH3ROCZPE5B25EYQFT2X","757201525176","","60 Infinity","60 Infinity","Unknown","Unknown","Regular","Unknown","Unknown","no_match","No sufficiently specific candidate identified in the two Dynamite catalog files.","Unknown","Manufacturer or UPC/model, exact package/variant and corresponding photo/video.","98","99","99","Items","99","data_conflict","","Unknown","Unknown","","""757201525176"" fireworks","https://whitenightsfireworks.com/product/608/ | https://dynamitefireworkswarehouse.com/products/608-608S-p604725672 | https://ocfireworks.com/608-roman-candle-cake/ | https://www.raccoonfireworksusa.com/product-page/608","Square says 60 Infinity, but the exact code points to Raccoon 608, a 608-shot item. Confirm the original package/name rather than silently replacing it.","Provide the exact Rockwall package photograph and readable manufacturer/UPC plus retail count; do not approve by name alone."
"G4RPL673CZVIZPHF3JQIYTAV","064883100769","","6ct Texas Size Rocket","6ct Texas Size Rocket","Unknown","Unknown","Regular","Unknown","6ct","no_match","No sufficiently specific candidate identified in the two Dynamite catalog files.","Unknown","Manufacturer or UPC/model, exact package/variant and corresponding photo/video.","99","100","100","Items","100","no_verified_identity","","Unknown","Unknown","","""064883100769"" fireworks | 6ct Texas Size Rocket  fireworks manufacturer","","Code and name/presentation searches did not establish an exact product for Square ""6ct Texas Size Rocket"" / ""Regular"" (code 064883100769). No verified manufacturer/package image or exact model was found; generic/store identifiers cannot determine identity.","Provide the exact Rockwall package photograph and readable manufacturer/UPC plus retail count; do not approve by name alone."
"WWS64AP47VXXTHHYX3D2E5Z2","","705108402311","6pc 10 ball roman candle","6pc 10 ball roman candle","Unknown","Unknown","Regular","Unknown","6pc","no_match","No sufficiently specific candidate identified in the two Dynamite catalog files.","Unknown","Manufacturer or UPC/model, exact package/variant and corresponding photo/video.","100","101","101","Items","101","identity_confirmation_needed","","Unknown","Unknown","","""705108402311"" fireworks | 6pc 10 ball roman candle  fireworks manufacturer","https://www.usfireworks.com/10-ball-roman-candle-6-pieces | https://www.michigancityfireworks.com/10-ball-roman-candle-6-pieces | https://elevatedfireworks.com/products/10-ball-roman-candle-6-pack | https://www.reddit.com/r/fireworks/comments/u5ympd","Name/presentation research returned candidates (including ""10-Ball Roman Candle 6 Piece Pack | Uncle Sam's Fireworks Hammond IN""), but no consulted product page establishes the Square code 705108402311, brand and exact variant together. The Dynamite name candidates remain unconfirmed.","Provide the exact Rockwall package photograph and readable manufacturer/UPC plus retail count; do not approve by name alone."
"IV465BAKK2EAWD5TK3S32FRX","805253414235","","6pc Artillery Shells: Huge Color Bursts","6pc Artillery Shells: Huge Color Bursts","Unknown","Unknown","Regular","Unknown","6pc","no_match","No sufficiently specific candidate identified in the two Dynamite catalog files.","Unknown","Manufacturer or UPC/model, exact package/variant and corresponding photo/video.","101","102","102","Items","102","candidate_requires_package_review","","Unknown","Unknown","","""805253414235"" fireworks | Huge Artillery Shells Boomer official fireworks manufacturer","https://usa-fireworks.com/products/artillery-shells/huge-artillery-shells/ | https://beta2024.usa-fireworks.com/products/artillery-shells/huge-artillery-shells/","Code 805253414235 occurs in the retrieved product/source ""Huge Artillery Shells | 6 Shots"". Square records ""6pc Artillery Shells: Huge Color Bursts"" / ""Regular""; this is a candidate, not a confirmed retail-package crosswalk. Inspected reference https://usa-fireworks.com/wp-content/uploads/2026/09/original-937.png ([392, 520]); its background is opaque and no faithful transparent exact-unit resource was approved.","Provide the exact Rockwall package photograph and readable manufacturer/UPC plus retail count; do not approve by name alone."
"67Q5FTM7ANPDPMG4XUHW74DF","703674274226","","7 Disposable Lighters","7 Disposable Lighters","Unknown","Unknown","Regular","Unknown","Unknown","no_match","No sufficiently specific candidate identified in the two Dynamite catalog files.","Unknown","Manufacturer or UPC/model, exact package/variant and corresponding photo/video.","102","103","103","Items","103","no_verified_identity","","Unknown","Unknown","","""703674274226"" fireworks | 7 Disposable Lighters  fireworks manufacturer","","Code and name/presentation searches did not establish an exact product for Square ""7 Disposable Lighters"" / ""Regular"" (code 703674274226). No verified manufacturer/package image or exact model was found; generic/store identifiers cannot determine identity.","Provide the exact Rockwall package photograph and readable manufacturer/UPC plus retail count; do not approve by name alone."
"PAYQMSSER3UY2TBKFB63PVI7","887946070027","","7"" Defender Missile","7"" Defender Missile","Unknown","Unknown","Regular","Unknown","7""","no_match","No sufficiently specific candidate identified in the two Dynamite catalog files.","Unknown","Manufacturer or UPC/model, exact package/variant and corresponding photo/video.","103","104","104","Items","104","no_verified_identity","","Unknown","Unknown","","""887946070027"" fireworks | 7"" Defender Missile  fireworks manufacturer","","Code and name/presentation searches did not establish an exact product for Square ""7"" Defender Missile"" / ""Regular"" (code 887946070027). No verified manufacturer/package image or exact model was found; generic/store identifiers cannot determine identity.","Provide the exact Rockwall package photograph and readable manufacturer/UPC plus retail count; do not approve by name alone."
"XPH7RXILMQOK6PZWGNZX3SL5","888011307505","","750s Saturn Missile Battery","750s Saturn Missile Battery","Unknown","Unknown","Regular","Unknown","Unknown","no_match","No sufficiently specific candidate identified in the two Dynamite catalog files.","Unknown","Manufacturer or UPC/model, exact package/variant and corresponding photo/video.","104","105","105","Items","105","identity_confirmation_needed","","Unknown","Unknown","","""888011307505"" fireworks | 750s Saturn Missile Battery  fireworks manufacturer","https://www.libertyfireworks.us/products/750-shot-saturn-missiles-compact-size | https://johnsdiscountfireworks.com/products/saturn-missile-battery-750s/ | https://www.spfireworks.com/products_detail_1/502.html | https://www.sfxfireworks.com/product/750-shot-color-saturn-missile-battery | https://elevatedfireworks.com/collections/missiles/products/750-shot-concentrated-saturn-missile-battery","Name/presentation research returned candidates (including ""SATURN MISSILE BATTERY 750S - Item # MM-K1130C750 – Liberty Fireworks""), but no consulted product page establishes the Square code 888011307505, brand and exact variant together. The Dynamite name candidates remain unconfirmed.","Provide the exact Rockwall package photograph and readable manufacturer/UPC plus retail count; do not approve by name alone."
"CJQNGWS3JU5HZJQ2XSK62B43","887946000499","","750s Saturn Missile Battery","750s Saturn Missile Battery","Unknown","Unknown","750 Shot","750 Shot","Unknown","no_match","No sufficiently specific candidate identified in the two Dynamite catalog files.","Unknown","Manufacturer or UPC/model, exact package/variant and corresponding photo/video.","105","106","106","Items","106","identity_confirmation_needed","","Unknown","Unknown","","""887946000499"" fireworks | 750s Saturn Missile Battery 750 Shot fireworks manufacturer","https://www.libertyfireworks.us/products/750-shot-saturn-missiles-compact-size | https://johnsdiscountfireworks.com/products/saturn-missile-battery-750s/ | https://www.spfireworks.com/products_detail_1/502.html | https://www.sfxfireworks.com/product/750-shot-color-saturn-missile-battery | https://elevatedfireworks.com/collections/missiles/products/750-shot-concentrated-saturn-missile-battery","Name/presentation research returned candidates (including ""SATURN MISSILE BATTERY 750S - Item # MM-K1130C750 – Liberty Fireworks""), but no consulted product page establishes the Square code 887946000499, brand and exact variant together. The Dynamite name candidates remain unconfirmed.","Provide the exact Rockwall package photograph and readable manufacturer/UPC plus retail count; do not approve by name alone."
"XDY67L6KGJ3UDL576VIBRNUO","821600005017","","8 Inch Missle","8 Inch Missle","Unknown","Unknown","Regular","Unknown","8 Inch","no_match","No sufficiently specific candidate identified in the two Dynamite catalog files.","Unknown","Manufacturer or UPC/model, exact package/variant and corresponding photo/video.","106","107","107","Items","107","no_verified_identity","","Unknown","Unknown","","""821600005017"" fireworks | 8 Inch Missle  fireworks manufacturer","","Code and name/presentation searches did not establish an exact product for Square ""8 Inch Missle"" / ""Regular"" (code 821600005017). No verified manufacturer/package image or exact model was found; generic/store identifiers cannot determine identity.","Provide the exact Rockwall package photograph and readable manufacturer/UPC plus retail count; do not approve by name alone."
"KVJM6GNGZVNLT2VHSMPTYOEQ","705108074006","","8"" color sparklers","8"" color sparklers","Unknown","Unknown","Regular","Unknown","8""","no_match","No sufficiently specific candidate identified in the two Dynamite catalog files.","Unknown","Manufacturer or UPC/model, exact package/variant and corresponding photo/video.","107","108","108","Items","108","identity_confirmation_needed","","Unknown","Unknown","","""705108074006"" fireworks | 8"" color sparklers  fireworks manufacturer","https://www.libertyfireworks.us/products/8-color-sparklers | https://www.myfloridacfo.com/docs-sf/state-fire-marshal-libraries/sfm-documents/bfp/approved-sparklers-list/2025-2026-approved-sparklers-list.pdf?sfvrsn=d2dc3bba_1","Name/presentation research returned candidates (including ""8"" COLOR SPARKLERS - Item # P-0740 – Liberty Fireworks""), but no consulted product page establishes the Square code 705108074006, brand and exact variant together. The Dynamite name candidates remain unconfirmed.","Provide the exact Rockwall package photograph and readable manufacturer/UPC plus retail count; do not approve by name alone."
"H5ODOFIVBLH5KHPX3NEZ6ROR","821600001132","","8000 Thunder Bomb Cracker","8000 Thunder Bomb Cracker","Unknown","Unknown","Regular","Unknown","Unknown","no_match","No sufficiently specific candidate identified in the two Dynamite catalog files.","Unknown","Manufacturer or UPC/model, exact package/variant and corresponding photo/video.","108","109","109","Items","109","no_verified_identity","","Unknown","Unknown","","""821600001132"" fireworks | 8000 Thunder Bomb Cracker  fireworks manufacturer","https://www.mcfireworks.com/product-detail/8000s-thunder-bomb-firecrackers-mc1211 | https://www.reddit.com/r/fireworks/comments/gng89q | https://www.reddit.com/r/fireworks/comments/1b7lhvw","Code and name/presentation searches did not establish an exact product for Square ""8000 Thunder Bomb Cracker"" / ""Regular"" (code 821600001132). No verified manufacturer/package image or exact model was found; generic/store identifiers cannot determine identity.","Provide the exact Rockwall package photograph and readable manufacturer/UPC plus retail count; do not approve by name alone."
"BXB6IDEAWPODTC7JWB3OGSL2","821600025213","","96 Shot Color Pearl","96 Shot Color Pearl","Unknown","Unknown","Regular","Unknown","96 Shot","no_match","No sufficiently specific candidate identified in the two Dynamite catalog files.","Unknown","Manufacturer or UPC/model, exact package/variant and corresponding photo/video.","109","110","110","Items","110","identity_confirmation_needed","","Unknown","Unknown","","""821600025213"" fireworks | 96 Shot Color Pearl  fireworks manufacturer","https://www.tntfireworks.com/fireworks/cat/multi-aerials/2614-color-pearl-flower-96-shot | https://skykingfireworks.com/product/96-shot-color-pearl/ | https://www.redrhinofireworks.com/firework/color-pearl-96-shot/ | https://supershowfireworks.com/products/96-shots-color-pearl-by-hf | https://ocfireworks.com/96-shot-color-pearl/","Name/presentation research returned candidates (including ""Fireworks | TNT Fireworks | COLOR PEARL FLOWER 96 SHOT""), but no consulted product page establishes the Square code 821600025213, brand and exact variant together. The Dynamite name candidates remain unconfirmed.","Provide the exact Rockwall package photograph and readable manufacturer/UPC plus retail count; do not approve by name alone."
"PI4EHRNLTIX3BTAGFZUATH7S","674662533833","","A Legacy Of Liberty 250 Years 500g","A Legacy Of Liberty 250 Years 500g","Unknown","Unknown","Regular","Unknown","500g","no_match","No sufficiently specific candidate identified in the two Dynamite catalog files.","Unknown","Manufacturer or UPC/model, exact package/variant and corresponding photo/video.","110","111","111","Items","111","no_verified_identity","","Unknown","Unknown","","""674662533833"" fireworks | A Legacy Of Liberty 250 Years 500g  fireworks manufacturer","https://www.reddit.com/r/fireworks/comments/1vtrf6d/250_years_of_merica/","Code and name/presentation searches did not establish an exact product for Square ""A Legacy Of Liberty 250 Years 500g"" / ""Regular"" (code 674662533833). No verified manufacturer/package image or exact model was found; generic/store identifiers cannot determine identity.","Provide the exact Rockwall package photograph and readable manufacturer/UPC plus retail count; do not approve by name alone."
"YFAWGJZFEI4UUOC7GCETC7FX","872421130013","","A Million Missles","A Million Missles","Unknown","Unknown","Regular","Unknown","Unknown","no_match","No sufficiently specific candidate identified in the two Dynamite catalog files.","Unknown","Manufacturer or UPC/model, exact package/variant and corresponding photo/video.","111","112","112","Items","112","no_verified_identity","","Unknown","Unknown","","""872421130013"" fireworks | A Million Missles  fireworks manufacturer","","Code and name/presentation searches did not establish an exact product for Square ""A Million Missles"" / ""Regular"" (code 872421130013). No verified manufacturer/package image or exact model was found; generic/store identifiers cannot determine identity.","Provide the exact Rockwall package photograph and readable manufacturer/UPC plus retail count; do not approve by name alone."
"VP5CG67K35FAOWJPZ7IWO4KN","197031322116","","AK-47 FOUNTAIN","AK-47 FOUNTAIN","Unknown","Fountains","Regular","Unknown","Unknown","no_match","No sufficiently specific candidate identified in the two Dynamite catalog files.","Unknown","Manufacturer or UPC/model, exact package/variant and corresponding photo/video.","112","113","113","Items","113","candidate_requires_package_review","","Unknown","Unknown","","""197031322116"" fireworks | AK-47 FOUNTAIN  fireworks manufacturer | AK-47 Ground Novelty Sky Painter Fireworks official fireworks manufacturer","https://elevatedfireworks.com/products/ak-47-ground-novelty | https://millerfireworks.com/product/ak-47-miracle-2/ | https://santanfireworks.com/product/ak-47-miracle-fireworks-m325/ | https://elevatedfireworks.com/collections/vendors?q=Sky+Painter+Fireworks | https://en.wikipedia.org/wiki/AK-47","Code 197031322116 occurs in the retrieved product/source ""AK-47 Ground Novelty"". Square records ""AK-47 FOUNTAIN"" / ""Regular""; this is a candidate, not a confirmed retail-package crosswalk. Inspected reference https://elevatedfireworks.com/cdn/shop/files/image_660e4756-be1a-4d67-b689-e2ef04d272f1.png?v=1761775078&width=1920 ([300, 109]); a transparent file exists, but exact brand, package count or variant is not independently established; it was not published.","Provide the exact Rockwall package photograph and readable manufacturer/UPC plus retail count; do not approve by name alone."
"4CG65TCNMRJDOS6ZNDPNVF2L","875330032508","","AK-47 Fountain","AK-47 Fountain","Unknown","Fountains","Regular","Unknown","Unknown","no_match","No sufficiently specific candidate identified in the two Dynamite catalog files.","Unknown","Manufacturer or UPC/model, exact package/variant and corresponding photo/video.","113","114","114","Items","114","candidate_requires_package_review","","Unknown","Unknown","","""875330032508"" fireworks | AK-47 Fountain M325 Miracle Fireworks official fireworks manufacturer","https://americanwholesalefireworks.com/ak-47-miracle// | https://millerfireworks.com/product/ak-47-miracle-2/ | https://santanfireworks.com/product/ak-47-miracle-fireworks-m325/","Code 875330032508 occurs in the retrieved product/source ""AK-47 - Fountain"". Square records ""AK-47 Fountain"" / ""Regular""; this is a candidate, not a confirmed retail-package crosswalk. Inspected reference https://cdn11.bigcommerce.com/s-2n33n5vm38/images/stencil/500x500/products/3385/8888/Add_a_little_bit_of_body_text_-_2024-07-23T164057.884__99184.1721767267.png?c=2 ([500, 500]); its background is opaque and no faithful transparent exact-unit resource was approved.","Provide the exact Rockwall package photograph and readable manufacturer/UPC plus retail count; do not approve by name alone."
"GPZVXC3S5TOL4YDFTGF2GZYP","849107002148","","Adult Snaps Bogo","Adult Snaps","Unknown","Unknown","Regular","Unknown","Unknown","no_match","No sufficiently specific candidate identified in the two Dynamite catalog files.","Unknown","Manufacturer or UPC/model, exact package/variant and corresponding photo/video.","117","118","118","Items","118","identity_confirmation_needed","","Unknown","Unknown","","""849107002148"" fireworks | Adult Snaps  fireworks manufacturer","https://simpsonfireworks.com/SN115A-Bacon-Snaps-Adult-Snaps-R-PC/ | https://www.pyrocreations.com/adult-mandarin-snaps.html | https://www.kellfire.com/fireworks-for-all/novelties/fiesta-adult-snappers-2420s | https://www.reddit.com/r/legaladvice/comments/1dngbbn | https://mcfireworks.com/en/products_list/adult-snap-gun","Name/presentation research returned candidates (including ""Bacon Snaps (Adult Snaps) - Simpson Fireworks""), but no consulted product page establishes the Square code 849107002148, brand and exact variant together. The Dynamite name candidates remain unconfirmed.","Provide the exact Rockwall package photograph and readable manufacturer/UPC plus retail count; do not approve by name alone."
"YJIFUP2KPQJDBACJJP43G5SD","680149054289","","Aerojet (4 sticks)","Aerojet (4 sticks)","Unknown","Stick Rockets","Regular","Unknown","4 sticks","no_match","No sufficiently specific candidate identified in the two Dynamite catalog files.","Unknown","Manufacturer or UPC/model, exact package/variant and corresponding photo/video.","118","119","119","Items","119","no_verified_identity","","Unknown","Unknown","","""680149054289"" fireworks | Aerojet (4 sticks)  fireworks manufacturer","","Code and name/presentation searches did not establish an exact product for Square ""Aerojet (4 sticks)"" / ""Regular"" (code 680149054289). No verified manufacturer/package image or exact model was found; generic/store identifiers cannot determine identity.","Provide the exact Rockwall package photograph and readable manufacturer/UPC plus retail count; do not approve by name alone."
"4334FNRTII6SMFRXQN7MAUHA","687985102822","","Air Force One Rocket (5 sticks)","Air Force One Rocket (5 sticks)","Unknown","Stick Rockets","Regular","Unknown","5 sticks","no_match","No sufficiently specific candidate identified in the two Dynamite catalog files.","Unknown","Manufacturer or UPC/model, exact package/variant and corresponding photo/video.","120","121","121","Items","121","candidate_requires_package_review","","Unknown","Unknown","","""687985102822"" fireworks | Air Force One Rocket (5 sticks) BP1028 Brothers Pyrotechnics official fireworks manufacturer","https://americanwholesalefireworks.com/air-force-one// | https://www.brotherspyrotechnics.com/ProductDetails/968","Code 687985102822 occurs in the retrieved product/source ""Air Force One Rocket - Rocket"". Square records ""Air Force One Rocket (5 sticks)"" / ""Regular""; this is a candidate, not a confirmed retail-package crosswalk. Inspected reference https://cdn11.bigcommerce.com/s-2n33n5vm38/images/stencil/500x500/products/2919/9381/Add_a_little_bit_of_body_text_-_2024-07-26T085114.778__10382.1721998313.png?c=2 ([500, 500]); its background is opaque and no faithful transparent exact-unit resource was approved.","Provide the exact Rockwall package photograph and readable manufacturer/UPC plus retail count; do not approve by name alone."
"ASHLE2YBKFSZNM63ILNCUD23","202013250018","","Air Power 5"" Artillery Shells 24 pack","Air Power 5"" Artillery Shells 24 pack","Unknown","24 Pack Canister Artillery Shells 5 INCH","Regular","Unknown","5"" | 24 pack","no_match","No sufficiently specific candidate identified in the two Dynamite catalog files.","Unknown","Manufacturer or UPC/model, exact package/variant and corresponding photo/video.","121","122","122","Items","122","candidate_requires_package_review","","Unknown","Unknown","","""202013250018"" fireworks | Air Power 5"" Artillery Shells 24 pack JLC5001 Happy Family Fireworks official fireworks manufacturer","https://americanwholesalefireworks.com/air-power/ | https://elevatedfireworks.com/products/air-power-24-shot-5-in-canister-shells | https://elevatedfireworks.com/es/products/air-power-24-shot-5-in-canister-shells","Code 202013250018 occurs in the retrieved product/source ""Air Power - Reloadable Shell Kit"". Square records ""Air Power 5"" Artillery Shells 24 pack"" / ""Regular""; this is a candidate, not a confirmed retail-package crosswalk. Inspected reference https://cdn11.bigcommerce.com/s-2n33n5vm38/images/stencil/500x500/products/4198/10410/Air_Power_-_Happy_Family__44944.1723834252.png?c=2 ([500, 500]); its background is opaque and no faithful transparent exact-unit resource was approved.","Provide the exact Rockwall package photograph and readable manufacturer/UPC plus retail count; do not approve by name alone."
"M5WL2GWBEX24UFCMOYR2IV5P","052301913206","","Alien Attack 500 Gram","Alien Attack 500 Gram","Unknown","500 GRAM FINALE","Regular","Unknown","500 Gram","no_match","No sufficiently specific candidate identified in the two Dynamite catalog files.","Unknown","Manufacturer or UPC/model, exact package/variant and corresponding photo/video.","122","123","123","Items","123","identity_confirmation_needed","","Unknown","Unknown","","""052301913206"" fireworks | Alien Attack 500 Gram  fireworks manufacturer","https://americanwholesalefireworks.com/alien-attack/ | https://elevatedfireworks.com/products/alien-attack-25-shot-xl-aerial-cake | https://bubbasfireworks.com/product/alien-attack/","Name/presentation research returned candidates (including ""Alien Attack - 500 Gram Cake""), but no consulted product page establishes the Square code 052301913206, brand and exact variant together. The Dynamite name candidates remain unconfirmed.","Provide the exact Rockwall package photograph and readable manufacturer/UPC plus retail count; do not approve by name alone."
"WCIPTN2Z22OBJCOSXXECSVFO","6011401913206","","Alien Attack 500 Gram","Alien Attack 500 Gram","Unknown","500 GRAM FINALE","Regular","Unknown","500 Gram","no_match","No sufficiently specific candidate identified in the two Dynamite catalog files.","Unknown","Manufacturer or UPC/model, exact package/variant and corresponding photo/video.","123","124","124","Items","124","identity_confirmation_needed","","Unknown","Unknown","","""6011401913206"" fireworks | Alien Attack 500 Gram  fireworks manufacturer","https://americanwholesalefireworks.com/alien-attack/ | https://elevatedfireworks.com/products/alien-attack-25-shot-xl-aerial-cake | https://bubbasfireworks.com/product/alien-attack/","Name/presentation research returned candidates (including ""Alien Attack - 500 Gram Cake""), but no consulted product page establishes the Square code 6011401913206, brand and exact variant together. The Dynamite name candidates remain unconfirmed.","Provide the exact Rockwall package photograph and readable manufacturer/UPC plus retail count; do not approve by name alone."
"V6MU7TUWULGKPYU6OK3YD6HQ","816597943671","","Alien Invasion 6"" Artillery Shells 24 Pack","Alien Invasion 6"" Artillery Shells 24 Pack","Unknown","24 Pack Artillery Shells 6""","Regular","Unknown","6"" | 24 Pack","no_match","No sufficiently specific candidate identified in the two Dynamite catalog files.","Unknown","Manufacturer or UPC/model, exact package/variant and corresponding photo/video.","124","125","125","Items","125","identity_confirmation_needed","","Unknown","Unknown","","""816597943671"" fireworks","https://blackkatpyro.com/RL338-Alien-Invasion-R-PC/","Name/presentation research returned candidates (including ""Alien Invasion - 6 Canister - Black Kat Pyro""), but no consulted product page establishes the Square code 816597943671, brand and exact variant together. The Dynamite name candidates remain unconfirmed.","Provide the exact Rockwall package photograph and readable manufacturer/UPC plus retail count; do not approve by name alone."
"XYXKR3DJY6RHOJASSPK5TYT5","8052530043813","","All Star Pack","All Star Pack","Unknown","Unknown","Regular","Unknown","Unknown","no_match","No sufficiently specific candidate identified in the two Dynamite catalog files.","Unknown","Manufacturer or UPC/model, exact package/variant and corresponding photo/video.","125","126","126","Items","126","identity_confirmation_needed","","Unknown","Unknown","","""8052530043813"" fireworks | All Star Pack  fireworks manufacturer","https://www.bem.ca/en/boutique/consumer-fireworks/assorted-fireworks-all-star-kit/ | https://millerfireworks.com/product/alien-visits-15-shot-shiny-star-2/ | https://en.wikipedia.org/wiki/Star_Fireworks | https://www.reddit.com/r/fireworks/comments/hgy8yq","Name/presentation research returned candidates (including ""All Star Kit* - Fireworks Assortment - BEM Fireworks""), but no consulted product page establishes the Square code 8052530043813, brand and exact variant together. The Dynamite name candidates remain unconfirmed.","Provide the exact Rockwall package photograph and readable manufacturer/UPC plus retail count; do not approve by name alone."
"XDBTTK6XNQUZN7Y5OLEMK7P4","514677961026","","Always Remember","Always Remember","Unknown","Unknown","Regular","Unknown","Unknown","no_match","No sufficiently specific candidate identified in the two Dynamite catalog files.","Unknown","Manufacturer or UPC/model, exact package/variant and corresponding photo/video.","126","127","127","Items","127","no_verified_identity","","Unknown","Unknown","","""514677961026"" fireworks | Always Remember  fireworks manufacturer","","Code and name/presentation searches did not establish an exact product for Square ""Always Remember"" / ""Regular"" (code 514677961026). No verified manufacturer/package image or exact model was found; generic/store identifiers cannot determine identity.","Provide the exact Rockwall package photograph and readable manufacturer/UPC plus retail count; do not approve by name alone."
"OV5PX3WTPYLU7UAQX5H6BZWS","800000125037","","America Forever","America Forever","Unknown","Unknown","Regular","Unknown","Unknown","no_match","No sufficiently specific candidate identified in the two Dynamite catalog files.","Unknown","Manufacturer or UPC/model, exact package/variant and corresponding photo/video.","129","130","130","Items","130","candidate_requires_package_review","","Unknown","Unknown","","""800000125037"" fireworks | America Forever -  official fireworks manufacturer","https://fireworkconnection.com/product/america-forever/ | https://pjfwholesale.com/products/america-forever","Code 800000125037 occurs in the retrieved product/source ""America Forever - "". Square records ""America Forever"" / ""Regular""; this is a candidate, not a confirmed retail-package crosswalk. Inspected reference https://fireworkconnection.com/wp-content/uploads/2021/06/america-forever.jpg ([500, 500]); its background is opaque and no faithful transparent exact-unit resource was approved.","Provide the exact Rockwall package photograph and readable manufacturer/UPC plus retail count; do not approve by name alone."
"MUGZGXIY22XE4VAAZZ7DVGMW","757202118070","","American Celebration Fountain","American Celebration Fountain","Unknown","Fountains","Regular","Unknown","Unknown","no_match","No sufficiently specific candidate identified in the two Dynamite catalog files.","Unknown","Manufacturer or UPC/model, exact package/variant and corresponding photo/video.","131","132","132","Items","132","identity_confirmation_needed","","Unknown","Unknown","","""757202118070"" fireworks | American Celebration Fountain  fireworks manufacturer","https://showalterfireworks.com/shop/shop/ground-effects/fountains/american-celebration/ | https://www.sfxfireworks.com/product/all-american-celebration","Name/presentation research returned candidates (including ""American Celebration - Showalter Fireworks""), but no consulted product page establishes the Square code 757202118070, brand and exact variant together. The Dynamite name candidates remain unconfirmed.","Provide the exact Rockwall package photograph and readable manufacturer/UPC plus retail count; do not approve by name alone."
"F4VHERHXUEKP2V34SZ4UB66R","715244965298","","American Freedom Train ","American Freedom Train","Unknown","Unknown","Regular","Unknown","Unknown","no_match","No sufficiently specific candidate identified in the two Dynamite catalog files.","Unknown","Manufacturer or UPC/model, exact package/variant and corresponding photo/video.","132","133","133","Items","133","identity_confirmation_needed","","Unknown","Unknown","","""715244965298"" fireworks | American Freedom Train  fireworks manufacturer","https://www.freedomtrain.org/american-freedom-train-timeline-printable.htm | https://www.freedomtrain.org/american-freedom-train-m-3rd-rail-o-gauge-aft.htm | https://freedomtrain.org/american-freedom-train-m-lowell-smith-signature-series-n-scale-lineup.htm | https://www.scbfireworks.com/product/american-freedom-train/ | https://aft250.com/","Name/presentation research returned candidates (including ""The 1975 - 1976 American Freedom Train""), but no consulted product page establishes the Square code 715244965298, brand and exact variant together. The Dynamite name candidates remain unconfirmed.","Provide the exact Rockwall package photograph and readable manufacturer/UPC plus retail count; do not approve by name alone."
"LXNCB5NMJNLAI6CU2C6JBNAC","","841527105072","American Spirit Show","American Spirit Show","Unknown","Unknown","Regular","Unknown","Unknown","no_match","No sufficiently specific candidate identified in the two Dynamite catalog files.","Unknown","Manufacturer or UPC/model, exact package/variant and corresponding photo/video.","134","135","135","Items","135","identity_confirmation_needed","","Unknown","Unknown","","""841527105072"" fireworks | American Spirit Show  fireworks manufacturer","https://cuttingedgefireworks.com/fire-product/american-spirit/ | https://www.t-skyfireworks.com/products/american-spirit-show/","Name/presentation research returned candidates (including ""AMERICAN SPIRIT – Cutting Edge Fireworks""), but no consulted product page establishes the Square code 841527105072, brand and exact variant together. The Dynamite name candidates remain unconfirmed.","Provide the exact Rockwall package photograph and readable manufacturer/UPC plus retail count; do not approve by name alone."
"LDTQWSGU6QA5LY4GLQ53WWQY","757205301271","","Americana 500 Gram","Americana 500 Gram","Unknown","500 GRAM FINALE","Regular","Unknown","500 Gram","no_match","No sufficiently specific candidate identified in the two Dynamite catalog files.","Unknown","Manufacturer or UPC/model, exact package/variant and corresponding photo/video.","136","137","137","Items","137","identity_confirmation_needed","","Unknown","Unknown","","""757205301271"" fireworks | Americana 500 Gram  fireworks manufacturer","https://fireworks.us/americana-p/GM103.htm | https://www.schneitterfireworks.com/500-gram-cakes | https://snapfireworks.com/america-story-36-shot-500-gram-muti-shot-aerial-by-suns-fireworks.html | https://www.reddit.com/r/fireworks/comments/vmit14","Name/presentation research returned candidates (including ""Buy Americana 500-gram Fireworks Cakes Wholesale: 4 Cakes""), but no consulted product page establishes the Square code 757205301271, brand and exact variant together. The Dynamite name candidates remain unconfirmed.","Provide the exact Rockwall package photograph and readable manufacturer/UPC plus retail count; do not approve by name alone."
"P4ESCHPHWPNNEQAO7CBR4SHE","805253310254","","Armed Forces 2.0","Armed Forces 2.0","Unknown","Unknown","Regular","Unknown","Unknown","conflict","Armed Forces generation/pack differs or is unspecified; source metadata says Raccoon but photographed branding says World Class. Do not conflate 2.0–6.0 or a three-pack.","products.json[13] Armed forces / Raccoon / /products/armed-forces.png","Manufacturer or UPC/model, exact package/variant and corresponding photo/video.","140","141","141","Items","141","data_conflict","","Unknown","Unknown","","""805253310254"" fireworks | Armed Forces 2.0  fireworks manufacturer","https://patriotfireworks.com/product/armed-forces-3/ | https://www.saflii.org/za/cases/ZAECMKHC/2025/103.pdf","Armed Forces 2.0 has a distinct World-Class code. The generic Dynamite/Raccoon candidate is not this generation.","Provide the exact Rockwall package photograph and readable manufacturer/UPC plus retail count; do not approve by name alone."
"MZZ52RLGSBVYWVGTZBM3WP3A","805253310216","","Armed Forces 3.0","Armed Forces 3.0","Unknown","Unknown","Regular","Unknown","Unknown","conflict","Armed Forces generation/pack differs or is unspecified; source metadata says Raccoon but photographed branding says World Class. Do not conflate 2.0–6.0 or a three-pack.","products.json[13] Armed forces / Raccoon / /products/armed-forces.png","Manufacturer or UPC/model, exact package/variant and corresponding photo/video.","141","142","142","Items","142","data_conflict","","Unknown","Unknown","","""805253310216"" fireworks | Armed Forces 3.0  fireworks manufacturer","https://patriotfireworks.com/product/armed-forces-3/","Armed Forces 3.0 has a distinct World-Class code. The generic Dynamite/Raccoon candidate is not this generation.","Provide the exact Rockwall package photograph and readable manufacturer/UPC plus retail count; do not approve by name alone."
"VW3Z4UDV6D74A3TIQ7L7S2PY","805253310261","","Armed Forces 4.0","Armed Forces 4.0","Unknown","Unknown","Regular","Unknown","Unknown","conflict","Armed Forces generation/pack differs or is unspecified; source metadata says Raccoon but photographed branding says World Class. Do not conflate 2.0–6.0 or a three-pack.","products.json[13] Armed forces / Raccoon / /products/armed-forces.png","Manufacturer or UPC/model, exact package/variant and corresponding photo/video.","142","143","143","Items","143","data_conflict","","Unknown","Unknown","","""805253310261"" fireworks | Armed Forces 4.0  fireworks manufacturer","https://patriotfireworks.com/product/armed-forces-3/","Armed Forces 4.0 has a distinct World-Class code. The generic Dynamite/Raccoon candidate is not this generation.","Provide the exact Rockwall package photograph and readable manufacturer/UPC plus retail count; do not approve by name alone."
"4XFR7CLMTWG34WHO72ZRFLRW","805253310230","","Armed Forces 5.0","Armed Forces 5.0","Unknown","Unknown","Regular","Unknown","Unknown","conflict","Armed Forces generation/pack differs or is unspecified; source metadata says Raccoon but photographed branding says World Class. Do not conflate 2.0–6.0 or a three-pack.","products.json[13] Armed forces / Raccoon / /products/armed-forces.png","Manufacturer or UPC/model, exact package/variant and corresponding photo/video.","143","144","144","Items","144","data_conflict","","Unknown","Unknown","","""805253310230"" fireworks | Armed Forces 5.0  fireworks manufacturer","https://www.rheinmetall.com/en/company/subsidiaries/american-rheinmetall-munitions","Armed Forces 5.0 has a distinct World-Class code. The generic Dynamite/Raccoon candidate is not this generation.","Provide the exact Rockwall package photograph and readable manufacturer/UPC plus retail count; do not approve by name alone."
"SMSO6AXTYFGVVTIJOT2FOHFG","805253310223","","Armed Forces 500 G","Armed Forces 500 G","Unknown","Unknown","Regular","Unknown","500 G","conflict","Armed Forces generation/pack differs or is unspecified; source metadata says Raccoon but photographed branding says World Class. Do not conflate 2.0–6.0 or a three-pack.","products.json[13] Armed forces / Raccoon / /products/armed-forces.png","Manufacturer or UPC/model, exact package/variant and corresponding photo/video.","144","145","145","Items","145","no_verified_identity","","Unknown","Unknown","","""805253310223"" fireworks | Armed Forces 500 G  fireworks manufacturer","https://www.rheinmetall.com/en/company/subsidiaries/american-rheinmetall-munitions","Code and name/presentation searches did not establish an exact product for Square ""Armed Forces 500 G"" / ""Regular"" (code 805253310223). No verified manufacturer/package image or exact model was found; generic/store identifiers cannot determine identity.","Provide the exact Rockwall package photograph and readable manufacturer/UPC plus retail count; do not approve by name alone."
"TLWMARRYOFXJBZJWZIHCNGBA","805253310247","","Armed Forces 6.0","Armed Forces 6.0","Unknown","Unknown","Regular","Unknown","Unknown","conflict","Armed Forces generation/pack differs or is unspecified; source metadata says Raccoon but photographed branding says World Class. Do not conflate 2.0–6.0 or a three-pack.","products.json[13] Armed forces / Raccoon / /products/armed-forces.png","Manufacturer or UPC/model, exact package/variant and corresponding photo/video.","145","146","146","Items","146","data_conflict","","Unknown","Unknown","","""805253310247"" fireworks | Armed Forces 6.0  fireworks manufacturer","https://www.rheinmetall.com/en/company/subsidiaries/american-rheinmetall-munitions","Armed Forces 6.0 has a distinct World-Class code. The generic Dynamite/Raccoon candidate is not this generation.","Provide the exact Rockwall package photograph and readable manufacturer/UPC plus retail count; do not approve by name alone."
"5XZWDB3GDSY4KFRZGEOLUX2U","695071404002","","Army Issue Grenades","Army Issue Grenades","Unknown","Unknown","Regular","Unknown","Unknown","no_match","No sufficiently specific candidate identified in the two Dynamite catalog files.","Unknown","Manufacturer or UPC/model, exact package/variant and corresponding photo/video.","147","148","148","Items","148","identity_confirmation_needed","","Unknown","Unknown","","""695071404002"" fireworks | Army Issue Grenades  fireworks manufacturer","https://www.sunwingfireworks.com/product/sw-g2046 | https://www.ntsa.org/news-and-archives/2026/4/15/company-lands-army-contract-for-first-simulated-grenades","Name/presentation research returned candidates (including ""ARMY ISSUE""), but no consulted product page establishes the Square code 695071404002, brand and exact variant together. The Dynamite name candidates remain unconfirmed.","Provide the exact Rockwall package photograph and readable manufacturer/UPC plus retail count; do not approve by name alone."
"T625WGBZWWYVCCKWJQXTUQAZ","943100700022","","Artificial Satellite 12 Ct","Artificial Satellite 12 Ct","Unknown","Unknown","Regular","Unknown","12 Ct","no_match","No sufficiently specific candidate identified in the two Dynamite catalog files.","Unknown","Manufacturer or UPC/model, exact package/variant and corresponding photo/video.","148","149","149","Items","149","no_verified_identity","","Unknown","Unknown","","""943100700022"" fireworks | Artificial Satellite 12 Ct  fireworks manufacturer","","Code and name/presentation searches did not establish an exact product for Square ""Artificial Satellite 12 Ct"" / ""Regular"" (code 943100700022). No verified manufacturer/package image or exact model was found; generic/store identifiers cannot determine identity.","Provide the exact Rockwall package photograph and readable manufacturer/UPC plus retail count; do not approve by name alone."
"TTQLPUHZV4KBK3ZBZYTFFCOS","705108204281","","Artificial Satellites Bogo","Artificial Satellites","Unknown","Unknown","Regular","Unknown","Unknown","no_match","No sufficiently specific candidate identified in the two Dynamite catalog files.","Unknown","Manufacturer or UPC/model, exact package/variant and corresponding photo/video.","149","150","150","Items","150","no_verified_identity","","Unknown","Unknown","","""705108204281"" fireworks | Artificial Satellites  fireworks manufacturer","","Code and name/presentation searches did not establish an exact product for Square ""Artificial Satellites Bogo"" / ""Regular"" (code 705108204281). No verified manufacturer/package image or exact model was found; generic/store identifiers cannot determine identity.","Provide the exact Rockwall package photograph and readable manufacturer/UPC plus retail count; do not approve by name alone."
"PFM347B2GJEBEXQEMR545CKS","821611115156","","Artillery Shell","Artillery Shell","Unknown","Unknown","Regular","Unknown","Unknown","no_match","No sufficiently specific candidate identified in the two Dynamite catalog files.","Unknown","Manufacturer or UPC/model, exact package/variant and corresponding photo/video.","150","151","151","Items","151","identity_confirmation_needed","","Unknown","Unknown","","""821611115156"" fireworks | Artillery Shell  fireworks manufacturer","https://www.tntfireworks.com/fireworks?query=artillery+shell | https://rayfireworks.com/products/artillery-shell-slim/ | https://www.made-in-china.com/factory/artillery-shell-fireworks.html | https://www.thesunfireworks.com/products-shell.html | https://www.reddit.com/r/fireworks/comments/yjt1xa","Name/presentation research returned candidates (including ""Fireworks | TNT Fireworks | Fireworks""), but no consulted product page establishes the Square code 821611115156, brand and exact variant together. The Dynamite name candidates remain unconfirmed.","Provide the exact Rockwall package photograph and readable manufacturer/UPC plus retail count; do not approve by name alone."
"JKA7CKPRGWO7RXNGENDKELON","757202000085","","Artillery Shells (Boomer 6 pcs) (Black Box)","Artillery Shells (Boomer 6 pcs) (Black Box)","Boomer","Artillery/Festival Balls","Regular","Unknown","6 pcs","no_match","No sufficiently specific candidate identified in the two Dynamite catalog files.","Unknown","Manufacturer or UPC/model, exact package/variant and corresponding photo/video.","151","152","152","Items","152","identity_confirmation_needed","","Unknown","Unknown","","""757202000085"" fireworks | Artillery Shells (Boomer 6 pcs) (Black Box)  fireworks manufacturer","https://elevatedfireworks.com/products/black-box-6-shot-artillery-shells | https://biggorillafire.com/product/black-box-artillery/ | https://www.reddit.com/r/fireworks/comments/17cwout","Name/presentation research returned candidates (including ""Black Box 6-Shot Artillery Shells – Elevated Fireworks""), but no consulted product page establishes the Square code 757202000085, brand and exact variant together. The Dynamite name candidates remain unconfirmed.","Provide the exact Rockwall package photograph and readable manufacturer/UPC plus retail count; do not approve by name alone."
"DTIZFT2E72RKGH2NKDOLRBDD","757202015157","","Artillery Shells (MM 6 pcs) (Black Box)","Artillery Shells (MM 6 pcs) (Black Box)","Unknown","Artillery/Festival Balls","Regular","Unknown","6 pcs","no_match","No sufficiently specific candidate identified in the two Dynamite catalog files.","Unknown","Manufacturer or UPC/model, exact package/variant and corresponding photo/video.","152","153","153","Items","153","identity_confirmation_needed","","Unknown","Unknown","","""757202015157"" fireworks | Artillery Shells (MM 6 pcs) (Black Box)  fireworks manufacturer","https://elevatedfireworks.com/products/black-box-6-shot-artillery-shells | https://usa-fireworks.com/products/artillery-shells/bc-black-box-artillery/ | https://www.libertyfireworks.us/products/black-box-dragon | https://jeffsfireworks.com/products/mad-ox-black-box-artillery-shells | https://www.fireworks.us/dominator-black-box-artillery-shell-p/DM515B.htm","Name/presentation research returned candidates (including ""Black Box 6-Shot Artillery Shells – Elevated Fireworks""), but no consulted product page establishes the Square code 757202015157, brand and exact variant together. The Dynamite name candidates remain unconfirmed.","Provide the exact Rockwall package photograph and readable manufacturer/UPC plus retail count; do not approve by name alone."
"KS3WIQC7PRDYQQCOWJTAGXZ5","064883101070","","Assorted Fountain I","Assorted Fountain I","Unknown","Fountains","Regular","Unknown","Unknown","no_match","No sufficiently specific candidate identified in the two Dynamite catalog files.","Unknown","Manufacturer or UPC/model, exact package/variant and corresponding photo/video.","153","154","154","Items","154","identity_confirmation_needed","","Unknown","Unknown","","""064883101070"" fireworks | Assorted Fountain I  fireworks manufacturer","https://www.championfireworks.com/showlist/assorted-fountain-fireworks-in-zambia.html | https://www.reddit.com/r/fireworks/comments/14vkkv9","Name/presentation research returned candidates (including ""Assorted fountain fireworks in zambia - Liuyang Champion Fireworks Manufacture Co.,Ltd.""), but no consulted product page establishes the Square code 064883101070, brand and exact variant together. The Dynamite name candidates remain unconfirmed.","Provide the exact Rockwall package photograph and readable manufacturer/UPC plus retail count; do not approve by name alone."
"DNIEAW7XOSEWEYTAS775EKEY","064883101087","","Assorted Fountain II","Assorted Fountain II","Unknown","Fountains","Regular","Unknown","Unknown","no_match","No sufficiently specific candidate identified in the two Dynamite catalog files.","Unknown","Manufacturer or UPC/model, exact package/variant and corresponding photo/video.","154","155","155","Items","155","identity_confirmation_needed","","Unknown","Unknown","","""064883101087"" fireworks | Assorted Fountain II  fireworks manufacturer","https://www.championfireworks.com/showlist/assorted-fountain-fireworks-in-zambia.html","Name/presentation research returned candidates (including ""Assorted fountain fireworks in zambia - Liuyang Champion Fireworks Manufacture Co.,Ltd.""), but no consulted product page establishes the Square code 064883101087, brand and exact variant together. The Dynamite name candidates remain unconfirmed.","Provide the exact Rockwall package photograph and readable manufacturer/UPC plus retail count; do not approve by name alone."
"2U44ZS5P6EKYO7OV7MODRTLK","064883101056","","Assorted Fountain III","Assorted Fountain III","Unknown","Unknown","Regular","Unknown","Unknown","no_match","No sufficiently specific candidate identified in the two Dynamite catalog files.","Unknown","Manufacturer or UPC/model, exact package/variant and corresponding photo/video.","155","156","156","Items","156","identity_confirmation_needed","","Unknown","Unknown","","""064883101056"" fireworks | Assorted Fountain III  fireworks manufacturer","https://www.championfireworks.com/showlist/assorted-fountain-fireworks-in-zambia.html","Name/presentation research returned candidates (including ""Assorted fountain fireworks in zambia - Liuyang Champion Fireworks Manufacture Co.,Ltd.""), but no consulted product page establishes the Square code 064883101056, brand and exact variant together. The Dynamite name candidates remain unconfirmed.","Provide the exact Rockwall package photograph and readable manufacturer/UPC plus retail count; do not approve by name alone."
"7LUO3VYYP77HCIOYYFIT3BYA","064883101063","","Assorted Fountain IV","Assorted Fountain IV","Unknown","Fountains","Regular","Unknown","Unknown","no_match","No sufficiently specific candidate identified in the two Dynamite catalog files.","Unknown","Manufacturer or UPC/model, exact package/variant and corresponding photo/video.","156","157","157","Items","157","identity_confirmation_needed","","Unknown","Unknown","","""064883101063"" fireworks | Assorted Fountain IV  fireworks manufacturer","https://cuttingedgefireworks.com/fire-product/assorted-fountain-18-4-2/ | https://rkmfireworks.net/assorted-fountain-7-inch-4-1/ | https://skysongfireworks.com/product/4-cylinder-assorted-fountain/","Name/presentation research returned candidates (including ""Assorted Fountain -18/4 – Cutting Edge Fireworks""), but no consulted product page establishes the Square code 064883101063, brand and exact variant together. The Dynamite name candidates remain unconfirmed.","Provide the exact Rockwall package photograph and readable manufacturer/UPC plus retail count; do not approve by name alone."
"22UELNC5XMR2TK3DDX6EWAAO","816597938257","","Assorted Smoke 4 Pieces Colo","Assorted Smoke 4 Pieces Colo","Unknown","Unknown","Regular","Unknown","Unknown","no_match","No sufficiently specific candidate identified in the two Dynamite catalog files.","Unknown","Manufacturer or UPC/model, exact package/variant and corresponding photo/video.","157","158","158","Items","158","no_verified_identity","","Unknown","Unknown","","""816597938257"" fireworks | Assorted Smoke 4 Pieces Colo  fireworks manufacturer","https://www.redrhinofireworks.com/firework/mammoth-smoke-assorted/ | https://www.elitefireworks.com/products/smoke-squad | https://cuttingedgefireworks.com/fire-product/assorted-fountain-18-4-2/ | https://rkmfireworks.net/assorted-fountain-7-inch-4-1/ | https://www.pyrojunkiefireworks.com/product/assorted-smoke-canisters/","Code and name/presentation searches did not establish an exact product for Square ""Assorted Smoke 4 Pieces Colo"" / ""Regular"" (code 816597938257). No verified manufacturer/package image or exact model was found; generic/store identifiers cannot determine identity.","Provide the exact Rockwall package photograph and readable manufacturer/UPC plus retail count; do not approve by name alone."
"2EMXWPZ26FAUW5BA65KVXUKS","285108243102","","Atlantic Liftoff 4 Pack","Atlantic Liftoff 4 Pack","Unknown","Unknown","Regular","Unknown","4 Pack","no_match","No sufficiently specific candidate identified in the two Dynamite catalog files.","Unknown","Manufacturer or UPC/model, exact package/variant and corresponding photo/video.","158","159","159","Items","159","candidate_requires_package_review","","Unknown","Unknown","","""285108243102"" fireworks | Atlantis LiftOff Firehawk official fireworks manufacturer","https://johnnyrocketsfireworks.com/products/02e60bb7-8de6-11ea-f4c2-62e2c45e533c","Code 285108243102 occurs in the retrieved product/source ""Atlantis LiftOff"". Square records ""Atlantic Liftoff 4 Pack"" / ""Regular""; this is a candidate, not a confirmed retail-package crosswalk. Inspected reference https://johnnyrocketsfireworks.com/cdn/shop/files/ea17b1fbf1531ef4082d2292e762af67c50607e0.jpg?v=1741891061&width=1920 ([1026, 1932]); its background is opaque and no faithful transparent exact-unit resource was approved.","Provide the exact Rockwall package photograph and readable manufacturer/UPC plus retail count; do not approve by name alone."
"WY6IKUMGETEASD73VPPZ7MW4","814527200252","","Atomic Fireball 500 Gram 51 Shot","Atomic Fireball 500 Gram 51 Shot","Unknown","Unknown","Regular","Unknown","500 Gram | 51 Shot","no_match","No sufficiently specific candidate identified in the two Dynamite catalog files.","Unknown","Manufacturer or UPC/model, exact package/variant and corresponding photo/video.","160","161","161","Items","161","candidate_requires_package_review","","Unknown","Unknown","","""814527200252"" fireworks | Atomic Fireball Cutting Edge official fireworks manufacturer","https://usa-fireworks.com/products/aerial-all-cakes/aerial-500-gram-cakes/atomic-fireball/ | https://beta2024.usa-fireworks.com/products/aerial-all-cakes/aerial-500-gram-cakes/atomic-fireball/ | https://staging.usa-fireworks.com/products/aerial-all-cakes/aerial-500-gram-cakes/atomic-fireball/ | https://ocfireworks.com/atomic-fireball/ | https://cuttingedgefireworks.com/videos/back-off/","Code 814527200252 occurs in the retrieved product/source ""Atomic Fireball | 51 Shot Cake"". Square records ""Atomic Fireball 500 Gram 51 Shot"" / ""Regular""; this is a candidate, not a confirmed retail-package crosswalk. Inspected reference https://usa-fireworks.com/wp-content/uploads/2026/09/original-74-scaled.jpg ([1500, 1042]); its background is opaque and no faithful transparent exact-unit resource was approved.","Provide the exact Rockwall package photograph and readable manufacturer/UPC plus retail count; do not approve by name alone."
"WEQRBF4GHTPAJWQGHPHFFC5J","715244211104","","BC 1000 Firecracker Roll RWB BOGO","BC 1000 Firecracker Roll RWB","Unknown","Unknown","Regular","Unknown","Unknown","no_match","No sufficiently specific candidate identified in the two Dynamite catalog files.","Unknown","Manufacturer or UPC/model, exact package/variant and corresponding photo/video.","162","163","163","Items","163","no_verified_identity","","Unknown","Unknown","","""715244211104"" fireworks | BC 1000 Firecracker Roll RWB  fireworks manufacturer","","Code and name/presentation searches did not establish an exact product for Square ""BC 1000 Firecracker Roll RWB BOGO"" / ""Regular"" (code 715244211104). No verified manufacturer/package image or exact model was found; generic/store identifiers cannot determine identity.","Provide the exact Rockwall package photograph and readable manufacturer/UPC plus retail count; do not approve by name alone."
"6CSS3ISX42RRXQQ2MENLSZC6","715244101085","","BC 8000 Firecracker","BC 8000 Firecracker","Unknown","Unknown","Regular","Unknown","Unknown","no_match","No sufficiently specific candidate identified in the two Dynamite catalog files.","Unknown","Manufacturer or UPC/model, exact package/variant and corresponding photo/video.","163","164","164","Items","164","identified_missing_image","","Unknown","Unknown","","Compared code against official Winco UPC reference | BC 8000 Firecracker L299@P26: Firecrackers FCBCR8000 Black Cat Roll Firecrackers (715244101085) fireworks manufacturer","https://www.scbfireworks.com/product/black-cat-firecrackers-32-500-roll/","Black Cat firecracker roll identity/count is known. Available manufacturer/distributor photographs group overlapping sizes; no approved isolated photograph establishes this specific 8000/4000/500 roll. nhpyro.com image download was denied by automatic approval review; no bypass attempted.","Obtain a complete isolated photograph with the correct roll count visible. Preserve distinct Square UPCs."
"FOCSC6IBOIVACCWHZTLBLZQT","715244101054","","BC Little Dynamite RWB BOGO","BC Little Dynamite RWB","Unknown","Unknown","Regular","Unknown","Unknown","no_match","No sufficiently specific candidate identified in the two Dynamite catalog files.","Unknown","Manufacturer or UPC/model, exact package/variant and corresponding photo/video.","164","165","165","Items","165","no_verified_identity","","Unknown","Unknown","","""715244101054"" fireworks | BC Little Dynamite RWB  fireworks manufacturer","","Code and name/presentation searches did not establish an exact product for Square ""BC Little Dynamite RWB BOGO"" / ""Regular"" (code 715244101054). No verified manufacturer/package image or exact model was found; generic/store identifiers cannot determine identity.","Provide the exact Rockwall package photograph and readable manufacturer/UPC plus retail count; do not approve by name alone."
"K7LGOK3VETTHC3B4FVUAAFDY","715244065431","","BC Pro 8"" XXL Canister Shells 24ct","BC Pro 8"" XXL Canister Shells 24ct","Unknown","Unknown","Regular","Unknown","8"" | 24ct","no_match","No sufficiently specific candidate identified in the two Dynamite catalog files.","Unknown","Manufacturer or UPC/model, exact package/variant and corresponding photo/video.","166","167","167","Items","167","data_conflict","","Unknown","Unknown","","""715244065431"" fireworks | Pro 8"" Canister Shells Black Cat official fireworks manufacturer","https://dosgringosfireworks.com/pro-8-canister-shells/ | https://blackcatfireworks.com/fireworks/reloadables/ | https://blackcatfireworks.com/","Square explicitly says 24 Pro 8-inch shells. Current supplier packing and effects list indicate an 18-shell presentation; do not assign it to the 24-count record.","Provide the exact Rockwall package photograph and readable manufacturer/UPC plus retail count; do not approve by name alone."
"YDY6DLZFEDXO5ONL2ZCVMVQB","887946004398","","Baby Boy 12 Shots--Blue","Baby Boy 12 Shots--Blue","Unknown","Unknown","Regular","Unknown","12 Shots","no_match","No sufficiently specific candidate identified in the two Dynamite catalog files.","Unknown","Manufacturer or UPC/model, exact package/variant and corresponding photo/video.","167","168","168","Items","168","identity_confirmation_needed","","Unknown","Unknown","","""887946004398"" fireworks | Baby Boy 12 Shots--Blue  fireworks manufacturer","https://www.supremeblackfox.com/products/blue-gender-reveal-powder-cannon-12-pack-12-tall-boy-he-him-blue-gender-reveal-popper-biodegradable-powder-twist-and-pop-powder-smoke-blaster | https://www.fireworks.us/its-a-boy-p/DM234B.htm | https://www.shogunvulcan.com/product-detail.php?cid=57&fid=&id=2315 | https://www.getwinda.com/product-page/moody-blue-12-s","Name/presentation research returned candidates (including ""Blue Gender Reveal Powder Cannon (8 Pack) - 12"" Tall - Boy He Him Blue – Supreme Black Fox LLC""), but no consulted product page establishes the Square code 887946004398, brand and exact variant together. The Dynamite name candidates remain unconfirmed.","Provide the exact Rockwall package photograph and readable manufacturer/UPC plus retail count; do not approve by name alone."
"64B7IEPPO6WBABC24VSHNYKB","887946004404","","Baby Girl 12 Shots-Pink","Baby Girl 12 Shots-Pink","Unknown","Unknown","Regular","Unknown","12 Shots","no_match","No sufficiently specific candidate identified in the two Dynamite catalog files.","Unknown","Manufacturer or UPC/model, exact package/variant and corresponding photo/video.","168","169","169","Items","169","identity_confirmation_needed","","Unknown","Unknown","","""887946004404"" fireworks | Baby Girl 12 Shots-Pink  fireworks manufacturer","https://ocfireworks.com/wholesale-fireworks-its-a-girl-all-pink-gender-reveal-fireworks-case-12-1/ | https://jeffsfireworks.com/products/it-s-a-girl-12-shot-cake | https://fireworks.com/products/phantom-pink-12-shot-all-pink","Name/presentation research returned candidates (including ""Wholesale Fireworks It's a Girl! (All Pink Gender Reveal Fireworks) Case 12/1 Buy fireworks online at OCFireworks.com""), but no consulted product page establishes the Square code 887946004404, brand and exact variant together. The Dynamite name candidates remain unconfirmed.","Provide the exact Rockwall package photograph and readable manufacturer/UPC plus retail count; do not approve by name alone."
"SZDGLTRVCWG4HBUU3DVAIC43","8145270148617","","Back Off 200 Gram 16 Shot","Back Off 200 Gram 16 Shot","Unknown","Unknown","Regular","Unknown","200 Gram | 16 Shot","no_match","No sufficiently specific candidate identified in the two Dynamite catalog files.","Unknown","Manufacturer or UPC/model, exact package/variant and corresponding photo/video.","169","170","170","Items","170","candidate_requires_package_review","","Unknown","Unknown","","""8145270148617"" fireworks | Back Off Cutting Edge Fireworks official fireworks manufacturer","https://ocfireworks.com/back-off/ | https://cuttingedgefireworks.com/videos/back-off/","Code 8145270148617 occurs in the retrieved product/source ""Back Off"". Square records ""Back Off 200 Gram 16 Shot"" / ""Regular""; this is a candidate, not a confirmed retail-package crosswalk. Inspected reference https://cdn11.bigcommerce.com/s-m60h2m7qge/images/stencil/800x800/products/9004/6819/Back_Off__45974.1656352670.jpg?c=2 ([800, 800]); its background is opaque and no faithful transparent exact-unit resource was approved.","Provide the exact Rockwall package photograph and readable manufacturer/UPC plus retail count; do not approve by name alone."
"2BR2UEEEH65IBA7ISTM7J27E","705108308507","","Ballerina Ball","Ballerina Ball","Unknown","Unknown","Regular","Unknown","Unknown","no_match","No sufficiently specific candidate identified in the two Dynamite catalog files.","Unknown","Manufacturer or UPC/model, exact package/variant and corresponding photo/video.","170","171","171","Items","171","candidate_requires_package_review","","Unknown","Unknown","","""705108308507"" fireworks","https://www.getwinda.com/product-page/ballerina-s-ball | https://americanfireworks.com/ballerinas-ball/","Code 705108308507 occurs in the retrieved product/source ""BALLERINA'S BALL"". Square records ""Ballerina Ball"" / ""Regular""; this is a candidate, not a confirmed retail-package crosswalk. Inspected reference https://static.wixstatic.com/media/ecdf0c_7ceccf734ae24c919a7b71afa4d524ae~mv2.jpg/v1/fit/w_500,h_500,q_90/file.jpg ([500, 500]); its background is opaque and no faithful transparent exact-unit resource was approved.","Provide the exact Rockwall package photograph and readable manufacturer/UPC plus retail count; do not approve by name alone."
"57DECKRO7MDG7677XMRI6MNV","757202300178","","Banana Cracko Assortment Pack","Banana Cracko Assortment Pack","Unknown","Unknown","Regular","Unknown","Unknown","no_match","No sufficiently specific candidate identified in the two Dynamite catalog files.","Unknown","Manufacturer or UPC/model, exact package/variant and corresponding photo/video.","172","173","173","Items","173","identity_confirmation_needed","","Unknown","Unknown","","""757202300178"" fireworks","https://www.raccoonfireworksusa.com/product-page/monkey-mayhem-cracker","Name/presentation research returned candidates (including ""Monkey Mayhem Cracker | Raccoon""), but no consulted product page establishes the Square code 757202300178, brand and exact variant together. The Dynamite name candidates remain unconfirmed.","Provide the exact Rockwall package photograph and readable manufacturer/UPC plus retail count; do not approve by name alone."
"OXROLOESSRJH2XC6XMZC7UJ3","757205301721","","Beware 500 Gram","Beware 500 Gram","Unknown","500 GRAM FINALE","Regular","Unknown","500 Gram","no_match","No sufficiently specific candidate identified in the two Dynamite catalog files.","Unknown","Manufacturer or UPC/model, exact package/variant and corresponding photo/video.","176","177","177","Items","177","no_verified_identity","","Unknown","Unknown","","""757205301721"" fireworks | Beware 500 Gram  fireworks manufacturer","https://www.reddit.com/r/fireworks/comments/1thop65/immortal_phoenix_500_g_consumer_cake_question/","Code and name/presentation searches did not establish an exact product for Square ""Beware 500 Gram"" / ""Regular"" (code 757205301721). No verified manufacturer/package image or exact model was found; generic/store identifiers cannot determine identity.","Provide the exact Rockwall package photograph and readable manufacturer/UPC plus retail count; do not approve by name alone."
"ALYGOFAKRFQEAIMKXDLUL3Y7","875650100550","","Big Brother Family Pack 825 Shots","Big Brother Family Pack 825 Shots","Unknown","Family Pack Assortments","Regular","Unknown","825 Shots","no_match","No sufficiently specific candidate identified in the two Dynamite catalog files.","Unknown","Manufacturer or UPC/model, exact package/variant and corresponding photo/video.","177","178","178","Items","178","no_verified_identity","","Unknown","Unknown","","""875650100550"" fireworks | Big Brother Family Pack 825 Shots  fireworks manufacturer","https://elevatedfireworks.com/products/big-brother-assortment","Code and name/presentation searches did not establish an exact product for Square ""Big Brother Family Pack 825 Shots"" / ""Regular"" (code 875650100550). No verified manufacturer/package image or exact model was found; generic/store identifiers cannot determine identity.","Provide the exact Rockwall package photograph and readable manufacturer/UPC plus retail count; do not approve by name alone."
"QNJZYSS4LXEZ7GZZTMHYM6MT","847294088396","","Big Gun","Big Gun","Unknown","Unknown","Regular","Unknown","Unknown","no_match","No sufficiently specific candidate identified in the two Dynamite catalog files.","Unknown","Manufacturer or UPC/model, exact package/variant and corresponding photo/video.","179","180","180","Items","180","identity_confirmation_needed","","Unknown","Unknown","","""847294088396"" fireworks | Big Gun  fireworks manufacturer","https://trademarks.justia.com/881/04/big-88104286.html | https://m1.tradekey.com/product-free/Big-Gun-1754012.html | https://www.boomtownfireworks.com/products/big-win/ | https://www.t-skyfireworks.com/products/14s-big-win/ | https://www.tntfireworks.com/fireworks/cat/multi-aerials/3125-the-big-guns","Name/presentation research returned candidates (including ""BIG GUN Trademark of BIG GUN LLC - Registration Number 5721951 - Serial Number 88104286 :: Justia Trademarks""), but no consulted product page establishes the Square code 847294088396, brand and exact variant together. The Dynamite name candidates remain unconfirmed.","Provide the exact Rockwall package photograph and readable manufacturer/UPC plus retail count; do not approve by name alone."
"DDPQ6MPSO2E3DLTPJTFGMOWN","","6950165427560","Big Mudder","Big Mudder","Unknown","Unknown","Regular","Unknown","Unknown","no_match","No sufficiently specific candidate identified in the two Dynamite catalog files.","Unknown","Manufacturer or UPC/model, exact package/variant and corresponding photo/video.","180","181","181","Items","181","identity_confirmation_needed","","Unknown","Unknown","","""6950165427560"" fireworks | Big Mudder  fireworks manufacturer","https://millerfireworks.com/product/big-mudder-megabanger/ | https://www.boomtownfireworks.com/products/big-win/ | https://www.t-skyfireworks.com/products/14s-big-win/ | https://www.tntfireworks.com/fireworks/cat/multi-aerials/3125-the-big-guns | https://trademarks.justia.com/881/04/big-88104286.html","Name/presentation research returned candidates (including ""BIG MUDDER MEGABANGER - MILLER FIREWORKS""), but no consulted product page establishes the Square code 6950165427560, brand and exact variant together. The Dynamite name candidates remain unconfirmed.","Provide the exact Rockwall package photograph and readable manufacturer/UPC plus retail count; do not approve by name alone."
"YWUCGQYY4FAJPWF6EZQKVZZM","757205301752","","Big Win","Big Win","Unknown","Unknown","Regular","Unknown","Unknown","no_match","No sufficiently specific candidate identified in the two Dynamite catalog files.","Unknown","Manufacturer or UPC/model, exact package/variant and corresponding photo/video.","183","184","184","Items","184","identity_confirmation_needed","","Unknown","Unknown","","""757205301752"" fireworks | Big Win  fireworks manufacturer","https://www.boomtownfireworks.com/products/big-win/ | https://www.t-skyfireworks.com/products/14s-big-win/ | https://find-and-update.company-information.service.gov.uk/company/13167712 | https://www.tntfireworks.com/fireworks/cat/multi-aerials/3125-the-big-guns | https://millerfireworks.com/product/big-mudder-megabanger/","Name/presentation research returned candidates (including ""Big Win by Raccoon Brand at Boom Town Fireworks Inc""), but no consulted product page establishes the Square code 757205301752, brand and exact variant together. The Dynamite name candidates remain unconfirmed.","Provide the exact Rockwall package photograph and readable manufacturer/UPC plus retail count; do not approve by name alone."
"EVDWR5AUPPHH6HMALH6YPL7H","725272730768","","Biker (Small)","Biker (Small)","Unknown","Unknown","Regular","Unknown","Unknown","no_match","No sufficiently specific candidate identified in the two Dynamite catalog files.","Unknown","Manufacturer or UPC/model, exact package/variant and corresponding photo/video.","184","185","185","Items","185","no_verified_identity","","Unknown","Unknown","","""725272730768"" fireworks | Biker (Small)  fireworks manufacturer","https://www.reddit.com/r/fireworks/comments/145r2ym","Code and name/presentation searches did not establish an exact product for Square ""Biker (Small)"" / ""Regular"" (code 725272730768). No verified manufacturer/package image or exact model was found; generic/store identifiers cannot determine identity.","Provide the exact Rockwall package photograph and readable manufacturer/UPC plus retail count; do not approve by name alone."
"BUMXMJPSJYVZURKWZNIUYRFH","695071403340","","Billy's Big Blast-78 Shots","Billy's Big Blast-78 Shots","Unknown","Unknown","Regular","Unknown","78 Shots","no_match","No sufficiently specific candidate identified in the two Dynamite catalog files.","Unknown","Manufacturer or UPC/model, exact package/variant and corresponding photo/video.","185","186","186","Items","186","identity_confirmation_needed","","Unknown","Unknown","","""695071403340"" fireworks | Billy's Big Blast-78 Shots  fireworks manufacturer","https://www.sunwingfireworks.com/product/sw-r2007/ | https://www.bigdsfireworks.com/product-page/billy-s-big-blast | https://www.bigdsfireworks.com/shop-1","Name/presentation research returned candidates (including ""BILLY’S BIG BLAST – Sunwing Fireworks""), but no consulted product page establishes the Square code 695071403340, brand and exact variant together. The Dynamite name candidates remain unconfirmed.","Provide the exact Rockwall package photograph and readable manufacturer/UPC plus retail count; do not approve by name alone."
"HPRUK354SRZV3EBF6JC7ZQ3N","715244101009","","Black Cat 100ct BOGO","Black Cat 100ct","Black Cat","Unknown","Regular","Unknown","100ct","no_match","No sufficiently specific candidate identified in the two Dynamite catalog files.","Unknown","Manufacturer or UPC/model, exact package/variant and corresponding photo/video.","187","188","188","Items","188","candidate_requires_package_review","","Unknown","Unknown","","Compared code against official Winco UPC reference | Black Cat 100ct BOGO L291@P25: Firecrackers FCBC00100B Black Cat Firecrackers (715244101009) fireworks manufacturer","https://sanduskyfireworks.com/product/458884/18043824-100_BLACK_CAT_FIRECRACKERS | https://blackcatfireworks.com/fireworks/firecrackers/ | https://blackcatfireworks.com/fireworks/firecrackers/roll-firecrackers/ | https://bartzfireworks.com/product/black-cat-firecrackers-100/ | https://www.atomicfireworks.com/test-certificates/427-black-cat-firecrackers | https://www.pyromart.com/firecrackers-en-6/black-cat-firecrackers-en-2/","Code 715244101009 occurs in the retrieved product/source ""100 BLACK CAT FIRECRACKERS"". Square records ""Black Cat 100ct BOGO"" / ""Regular""; this is a candidate, not a confirmed retail-package crosswalk. Inspected reference https://franposcontent.azureedge.net/images/18043824/3/small?v=5857501463 ([400, 400]); its background is opaque and no faithful transparent exact-unit resource was approved.","Provide the exact Rockwall package photograph and readable manufacturer/UPC plus retail count; do not approve by name alone."
"XVLRJSMAMPAD5I2SPFLPZBDH","715244111008","","Black Cat 100ct BOGO","Black Cat 100ct","Black Cat","Unknown","Brick","Brick","100ct","no_match","No sufficiently specific candidate identified in the two Dynamite catalog files.","Unknown","Manufacturer or UPC/model, exact package/variant and corresponding photo/video.","188","189","189","Items","189","package_review","","Unknown","Unknown","","Compared code against official Winco UPC reference | Black Cat 100ct BOGO L290@P25: Firecrackers FCBC00100 Black Cat Firecrackers (715244111008) fireworks manufacturer","https://blackcatfireworks.com/fireworks/firecrackers/ | https://blackcatfireworks.com/fireworks/firecrackers/roll-firecrackers/ | https://bartzfireworks.com/product/black-cat-firecrackers-100/ | https://sanduskyfireworks.com/product/458884/18043824-100_BLACK_CAT_FIRECRACKERS | https://www.atomicfireworks.com/test-certificates/427-black-cat-firecrackers | https://www.pyromart.com/firecrackers-en-6/black-cat-firecrackers-en-2/","Square variation is Brick (100-count strips); supplier shows multiple brick sizes together. Confirm exact strip count and obtain the matching retail brick image.","Provide the exact Rockwall package photograph and readable manufacturer/UPC plus retail count; do not approve by name alone."
"TFRD5P7HBFY2P3RJRCMINLOG","715244016716","","Black Cat 16000 Roll","Black Cat 16000 Roll","Black Cat","Unknown","Regular","Unknown","Unknown","no_match","No sufficiently specific candidate identified in the two Dynamite catalog files.","Unknown","Manufacturer or UPC/model, exact package/variant and corresponding photo/video.","189","190","190","Items","190","candidate_requires_package_review","","Unknown","Unknown","","""715244016716"" fireworks | Black Cat Firecrackers - 16000 Roll Black Cat official fireworks manufacturer","https://usa-fireworks.com/products/firecrackers/black-cat-firecrackers-16000-roll/ | https://blackcatfireworks.com/fireworks/firecrackers/ | https://blackcatfireworks.com/ | https://blackcatfireworks.com/fireworks/firecrackers/flashlight-firecrackers/ | https://www.blackcatfireworks.co.uk/about/about-us/ | https://myfloridacfo.com/docs-sf/state-fire-marshal-libraries/sfm-documents/bfp/approved-sparklers-list/2025-2026-approved-sparklers-list.pdf?sfvrsn=d2dc3bba_1 | https://www.blackcatfireworks.co.uk/","Code 715244016716 occurs in the retrieved product/source ""Black Cat Firecrackers - 16000 Roll"". Square records ""Black Cat 16000 Roll"" / ""Regular""; this is a candidate, not a confirmed retail-package crosswalk. Inspected reference https://usa-fireworks.com/wp-content/uploads/2026/09/original-290.jpeg ([213, 201]); its background is opaque and no faithful transparent exact-unit resource was approved.","Provide the exact Rockwall package photograph and readable manufacturer/UPC plus retail count; do not approve by name alone."
"FGFX64NVIPVVGVKKJOLPICWS","715244103010","","Black Cat 300 Count BOGO","Black Cat 300 Count","Black Cat","Unknown","Regular","Unknown","Unknown","no_match","No sufficiently specific candidate identified in the two Dynamite catalog files.","Unknown","Manufacturer or UPC/model, exact package/variant and corresponding photo/video.","190","191","191","Items","191","no_verified_identity","","Unknown","Unknown","","Compared code against official Winco UPC reference | Black Cat 300 Count BOGO L293@P25-26: Firecrackers FCBC00300 Black Cat Firecrackers (715244103010)Category Item Number Name UPC fireworks manufacturer","","Code and name/presentation searches did not establish an exact product for Square ""Black Cat 300 Count BOGO"" / ""Regular"" (code 715244103010). No verified manufacturer/package image or exact model was found; generic/store identifiers cannot determine identity.","Provide the exact Rockwall package photograph and readable manufacturer/UPC plus retail count; do not approve by name alone."
"EZEGN4ZQNUKUAOTPHA7TRQOD","715244103003","","Black Cat 300 Count BOGO","Black Cat 300 Count","Black Cat","Unknown","300","300","Unknown","no_match","No sufficiently specific candidate identified in the two Dynamite catalog files.","Unknown","Manufacturer or UPC/model, exact package/variant and corresponding photo/video.","191","192","192","Items","192","identity_confirmation_needed","","Unknown","Unknown","","""715244103003"" fireworks | Black Cat 300 Count 300 fireworks manufacturer","https://daveyfireworks.com/web/product/black-cat-300 | https://conyers-ga.pyrocity.com/about-us/ | https://www.blackcatfireworks.co.uk/about/about-us/ | https://www.wincofireworks.com/the-black-cat-story/ | https://www.costco.co.uk/blackcat","Name/presentation research returned candidates (including ""Black Cat 300 from Black Cat - Davey Fireworks""), but no consulted product page establishes the Square code 715244103003, brand and exact variant together. The Dynamite name candidates remain unconfirmed.","Provide the exact Rockwall package photograph and readable manufacturer/UPC plus retail count; do not approve by name alone."
"PJKIMAXNIM5ZCOSCTTQD3UFL","715244154005","","Black Cat 400 count firecracker","Black Cat 400 count firecracker","Black Cat","Unknown","Regular","Unknown","Unknown","no_match","No sufficiently specific candidate identified in the two Dynamite catalog files.","Unknown","Manufacturer or UPC/model, exact package/variant and corresponding photo/video.","192","193","193","Items","193","package_review","","Unknown","Unknown","","Compared code against official Winco UPC reference | Black Cat 400 count firecracker L294@P26: Firecrackers FCBC00400 Black Cat Firecrackers (715244154005) fireworks manufacturer","https://blackcatfireworks.com/fireworks/firecrackers/ | https://blackcatfireworks.com/fireworks/firecrackers/roll-firecrackers/ | https://bartzfireworks.com/product/black-cat-firecrackers-100/ | https://sanduskyfireworks.com/product/458884/18043824-100_BLACK_CAT_FIRECRACKERS | https://www.pyromart.com/firecrackers-en-6/black-cat-firecrackers-en-2/ | https://poppersfireworks.com/products/black-cat-100-firecrackers","Square's 400-count unit and current supplier 5/400 brick have different UPCs. Do not turn an individual strip into a five-strip brick.","Provide the exact Rockwall package photograph and readable manufacturer/UPC plus retail count; do not approve by name alone."
"YSCA5EM7QBGQ26342HWEVWIJ","715244140008","","Black Cat 4000","Black Cat 4000","Black Cat","Unknown","Regular","Unknown","Unknown","no_match","No sufficiently specific candidate identified in the two Dynamite catalog files.","Unknown","Manufacturer or UPC/model, exact package/variant and corresponding photo/video.","193","194","194","Items","194","identified_missing_image","","Unknown","Unknown","","Compared code against official Winco UPC reference | Black Cat 4000 L298@P26: Firecrackers FCBCR4000 Black Cat Roll Firecrackers (715244140008) fireworks manufacturer","https://www.scbfireworks.com/product/black-cat-firecrackers-32-500-roll/","Black Cat firecracker roll identity/count is known. Available manufacturer/distributor photographs group overlapping sizes; no approved isolated photograph establishes this specific 8000/4000/500 roll. nhpyro.com image download was denied by automatic approval review; no bypass attempted.","Obtain a complete isolated photograph with the correct roll count visible. Preserve distinct Square UPCs."
"VXHKPOAYSSTE6SOAD6R25KBA","715244204519","","Black Cat 4ct Fountain","Black Cat 4ct Fountain","Black Cat","Fountains","Peach Tree","Peach Tree","4ct","no_match","No sufficiently specific candidate identified in the two Dynamite catalog files.","Unknown","Manufacturer or UPC/model, exact package/variant and corresponding photo/video.","195","196","196","Items","196","no_verified_identity","","Unknown","Unknown","","""715244204519"" fireworks | Black Cat 4ct Fountain Peach Tree fireworks manufacturer","","Code and name/presentation searches did not establish an exact product for Square ""Black Cat 4ct Fountain"" / ""Peach Tree"" (code 715244204519). No verified manufacturer/package image or exact model was found; generic/store identifiers cannot determine identity.","Provide the exact Rockwall package photograph and readable manufacturer/UPC plus retail count; do not approve by name alone."
"7MTLDJ3YMV2C7PZJXGG3ABI5","715244204526","","Black Cat 4ct Fountain","Black Cat 4ct Fountain","Black Cat","Fountains","Gold & Silver","Gold & Silver","4ct","no_match","No sufficiently specific candidate identified in the two Dynamite catalog files.","Unknown","Manufacturer or UPC/model, exact package/variant and corresponding photo/video.","196","197","197","Items","197","package_review","","Unknown","Unknown","","""715244204526"" fireworks | 9"" Blackcat Fountain - Gold &amp; Silver Treasures Black Cat official fireworks manufacturer","https://usa-fireworks.com/products/fountains/fountains-200-gram/9-blackcat-fountain-gold-silver-treasures/ | https://staging.usa-fireworks.com/products/fountains/fountains-200-gram/9-blackcat-fountain-gold-silver-treasures/","Square parent says 4ct Fountain, variation Gold & Silver. The source/photo show a single Gold & Silver Treasures fountain. Confirm whether Square sells one or four.","Provide the exact Rockwall package photograph and readable manufacturer/UPC plus retail count; do not approve by name alone."
"XRRJMRH6BO7MXAGCWIFAMRR2","715244204540","","Black Cat 4ct Fountain","Black Cat 4ct Fountain","Black Cat","Fountains","Blue Ice","Blue Ice","4ct","no_match","No sufficiently specific candidate identified in the two Dynamite catalog files.","Unknown","Manufacturer or UPC/model, exact package/variant and corresponding photo/video.","197","198","198","Items","198","package_review","","Unknown","Unknown","","""715244204540"" fireworks | Blue Ice Black Cat official fireworks manufacturer","https://bigdaddyksfireworksoutlet.com/product/blue-ice/ | https://blackcatfireworks.com/fireworks/firecrackers/ | https://blackcatfireworks.com/ | https://blackcatfireworks.com/fireworks/firecrackers/flashlight-firecrackers/ | https://blackcatfireworks.com/fireworks/novelties/ground-mine/ | https://www.blackcatfireworks.co.uk/about/about-us/ | https://www.blackcatfireworks.co.uk/about/our-brands/","Square parent says 4ct Fountain, variation Blue Ice. The source/photo show one Blue Ice fountain. Confirm the retail count before using the single-unit image.","Provide the exact Rockwall package photograph and readable manufacturer/UPC plus retail count; do not approve by name alone."
"KEJ65JHKO6PDZGY3TF5HPABB","715244204533","","Black Cat 4ct Fountain","Black Cat 4ct Fountain","Black Cat","Fountains","Green Garden","Green Garden","4ct","no_match","No sufficiently specific candidate identified in the two Dynamite catalog files.","Unknown","Manufacturer or UPC/model, exact package/variant and corresponding photo/video.","198","199","199","Items","199","no_verified_identity","","Unknown","Unknown","","""715244204533"" fireworks | Black Cat 4ct Fountain Green Garden fireworks manufacturer","","Code and name/presentation searches did not establish an exact product for Square ""Black Cat 4ct Fountain"" / ""Green Garden"" (code 715244204533). No verified manufacturer/package image or exact model was found; generic/store identifiers cannot determine identity.","Provide the exact Rockwall package photograph and readable manufacturer/UPC plus retail count; do not approve by name alone."
"OLNNUWLN4NHN3YLZG3GE2IL2","715244064403","","Black Cat 5"" Artillery Shells 24 pack","Black Cat 5"" Artillery Shells 24 pack","Black Cat","24 Pack Canister Artillery Shells 5 INCH","Regular","Unknown","5"" | 24 pack","no_match","No sufficiently specific candidate identified in the two Dynamite catalog files.","Unknown","Manufacturer or UPC/model, exact package/variant and corresponding photo/video.","200","201","201","Items","201","identity_confirmation_needed","","Unknown","Unknown","","Compared code against official Winco UPC reference | Black Cat 5"" Artillery Shells 24 pack L221@P19: Artillery MEBC6440 Black Cat 5"" Shells (715244064403) fireworks manufacturer","https://blackcatfireworks.com/fireworks/reloadables/black-cat-5-inch/ | https://elevatedfireworks.com/products/black-cat-24-shot-canister-shells-case-4-1 | https://victoryfireworkswholesale.com/black-cat-5-inch-canister/ | https://jabs-fireworks.com/product/black-cat-5-inch-canister-shells-24pk-black-cat/","Name/presentation research returned candidates (including ""Black Cat 5 Inch | Black Cat Fireworks""), but no consulted product page establishes the Square code 715244064403, brand and exact variant together. The Dynamite name candidates remain unconfirmed.","Provide the exact Rockwall package photograph and readable manufacturer/UPC plus retail count; do not approve by name alone."
"OHKV5B66T3AXTW7D5M5EMGGO","715244105007","","Black Cat 500ct Firecracker","Black Cat 500ct Firecracker","Black Cat","Unknown","Regular","Unknown","500ct","no_match","No sufficiently specific candidate identified in the two Dynamite catalog files.","Unknown","Manufacturer or UPC/model, exact package/variant and corresponding photo/video.","201","202","202","Items","202","identified_missing_image","","Unknown","Unknown","","Compared code against official Winco UPC reference | Black Cat 500ct Firecracker L295@P26: Firecrackers FCBCR00500 Black Cat Roll Firecrackers (715244105007) fireworks manufacturer","https://blackcatfireworks.com/fireworks/firecrackers/ | https://www.scbfireworks.com/product/black-cat-firecrackers-32-500-roll/","Black Cat firecracker roll identity/count is known. Available manufacturer/distributor photographs group overlapping sizes; no approved isolated photograph establishes this specific 8000/4000/500 roll. nhpyro.com image download was denied by automatic approval review; no bypass attempted.","Obtain a complete isolated photograph with the correct roll count visible. Preserve distinct Square UPCs."
"HMO2P2U3P7TTHFJPMZIWTUIM","715244313068","","Black Cat 72 ct morning glory hole","Black Cat 72 ct morning glory hole","Black Cat","Unknown","Regular","Unknown","72 ct","no_match","No sufficiently specific candidate identified in the two Dynamite catalog files.","Unknown","Manufacturer or UPC/model, exact package/variant and corresponding photo/video.","203","204","204","Items","204","package_review","","Unknown","Unknown","","Compared code against official Winco UPC reference | Black Cat 72 ct morning glory hole L530@P46: Sparklers SKBC313-06 Morning Glory (18 pack) (715244313068) fireworks manufacturer","","Square says 72 morning glories; supplier packs 18 groups of four. Confirm whether the Square retail unit is the 72-count display or one four-pack.","Provide the exact Rockwall package photograph and readable manufacturer/UPC plus retail count; do not approve by name alone."
"UXME6WAPLY5YYCNEMRWPYOG2","715244800025","","Black Cat Celebrate America","Black Cat Celebrate America","Black Cat","Unknown","Regular","Unknown","Unknown","no_match","No sufficiently specific candidate identified in the two Dynamite catalog files.","Unknown","Manufacturer or UPC/model, exact package/variant and corresponding photo/video.","205","206","206","Items","206","identity_confirmation_needed","","Unknown","Unknown","","Compared code against official Winco UPC reference | Black Cat Celebrate America L257@P22: Assortments ATGKCEL Celebrate America (715244800025) fireworks manufacturer","https://victoryfireworkswholesale.com/bc-celebrate-america-assortment/","Name/presentation research returned candidates (including ""BC Celebrate America Assortment - Black Cat Brand Fireworks""), but no consulted product page establishes the Square code 715244800025, brand and exact variant together. The Dynamite name candidates remain unconfirmed.","Provide the exact Rockwall package photograph and readable manufacturer/UPC plus retail count; do not approve by name alone."
"OQJ3UJAOXFEFEAN2NRWD3BCT","715244064496","","Black Cat Firework Fiesta-96 Shots","Black Cat Firework Fiesta-96 Shots","Black Cat","Unknown","Regular","Unknown","96 Shots","no_match","No sufficiently specific candidate identified in the two Dynamite catalog files.","Unknown","Manufacturer or UPC/model, exact package/variant and corresponding photo/video.","208","209","209","Items","209","no_verified_identity","","Unknown","Unknown","","Compared code against official Winco UPC reference | Black Cat Firework Fiesta-96 Shots L28@P2: 200 Grams Multiple Effects MEBC6449 Fireworks Fiesta 96'S Zipper Cake (715244064496) fireworks manufacturer","","Code and name/presentation searches did not establish an exact product for Square ""Black Cat Firework Fiesta-96 Shots"" / ""Regular"" (code 715244064496). No verified manufacturer/package image or exact model was found; generic/store identifiers cannot determine identity.","Provide the exact Rockwall package photograph and readable manufacturer/UPC plus retail count; do not approve by name alone."
"N6QN4FBEXWHAXX7QJIWZPTS3","","514675400015","Black Cat Gold EditionFamily Pack","Black Cat Gold EditionFamily Pack","Black Cat","Family Pack Assortments","Regular","Unknown","Unknown","no_match","No sufficiently specific candidate identified in the two Dynamite catalog files.","Unknown","Manufacturer or UPC/model, exact package/variant and corresponding photo/video.","211","212","212","Items","212","no_verified_identity","","Unknown","Unknown","","Compared code against official Winco UPC reference | Black Cat Gold EditionFamily Pack L247@P22: series (514675400015) fireworks manufacturer","","Code and name/presentation searches did not establish an exact product for Square ""Black Cat Gold EditionFamily Pack"" / ""Regular"" (code 514675400015). No verified manufacturer/package image or exact model was found; generic/store identifiers cannot determine identity.","Provide the exact Rockwall package photograph and readable manufacturer/UPC plus retail count; do not approve by name alone."
"JIYCGITHI56QQJBAUNYZA4EJ","715244800018","","Black Cat Heritage","Black Cat Heritage","Black Cat","Unknown","Regular","Unknown","Unknown","no_match","No sufficiently specific candidate identified in the two Dynamite catalog files.","Unknown","Manufacturer or UPC/model, exact package/variant and corresponding photo/video.","212","213","213","Items","213","no_verified_identity","","Unknown","Unknown","","Compared code against official Winco UPC reference | Black Cat Heritage L255@P22: Assortments ATEHER Black Cat Heritage #4 (715244800018) fireworks manufacturer","","Code and name/presentation searches did not establish an exact product for Square ""Black Cat Heritage"" / ""Regular"" (code 715244800018). No verified manufacturer/package image or exact model was found; generic/store identifiers cannot determine identity.","Provide the exact Rockwall package photograph and readable manufacturer/UPC plus retail count; do not approve by name alone."
"2KTUHO3OXXDII2FN5JZYRHC5","715244064458","","Black Cat Neon Diablo 5"" Artillery Shells 6 Pack","Black Cat Neon Diablo 5"" Artillery Shells 6 Pack","Black Cat","6 Pack Artillery Shells 5""\, 6""","Regular","Unknown","5"" | 6 Pack","conflict","Square Neon Diablo is a 6-pack; source is a 24-pack. A matching 6-pack image is needed.","Unknown","Manufacturer or UPC/model, exact package/variant and corresponding photo/video.","215","216","216","Items","216","identity_confirmation_needed","","Unknown","Unknown","","Compared code against official Winco UPC reference | Black Cat Neon Diablo 5"" Artillery Shells 6 Pack L234@P20-21: Artillery MEBC6445 Neon Diablo 5"" Canister Shells (715244064458)Category Item Number Name UPC fireworks manufacturer","https://www.pyromart.com/artillery-shells-reloadable/5-neon-diablo/","Name/presentation research returned candidates (including ""Artillery Shells- Reloadable :: 5"" Neon Diablo- 6""), but no consulted product page establishes the Square code 715244064458, brand and exact variant together. The Dynamite name candidates remain unconfirmed.","Provide the exact Rockwall package photograph and readable manufacturer/UPC plus retail count; do not approve by name alone."
"HJGHH3DSBQ3WC6ZCQID7J7VX","715244313136","","Black Cat Neon Sparkler Special 5 Ct","Black Cat Neon Sparkler Special 5 Ct","Black Cat","Unknown","Regular","Unknown","5 Ct","no_match","No sufficiently specific candidate identified in the two Dynamite catalog files.","Unknown","Manufacturer or UPC/model, exact package/variant and corresponding photo/video.","216","217","217","Items","217","identified_missing_image","","Unknown","Unknown","","Compared code against official Winco UPC reference | Black Cat Neon Sparkler Special 5 Ct L533@P46: Sparklers SKBC313-15* Neon Sparkler 17"": Special Effect (715244313136) fireworks manufacturer","https://www.starspanglednovelties.com/sparklers/neonsparklers.html | https://reliablefuse.com/product/neon-color-flame/","Neon Special Effects and Waterfall identities are known, but the local Winco candidate shows combined packages with their bottoms cut off. Other listings mix colors and variants; none provides a faithful complete exact retail package.","Complete photograph of the exact five-pack variant with labels and entire package visible."
"IGYZ3FSCVEQTCHU556SVQHRY","715244313129","","Black Cat Neon Sparkler Special 5 Ct","Black Cat Neon Sparkler Special 5 Ct","Black Cat","Unknown","Black Cat Neon Sparklers- Waterfall","Black Cat Neon Sparklers- Waterfall","5 Ct","no_match","No sufficiently specific candidate identified in the two Dynamite catalog files.","Unknown","Manufacturer or UPC/model, exact package/variant and corresponding photo/video.","217","218","218","Items","218","identified_missing_image","","Unknown","Unknown","","""715244313129"" fireworks | 17"" BC Neon Sparklers Black Cat Fireworks official fireworks manufacturer","https://usa-fireworks.com/products/sparklers/neon-sparklers-bc/ | https://blackcatfireworks.com/fireworks/firecrackers/ | https://blackcatfireworks.com/ | https://blackcatfireworks.com/fireworks/firecrackers/flashlight-firecrackers/ | https://www.blackcatfireworks.co.uk/about/about-us/ | https://www.blackcatfireworks.co.uk/about/our-brands/ | https://www.starspanglednovelties.com/sparklers/neonsparklers.html | https://reliablefuse.com/product/neon-color-flame/","Neon Special Effects and Waterfall identities are known, but the local Winco candidate shows combined packages with their bottoms cut off. Other listings mix colors and variants; none provides a faithful complete exact retail package.","Complete photograph of the exact five-pack variant with labels and entire package visible."
"BZQJPONZCT2MQBG76DYRMSJE","757205301585","","Black Hole 500 Gram","Black Hole 500 Gram","Unknown","500 GRAM FINALE","Regular","Unknown","500 Gram","no_match","No sufficiently specific candidate identified in the two Dynamite catalog files.","Unknown","Manufacturer or UPC/model, exact package/variant and corresponding photo/video.","222","223","223","Items","223","no_verified_identity","","Unknown","Unknown","","""757205301585"" fireworks | Black Hole 500 Gram  fireworks manufacturer","","Code and name/presentation searches did not establish an exact product for Square ""Black Hole 500 Gram"" / ""Regular"" (code 757205301585). No verified manufacturer/package image or exact model was found; generic/store identifiers cannot determine identity.","Provide the exact Rockwall package photograph and readable manufacturer/UPC plus retail count; do not approve by name alone."
"W4JMTKXNQYUCIQGHZXDJTKTO","887946010375","","Black Panther Artillery Shell","Black Panther Artillery Shell","Unknown","Unknown","Regular","Unknown","Unknown","no_match","No sufficiently specific candidate identified in the two Dynamite catalog files.","Unknown","Manufacturer or UPC/model, exact package/variant and corresponding photo/video.","223","224","224","Items","224","no_verified_identity","","Unknown","Unknown","","""887946010375"" fireworks | Black Panther Artillery Shell  fireworks manufacturer","https://fr.wikipedia.org/wiki/K2_Black_Panther | https://en.wikipedia.org/wiki/K2_Black_Panther","Code and name/presentation searches did not establish an exact product for Square ""Black Panther Artillery Shell"" / ""Regular"" (code 887946010375). No verified manufacturer/package image or exact model was found; generic/store identifiers cannot determine identity.","Provide the exact Rockwall package photograph and readable manufacturer/UPC plus retail count; do not approve by name alone."
"6DL57LCVLHNNTMKWBBIYB6Z5","8145270185919","","Black Snakes BOGO","Black Snakes","Unknown","Unknown","Regular","Unknown","Unknown","no_match","No sufficiently specific candidate identified in the two Dynamite catalog files.","Unknown","Manufacturer or UPC/model, exact package/variant and corresponding photo/video.","224","225","225","Items","225","identity_confirmation_needed","","Unknown","Unknown","","""8145270185919"" fireworks | Black Snakes  fireworks manufacturer","https://blackcatfireworks.com/fireworks/novelties/assorted-snakes/ | https://www.championfireworks.com/Novelties/black-snakes-fireworks | https://www.tradeindia.com/products/black-serpents-snakes-4904392.html | https://samuraifireworks.com/product/black-snakes/ | https://kandjfireworks.com/products/black-snakes","Name/presentation research returned candidates (including ""Assorted Snakes | Black Cat Fireworks""), but no consulted product page establishes the Square code 8145270185919, brand and exact variant together. The Dynamite name candidates remain unconfirmed.","Provide the exact Rockwall package photograph and readable manufacturer/UPC plus retail count; do not approve by name alone."
"ETH2MEGPLHKWN4TS6CS66Q62","8145270182727","","Bloom Flower","Bloom Flower","Unknown","Unknown","Regular","Unknown","Unknown","probable","Name identifies a candidate only; manufacturer and exact presentation have not been established.","products.json[61] Ground Bloom Flower / Monkey Mania / /products/ground-bloom-flower.png","Manufacturer or UPC/model, exact package/variant and corresponding photo/video.","227","228","228","Items","228","no_verified_identity","","Unknown","Unknown","","""8145270182727"" fireworks | Bloom Flower  fireworks manufacturer","","Code and name/presentation searches did not establish an exact product for Square ""Bloom Flower"" / ""Regular"" (code 8145270182727). No verified manufacturer/package image or exact model was found; generic/store identifiers cannot determine identity.","Provide the exact Rockwall package photograph and readable manufacturer/UPC plus retail count; do not approve by name alone."
"UX7ODRUBPQVD2EVNWRTBHVVI","681402052189","","Bombas De LA Muerte 6"" Artillery Shells","Bombas De LA Muerte 6"" Artillery Shells","Unknown","24 Pack Artillery Shells 6""","Regular","Unknown","6""","no_match","No sufficiently specific candidate identified in the two Dynamite catalog files.","Unknown","Manufacturer or UPC/model, exact package/variant and corresponding photo/video.","228","229","229","Items","229","identity_confirmation_needed","","Unknown","Unknown","","""681402052189"" fireworks | Bombas De LA Muerte 6"" Artillery Shells  fireworks manufacturer","https://www.redapplefireworks.com/products/bombas-de-la-muerte-6-inch-xxl-canister-shells | https://www.reddit.com/r/fireworks/comments/16ile4i | https://www.reddit.com/r/fireworks/comments/13xzfuz | https://elevatedfireworks.com/products/tropi-bombs-6-shot-special-effect-artillery-shells","Name/presentation research returned candidates (including ""Buy Bombas De La Muerte™ 6-Inch XXL™ Canister Shell Fireworks Online""), but no consulted product page establishes the Square code 681402052189, brand and exact variant together. The Dynamite name candidates remain unconfirmed.","Provide the exact Rockwall package photograph and readable manufacturer/UPC plus retail count; do not approve by name alone."
"YNSK72CWCAZMY3Q742YZ2IA7","8052530220412","","Bomber BOGO","Bomber","Unknown","Unknown","Regular","Unknown","Unknown","no_match","No sufficiently specific candidate identified in the two Dynamite catalog files.","Unknown","Manufacturer or UPC/model, exact package/variant and corresponding photo/video.","229","230","230","Items","230","no_verified_identity","","Unknown","Unknown","","""8052530220412"" fireworks | Bomber  fireworks manufacturer","","Code and name/presentation searches did not establish an exact product for Square ""Bomber BOGO"" / ""Regular"" (code 8052530220412). No verified manufacturer/package image or exact model was found; generic/store identifiers cannot determine identity.","Provide the exact Rockwall package photograph and readable manufacturer/UPC plus retail count; do not approve by name alone."
"IWVVH23KXDAYSNRMLFAU5XK2","887946003711","","Bombing Mission 200g","Bombing Mission 200g","Unknown","Unknown","Regular","Unknown","200g","no_match","No sufficiently specific candidate identified in the two Dynamite catalog files.","Unknown","Manufacturer or UPC/model, exact package/variant and corresponding photo/video.","230","231","231","Items","231","no_verified_identity","","Unknown","Unknown","","""887946003711"" fireworks | Bombing Mission 200g  fireworks manufacturer","","Code and name/presentation searches did not establish an exact product for Square ""Bombing Mission 200g"" / ""Regular"" (code 887946003711). No verified manufacturer/package image or exact model was found; generic/store identifiers cannot determine identity.","Provide the exact Rockwall package photograph and readable manufacturer/UPC plus retail count; do not approve by name alone."
"6GOZMNTKVUSLC6RHAW33N3KD","","","Bones","Bones","Unknown","Unknown","Regular","Unknown","Unknown","no_match","No sufficiently specific candidate identified in the two Dynamite catalog files.","Unknown","Manufacturer or UPC/model, exact package/variant and corresponding photo/video.","231","232","232","Items","232","no_verified_identity","","Unknown","Unknown","","""Bones"" fireworks manufacturer | Bones  fireworks manufacturer","","Code and name/presentation searches did not establish an exact product for Square ""Bones"" / ""Regular"" (code missing). No verified manufacturer/package image or exact model was found; generic/store identifiers cannot determine identity.","Provide the exact Rockwall package photograph and readable manufacturer/UPC plus retail count; do not approve by name alone."
"Q342ESYA7XRFLJBOFQWVWPAM","211321323222","","Bones \ Skull","Bones \ Skull","Unknown","Fountains","Regular","Unknown","Unknown","no_match","No sufficiently specific candidate identified in the two Dynamite catalog files.","Unknown","Manufacturer or UPC/model, exact package/variant and corresponding photo/video.","232","233","233","Items","233","no_verified_identity","","Unknown","Unknown","","""211321323222"" fireworks | Bones \ Skull  fireworks manufacturer","https://www.t-skyfireworks.com/products/skull/","Code and name/presentation searches did not establish an exact product for Square ""Bones \ Skull"" / ""Regular"" (code 211321323222). No verified manufacturer/package image or exact model was found; generic/store identifiers cannot determine identity.","Provide the exact Rockwall package photograph and readable manufacturer/UPC plus retail count; do not approve by name alone."
"NNYMAKIN6Z6PSP5AUYS4DUXN","816597942988","","Bones \ Skull","Bones \ Skull","Unknown","Fountains","Skull Fountain","Skull Fountain","Unknown","no_match","No sufficiently specific candidate identified in the two Dynamite catalog files.","Unknown","Manufacturer or UPC/model, exact package/variant and corresponding photo/video.","233","234","234","Items","234","no_verified_identity","","Unknown","Unknown","","""816597942988"" fireworks | Bones \ Skull Skull Fountain fireworks manufacturer","","Code and name/presentation searches did not establish an exact product for Square ""Bones \ Skull"" / ""Skull Fountain"" (code 816597942988). No verified manufacturer/package image or exact model was found; generic/store identifiers cannot determine identity.","Provide the exact Rockwall package photograph and readable manufacturer/UPC plus retail count; do not approve by name alone."
"65OBLYIPE2NFJEMIMLWNUB7C","705108550609","","Boy Or Girl","Boy Or Girl","Unknown","Unknown","Regular","Unknown","Unknown","probable","Name identifies a candidate only; manufacturer and exact presentation have not been established.","gender-reveal.json[3] Boy or Girl / Unknown / /products/boy-or-girl.png","Manufacturer or UPC/model, exact package/variant and corresponding photo/video.","235","236","236","Items","236","package_review","","Unknown","Unknown","","""705108550609"" fireworks | Boy Or Girl(Blue)  official fireworks manufacturer","https://georgiasbestfireworks.com/product/0af7b240-ab8c-11e8-eddc-e4765392563c/ | https://americanwholesalefireworks.com/gender-reveal-boy-or-girl-25s-winda-blue/ | https://www.shogunvulcan.com/product-detail.php?cid=57&fid=&id=2315 | https://www.hallmarkfireworks.co.uk/shop/barrages/boy-or-girl/","Exact code is listed as Boy or Girl Blue by retailers; Square does not specify color and retrieved official candidates include a different Raccoon product. Need exact Winda blue-variant corroboration.","Provide the exact Rockwall package photograph and readable manufacturer/UPC plus retail count; do not approve by name alone."
"GUHP7YBGQBP6QBDGNRLZD6PI","705108320806","","Brave Eagle","Brave Eagle","Unknown","Fountains","Regular","Unknown","Unknown","no_match","No sufficiently specific candidate identified in the two Dynamite catalog files.","Unknown","Manufacturer or UPC/model, exact package/variant and corresponding photo/video.","236","237","237","Items","237","no_verified_identity","","Unknown","Unknown","","""705108320806"" fireworks | Brave Eagle  fireworks manufacturer","","Code and name/presentation searches did not establish an exact product for Square ""Brave Eagle"" / ""Regular"" (code 705108320806). No verified manufacturer/package image or exact model was found; generic/store identifiers cannot determine identity.","Provide the exact Rockwall package photograph and readable manufacturer/UPC plus retail count; do not approve by name alone."
"B3H4JUEABU6IQNEHHP3NSP7B","705108401505","","Break Of Dawn Roman Candles (4 Pk/5 Big Shots)","Break Of Dawn Roman Candles (4 Pk/5 Big Shots)","Unknown","Roman Candles","Regular","Unknown","Unknown","no_match","No sufficiently specific candidate identified in the two Dynamite catalog files.","Unknown","Manufacturer or UPC/model, exact package/variant and corresponding photo/video.","237","238","238","Items","238","candidate_requires_package_review","","Unknown","Unknown","","""705108401505"" fireworks","https://www.getwinda.com/product-page/break-of-dawn","Code 705108401505 occurs in the retrieved product/source ""BREAK OF DAWN"". Square records ""Break Of Dawn Roman Candles (4 Pk/5 Big Shots)"" / ""Regular""; this is a candidate, not a confirmed retail-package crosswalk. Inspected reference https://static.wixstatic.com/media/ecdf0c_d22a73ee028e41978fa02f40ec726f9e~mv2.jpg/v1/fit/w_500,h_500,q_90/file.jpg ([500, 500]); its background is opaque and no faithful transparent exact-unit resource was approved.","Provide the exact Rockwall package photograph and readable manufacturer/UPC plus retail count; do not approve by name alone."
"7M2D3I5NCBOZXHSWT4EKOIEH","","","Brothers Container Load","Brothers Container Load","Brothers","Family Pack Assortments","Regular","Unknown","Unknown","no_match","No sufficiently specific candidate identified in the two Dynamite catalog files.","Unknown","Manufacturer or UPC/model, exact package/variant and corresponding photo/video.","239","240","240","Items","240","identity_confirmation_needed","","Unknown","Unknown","","""Brothers Container Load"" fireworks manufacturer | Brothers Container Load  fireworks manufacturer","https://www.brotherspyrotechnics.com/ProductDetails/1157 | https://www.scbfireworks.com/product/container-load/ | https://www.myvictoryfireworks.com/Zencart/index.php?main_page=product_info&products_id=1","Square names Brothers Container Load but supplies no SKU/GTIN. Do not merge automatically with the coded row 1001 and its current 30-piece assortment without confirming the original package.","Provide the exact Rockwall package photograph and readable manufacturer/UPC plus retail count; do not approve by name alone."
"4RRYVZ5ZPMQBRZZ3G5LM7S6L","705108321704","","Bucket Of Fun Family Pack","Bucket Of Fun Family Pack","Unknown","Family Pack Assortments","Regular","Unknown","Unknown","no_match","No sufficiently specific candidate identified in the two Dynamite catalog files.","Unknown","Manufacturer or UPC/model, exact package/variant and corresponding photo/video.","240","241","241","Items","241","data_conflict","","Unknown","Unknown","","""705108321704"" fireworks","https://www.getwinda.com/product-page/bucket-of-fun","Exact code identifies Winda P3217 Bucket of Fun fountain, while Square explicitly calls it a Family Pack. Resolve the commercial type before publication.","Provide the exact Rockwall package photograph and readable manufacturer/UPC plus retail count; do not approve by name alone."
"CGWOHHQGU7JBE2J5CGXROKAI","715244110063","","Bucket o Fun Assortment","Bucket o Fun Assortment","Unknown","Family Pack Assortments, Fountains","Regular","Unknown","Unknown","no_match","No sufficiently specific candidate identified in the two Dynamite catalog files.","Unknown","Manufacturer or UPC/model, exact package/variant and corresponding photo/video.","241","242","242","Items","242","identity_confirmation_needed","","Unknown","Unknown","","""715244110063"" fireworks | Bucket o Fun Assortment  fireworks manufacturer","https://circlecityfireworks.com/product/bucket-o-fun/ | https://www.shogunvulcan.com/product/svr38a-bucket-of-extra-fun-safe-sane | https://www.tntfireworks.com/fireworks/cat/novelty-assortments/3394-tons-o-fun","Name/presentation research returned candidates (including ""Bucket O’ Fun – Fireworks to Your Door""), but no consulted product page establishes the Square code 715244110063, brand and exact variant together. The Dynamite name candidates remain unconfirmed.","Provide the exact Rockwall package photograph and readable manufacturer/UPC plus retail count; do not approve by name alone."
"GD57R3MMQSLWM4HWGJGAKPWL","887946030656","","Bumble Bees","Bumble Bees","Unknown","Unknown","Regular","Unknown","Unknown","no_match","No sufficiently specific candidate identified in the two Dynamite catalog files.","Unknown","Manufacturer or UPC/model, exact package/variant and corresponding photo/video.","242","243","243","Items","243","no_verified_identity","","Unknown","Unknown","","""887946030656"" fireworks | Bumble Bees  fireworks manufacturer","","Code and name/presentation searches did not establish an exact product for Square ""Bumble Bees"" / ""Regular"" (code 887946030656). No verified manufacturer/package image or exact model was found; generic/store identifiers cannot determine identity.","Provide the exact Rockwall package photograph and readable manufacturer/UPC plus retail count; do not approve by name alone."
"IY6MWRW7CYTAK7UCS62P2V47","757201530798","","Bumpin Trumpin 500 Gram 42 Shots","Bumpin Trumpin 500 Gram 42 Shots","Unknown","500 GRAM FINALE","Regular","Unknown","500 Gram | 42 Shots","no_match","No sufficiently specific candidate identified in the two Dynamite catalog files.","Unknown","Manufacturer or UPC/model, exact package/variant and corresponding photo/video.","243","244","244","Items","244","identity_confirmation_needed","","Unknown","Unknown","","""757201530798"" fireworks | Bumpin Trumpin 500 Gram 42 Shots  fireworks manufacturer","https://victoryfireworkswholesale.com/bumpin-trumpin/ | https://raccoonfireworksusa.com/product/bumpin-trumpin/","Current Raccoon catalog has an exact-name candidate with a clean photograph, but its page does not publish the UPC and further retailer searches did not verify Square code 757201530798. Manufacturer-code digits embedded in a store/export code are not sufficient proof; require the original barcode/package before import.","Provide the exact Rockwall package photograph and readable manufacturer/UPC plus retail count; do not approve by name alone."
"NVV6Y56O2YNTT3EEODY3VB6U","6942037750050","","Bustin Balls","Bustin Balls","Unknown","Unknown","Regular","Unknown","Unknown","no_match","No sufficiently specific candidate identified in the two Dynamite catalog files.","Unknown","Manufacturer or UPC/model, exact package/variant and corresponding photo/video.","244","245","245","Items","245","data_conflict","","Unknown","Unknown","","""6942037750050"" fireworks | Bustin Balls  official fireworks manufacturer","https://neumann-feuerwerk.de/srpyro-big-boom-5-stueck-single-shots-30mm","The searched code leads to a European SR Pyro Big Boom five-piece product rather than an established Rockwall Bustin Balls identity. Do not reuse that foreign-package image.","Provide the exact Rockwall package photograph and readable manufacturer/UPC plus retail count; do not approve by name alone."
"VO47WF5A2JD5HOT74KZ743W4","8145270155912","","CE 100","CE 100","Unknown","Unknown","Regular","Unknown","Unknown","no_match","No sufficiently specific candidate identified in the two Dynamite catalog files.","Unknown","Manufacturer or UPC/model, exact package/variant and corresponding photo/video.","245","246","246","Items","246","candidate_requires_package_review","","Unknown","Unknown","","""8145270155912"" fireworks | CE100 Cutting Edge official fireworks manufacturer","https://usa-fireworks.com/products/aerial-all-cakes/aerial-500-gram-cakes/ce100/","Code 8145270155912 occurs in the retrieved product/source ""CE100 | 24 Shot Cake"". Square records ""CE 100"" / ""Regular""; this is a candidate, not a confirmed retail-package crosswalk. Inspected reference https://usa-fireworks.com/wp-content/uploads/2026/09/original-531.png ([494, 377]); its background is opaque and no faithful transparent exact-unit resource was approved.","Provide the exact Rockwall package photograph and readable manufacturer/UPC plus retail count; do not approve by name alone."
"PNEATVLI5R2PZV4VZYILIJRB","8145271620211","","CE-DC 500 Gram 30 Shot","CE-DC 500 Gram 30 Shot","Unknown","Unknown","Regular","Unknown","500 Gram | 30 Shot","no_match","No sufficiently specific candidate identified in the two Dynamite catalog files.","Unknown","Manufacturer or UPC/model, exact package/variant and corresponding photo/video.","246","247","247","Items","247","candidate_requires_package_review","","Unknown","Unknown","","""8145271620211"" fireworks | CE DC Cutting Edge official fireworks manufacturer","https://beta2024.usa-fireworks.com/products/aerial-all-cakes/aerial-500-gram-cakes/ce-dc/ | https://www.aahfireworks.com/garden-in-spring-ce.html | https://www.aahfireworks.com/brands/cutting-edge/ | https://cuttingedgeoptronics.com/ | https://fourseasonsfireworks.com/brand/cutting-edge-fireworks/","Code 8145271620211 occurs in the retrieved product/source ""CE DC"". Square records ""CE-DC 500 Gram 30 Shot"" / ""Regular""; this is a candidate, not a confirmed retail-package crosswalk. Inspected reference https://beta2024.usa-fireworks.com/wp-content/uploads/2023/11/CE-DC-Large.png ([588, 444]); its background is opaque and no faithful transparent exact-unit resource was approved.","Provide the exact Rockwall package photograph and readable manufacturer/UPC plus retail count; do not approve by name alone."
"Y7JONQCQHQJOPPQHB5DNKGSE","757201024013","","Camo Blast 4"" Artillery Shells 24 Pack","Camo Blast 4"" Artillery Shells 24 Pack","Unknown","24 Pack Artillery Shells 4""","Regular","Unknown","4"" | 24 Pack","no_match","No sufficiently specific candidate identified in the two Dynamite catalog files.","Unknown","Manufacturer or UPC/model, exact package/variant and corresponding photo/video.","250","251","251","Items","251","package_review","","Unknown","Unknown","","""757201024013"" fireworks","https://americanwholesalefireworks.com/camo-blast-compact/ | https://www.raccoonfireworksusa.com/product-page/camo-blast","Raccoon Camo Blast has original and compact packaging in the current manufacturer catalog. Confirm the original Square retail variant/code against a package photograph.","Provide the exact Rockwall package photograph and readable manufacturer/UPC plus retail count; do not approve by name alone."
"AQNB2RNRDBP7KRY6KJDU52TF","8145270204917","","Castaway 500 Gram 36 Shots","Castaway 500 Gram 36 Shots","Unknown","Unknown","Regular","Unknown","500 Gram | 36 Shots","no_match","No sufficiently specific candidate identified in the two Dynamite catalog files.","Unknown","Manufacturer or UPC/model, exact package/variant and corresponding photo/video.","255","256","256","Items","256","candidate_requires_package_review","","Unknown","Unknown","","""8145270204917"" fireworks | Castaway Cutting Edge official fireworks manufacturer","https://beta2024.usa-fireworks.com/products/aerial-all-cakes/aerial-500-gram-cakes/castaway/ | https://usa-fireworks.com/products/aerial-all-cakes/aerial-500-gram-cakes/castaway/ | https://cuttingedgefireworks.com/fire-product/castaway/ | https://castaway.com.au/about-us/ | https://castaway.com.au/contact-us/","Code 8145270204917 occurs in the retrieved product/source ""Castaway"". Square records ""Castaway 500 Gram 36 Shots"" / ""Regular""; this is a candidate, not a confirmed retail-package crosswalk. Inspected reference https://beta2024.usa-fireworks.com/wp-content/uploads/2022/02/original-826.png ([495, 422]); its background is opaque and no faithful transparent exact-unit resource was approved.","Provide the exact Rockwall package photograph and readable manufacturer/UPC plus retail count; do not approve by name alone."
"2E2Q275KE2HTKEBVXFMTTI3B","705108001316","","Celebration","Celebration","Unknown","Unknown","Regular","Unknown","Unknown","no_match","No sufficiently specific candidate identified in the two Dynamite catalog files.","Unknown","Manufacturer or UPC/model, exact package/variant and corresponding photo/video.","256","257","257","Items","257","identity_confirmation_needed","","Unknown","Unknown","","""705108001316"" fireworks | Celebration  fireworks manufacturer","https://www.rajtrading.net.in/ | https://www.tradeindia.com/manufacturers/celebration-fireworks.html | https://www.made-in-china.com/showroom/fireworks866/ | https://www.tradeindia.com/bfw-barudwala-private-limited-88412950/celebration-firework.html | https://www.made-in-china.com/factory/celebration-fireworks_4.html","Name/presentation research returned candidates (including ""Celebration Fireworks Manufacturer, Cold Fireworks Supplier, Karnal""), but no consulted product page establishes the Square code 705108001316, brand and exact variant together. The Dynamite name candidates remain unconfirmed.","Provide the exact Rockwall package photograph and readable manufacturer/UPC plus retail count; do not approve by name alone."
"LYFTBDX6SYEMIV5CPX2ISXGE","757202120073","","Charm Fountain","Charm Fountain","Unknown","Fountains","Regular","Unknown","Unknown","no_match","No sufficiently specific candidate identified in the two Dynamite catalog files.","Unknown","Manufacturer or UPC/model, exact package/variant and corresponding photo/video.","258","259","259","Items","259","no_verified_identity","","Unknown","Unknown","","""757202120073"" fireworks | Charm Fountain  fireworks manufacturer","","Code and name/presentation searches did not establish an exact product for Square ""Charm Fountain"" / ""Regular"" (code 757202120073). No verified manufacturer/package image or exact model was found; generic/store identifiers cannot determine identity.","Provide the exact Rockwall package photograph and readable manufacturer/UPC plus retail count; do not approve by name alone."
"HD3E2RE4OCT4P6HVCZ6EKZLJ","8052530203620","","Chick Stick Pink Smoke","Chick Stick Pink Smoke","Unknown","Unknown","Regular","Unknown","Unknown","no_match","No sufficiently specific candidate identified in the two Dynamite catalog files.","Unknown","Manufacturer or UPC/model, exact package/variant and corresponding photo/video.","259","260","260","Items","260","package_review","","Unknown","Unknown","","""8052530203620"" fireworks | Chick Stick Smoke  official fireworks manufacturer","https://thefireworkssuperstore.com/shop/chick-stick-smoke","Retailer code identifies World-Class Chick Stick Pink Smoke, but its image shows two tubes and the retail quantity is unstated. Confirm the single versus two-piece unit.","Provide the exact Rockwall package photograph and readable manufacturer/UPC plus retail count; do not approve by name alone."
"CKV2SHWIY7BXZPYD5Q3VLVYA","887946050135","","Chicken Balloon Bogo","Chicken Balloon","Unknown","Unknown","Regular","Unknown","Unknown","no_match","No sufficiently specific candidate identified in the two Dynamite catalog files.","Unknown","Manufacturer or UPC/model, exact package/variant and corresponding photo/video.","260","261","261","Items","261","no_verified_identity","","Unknown","Unknown","","""887946050135"" fireworks | Chicken Balloon  fireworks manufacturer","https://www.avianballoon.com/about/","Code and name/presentation searches did not establish an exact product for Square ""Chicken Balloon Bogo"" / ""Regular"" (code 887946050135). No verified manufacturer/package image or exact model was found; generic/store identifiers cannot determine identity.","Provide the exact Rockwall package photograph and readable manufacturer/UPC plus retail count; do not approve by name alone."
"AIC5CSUHVVWXD4F72WXLHJ3H","946050135","","Chicken Blowing Balloon","Chicken Blowing Balloon","Unknown","Unknown","Regular","Unknown","Unknown","no_match","No sufficiently specific candidate identified in the two Dynamite catalog files.","Unknown","Manufacturer or UPC/model, exact package/variant and corresponding photo/video.","261","262","262","Items","262","no_verified_identity","","Unknown","Unknown","","""946050135"" fireworks | Chicken Blowing Balloon  fireworks manufacturer","","Code and name/presentation searches did not establish an exact product for Square ""Chicken Blowing Balloon"" / ""Regular"" (code 946050135). No verified manufacturer/package image or exact model was found; generic/store identifiers cannot determine identity.","Provide the exact Rockwall package photograph and readable manufacturer/UPC plus retail count; do not approve by name alone."
"WYIBDCIU4Z4PGWURAOWBDH5P","8052530161814","","Chickens","Chickens","Unknown","Unknown","Regular","Unknown","Unknown","no_match","No sufficiently specific candidate identified in the two Dynamite catalog files.","Unknown","Manufacturer or UPC/model, exact package/variant and corresponding photo/video.","262","263","263","Items","263","no_verified_identity","","Unknown","Unknown","","""8052530161814"" fireworks | Chickens  fireworks manufacturer","","Code and name/presentation searches did not establish an exact product for Square ""Chickens"" / ""Regular"" (code 8052530161814). No verified manufacturer/package image or exact model was found; generic/store identifiers cannot determine identity.","Provide the exact Rockwall package photograph and readable manufacturer/UPC plus retail count; do not approve by name alone."
"3SVJF54LTIL4K57W6IBPJABW","022203132166","","Christmas Tree","Christmas Tree","Unknown","Unknown","Regular","Unknown","Unknown","no_match","No sufficiently specific candidate identified in the two Dynamite catalog files.","Unknown","Manufacturer or UPC/model, exact package/variant and corresponding photo/video.","263","264","264","Items","264","identity_confirmation_needed","","Unknown","Unknown","","""022203132166"" fireworks | Christmas Tree  fireworks manufacturer","https://www.popuptreefactory.com/ | https://twinkletreechristmas.com/ | https://lihemei.com/ | https://pursellmfg.com/ | https://mccmeetingspublic.blob.core.usgovcloudapi.net/tyronega-meet-99798223a4534c158d75b1bff2412374/ITEM-Attachment-001-f566505670d942139b5836d5eb5fb9ad.pdf","Name/presentation research returned candidates (including ""Artificial Christmas Tree Manufacturer | Christmasever""), but no consulted product page establishes the Square code 022203132166, brand and exact variant together. The Dynamite name candidates remain unconfirmed.","Provide the exact Rockwall package photograph and readable manufacturer/UPC plus retail count; do not approve by name alone."
"6B5C73FKXNOL5YTMSMOAEQTT","6942037705210","","Christmas Tree","Christmas Tree","Unknown","Unknown","Regular","Unknown","Unknown","no_match","No sufficiently specific candidate identified in the two Dynamite catalog files.","Unknown","Manufacturer or UPC/model, exact package/variant and corresponding photo/video.","264","265","265","Items","265","identity_confirmation_needed","","Unknown","Unknown","","""6942037705210"" fireworks | Christmas Tree  fireworks manufacturer","https://www.popuptreefactory.com/ | https://twinkletreechristmas.com/ | https://lihemei.com/ | https://pursellmfg.com/ | https://mccmeetingspublic.blob.core.usgovcloudapi.net/tyronega-meet-99798223a4534c158d75b1bff2412374/ITEM-Attachment-001-f566505670d942139b5836d5eb5fb9ad.pdf","Name/presentation research returned candidates (including ""Artificial Christmas Tree Manufacturer | Christmasever""), but no consulted product page establishes the Square code 6942037705210, brand and exact variant together. The Dynamite name candidates remain unconfirmed.","Provide the exact Rockwall package photograph and readable manufacturer/UPC plus retail count; do not approve by name alone."
"MT72I3FPXV4NP3IIIIYL4FJJ","683318813915","","Chroma 5"" Artillery Shells 24 pack","Chroma 5"" Artillery Shells 24 pack","Unknown","24 Pack Canister Artillery Shells 5 INCH","Regular","Unknown","5"" | 24 pack","no_match","No sufficiently specific candidate identified in the two Dynamite catalog files.","Unknown","Manufacturer or UPC/model, exact package/variant and corresponding photo/video.","266","267","267","Items","267","identity_confirmation_needed","","Unknown","Unknown","","""683318813915"" fireworks | Chroma 5"" Artillery Shells 24 pack  fireworks manufacturer","https://elevatedfireworks.com/products/chroma-24-shot-5-in-xl-canister-shells | https://www.reddit.com/r/fireworks/comments/1497a24 | https://cdnc.heyzine.com/files/uploaded/972afe75fe8277b0bcfaa2e6db52e0829ea98f19-1.pdf | https://www.reddit.com/r/fireworks/comments/1e3n84o","Name/presentation research returned candidates (including ""Chroma® 24 Shot 5-Inch XL® Canister Shells – Elevated Fireworks""), but no consulted product page establishes the Square code 683318813915, brand and exact variant together. The Dynamite name candidates remain unconfirmed.","Provide the exact Rockwall package photograph and readable manufacturer/UPC plus retail count; do not approve by name alone."
"JV4RAMJ3YYQSBMJGOV3LQC7H","8052530052310","","Class Crackers 50ct BOGO","Class Crackers 50ct","Unknown","Unknown","Regular","Unknown","50ct","no_match","No sufficiently specific candidate identified in the two Dynamite catalog files.","Unknown","Manufacturer or UPC/model, exact package/variant and corresponding photo/video.","268","269","269","Items","269","no_verified_identity","","Unknown","Unknown","","""8052530052310"" fireworks | Class Crackers 50ct  fireworks manufacturer","","Code and name/presentation searches did not establish an exact product for Square ""Class Crackers 50ct BOGO"" / ""Regular"" (code 8052530052310). No verified manufacturer/package image or exact model was found; generic/store identifiers cannot determine identity.","Provide the exact Rockwall package photograph and readable manufacturer/UPC plus retail count; do not approve by name alone."
"SMZBAID5XZCSLQEYFZV5WJUQ","8052530051917","","Classic Crackers","Classic Crackers","Unknown","Unknown","Regular","Unknown","Unknown","no_match","No sufficiently specific candidate identified in the two Dynamite catalog files.","Unknown","Manufacturer or UPC/model, exact package/variant and corresponding photo/video.","269","270","270","Items","270","no_verified_identity","","Unknown","Unknown","","""8052530051917"" fireworks | Classic Crackers  fireworks manufacturer","https://www.ajantafireworks.com/ | https://www.kvmcrackers.com/about-us/ | https://www.jmscrackers.com/ | https://www.sivakasijdcrackers.com/index.html | https://www.pmscrackers.com/","Code and name/presentation searches did not establish an exact product for Square ""Classic Crackers"" / ""Regular"" (code 8052530051917). No verified manufacturer/package image or exact model was found; generic/store identifiers cannot determine identity.","Provide the exact Rockwall package photograph and readable manufacturer/UPC plus retail count; do not approve by name alone."
"JZIJYSNHXZB5STADOAZ57JXD","680149047069","","Close Combat","Close Combat","Unknown","Unknown","Regular","Unknown","Unknown","no_match","No sufficiently specific candidate identified in the two Dynamite catalog files.","Unknown","Manufacturer or UPC/model, exact package/variant and corresponding photo/video.","270","271","271","Items","271","no_verified_identity","","Unknown","Unknown","","""680149047069"" fireworks | Close Combat  fireworks manufacturer","","Code and name/presentation searches did not establish an exact product for Square ""Close Combat"" / ""Regular"" (code 680149047069). No verified manufacturer/package image or exact model was found; generic/store identifiers cannot determine identity.","Provide the exact Rockwall package photograph and readable manufacturer/UPC plus retail count; do not approve by name alone."
"66TOMKXWMPIFHL57L3PU6WDD","875330252111","","Color Pearl 96 Shot","Color Pearl 96 Shot","Unknown","Unknown","Regular","Unknown","96 Shot","no_match","No sufficiently specific candidate identified in the two Dynamite catalog files.","Unknown","Manufacturer or UPC/model, exact package/variant and corresponding photo/video.","273","274","274","Items","274","identity_confirmation_needed","","Unknown","Unknown","","""875330252111"" fireworks | Color Pearl 96 Shot  fireworks manufacturer","https://www.tntfireworks.com/fireworks/cat/multi-aerials/2614-color-pearl-flower-96-shot | https://cuttingedgefireworks.com/fire-product/color-pearl-flowers-96-shots/ | https://skykingfireworks.com/product/96-shot-color-pearl/ | https://www.redrhinofireworks.com/firework/color-pearl-96-shot/ | https://jbfireworks.com/color-pearl-96-shot-200-gram-cake-firework-by-no-name-fireworks.html","Name/presentation research returned candidates (including ""Fireworks | TNT Fireworks | COLOR PEARL FLOWER 96 SHOT""), but no consulted product page establishes the Square code 875330252111, brand and exact variant together. The Dynamite name candidates remain unconfirmed.","Provide the exact Rockwall package photograph and readable manufacturer/UPC plus retail count; do not approve by name alone."
"D2T55XL6ZRDLB5FBDSPK7ZXR","8145270121719","","Color Pearl Roman Candle","Color Pearl Roman Candle","Unknown","Roman Candles","Regular","Unknown","Unknown","no_match","No sufficiently specific candidate identified in the two Dynamite catalog files.","Unknown","Manufacturer or UPC/model, exact package/variant and corresponding photo/video.","274","275","275","Items","275","no_verified_identity","","Unknown","Unknown","","""8145270121719"" fireworks | Color Pearl Roman Candle  fireworks manufacturer","https://www.reddit.com/r/fireworks/comments/u5ympd | https://www.broadfireworks.com/application/colour-roman-candle | https://www.redrhinofireworks.com/firework/color-pearl-96-shot/ | https://www.tntfireworks.com/fireworks/cat/multi-aerials/2614-color-pearl-flower-96-shot | https://skykingfireworks.com/product/96-shot-color-pearl/","Code and name/presentation searches did not establish an exact product for Square ""Color Pearl Roman Candle"" / ""Regular"" (code 8145270121719). No verified manufacturer/package image or exact model was found; generic/store identifiers cannot determine identity.","Provide the exact Rockwall package photograph and readable manufacturer/UPC plus retail count; do not approve by name alone."
"AHWAKFTGBPF373W5QDDGRP75","8145270121726","","Color Pearl Roman Candles BOGO","Color Pearl Roman Candles","Unknown","Roman Candles","Regular","Unknown","Unknown","no_match","No sufficiently specific candidate identified in the two Dynamite catalog files.","Unknown","Manufacturer or UPC/model, exact package/variant and corresponding photo/video.","275","276","276","Items","276","no_verified_identity","","Unknown","Unknown","","""8145270121726"" fireworks | Color Pearl Roman Candles  fireworks manufacturer","https://www.redrhinofireworks.com/firework/color-pearl-96-shot/ | https://www.fireworkchina.com/roman-candles/ | https://www.tntfireworks.com/fireworks/cat/multi-aerials/2614-color-pearl-flower-96-shot | https://skykingfireworks.com/product/96-shot-color-pearl/ | https://jbfireworks.com/color-pearl-96-shot-200-gram-cake-firework-by-no-name-fireworks.html","Code and name/presentation searches did not establish an exact product for Square ""Color Pearl Roman Candles BOGO"" / ""Regular"" (code 8145270121726). No verified manufacturer/package image or exact model was found; generic/store identifiers cannot determine identity.","Provide the exact Rockwall package photograph and readable manufacturer/UPC plus retail count; do not approve by name alone."
"COXDJRGHTJG3HD2HXGP232WI","8052530180426","","Color Pearl With Bang Boomer-10 Ball BOGO","Color Pearl With Bang Boomer-10 Ball","Boomer","Roman Candles","Regular","Unknown","Unknown","no_match","No sufficiently specific candidate identified in the two Dynamite catalog files.","Unknown","Manufacturer or UPC/model, exact package/variant and corresponding photo/video.","276","277","277","Items","277","candidate_requires_package_review","","Unknown","Unknown","","""8052530180426"" fireworks | 10 Ball Bang Candle Boomer official fireworks manufacturer","https://usa-fireworks.com/products/roman-candles/10-ball-bang-roman-candle/","Code 8052530180426 occurs in the retrieved product/source ""10 Ball Bang Candle | Four Pack of 10 Shot Candles"". Square records ""Color Pearl With Bang Boomer-10 Ball BOGO"" / ""Regular""; this is a candidate, not a confirmed retail-package crosswalk. Inspected reference https://usa-fireworks.com/wp-content/uploads/2026/09/original-36.jpeg ([435, 636]); its background is opaque and no faithful transparent exact-unit resource was approved.","Provide the exact Rockwall package photograph and readable manufacturer/UPC plus retail count; do not approve by name alone."
"47HJ4LUC2CLMGPTPX4I2RA2M","8052530180419","","Color Pearl With Bang Boomer-10 Ball BOGO","Color Pearl With Bang Boomer-10 Ball","Boomer","Roman Candles","Color Pearl Boomer With Bang-10 Ball","Color Pearl Boomer With Bang-10 Ball","Unknown","no_match","No sufficiently specific candidate identified in the two Dynamite catalog files.","Unknown","Manufacturer or UPC/model, exact package/variant and corresponding photo/video.","277","278","278","Items","278","no_verified_identity","","Unknown","Unknown","","""8052530180419"" fireworks | Color Pearl With Bang Boomer-10 Ball Color Pearl Boomer With Bang-10 Ball fireworks manufacturer","","Code and name/presentation searches did not establish an exact product for Square ""Color Pearl With Bang Boomer-10 Ball BOGO"" / ""Color Pearl Boomer With Bang-10 Ball"" (code 8052530180419). No verified manufacturer/package image or exact model was found; generic/store identifiers cannot determine identity.","Provide the exact Rockwall package photograph and readable manufacturer/UPC plus retail count; do not approve by name alone."
"5TX5WRF6MO5NFJHE43HO4GRQ","821600025077","","Color Pearls","Color Pearls","Unknown","Unknown","Regular","Unknown","Unknown","probable","Name identifies a candidate only; manufacturer and exact presentation have not been established.","products.json[49] 10 Ball Color Pearls / Monkey Mania / /products/10-ball-color-pearls.png","Manufacturer or UPC/model, exact package/variant and corresponding photo/video.","278","279","279","Items","279","no_verified_identity","","Unknown","Unknown","","""821600025077"" fireworks | Color Pearls  fireworks manufacturer","https://www.shogunvulcan.com/product/sep10a-shogun-color-sparklers-red-blue-green-10 | https://www.sunwingfireworks.com/product/sw-0860a6/ | https://www.asoksparklers.com/color-sparklers.php | https://elevatedfireworks.com/products/color-smoke-balls-clay | https://www.redrhinofireworks.com/firework/color-smoke-ball-clay-6s/","Code and name/presentation searches did not establish an exact product for Square ""Color Pearls"" / ""Regular"" (code 821600025077). No verified manufacturer/package image or exact model was found; generic/store identifiers cannot determine identity.","Provide the exact Rockwall package photograph and readable manufacturer/UPC plus retail count; do not approve by name alone."
"OYEEC66PCRJITCFCS4FL5RUP","757202018066","","Color Pearls 6 Count 10 Shot","Color Pearls 6 Count 10 Shot","Unknown","Roman Candles","Regular","Unknown","10 Shot","no_match","No sufficiently specific candidate identified in the two Dynamite catalog files.","Unknown","Manufacturer or UPC/model, exact package/variant and corresponding photo/video.","279","280","280","Items","280","no_verified_identity","","Unknown","Unknown","","""757202018066"" fireworks | Color Pearls 6 Count 10 Shot  fireworks manufacturer","https://www.shogunvulcan.com/product/sep10a-shogun-color-sparklers-red-blue-green-10 | https://elevatedfireworks.com/products/color-smoke-balls-clay | https://www.redrhinofireworks.com/firework/color-smoke-ball-clay-6s/ | https://goldfieldfireworks.com/index.php/our-fireworks/sparklers/product/1592-color-sparklers-10 | https://keystonefireworks.com/shop/10-color-sparklers/","Code and name/presentation searches did not establish an exact product for Square ""Color Pearls 6 Count 10 Shot"" / ""Regular"" (code 757202018066). No verified manufacturer/package image or exact model was found; generic/store identifiers cannot determine identity.","Provide the exact Rockwall package photograph and readable manufacturer/UPC plus retail count; do not approve by name alone."
"TCVY46WIOJRSRTJX242W266K","8145270185216","","Color Smoke Ball 6 Pc","Color Smoke Ball 6 Pc","Unknown","Unknown","Regular","Unknown","6 Pc","no_match","No sufficiently specific candidate identified in the two Dynamite catalog files.","Unknown","Manufacturer or UPC/model, exact package/variant and corresponding photo/video.","281","282","282","Items","282","identity_confirmation_needed","","Unknown","Unknown","","""8145270185216"" fireworks | Color Smoke Ball 6 Pc  fireworks manufacturer","https://www.sunwingfireworks.com/product/sw-0860a6/ | https://www.redrhinofireworks.com/firework/color-smoke-ball-clay-6s/ | https://elevatedfireworks.com/products/color-smoke-balls-clay | https://www.reddit.com/r/fireworks/comments/13vdd78 | https://www.reddit.com/r/fireworks/comments/cdhplr","Name/presentation research returned candidates (including ""COLOR SMOKE BALL 6PCS – Sunwing Fireworks""), but no consulted product page establishes the Square code 8145270185216, brand and exact variant together. The Dynamite name candidates remain unconfirmed.","Provide the exact Rockwall package photograph and readable manufacturer/UPC plus retail count; do not approve by name alone."
"3MVMFOQG4D2LVDZ6CG42453F","887946021029","","Color Smoke Balls","Color Smoke Balls","Unknown","Unknown","Regular","Unknown","Unknown","no_match","No sufficiently specific candidate identified in the two Dynamite catalog files.","Unknown","Manufacturer or UPC/model, exact package/variant and corresponding photo/video.","282","283","283","Items","283","candidate_requires_package_review","","Unknown","Unknown","","""887946021029"" fireworks | Color Smoke Balls  official fireworks manufacturer","https://www.pyromart.com/mob-scene-fireworks/musk-smoke-balls/ | https://www.pyromart.com/mob-scene-fireworks/page-4/?layout=short_list&sort_by=null&sort_order=asc | https://www.shogunvulcan.com/product/snov2103-floating-giant-colour-smoke-balls-60-seconds-smoke | https://w.brotherspyrotechnics.com/CoverDetail/35 | https://www.pyromart.com/mobscenefireworks/?page=9&sort_by=price&sort_order=desc | https://www.guandufireworksgroup.com/products_detail/COLOR_SMOKE.html","Code 887946021029 occurs in the retrieved product/source ""Mob Scene Fireworks :: Supreme smoke balls (6pk)"". Square records ""Color Smoke Balls"" / ""Regular""; this is a candidate, not a confirmed retail-package crosswalk. No inspected, usable exact retail-package photo has been established.","Provide the exact Rockwall package photograph and readable manufacturer/UPC plus retail count; do not approve by name alone."
"X55AAZNJ5H4A3WYATQWHUJC6","705108260256","","Color Smoke Grenade","Color Smoke Grenade","Unknown","Unknown","Regular","Unknown","Unknown","no_match","No sufficiently specific candidate identified in the two Dynamite catalog files.","Unknown","Manufacturer or UPC/model, exact package/variant and corresponding photo/video.","283","284","284","Items","284","package_review","","Unknown","Unknown","","Compared code against official Winco UPC reference | Color Smoke Grenade L511@P44: Smoke Items SMBS2602 Color Smoke Grenade (Pull String) (705108260256) fireworks manufacturer","https://wisconsinpyro.com/products-page/daytime-fireworks/pull-string-color-smoke-gernade/","Bright Star smoke grenade reference shows a 24-piece display, while Square does not state a display quantity. Need the exact retail unit and its photograph.","Provide the exact Rockwall package photograph and readable manufacturer/UPC plus retail count; do not approve by name alone."
"HEQRXJPC54BDZL3AERGXQY7Y","715244007028","","Color Smokeballs","Color Smokeballs","Unknown","Unknown","Regular","Unknown","Unknown","no_match","No sufficiently specific candidate identified in the two Dynamite catalog files.","Unknown","Manufacturer or UPC/model, exact package/variant and corresponding photo/video.","284","285","285","Items","285","identified_missing_image","","Unknown","Unknown","","Compared code against official Winco UPC reference | Color Smokeballs L507@P44: Smoke Items SMBC702 BC Color Smoke Balls (715244007028) fireworks manufacturer","https://www.liuyangfireworks.net/blog/liuyang-smoke-fireworks.html | https://elevatedfireworks.com/collections/smoke/products/black-cat-smoke-balls-12-pack","Black Cat 12-pack UPC 715244007028 is identified. The reviewed retailer photograph mixes an outer carton, multiple bags and loose balls; it does not clearly isolate one complete 12-pack.","Readable complete 12-ball retail package photograph, not a wholesale carton or several retail units."
"CNOC2VMJH3XFZJMHJI4N5R45","043100700074","","Color Sparklers #10","Color Sparklers #10","Unknown","Unknown","Sparklers","Sparklers","Unknown","no_match","No sufficiently specific candidate identified in the two Dynamite catalog files.","Unknown","Manufacturer or UPC/model, exact package/variant and corresponding photo/video.","285","286","286","Items","286","identity_confirmation_needed","","Unknown","Unknown","","""043100700074"" fireworks | Color Sparklers #10 Sparklers fireworks manufacturer","https://www.shogunvulcan.com/product/sep10a-shogun-color-sparklers-red-blue-green-10 | https://goldfieldfireworks.com/index.php/our-fireworks/sparklers/product/1592-color-sparklers-10 | https://keystonefireworks.com/shop/10-color-sparklers/ | https://www.asoksparklers.com/color-sparklers.php","Name/presentation research returned candidates (including ""SEP10A SHOGUN COLOR SPARKLERS RED, BLUE, GREEN 10"" - Sparklers - USA Consumer Fireworks - Sparklers - USA Consumer Fireworks - SHOGUN | VULCAN fireworks manufacturer""), but no consulted product page establishes the Square code 043100700074, brand and exact variant together. The Dynamite name candidates remain unconfirmed.","Provide the exact Rockwall package photograph and readable manufacturer/UPC plus retail count; do not approve by name alone."
"2UXYY5LMMJRHVZCVIFAAOUXN","849107065013","","Comet Cannon","Comet Cannon","Unknown","Roman Candles","Regular","Unknown","Unknown","no_match","No sufficiently specific candidate identified in the two Dynamite catalog files.","Unknown","Manufacturer or UPC/model, exact package/variant and corresponding photo/video.","287","288","288","Items","288","identity_confirmation_needed","","Unknown","Unknown","","""849107065013"" fireworks | Comet Cannon  fireworks manufacturer","https://www.fireworksfactorydirect.com/product-page/comet-cannon | https://comet-marine.com/quality-manufacturing-excellence/ | https://www.cometfireworks.com/about/ | https://de.wikipedia.org/wiki/Comet_Feuerwerk | https://www.stagefireworks.cn/pyrotechnics/comet/","Name/presentation research returned candidates (including ""COMET CANNON | FFD Fireworks""), but no consulted product page establishes the Square code 849107065013, brand and exact variant together. The Dynamite name candidates remain unconfirmed.","Provide the exact Rockwall package photograph and readable manufacturer/UPC plus retail count; do not approve by name alone."
"54J2U37QPJAWUQCUXQONKKAM","687985121427","","Corona (6 sitcks)","Corona (6 sitcks)","Unknown","Stick Rockets","Regular","Unknown","Unknown","no_match","No sufficiently specific candidate identified in the two Dynamite catalog files.","Unknown","Manufacturer or UPC/model, exact package/variant and corresponding photo/video.","289","290","290","Items","290","candidate_requires_package_review","","Unknown","Unknown","","""687985121427"" fireworks | Corona Rockets 6pk Brothers Fireworks official fireworks manufacturer","https://ocfireworks.com/corona-rockets-6pk/ | https://americanwholesalefireworks.com/corona-rocket/ | https://americanwholesalefireworks.com/corona-rocket//","Code 687985121427 occurs in the retrieved product/source ""Corona Rockets 6pk"". Square records ""Corona (6 sitcks)"" / ""Regular""; this is a candidate, not a confirmed retail-package crosswalk. Inspected reference https://cdn11.bigcommerce.com/s-m60h2m7qge/images/stencil/800x800/products/8899/5593/Corona_Rockets__75744.1647367798.jpg?c=2 ([800, 800]); its background is opaque and no faithful transparent exact-unit resource was approved.","Provide the exact Rockwall package photograph and readable manufacturer/UPC plus retail count; do not approve by name alone."
"RNY5C7YANLXHN4FDUF6G7SDX","649762148126","","Coyote Sam 500g","Coyote Sam 500g","Unknown","Unknown","Regular","Unknown","500g","no_match","No sufficiently specific candidate identified in the two Dynamite catalog files.","Unknown","Manufacturer or UPC/model, exact package/variant and corresponding photo/video.","291","292","292","Items","292","identity_confirmation_needed","","Unknown","Unknown","","""649762148126"" fireworks","https://arfireworks.com/GM1117-Coyote-Sam-R-PC/","Name/presentation research returned candidates (including ""Coyote Sam - AR Fireworks""), but no consulted product page establishes the Square code 649762148126, brand and exact variant together. The Dynamite name candidates remain unconfirmed.","Provide the exact Rockwall package photograph and readable manufacturer/UPC plus retail count; do not approve by name alone."
"YPFHO6DMTAZG42ZDDG6C6PTV","715244063383","","Cracking Color Palms X 200 Gram 19 Shot","Cracking Color Palms X 200 Gram 19 Shot","Unknown","Unknown","Regular","Unknown","200 Gram | 19 Shot","no_match","No sufficiently specific candidate identified in the two Dynamite catalog files.","Unknown","Manufacturer or UPC/model, exact package/variant and corresponding photo/video.","294","295","295","Items","295","no_verified_identity","","Unknown","Unknown","","""715244063383"" fireworks","","Code and name/presentation searches did not establish an exact product for Square ""Cracking Color Palms X 200 Gram 19 Shot"" / ""Regular"" (code 715244063383). No verified manufacturer/package image or exact model was found; generic/store identifiers cannot determine identity.","Provide the exact Rockwall package photograph and readable manufacturer/UPC plus retail count; do not approve by name alone."
"CARIESHRS7Z7SZK7NJTLEP7M","8145270182611","","Crackling Ball 6pc Bogo.","Crackling Ball 6pc .","Unknown","Unknown","Regular","Unknown","6pc","no_match","No sufficiently specific candidate identified in the two Dynamite catalog files.","Unknown","Manufacturer or UPC/model, exact package/variant and corresponding photo/video.","295","296","296","Items","296","candidate_requires_package_review","","Unknown","Unknown","","""8145270182611"" fireworks | Crackling Balls Cutting Edge official fireworks manufacturer","https://usa-fireworks.com/products/novelty/crackling-balls/ | https://cuttingedgefireworks.com/firework-category/firecrackers/ | https://www.aahfireworks.com/crackling-ball-ce-case.html","Code 8145270182611 occurs in the retrieved product/source ""Crackling Balls | Pack of 6"". Square records ""Crackling Ball 6pc Bogo."" / ""Regular""; this is a candidate, not a confirmed retail-package crosswalk. Inspected reference https://usa-fireworks.com/wp-content/uploads/2026/09/original-6.jpg ([300, 300]); its background is opaque and no faithful transparent exact-unit resource was approved.","Provide the exact Rockwall package photograph and readable manufacturer/UPC plus retail count; do not approve by name alone."
"LT3UDBGRPQLI6X7TTOIMN4YO","688397661778","","Crash 25 Shot 200G","Crash 25 Shot 200G","Unknown","Unknown","Regular","Unknown","25 Shot | 200G","no_match","No sufficiently specific candidate identified in the two Dynamite catalog files.","Unknown","Manufacturer or UPC/model, exact package/variant and corresponding photo/video.","296","297","297","Items","297","identity_confirmation_needed","","Unknown","Unknown","","""688397661778"" fireworks | Crash 25 Shot 200G  fireworks manufacturer","https://www.fishermanpyro.com/200g-cake/great-effect-25-shots-200g-cakes-fireworks-bf6696a-big-winner-from-fisherman-fireworks | https://vimeo.com/588976119 | https://www.boomwowfireworks.com/extraordinary-200-gram/bw1214---crash%21-25-shot.html","Name/presentation research returned candidates (including ""Great Effect 25 shots 200g cakes fireworks BF6696A Big Winner from Fisherman Fireworks, China Great Effect 25 shots 200g cakes fireworks BF6696A Big Winner from Fisherman Fireworks Manufacturers, Suppliers, Factory - FISHERMAN PYROTECHNICS INC""), but no consulted product page establishes the Square code 688397661778, brand and exact variant together. The Dynamite name candidates remain unconfirmed.","Provide the exact Rockwall package photograph and readable manufacturer/UPC plus retail count; do not approve by name alone."
"2KHQJPY6XSLI3ELDKJ2OMW6C","688397661754","","Crash 25 Shot 200G","Crash 25 Shot 200G","Unknown","Unknown","bazinga 25 shot 200G","bazinga 25 shot 200G","25 Shot | 200G","no_match","No sufficiently specific candidate identified in the two Dynamite catalog files.","Unknown","Manufacturer or UPC/model, exact package/variant and corresponding photo/video.","297","298","298","Items","298","identity_confirmation_needed","","Unknown","Unknown","","""688397661754"" fireworks | Crash 25 Shot 200G bazinga 25 shot 200G fireworks manufacturer","https://vimeo.com/588976119 | https://www.fishermanpyro.com/200g-cake/great-effect-25-shots-200g-cakes-fireworks-bf6696a-big-winner-from-fisherman-fireworks | https://www.boomwowfireworks.com/extraordinary-200-gram/bw1214---crash%21-25-shot.html","Name/presentation research returned candidates (including ""Bazinga! Krunch! Crash! 25 Shot 200 Gram BW1212 | Videos & Movies on Vimeo""), but no consulted product page establishes the Square code 688397661754, brand and exact variant together. The Dynamite name candidates remain unconfirmed.","Provide the exact Rockwall package photograph and readable manufacturer/UPC plus retail count; do not approve by name alone."
"SLEB37QVCY2KFTUVOS3QP3JN","688397661761","","Crash 25 Shot 200G","Crash 25 Shot 200G","Unknown","Unknown","krunch 25 shot 200G","krunch 25 shot 200G","25 Shot | 200G","no_match","No sufficiently specific candidate identified in the two Dynamite catalog files.","Unknown","Manufacturer or UPC/model, exact package/variant and corresponding photo/video.","298","299","299","Items","299","identity_confirmation_needed","","Unknown","Unknown","","""688397661761"" fireworks | Crash 25 Shot 200G krunch 25 shot 200G fireworks manufacturer","https://vimeo.com/588976119 | https://www.fishermanpyro.com/200g-cake/great-effect-25-shots-200g-cakes-fireworks-bf6696a-big-winner-from-fisherman-fireworks | https://www.boomwowfireworks.com/extraordinary-200-gram/bw1214---crash%21-25-shot.html | https://en.mcfireworks.com/product-detail/-don-t-stop-believin--25-shots-200g-cake-mc218 | https://realdealfireworks.com/products/jawbreaker-25-shot-200g-strobe-color-cake","Name/presentation research returned candidates (including ""Bazinga! Krunch! Crash! 25 Shot 200 Gram BW1212 | Videos & Movies on Vimeo""), but no consulted product page establishes the Square code 688397661761, brand and exact variant together. The Dynamite name candidates remain unconfirmed.","Provide the exact Rockwall package photograph and readable manufacturer/UPC plus retail count; do not approve by name alone."
"FIGJUNTJBEP3OSIX7BI6A6DZ","847294012131","","Crazy Chicken","Crazy Chicken","Unknown","Unknown","Regular","Unknown","Unknown","no_match","No sufficiently specific candidate identified in the two Dynamite catalog files.","Unknown","Manufacturer or UPC/model, exact package/variant and corresponding photo/video.","299","300","300","Items","300","identity_confirmation_needed","","Unknown","Unknown","","""847294012131"" fireworks | Crazy Chicken  fireworks manufacturer","https://hurtownia-fajerwerki.pl/product-pol-3665-WYRZUTNIA-CRAZY-CHICKEN-40-strzalow-25mm-CLE4092-SRPYRO.html | https://www.feuerwerkshop.de/jugendfeuerwerk-crazy-chicken | https://ultraspiro.com/product/crazy-chicken-40s-cle4092/","Name/presentation research returned candidates (including ""WYRZUTNIA CRAZY CHICKEN - 40 strzałów - 25mm - CLE4092 - SRPYRO | 6942037740921""), but no consulted product page establishes the Square code 847294012131, brand and exact variant together. The Dynamite name candidates remain unconfirmed.","Provide the exact Rockwall package photograph and readable manufacturer/UPC plus retail count; do not approve by name alone."
"ACH7X3F3TFHIS7RQSF7MTIEM","8145270150115","","Cruelty Devil 500 Gram 33 Shots","Cruelty Devil 500 Gram 33 Shots","Unknown","Unknown","Regular","Unknown","500 Gram | 33 Shots","no_match","No sufficiently specific candidate identified in the two Dynamite catalog files.","Unknown","Manufacturer or UPC/model, exact package/variant and corresponding photo/video.","301","302","302","Items","302","no_verified_identity","","Unknown","Unknown","","""8145270150115"" fireworks | Cruelty Devil 500 Gram 33 Shots  fireworks manufacturer","","Code and name/presentation searches did not establish an exact product for Square ""Cruelty Devil 500 Gram 33 Shots"" / ""Regular"" (code 8145270150115). No verified manufacturer/package image or exact model was found; generic/store identifiers cannot determine identity.","Provide the exact Rockwall package photograph and readable manufacturer/UPC plus retail count; do not approve by name alone."
"FJT7BZ4ZU7GAW6WHFWBJ3JBT","887946041485","","Cuckoo BOGO","Cuckoo","Unknown","Unknown","Regular","Unknown","Unknown","no_match","No sufficiently specific candidate identified in the two Dynamite catalog files.","Unknown","Manufacturer or UPC/model, exact package/variant and corresponding photo/video.","302","303","303","Items","303","no_verified_identity","","Unknown","Unknown","","""887946041485"" fireworks | Cuckoo  fireworks manufacturer","https://en.wikipedia.org/wiki/Cuckoo_Electronics | https://en.wikipedia.org/wiki/Cuckoo_%28disambiguation%29","Code and name/presentation searches did not establish an exact product for Square ""Cuckoo BOGO"" / ""Regular"" (code 887946041485). No verified manufacturer/package image or exact model was found; generic/store identifiers cannot determine identity.","Provide the exact Rockwall package photograph and readable manufacturer/UPC plus retail count; do not approve by name alone."
"OG3TJTR7VFJSVHKTSYLMUMWX","887946041423","","Cuckoo BOGO","Cuckoo","Unknown","Unknown","Cuckoo 6 Pack","Cuckoo 6 Pack","Unknown","no_match","No sufficiently specific candidate identified in the two Dynamite catalog files.","Unknown","Manufacturer or UPC/model, exact package/variant and corresponding photo/video.","303","304","304","Items","304","no_verified_identity","","Unknown","Unknown","","""887946041423"" fireworks | Cuckoo Cuckoo 6 Pack fireworks manufacturer","https://www.spfireworks.com/products_detail_1/565.html","Code and name/presentation searches did not establish an exact product for Square ""Cuckoo BOGO"" / ""Cuckoo 6 Pack"" (code 887946041423). No verified manufacturer/package image or exact model was found; generic/store identifiers cannot determine identity.","Provide the exact Rockwall package photograph and readable manufacturer/UPC plus retail count; do not approve by name alone."
"GY7QHO54XRO6QWTAUGPDIZH3","612005106221","","Cuckoo/killer Bees","Cuckoo/killer Bees","Unknown","Unknown","Regular","Unknown","Unknown","no_match","No sufficiently specific candidate identified in the two Dynamite catalog files.","Unknown","Manufacturer or UPC/model, exact package/variant and corresponding photo/video.","304","305","305","Items","305","no_verified_identity","","Unknown","Unknown","","""612005106221"" fireworks | Cuckoo/killer Bees  fireworks manufacturer","https://www.reddit.com/r/fireworks/comments/1dhocpw","Code and name/presentation searches did not establish an exact product for Square ""Cuckoo/killer Bees"" / ""Regular"" (code 612005106221). No verified manufacturer/package image or exact model was found; generic/store identifiers cannot determine identity.","Provide the exact Rockwall package photograph and readable manufacturer/UPC plus retail count; do not approve by name alone."
"PVA6PRTMEZGNEUVU222I6IMV","8145270155219","","Customary Enforcer 500 Gram 75 Shots","Customary Enforcer 500 Gram 75 Shots","Unknown","Unknown","Regular","Unknown","500 Gram | 75 Shots","no_match","No sufficiently specific candidate identified in the two Dynamite catalog files.","Unknown","Manufacturer or UPC/model, exact package/variant and corresponding photo/video.","305","306","306","Items","306","no_verified_identity","","Unknown","Unknown","","""8145270155219"" fireworks | Customary Enforcer 500 Gram 75 Shots  fireworks manufacturer","https://americanfireworks.com/customary-enforcer/","Code and name/presentation searches did not establish an exact product for Square ""Customary Enforcer 500 Gram 75 Shots"" / ""Regular"" (code 8145270155219). No verified manufacturer/package image or exact model was found; generic/store identifiers cannot determine identity.","Provide the exact Rockwall package photograph and readable manufacturer/UPC plus retail count; do not approve by name alone."
"Y4LB5KXKEDFKQKP2GNQGEF4F","8145270161715","","Cutting Edge Artillery Shells","Cutting Edge Artillery Shells","Unknown","Artillery/Festival Balls","Regular","Unknown","Unknown","no_match","No sufficiently specific candidate identified in the two Dynamite catalog files.","Unknown","Manufacturer or UPC/model, exact package/variant and corresponding photo/video.","307","308","308","Items","308","identity_confirmation_needed","","Unknown","Unknown","","""8145270161715"" fireworks | Cutting Edge Artillery Shells  fireworks manufacturer","https://cuttingedgefireworks.com/firework-category/artillery-shells/ | https://www.reddit.com/r/fireworks/comments/hcfu0c | https://americanfireworks.com/customary-enforcer/ | https://www.broadfireworks.com/application/artillery-shells | https://bellinofireworks.com/product_category/artillery-shells/","Name/presentation research returned candidates (including ""Artillery Shells – Cutting Edge Fireworks""), but no consulted product page establishes the Square code 8145270161715, brand and exact variant together. The Dynamite name candidates remain unconfirmed.","Provide the exact Rockwall package photograph and readable manufacturer/UPC plus retail count; do not approve by name alone."
"LYTQRC7FSGFBEKFPO6JB4QR6","8145270100813","","Cutting Edge Firecrackers 200ct BOGO","Cutting Edge Firecrackers 200ct","Unknown","Unknown","Regular","Unknown","200ct","no_match","No sufficiently specific candidate identified in the two Dynamite catalog files.","Unknown","Manufacturer or UPC/model, exact package/variant and corresponding photo/video.","308","309","309","Items","309","no_verified_identity","","Unknown","Unknown","","""8145270100813"" fireworks | Cutting Edge Firecrackers 200ct  fireworks manufacturer","https://cuttingedgefireworks.com/","Code and name/presentation searches did not establish an exact product for Square ""Cutting Edge Firecrackers 200ct BOGO"" / ""Regular"" (code 8145270100813). No verified manufacturer/package image or exact model was found; generic/store identifiers cannot determine identity.","Provide the exact Rockwall package photograph and readable manufacturer/UPC plus retail count; do not approve by name alone."
"US6AED6QGLESYW7FW7TOXD47","705108115518","","Dagger","Dagger","Unknown","Unknown","Regular","Unknown","Unknown","no_match","No sufficiently specific candidate identified in the two Dynamite catalog files.","Unknown","Manufacturer or UPC/model, exact package/variant and corresponding photo/video.","310","311","311","Items","311","no_verified_identity","","Unknown","Unknown","","""705108115518"" fireworks | Dagger  fireworks manufacturer","","Code and name/presentation searches did not establish an exact product for Square ""Dagger"" / ""Regular"" (code 705108115518). No verified manufacturer/package image or exact model was found; generic/store identifiers cannot determine identity.","Provide the exact Rockwall package photograph and readable manufacturer/UPC plus retail count; do not approve by name alone."
"SAEDDBA2AX5RXVFM64AUJRUU","943100700060","","Dancing Butterfly Fountain 6 Pk","Dancing Butterfly Fountain 6 Pk","Unknown","Fountains","Regular","Unknown","Unknown","no_match","No sufficiently specific candidate identified in the two Dynamite catalog files.","Unknown","Manufacturer or UPC/model, exact package/variant and corresponding photo/video.","312","313","313","Items","313","identity_confirmation_needed","","Unknown","Unknown","","""943100700060"" fireworks | Dancing Butterfly Fountain 6 Pk  fireworks manufacturer","https://rkmfireworks.net/dancing-butterfly-6-1/ | https://fireworks.com/products/ground-non-aerial/ground-spinner/dancing-butterfly-6-pc | https://dosgringosfireworks.com/dancing-butterfly-6-pack/","Name/presentation research returned candidates (including ""DANCING BUTTERFLY 6/1 - RKM Fireworks Co.""), but no consulted product page establishes the Square code 943100700060, brand and exact variant together. The Dynamite name candidates remain unconfirmed.","Provide the exact Rockwall package photograph and readable manufacturer/UPC plus retail count; do not approve by name alone."
"7IRY6HSNH4VNPLT6PXWZKT75","814527301416","","Death Craze 500 Gram 25 Shots","Death Craze 500 Gram 25 Shots","Unknown","Unknown","Regular","Unknown","500 Gram | 25 Shots","no_match","No sufficiently specific candidate identified in the two Dynamite catalog files.","Unknown","Manufacturer or UPC/model, exact package/variant and corresponding photo/video.","315","316","316","Items","316","identity_confirmation_needed","","Unknown","Unknown","","""814527301416"" fireworks | Death Craze 500 Gram 25 Shots  fireworks manufacturer","https://americanwholesalefireworks.com/death-craze/ | https://vimeo.com/589527806 | https://fireworks.com/products/aerial/500-gram-repeaters/survivor-25-shot","Name/presentation research returned candidates (including ""Death Craze - 500 Gram Cake""), but no consulted product page establishes the Square code 814527301416, brand and exact variant together. The Dynamite name candidates remain unconfirmed.","Provide the exact Rockwall package photograph and readable manufacturer/UPC plus retail count; do not approve by name alone."
"FOBFNTFXNE7QORSE2A2AI7BT","8145270144916","","Death Rattle 200 Gram 25 Shot","Death Rattle 200 Gram 25 Shot","Unknown","Unknown","Regular","Unknown","200 Gram | 25 Shot","no_match","No sufficiently specific candidate identified in the two Dynamite catalog files.","Unknown","Manufacturer or UPC/model, exact package/variant and corresponding photo/video.","316","317","317","Items","317","candidate_requires_package_review","","Unknown","Unknown","","""8145270144916"" fireworks | Death Rattle Cutting Edge Fireworks official fireworks manufacturer","https://ocfireworks.com/death-rattle/ | https://cuttingedgefireworks.com/fire-product/death-rattle-25-shot/ | https://fourseasonsfireworks.com/brand/cutting-edge-fireworks/ | https://www.boomtownfireworks.com/products/deathrattle/ | https://fourseasonsfireworks.com/product/death-rattle/","Code 8145270144916 occurs in the retrieved product/source ""Death Rattle"". Square records ""Death Rattle 200 Gram 25 Shot"" / ""Regular""; this is a candidate, not a confirmed retail-package crosswalk. Inspected reference https://cdn11.bigcommerce.com/s-m60h2m7qge/images/stencil/800x800/products/9006/6813/Death_Rattle__34194.1655304320.jpg?c=2 ([800, 800]); its background is opaque and no faithful transparent exact-unit resource was approved.","Provide the exact Rockwall package photograph and readable manufacturer/UPC plus retail count; do not approve by name alone."
"YQF53NHFFBFUSMKF35LBA6VG","400141322120","","Demon Shells","Demon Shells","Unknown","Unknown","Regular","Unknown","Unknown","no_match","No sufficiently specific candidate identified in the two Dynamite catalog files.","Unknown","Manufacturer or UPC/model, exact package/variant and corresponding photo/video.","317","318","318","Items","318","identity_confirmation_needed","","Unknown","Unknown","","""400141322120"" fireworks | Demon Shells  fireworks manufacturer","https://elevatedfireworks.com/products/demon-shells-24-shot-canister-shells | https://ocfireworks.com/demon-shells-24-ct-kit-w-hdpe-tubes/ | https://www.hotrocketfireworks.com/demon-stinger-by-raccoon-fireworks/ | https://cindysfireworks.com/products/demon-stinger | https://fireworksnow.com/product/demon-stinger/","Name/presentation research returned candidates (including ""Demon Shells 24-Shot Canister Shells – Elevated Fireworks""), but no consulted product page establishes the Square code 400141322120, brand and exact variant together. The Dynamite name candidates remain unconfirmed.","Provide the exact Rockwall package photograph and readable manufacturer/UPC plus retail count; do not approve by name alone."
"HOJWUIDUTAOYK255JGDXN7E5","757201525183","","Demon Stinger 500 Gram","Demon Stinger 500 Gram","Unknown","500 GRAM FINALE","Regular","Unknown","500 Gram","no_match","No sufficiently specific candidate identified in the two Dynamite catalog files.","Unknown","Manufacturer or UPC/model, exact package/variant and corresponding photo/video.","318","319","319","Items","319","identity_confirmation_needed","","Unknown","Unknown","","""757201525183"" fireworks | Demon Stinger 500 Gram  fireworks manufacturer","https://cindysfireworks.com/products/demon-stinger | https://www.hotrocketfireworks.com/demon-stinger-by-raccoon-fireworks/ | https://fireworksnow.com/product/demon-stinger/ | https://raccoonfireworksusa.com/product/demon-stinger/","Current Raccoon catalog has an exact-name candidate with a clean photograph, but its page does not publish the UPC and further retailer searches did not verify Square code 757201525183. Manufacturer-code digits embedded in a store/export code are not sufficient proof; require the original barcode/package before import.","Provide the exact Rockwall package photograph and readable manufacturer/UPC plus retail count; do not approve by name alone."
"XF6HKHESS6PH3D2OUJFBXNAH","037226808134","","Depth Charge","Depth Charge","Unknown","Unknown","Regular","Unknown","Unknown","no_match","No sufficiently specific candidate identified in the two Dynamite catalog files.","Unknown","Manufacturer or UPC/model, exact package/variant and corresponding photo/video.","319","320","320","Items","320","no_verified_identity","","Unknown","Unknown","","""037226808134"" fireworks | Depth Charge  fireworks manufacturer","https://en.wikipedia.org/wiki/Depth_charge","Code and name/presentation searches did not establish an exact product for Square ""Depth Charge"" / ""Regular"" (code 037226808134). No verified manufacturer/package image or exact model was found; generic/store identifiers cannot determine identity.","Provide the exact Rockwall package photograph and readable manufacturer/UPC plus retail count; do not approve by name alone."
"4NC6DX6Y2QALM2DXWI2KTDPX","821600009305","","Desert At Night Fountain","Desert At Night Fountain","Unknown","Fountains","Regular","Unknown","Unknown","no_match","No sufficiently specific candidate identified in the two Dynamite catalog files.","Unknown","Manufacturer or UPC/model, exact package/variant and corresponding photo/video.","320","321","321","Items","321","identity_confirmation_needed","","Unknown","Unknown","","""821600009305"" fireworks | Desert At Night Fountain  fireworks manufacturer","https://rrfireworks.com/firework/desert-at-night/ | https://megabangerfireworks.com/product/desert-at-night/","Name/presentation research returned candidates (including ""Desert At Night - R&R Fireworks""), but no consulted product page establishes the Square code 821600009305, brand and exact variant together. The Dynamite name candidates remain unconfirmed.","Provide the exact Rockwall package photograph and readable manufacturer/UPC plus retail count; do not approve by name alone."
"XKO5S6U3AXIMVMIH2DN4FUOH","887946003407","","Desert Eagle 9 Shots","Desert Eagle 9 Shots","Unknown","Unknown","Regular","Unknown","9 Shots","no_match","No sufficiently specific candidate identified in the two Dynamite catalog files.","Unknown","Manufacturer or UPC/model, exact package/variant and corresponding photo/video.","321","322","322","Items","322","identity_confirmation_needed","","Unknown","Unknown","","""887946003407"" fireworks | Desert Eagle 9 Shots  fireworks manufacturer","https://www.magnumresearch.com/category/press-releases/ | https://en.wikipedia.org/wiki/Desert_Eagle | https://de.wikipedia.org/wiki/Desert_Eagle | https://fr.wikipedia.org/wiki/Desert_Eagle","Name/presentation research returned candidates (including ""Press Releases | Magnum Research, Inc. | Desert Eagle pistols and BFR revolvers""), but no consulted product page establishes the Square code 887946003407, brand and exact variant together. The Dynamite name candidates remain unconfirmed.","Provide the exact Rockwall package photograph and readable manufacturer/UPC plus retail count; do not approve by name alone."
"4MNGOKBOL3IPGMHAVCPUY6MW","8052530200513","","Desert Smoke","Desert Smoke","Unknown","Unknown","Regular","Unknown","Unknown","no_match","No sufficiently specific candidate identified in the two Dynamite catalog files.","Unknown","Manufacturer or UPC/model, exact package/variant and corresponding photo/video.","322","323","323","Items","323","identity_confirmation_needed","","Unknown","Unknown","","""8052530200513"" fireworks | Desert Smoke  fireworks manufacturer","https://daveyfireworks.com/web/product/desert-smoke | https://en.wikipedia.org/wiki/Desert_Eagle | https://de.wikipedia.org/wiki/Desert_Eagle | https://fr.wikipedia.org/wiki/Desert_Eagle | https://www.magnumresearch.com/category/press-releases/","Name/presentation research returned candidates (including ""Desert Smoke from Boomer - Davey Fireworks""), but no consulted product page establishes the Square code 8052530200513, brand and exact variant together. The Dynamite name candidates remain unconfirmed.","Provide the exact Rockwall package photograph and readable manufacturer/UPC plus retail count; do not approve by name alone."
"MUWPARNM5IHEUEY3Q3TOSK5C","687985905201","","Desperado 108 Breaks","Desperado 108 Breaks","Unknown","Unknown","Regular","Unknown","108 Breaks","no_match","No sufficiently specific candidate identified in the two Dynamite catalog files.","Unknown","Manufacturer or UPC/model, exact package/variant and corresponding photo/video.","323","324","324","Items","324","identity_confirmation_needed","","Unknown","Unknown","","""687985905201"" fireworks | Desperado 108 Breaks  fireworks manufacturer","https://whitelightningfireworks.com/RL190-Desperado/","Name/presentation research returned candidates (including ""Desperado - 36 Shell Firework Kit with 108 Expansive Breaks""), but no consulted product page establishes the Square code 687985905201, brand and exact variant together. The Dynamite name candidates remain unconfirmed.","Provide the exact Rockwall package photograph and readable manufacturer/UPC plus retail count; do not approve by name alone."
"NH3YFLWYGENMILFCAQSJMENN","757202300161","","Dino Eggsplosion Assortment Pack","Dino Eggsplosion Assortment Pack","Unknown","Unknown","Regular","Unknown","Unknown","probable","Name identifies a candidate only; manufacturer and exact presentation have not been established.","products.json[35] Dino Eggsplosion / Monkey Mania / /products/dino-eggsplosion.png","Manufacturer or UPC/model, exact package/variant and corresponding photo/video.","324","325","325","Items","325","package_review","","Monkey Mania","MM30016","","""757202300161"" fireworks","https://www.raccoonfireworksusa.com/product-page/dino-eggsplosion","Dino Eggsplosion source has case packing 8/1 but the photograph shows multiple eggs and contents. Confirm the single retail presentation before assigning it.","Provide the exact Rockwall package photograph and readable manufacturer/UPC plus retail count; do not approve by name alone."
"XDAMKKBGUSBTYTB3QTKXU5RN","705108097807","","Diwali Dazzler","Diwali Dazzler","Unknown","Unknown","Regular","Unknown","Unknown","probable","Two Square tokens have the same Diwali Dazzler name but different SKUs. Source cannot distinguish their presentations; do not merge.","products.json[149] Diwali Dazzler / Winda / /products/diwali-dazzler.png","Manufacturer or UPC/model, exact package/variant and corresponding photo/video.","325","326","326","Items","326","data_conflict","","Unknown","Unknown","","""705108097807"" fireworks","https://www.getwinda.com/product-page/diwali-dazzler","Square code 705108097807 is not the approved P0038 Diwali Dazzler unit code 705108003808. Do not merge a possible case/other assortment with the existing product.","Provide the exact Rockwall package photograph and readable manufacturer/UPC plus retail count; do not approve by name alone."
"EOL2XMCH6ACC23AV2DB3TJRG","649762148690","","Doge This 200 G","Doge This 200 G","Unknown","Unknown","Regular","Unknown","200 G","no_match","No sufficiently specific candidate identified in the two Dynamite catalog files.","Unknown","Manufacturer or UPC/model, exact package/variant and corresponding photo/video.","327","328","328","Items","328","no_verified_identity","","Unknown","Unknown","","""649762148690"" fireworks | Doge This 200 G  fireworks manufacturer","https://www.reddit.com/r/fireworks/comments/1e0d6wy","Code and name/presentation searches did not establish an exact product for Square ""Doge This 200 G"" / ""Regular"" (code 649762148690). No verified manufacturer/package image or exact model was found; generic/store identifiers cannot determine identity.","Provide the exact Rockwall package photograph and readable manufacturer/UPC plus retail count; do not approve by name alone."
"5TD5X4FLPVCTVQF7BHYK32IN","757205301738","","Dont Tread On Me 500 Gram","Dont Tread On Me 500 Gram","Unknown","500 GRAM FINALE","Regular","Unknown","500 Gram","no_match","No sufficiently specific candidate identified in the two Dynamite catalog files.","Unknown","Manufacturer or UPC/model, exact package/variant and corresponding photo/video.","328","329","329","Items","329","identity_confirmation_needed","","Unknown","Unknown","","""757205301738"" fireworks | Dont Tread On Me 500 Gram  fireworks manufacturer","https://millerfireworks.com/product/dont-tread-on-me-24-shot-miracle/","Name/presentation research returned candidates (including ""DON'T TREAD ON ME 24 SHOT MIRACLE - MILLER FIREWORKS""), but no consulted product page establishes the Square code 757205301738, brand and exact variant together. The Dynamite name candidates remain unconfirmed.","Provide the exact Rockwall package photograph and readable manufacturer/UPC plus retail count; do not approve by name alone."
"LKGFXCZ2K7OWM7KUC65CNSR2","821600012121","","Double Break Artillery Shells","Double Break Artillery Shells","Unknown","Unknown","Regular","Unknown","Unknown","no_match","No sufficiently specific candidate identified in the two Dynamite catalog files.","Unknown","Manufacturer or UPC/model, exact package/variant and corresponding photo/video.","329","330","330","Items","330","identity_confirmation_needed","","Unknown","Unknown","","""821600012121"" fireworks | Double Break Artillery Shells  fireworks manufacturer","https://flashingfireworks.com/products/double-barrel | https://www.championfireworks.com/Artillery-shells723/lk3003-175-assorted-shells-6-balls-double-kill | https://www.elitefireworks.com/products/double-wow-factor | https://www.broadfireworks.com/application/artillery-shells | https://h4fireworks.com/products/artillery-shells","Name/presentation research returned candidates (including ""Double Barrel | Artillery Shells | Flashing Fireworks""), but no consulted product page establishes the Square code 821600012121, brand and exact variant together. The Dynamite name candidates remain unconfirmed.","Provide the exact Rockwall package photograph and readable manufacturer/UPC plus retail count; do not approve by name alone."
"LBTCKAS2RFQS5ZCE3YWQ2ECX","887946003315","","Double Knight Paraschutes","Double Knight Paraschutes","Unknown","Unknown","Regular","Unknown","Unknown","no_match","No sufficiently specific candidate identified in the two Dynamite catalog files.","Unknown","Manufacturer or UPC/model, exact package/variant and corresponding photo/video.","331","332","332","Items","332","no_verified_identity","","Unknown","Unknown","","""887946003315"" fireworks","","Code and name/presentation searches did not establish an exact product for Square ""Double Knight Paraschutes"" / ""Regular"" (code 887946003315). No verified manufacturer/package image or exact model was found; generic/store identifiers cannot determine identity.","Provide the exact Rockwall package photograph and readable manufacturer/UPC plus retail count; do not approve by name alone."
"EJW2WP3EQ26XQFIYAVT7XUJV","8052530020715","","Dyno Mighty Mite","Dyno Mighty Mite","Unknown","Unknown","Regular","Unknown","Unknown","no_match","No sufficiently specific candidate identified in the two Dynamite catalog files.","Unknown","Manufacturer or UPC/model, exact package/variant and corresponding photo/video.","335","336","336","Items","336","candidate_requires_package_review","","Unknown","Unknown","","""8052530020715"" fireworks | Dyno-Mighty Mite World Class official fireworks manufacturer","https://staging.usa-fireworks.com/products/firecrackers-salutes/dyno-mighty-mite/ | https://usa-fireworks.com/products/firecrackers-salutes/dyno-mighty-mite/ | https://beta2024.usa-fireworks.com/products/firecrackers-salutes/dyno-mighty-mite/ | https://www.worldclassfireworks.com/video/dyno-mighty-mite/ | https://www.aahfireworks.com/dyno-mighty-mite-pack.html | https://mighty-mite.com/ | https://www.starspanglednovelties.com/firecrakers/dynomightymite.html","Code 8052530020715 occurs in the retrieved product/source ""Dyno-Mighty Mite"". Square records ""Dyno Mighty Mite"" / ""Regular""; this is a candidate, not a confirmed retail-package crosswalk. Inspected reference https://staging.usa-fireworks.com/wp-content/uploads/2024/11/original-7653.png ([569, 582]); its background is opaque and no faithful transparent exact-unit resource was approved.","Provide the exact Rockwall package photograph and readable manufacturer/UPC plus retail count; do not approve by name alone."
"EMV5KGIZEKFEZ47LERLTHHQ6","","841527120211","Echo Blast (2 sticks)","Echo Blast (2 sticks)","Unknown","Stick Rockets","Regular","Unknown","2 sticks","no_match","No sufficiently specific candidate identified in the two Dynamite catalog files.","Unknown","Manufacturer or UPC/model, exact package/variant and corresponding photo/video.","337","338","338","Items","338","candidate_requires_package_review","","Unknown","Unknown","","""841527120211"" fireworks | Echo Blast  official fireworks manufacturer","https://whitenightsfireworks.com/product/echo-blast/ | https://pyromaniapyro.com/echo-blast/ | https://dosgringosfireworks.com/echo-blast-2-pack-strobe-rocket/ | https://www.elitefireworks.com/products/echo-blast","Code 841527120211 occurs in the retrieved product/source ""Echo Blast"". Square records ""Echo Blast (2 sticks)"" / ""Regular""; this is a candidate, not a confirmed retail-package crosswalk. Inspected reference https://whitenightsfireworks.com/wp-content/uploads/2026/05/wn-firework_no-image.png ([800, 800]); a transparent file exists, but exact brand, package count or variant is not independently established; it was not published.","Provide the exact Rockwall package photograph and readable manufacturer/UPC plus retail count; do not approve by name alone."
"7PKHZPICZEFA4JUC4RVRVXGK","020165000110","","El Borracho 500 Gram","El Borracho 500 Gram","Unknown","500 GRAM FINALE","Regular","Unknown","500 Gram","no_match","No sufficiently specific candidate identified in the two Dynamite catalog files.","Unknown","Manufacturer or UPC/model, exact package/variant and corresponding photo/video.","338","339","339","Items","339","no_verified_identity","","Unknown","Unknown","","""020165000110"" fireworks | El Borracho 500 Gram  fireworks manufacturer","","Code and name/presentation searches did not establish an exact product for Square ""El Borracho 500 Gram"" / ""Regular"" (code 020165000110). No verified manufacturer/package image or exact model was found; generic/store identifiers cannot determine identity.","Provide the exact Rockwall package photograph and readable manufacturer/UPC plus retail count; do not approve by name alone."
"ADOJ2HOWLC3REE7GQSLVGOEP","680149005007","","Electric Sparklers ","Electric Sparklers","Unknown","Unknown","Regular","Unknown","Unknown","no_match","No sufficiently specific candidate identified in the two Dynamite catalog files.","Unknown","Manufacturer or UPC/model, exact package/variant and corresponding photo/video.","339","340","340","Items","340","identified_missing_image","","Unknown","Unknown","","""680149005007"" fireworks | 10"" Color Sparkler Shogun official fireworks manufacturer","https://staging.usa-fireworks.com/products/sparklers/10-color-sparkler-single-pack-of-8-sparklers/ | https://www.connfireworks.com/shogun-10-color-sparklers.html | https://rkmfireworks.net/shogun-color-sparklers-10-bamboo-12-8/ | https://www.superiorcelebrations.com/product/nce750b/10-color-sparklers.html | https://www.rkmfireworks.net/shogun-color-sparklers-10-bamboo-12-8/","The Winco UPC record identifies separate green/blue/red 10-inch electric wire sparkler eight-packs. Search candidates show Shogun bamboo sparklers or mixed colors, which cannot replace these wire/color variants.","Exact wire-stick eight-pack photo for each UPC/color; do not use bamboo-stick or assorted substitutes."
"EUGR467EG6YBC7IZANAOIYUQ","680149004987","","Electric Sparklers ","Electric Sparklers","Unknown","Unknown","Electric Sparklers BOGO","Electric Sparklers BOGO","Unknown","no_match","No sufficiently specific candidate identified in the two Dynamite catalog files.","Unknown","Manufacturer or UPC/model, exact package/variant and corresponding photo/video.","340","341","341","Items","341","identified_missing_image","","Unknown","Unknown","","""680149004987"" fireworks | Electric Sparklers Electric Sparklers BOGO fireworks manufacturer","https://www.alibaba.com/electric-sparklers-fireworks-suppliers.html | https://www.championfireworks.com/application/indoor-wedding-electric-sparklers | https://www.tradeindia.com/products/75-cm-electric-sparklers-cs-007-2387822.html | https://electricmatch.com/ | https://www.rameshcolour.com/ | https://www.rkmfireworks.net/shogun-color-sparklers-10-bamboo-12-8/","The Winco UPC record identifies separate green/blue/red 10-inch electric wire sparkler eight-packs. Search candidates show Shogun bamboo sparklers or mixed colors, which cannot replace these wire/color variants.","Exact wire-stick eight-pack photo for each UPC/color; do not use bamboo-stick or assorted substitutes."
"55MZDC6656ZFQBJ72GZUVDHL","680149004994","","Electric Sparklers ","Electric Sparklers","Unknown","Unknown","Electric Sparklers","Electric Sparklers","Unknown","no_match","No sufficiently specific candidate identified in the two Dynamite catalog files.","Unknown","Manufacturer or UPC/model, exact package/variant and corresponding photo/video.","341","342","342","Items","342","identified_missing_image","","Unknown","Unknown","","""680149004994"" fireworks | Electric Sparklers Electric Sparklers fireworks manufacturer","https://www.alibaba.com/electric-sparklers-fireworks-suppliers.html | https://www.championfireworks.com/application/indoor-wedding-electric-sparklers | https://www.tradeindia.com/products/75-cm-electric-sparklers-cs-007-2387822.html | https://electricmatch.com/ | https://www.rameshcolour.com/ | https://www.rkmfireworks.net/shogun-color-sparklers-10-bamboo-12-8/","The Winco UPC record identifies separate green/blue/red 10-inch electric wire sparkler eight-packs. Search candidates show Shogun bamboo sparklers or mixed colors, which cannot replace these wire/color variants.","Exact wire-stick eight-pack photo for each UPC/color; do not use bamboo-stick or assorted substitutes."
"HMEMTGD4XOIEVVLSFIF3T662","849107066058","","Emoji Sparklers","Emoji Sparklers","Unknown","Unknown","Regular","Unknown","Unknown","no_match","No sufficiently specific candidate identified in the two Dynamite catalog files.","Unknown","Manufacturer or UPC/model, exact package/variant and corresponding photo/video.","342","343","343","Items","343","no_verified_identity","","Unknown","Unknown","","""849107066058"" fireworks | Emoji Sparklers  fireworks manufacturer","https://www.alibaba.com/electric-sparklers-fireworks-suppliers.html | https://www.championfireworks.com/application/indoor-wedding-electric-sparklers | https://www.rameshcolour.com/ | https://www.hamburgfireworks.com/sparklers | https://www.vaigaisparklers.in/","Code and name/presentation searches did not establish an exact product for Square ""Emoji Sparklers"" / ""Regular"" (code 849107066058). No verified manufacturer/package image or exact model was found; generic/store identifiers cannot determine identity.","Provide the exact Rockwall package photograph and readable manufacturer/UPC plus retail count; do not approve by name alone."
"VYONZ7ZLNL2R6YKAJHXVZMXS","757201545082","","Evil Temptation","Evil Temptation","Unknown","Unknown","Regular","Unknown","Unknown","no_match","No sufficiently specific candidate identified in the two Dynamite catalog files.","Unknown","Manufacturer or UPC/model, exact package/variant and corresponding photo/video.","343","344","344","Items","344","identity_confirmation_needed","","Unknown","Unknown","","""757201545082"" fireworks","https://www.raccoonfireworksusa.com/product-page/evil-temptation","Name/presentation research returned candidates (including ""Evil Temptation | Raccoon""), but no consulted product page establishes the Square code 757201545082, brand and exact variant together. The Dynamite name candidates remain unconfirmed.","Provide the exact Rockwall package photograph and readable manufacturer/UPC plus retail count; do not approve by name alone."
"374DOYWQNPU2ZPQDA4RXLATG","","805253357013","Excalibur Platinum","Excalibur Platinum","Unknown","Unknown","Regular","Unknown","Unknown","no_match","No sufficiently specific candidate identified in the two Dynamite catalog files.","Unknown","Manufacturer or UPC/model, exact package/variant and corresponding photo/video.","345","346","346","Items","346","candidate_requires_package_review","","Unknown","Unknown","","""805253357013"" fireworks | EXCALIBUR PLATINUM  official fireworks manufacturer","https://sanduskyfireworks.com/product/458880/18045470-EXCALIBUR_PLATINUM | https://www.kandkfireworks.com/product-page/excalibur-platinum-5 | https://dosgringosfireworks.com/excalibur-platinum-artillery-shells-24-pack/ | https://www.lastchancefireworks.com/shop/c/p/Excalibur-Platinum-24-pk-x59617303.htm | https://staging.usa-fireworks.com/products/artillery-shells/excalibur-platinum-2/ | https://www.rtx.com/en/raytheon/what-we-do/land/excalibur-projectile","Code 805253357013 occurs in the retrieved product/source ""EXCALIBUR PLATINUM"". Square records ""Excalibur Platinum"" / ""Regular""; this is a candidate, not a confirmed retail-package crosswalk. Inspected reference https://franposcontent.azureedge.net/images/18045470/3/small?v=5857502195 ([400, 400]); its background is opaque and no faithful transparent exact-unit resource was approved.","Provide the exact Rockwall package photograph and readable manufacturer/UPC plus retail count; do not approve by name alone."
"CN2UGPN7G32ABKP2HR4VE56Y","705108320714","","Explosso","Explosso","Unknown","Unknown","Regular","Unknown","Unknown","no_match","No sufficiently specific candidate identified in the two Dynamite catalog files.","Unknown","Manufacturer or UPC/model, exact package/variant and corresponding photo/video.","346","347","347","Items","347","no_verified_identity","","Unknown","Unknown","","""705108320714"" fireworks | Explosso  fireworks manufacturer","","Code and name/presentation searches did not establish an exact product for Square ""Explosso"" / ""Regular"" (code 705108320714). No verified manufacturer/package image or exact model was found; generic/store identifiers cannot determine identity.","Provide the exact Rockwall package photograph and readable manufacturer/UPC plus retail count; do not approve by name alone."
"RRTRFIN5QPPFPDBBV7CIJF7C","705108320721","","Explosso","Explosso","Unknown","Unknown","Banguccino","Banguccino","Unknown","no_match","No sufficiently specific candidate identified in the two Dynamite catalog files.","Unknown","Manufacturer or UPC/model, exact package/variant and corresponding photo/video.","347","348","348","Items","348","no_verified_identity","","Unknown","Unknown","","""705108320721"" fireworks | Explosso Banguccino fireworks manufacturer","","Code and name/presentation searches did not establish an exact product for Square ""Explosso"" / ""Banguccino"" (code 705108320721). No verified manufacturer/package image or exact model was found; generic/store identifiers cannot determine identity.","Provide the exact Rockwall package photograph and readable manufacturer/UPC plus retail count; do not approve by name alone."
"KVCMEBUSBBC2K6IEAVWCFPMM","705108320738","","Explosso","Explosso","Unknown","Unknown","Boomcha","Boomcha","Unknown","no_match","No sufficiently specific candidate identified in the two Dynamite catalog files.","Unknown","Manufacturer or UPC/model, exact package/variant and corresponding photo/video.","348","349","349","Items","349","no_verified_identity","","Unknown","Unknown","","""705108320738"" fireworks | Explosso Boomcha fireworks manufacturer","","Code and name/presentation searches did not establish an exact product for Square ""Explosso"" / ""Boomcha"" (code 705108320738). No verified manufacturer/package image or exact model was found; generic/store identifiers cannot determine identity.","Provide the exact Rockwall package photograph and readable manufacturer/UPC plus retail count; do not approve by name alone."
"PY2S2TC72LQ7GCOBSZAKSH2I","705108320745","","Explosso","Explosso","Unknown","Unknown","Explosso","Explosso","Unknown","no_match","No sufficiently specific candidate identified in the two Dynamite catalog files.","Unknown","Manufacturer or UPC/model, exact package/variant and corresponding photo/video.","349","350","350","Items","350","no_verified_identity","","Unknown","Unknown","","""705108320745"" fireworks | Explosso Explosso fireworks manufacturer","","Code and name/presentation searches did not establish an exact product for Square ""Explosso"" / ""Explosso"" (code 705108320745). No verified manufacturer/package image or exact model was found; generic/store identifiers cannot determine identity.","Provide the exact Rockwall package photograph and readable manufacturer/UPC plus retail count; do not approve by name alone."
"UF6JHMTYDKFORDNS4HWDVFKD","715244000289","","Extra Large Missile Strike Force","Extra Large Missile Strike Force","Unknown","Unknown","Regular","Unknown","Unknown","no_match","No sufficiently specific candidate identified in the two Dynamite catalog files.","Unknown","Manufacturer or UPC/model, exact package/variant and corresponding photo/video.","350","351","351","Items","351","no_verified_identity","","Unknown","Unknown","","""715244000289"" fireworks | Extra Large Missile Strike Force  fireworks manufacturer","https://www.sunwingfireworks.com/product/sw-c2202/ | https://starburstfireworks.com/product/strike-force/ | https://ultraonline.co.uk/products/strike-force | https://deatonfireworks.com/fireworks/strike-missile/ | https://skemboomfireworks.com/products/missile-force","Code and name/presentation searches did not establish an exact product for Square ""Extra Large Missile Strike Force"" / ""Regular"" (code 715244000289). No verified manufacturer/package image or exact model was found; generic/store identifiers cannot determine identity.","Provide the exact Rockwall package photograph and readable manufacturer/UPC plus retail count; do not approve by name alone."
"2OR3O44WVF5KVALIHJFA3LOR","725272730737","","Extra Small Missile BOGO","Extra Small Missile","Unknown","Unknown","Regular","Unknown","Unknown","no_match","No sufficiently specific candidate identified in the two Dynamite catalog files.","Unknown","Manufacturer or UPC/model, exact package/variant and corresponding photo/video.","351","352","352","Items","352","no_verified_identity","","Unknown","Unknown","","""725272730737"" fireworks | Extra Small Missile  fireworks manufacturer","","Code and name/presentation searches did not establish an exact product for Square ""Extra Small Missile BOGO"" / ""Regular"" (code 725272730737). No verified manufacturer/package image or exact model was found; generic/store identifiers cannot determine identity.","Provide the exact Rockwall package photograph and readable manufacturer/UPC plus retail count; do not approve by name alone."
"IR3A4AZBTWTPF7MKEZLRKQLH","805253331518","","Family Truckster","Family Truckster","Unknown","Unknown","Regular","Unknown","Unknown","no_match","No sufficiently specific candidate identified in the two Dynamite catalog files.","Unknown","Manufacturer or UPC/model, exact package/variant and corresponding photo/video.","354","355","355","Items","355","identity_confirmation_needed","","Unknown","Unknown","","""805253331518"" fireworks | Family Truckster  fireworks manufacturer","https://www.worldclassfireworks.com/fireworks/family-packs/family-truckster/ | https://it.wikipedia.org/wiki/Wagon_Queen_Family_Truckster | https://leefamilyfirework.com/brothers/","Name/presentation research returned candidates (including ""Family Truckster - World Class Fireworks""), but no consulted product page establishes the Square code 805253331518, brand and exact variant together. The Dynamite name candidates remain unconfirmed.","Provide the exact Rockwall package photograph and readable manufacturer/UPC plus retail count; do not approve by name alone."
"34WO5SSWVN4FZCU64IKAKXIY","887946003421","","Fantastic Thunder","Fantastic Thunder","Unknown","Unknown","Regular","Unknown","Unknown","no_match","No sufficiently specific candidate identified in the two Dynamite catalog files.","Unknown","Manufacturer or UPC/model, exact package/variant and corresponding photo/video.","355","356","356","Items","356","no_verified_identity","","Unknown","Unknown","","""887946003421"" fireworks","","Code and name/presentation searches did not establish an exact product for Square ""Fantastic Thunder"" / ""Regular"" (code 887946003421). No verified manufacturer/package image or exact model was found; generic/store identifiers cannot determine identity.","Provide the exact Rockwall package photograph and readable manufacturer/UPC plus retail count; do not approve by name alone."
"BRFA4UPVQ2UAQ6NV4GZ4EMPG","8145270211519","","Feel The Pain 200 Gram 16 Shot","Feel The Pain 200 Gram 16 Shot","Unknown","Unknown","Regular","Unknown","200 Gram | 16 Shot","no_match","No sufficiently specific candidate identified in the two Dynamite catalog files.","Unknown","Manufacturer or UPC/model, exact package/variant and corresponding photo/video.","356","357","357","Items","357","candidate_requires_package_review","","Unknown","Unknown","","""8145270211519"" fireworks | Feel The Pain Cutting Edge official fireworks manufacturer","https://usa-fireworks.com/products/aerial-all-cakes/aerial-200-gram-cakes/feel-the-pain/","Code 8145270211519 occurs in the retrieved product/source ""Feel The Pain | 16 Shot Cake"". Square records ""Feel The Pain 200 Gram 16 Shot"" / ""Regular""; this is a candidate, not a confirmed retail-package crosswalk. Inspected reference https://usa-fireworks.com/wp-content/uploads/2026/09/original-238.png ([405, 492]); its background is opaque and no faithful transparent exact-unit resource was approved.","Provide the exact Rockwall package photograph and readable manufacturer/UPC plus retail count; do not approve by name alone."
"TMKBXI7CUM5H2JOPFUNNWEJM","805253414211","","Festival Balls (Boomer 6 pcs) (Blue Box)","Festival Balls (Boomer 6 pcs) (Blue Box)","Boomer","Artillery/Festival Balls","Regular","Unknown","6 pcs","probable","Festival Balls variants have different named brands/box colors. Monkey Mania yellow-box assets do not establish identity of this variant.","products.json[65] Festival Balls / Monkey Mania / /products/festival-balls.png","Manufacturer or UPC/model, exact package/variant and corresponding photo/video.","357","358","358","Items","358","identity_confirmation_needed","","Unknown","Unknown","","""805253414211"" fireworks | Festival Balls (Boomer 6 pcs) (Blue Box)  fireworks manufacturer","https://americanwholesalefireworks.com/festival-balls-boomer/ | https://www.lastchancefireworks.com/shop/Artillery-Shells/p/Boomer-Festival-Balls-6pk.htm","Festival Balls is not unique. This record's code must be verified against its own Boomer presentation; do not merge with either approved Festival Balls ID.","Provide the exact Rockwall package photograph and readable manufacturer/UPC plus retail count; do not approve by name alone."
"TGZ6I3LK5MKTW6422R4E6QJL","805253335219","","Festival Balls (Boomer 6 pcs) (Red/Black Box)","Festival Balls (Boomer 6 pcs) (Red/Black Box)","Boomer","Artillery/Festival Balls","Regular","Unknown","6 pcs","probable","Festival Balls variants have different named brands/box colors. Monkey Mania yellow-box assets do not establish identity of this variant.","products.json[65] Festival Balls / Monkey Mania / /products/festival-balls.png","Manufacturer or UPC/model, exact package/variant and corresponding photo/video.","358","359","359","Items","359","identified_missing_image","","Unknown","Unknown","","""805253335219"" fireworks | Festival Balls Boomer official fireworks manufacturer","https://usa-fireworks.com/products/artillery-shells/festival-balls-3/ | https://americanwholesalefireworks.com/festival-balls-boomer/","Boomer red/black Festival Balls six-pack UPC 805253335219 is identified. The former USA Fireworks image is unavailable locally and the current website rejects access. AWF lists BM1412, without evidence equating that presentation to this Square UPC.","Complete six-pack red/black photo and UPC/model crosswalk; do not reuse the other published Festival Balls packages."
"I3H4AEXZ4NK55UI7K7BX3RKD","805253414228","","Festival Balls (WC 6 pcs) (Black Box)","Festival Balls (WC 6 pcs) (Black Box)","Unknown","Artillery/Festival Balls","Regular","Unknown","6 pcs","probable","Festival Balls variants have different named brands/box colors. Monkey Mania yellow-box assets do not establish identity of this variant.","products.json[65] Festival Balls / Monkey Mania / /products/festival-balls.png","Manufacturer or UPC/model, exact package/variant and corresponding photo/video.","360","361","361","Items","361","identity_confirmation_needed","","Unknown","Unknown","","""805253414228"" fireworks | Festival Balls (WC 6 pcs) (Black Box)  fireworks manufacturer","https://www.aahfireworks.com/festival-ball-canister-shell-box.html","This Festival Balls code belongs to a separate World-Class candidate. Confirm that exact package; the two existing Rockwall Festival Balls IDs are different products.","Provide the exact Rockwall package photograph and readable manufacturer/UPC plus retail count; do not approve by name alone."
"IS6N3O5MBWG3G2ME7EQNMUQY","705108501168","","Fine Roulette","Fine Roulette","Unknown","Fountains","Regular","Unknown","Unknown","no_match","No sufficiently specific candidate identified in the two Dynamite catalog files.","Unknown","Manufacturer or UPC/model, exact package/variant and corresponding photo/video.","362","363","363","Items","363","identity_confirmation_needed","","Unknown","Unknown","","""705108501168"" fireworks","https://www.getwinda.com/product-page/fire-roulette","Name/presentation research returned candidates (including ""FIRE ROULETTE | Winda Fireworks""), but no consulted product page establishes the Square code 705108501168, brand and exact variant together. The Dynamite name candidates remain unconfirmed.","Provide the exact Rockwall package photograph and readable manufacturer/UPC plus retail count; do not approve by name alone."
"ZILATYDCQAN5YQBBPDI23N4E","8145270162415","","Firearm 60 Gram 12 Pk","Firearm 60 Gram 12 Pk","Unknown","Unknown","Regular","Unknown","60 Gram","no_match","No sufficiently specific candidate identified in the two Dynamite catalog files.","Unknown","Manufacturer or UPC/model, exact package/variant and corresponding photo/video.","363","364","364","Items","364","no_verified_identity","","Unknown","Unknown","","""8145270162415"" fireworks | Firearm 60 Gram 12 Pk  fireworks manufacturer","https://ocfireworks.com/grim-reaper-60g-canister-artillery-shells-12-pk/ | https://www.ronsfireworks.com/products/artillery-shells/lock-and-load-12-pk/","Code and name/presentation searches did not establish an exact product for Square ""Firearm 60 Gram 12 Pk"" / ""Regular"" (code 8145270162415). No verified manufacturer/package image or exact model was found; generic/store identifiers cannot determine identity.","Provide the exact Rockwall package photograph and readable manufacturer/UPC plus retail count; do not approve by name alone."
"VKYRGSZNC6YMZXDE4NAH6CPI","680149044402","","Fireblade","Fireblade","Unknown","Unknown","Regular","Unknown","Unknown","no_match","No sufficiently specific candidate identified in the two Dynamite catalog files.","Unknown","Manufacturer or UPC/model, exact package/variant and corresponding photo/video.","364","365","365","Items","365","no_verified_identity","","Unknown","Unknown","","""680149044402"" fireworks | Fireblade  fireworks manufacturer","https://en.wikipedia.org/wiki/Fireblade | https://de.wikipedia.org/wiki/Honda_Fireblade","Code and name/presentation searches did not establish an exact product for Square ""Fireblade"" / ""Regular"" (code 680149044402). No verified manufacturer/package image or exact model was found; generic/store identifiers cannot determine identity.","Provide the exact Rockwall package photograph and readable manufacturer/UPC plus retail count; do not approve by name alone."
"RQ33PWJDSRI4ZK4AMNMTR5EQ","705834260131","","Firefly 4pk","Firefly 4pk","Unknown","Unknown","Regular","Unknown","Unknown","no_match","No sufficiently specific candidate identified in the two Dynamite catalog files.","Unknown","Manufacturer or UPC/model, exact package/variant and corresponding photo/video.","365","366","366","Items","366","no_verified_identity","","Unknown","Unknown","","""705834260131"" fireworks | Firefly 4pk  fireworks manufacturer","https://www.reddit.com/r/fireworks/comments/1dj4gf3","Code and name/presentation searches did not establish an exact product for Square ""Firefly 4pk"" / ""Regular"" (code 705834260131). No verified manufacturer/package image or exact model was found; generic/store identifiers cannot determine identity.","Provide the exact Rockwall package photograph and readable manufacturer/UPC plus retail count; do not approve by name alone."
"UDPVVR2V6NSN2WD4JZAKTJSO","378001200027","","Fireworks Surprise Family Pack","Fireworks Surprise Family Pack","Unknown","Family Pack Assortments","Regular","Unknown","Unknown","no_match","No sufficiently specific candidate identified in the two Dynamite catalog files.","Unknown","Manufacturer or UPC/model, exact package/variant and corresponding photo/video.","366","367","367","Items","367","no_verified_identity","","Unknown","Unknown","","Compared code against official Winco UPC reference | Fireworks Surprise Family Pack L275@P24: Assortments S&S ATFS-21 Fireworks Surprise (378001200027) fireworks manufacturer","","Code and name/presentation searches did not establish an exact product for Square ""Fireworks Surprise Family Pack"" / ""Regular"" (code 378001200027). No verified manufacturer/package image or exact model was found; generic/store identifiers cannot determine identity.","Provide the exact Rockwall package photograph and readable manufacturer/UPC plus retail count; do not approve by name alone."
"3JVV4TVKAANYSUX3UJ6L745V","887946050043","","Flashing Strobe 6pc BOGO","Flashing Strobe 6pc","Unknown","Unknown","Regular","Unknown","6pc","no_match","No sufficiently specific candidate identified in the two Dynamite catalog files.","Unknown","Manufacturer or UPC/model, exact package/variant and corresponding photo/video.","369","370","370","Items","370","identity_confirmation_needed","","Unknown","Unknown","","""887946050043"" fireworks | Flashing Strobe 6pc  fireworks manufacturer","https://www.bem.ca/en/product-category/consumer-fireworks/flashing-strobe-light/?product_order=asc&product_orderby=popularity&product_view=list","Name/presentation research returned candidates (including ""Flashing strobe lights - BEM Fireworks - www.bem.ca""), but no consulted product page establishes the Square code 887946050043, brand and exact variant together. The Dynamite name candidates remain unconfirmed.","Provide the exact Rockwall package photograph and readable manufacturer/UPC plus retail count; do not approve by name alone."
"LCIBT3AGJHZW4U3DKXCPZC7Q","910006681229","","Flashing Strobes Bogo","Flashing Strobes","Unknown","Unknown","Regular","Unknown","Unknown","no_match","No sufficiently specific candidate identified in the two Dynamite catalog files.","Unknown","Manufacturer or UPC/model, exact package/variant and corresponding photo/video.","370","371","371","Items","371","identity_confirmation_needed","","Unknown","Unknown","","""910006681229"" fireworks | Flashing Strobes  fireworks manufacturer","https://www.pfannenbergusa.com/signaling-technologies/visual-signals/flashing-strobes/ | https://www.phoxene.com/ | https://www.wildwillysfireworks.com/pages/flashing-fireworks | https://www.bem.ca/en/product-category/consumer-fireworks/flashing-strobe-light/?product_order=asc&product_orderby=popularity&product_view=list | https://www.fireworks.us/flashing-signal-p/NV156.htm","Name/presentation research returned candidates (including ""Flashing Strobes - Pfannenberg USA""), but no consulted product page establishes the Square code 910006681229, brand and exact variant together. The Dynamite name candidates remain unconfirmed.","Provide the exact Rockwall package photograph and readable manufacturer/UPC plus retail count; do not approve by name alone."
"HSEE2QQE4BB7PJCN7CVTHR7V","","","Flawless","Flawless","Unknown","Unknown","Regular","Unknown","Unknown","no_match","No sufficiently specific candidate identified in the two Dynamite catalog files.","Unknown","Manufacturer or UPC/model, exact package/variant and corresponding photo/video.","372","373","373","Items","373","identity_confirmation_needed","","Unknown","Unknown","","""Flawless"" fireworks manufacturer | Flawless  fireworks manufacturer","","Flawless has no code in this Square row. Do not silently link it to the coded five-inch 24-pack row 371 without checking the original retail package.","Provide the exact Rockwall package photograph and readable manufacturer/UPC plus retail count; do not approve by name alone."
"BOYNUSWD2BEPCMM7CBZR3EJT","887946070355","","Flying Eagle Rocket 4pk","Flying Eagle Rocket 4pk","Unknown","Unknown","Regular","Unknown","Unknown","no_match","No sufficiently specific candidate identified in the two Dynamite catalog files.","Unknown","Manufacturer or UPC/model, exact package/variant and corresponding photo/video.","373","374","374","Items","374","no_verified_identity","","Unknown","Unknown","","""887946070355"" fireworks | Flying Eagle Rocket 4pk  fireworks manufacturer","https://www.made-in-china.com/showroom/eaglefireworks/","Code and name/presentation searches did not establish an exact product for Square ""Flying Eagle Rocket 4pk"" / ""Regular"" (code 887946070355). No verified manufacturer/package image or exact model was found; generic/store identifiers cannot determine identity.","Provide the exact Rockwall package photograph and readable manufacturer/UPC plus retail count; do not approve by name alone."
"HGJJOE2YBJUPNO4R4QHDI7HR","887946030076","","Flying Pigs","Flying Pigs","Unknown","Unknown","Regular","Unknown","Unknown","no_match","No sufficiently specific candidate identified in the two Dynamite catalog files.","Unknown","Manufacturer or UPC/model, exact package/variant and corresponding photo/video.","375","376","376","Items","376","no_verified_identity","","Unknown","Unknown","","""887946030076"" fireworks | Flying Pigs  fireworks manufacturer","https://www.made-in-china.com/showroom/eaglefireworks/ | https://www.schneitterfireworks.com/flying | https://www.hxfireworks.com/","Code and name/presentation searches did not establish an exact product for Square ""Flying Pigs"" / ""Regular"" (code 887946030076). No verified manufacturer/package image or exact model was found; generic/store identifiers cannot determine identity.","Provide the exact Rockwall package photograph and readable manufacturer/UPC plus retail count; do not approve by name alone."
"JCFBXIVT7KKBZBIRXVNJJBK7","705108001705","","Flying Space Family Assortment","Flying Space Family Assortment","Unknown","Family Pack Assortments","Regular","Unknown","Unknown","no_match","No sufficiently specific candidate identified in the two Dynamite catalog files.","Unknown","Manufacturer or UPC/model, exact package/variant and corresponding photo/video.","376","377","377","Items","377","candidate_requires_package_review","","Unknown","Unknown","","""705108001705"" fireworks","https://www.getwinda.com/product-page/flying-space | https://pyromaniapyro.com/flying-space/ | https://americanwholesalefireworks.com/flying-space/","Code 705108001705 occurs in the retrieved product/source ""FLYING SPACE"". Square records ""Flying Space Family Assortment"" / ""Regular""; this is a candidate, not a confirmed retail-package crosswalk. Inspected reference https://static.wixstatic.com/media/ecdf0c_132aa06e66a440d790d7be768739806c~mv2.jpg/v1/fit/w_500,h_500,q_90/file.jpg ([500, 500]); its background is opaque and no faithful transparent exact-unit resource was approved.","Provide the exact Rockwall package photograph and readable manufacturer/UPC plus retail count; do not approve by name alone."
"CJ2BJYYYYUHQBERYD7AKM6GE","805253411715","","Football Fountain","Football Fountain","Unknown","Fountains","Regular","Unknown","Unknown","no_match","No sufficiently specific candidate identified in the two Dynamite catalog files.","Unknown","Manufacturer or UPC/model, exact package/variant and corresponding photo/video.","377","378","378","Items","378","identity_confirmation_needed","","Unknown","Unknown","","""805253411715"" fireworks | Football Fountain  fireworks manufacturer","https://www.jakesfireworks.com/firework/football-fountain/ | https://www.fountain-fireworks.com/news/chufeng-fireworks-delivering-quality-and-innovation-in-fountain-fireworks-manufacturing-310450.html | https://www.broadfireworks.com/application/fountain-fireworks | https://www.pyrotechnic-manufacture.com/60sec-5m-fountain-products/ | https://en.wikipedia.org/wiki/Musical_fountain","Name/presentation research returned candidates (including ""Jake's Fireworks""), but no consulted product page establishes the Square code 805253411715, brand and exact variant together. The Dynamite name candidates remain unconfirmed.","Provide the exact Rockwall package photograph and readable manufacturer/UPC plus retail count; do not approve by name alone."
"CNXT2D6OUM7V6HXR6EQMLK6S","753321711314","","Four Elements 500 Gram Super Pack","Four Elements 500 Gram Super Pack","Unknown","Unknown","Regular","Unknown","500 Gram","no_match","No sufficiently specific candidate identified in the two Dynamite catalog files.","Unknown","Manufacturer or UPC/model, exact package/variant and corresponding photo/video.","379","380","380","Items","380","no_verified_identity","","Unknown","Unknown","","""753321711314"" fireworks | Four Elements 500 Gram Super Pack  fireworks manufacturer","https://www.bldiscountfireworks.com/product-page/the-four-elements-roman-candle-package-of-4 | https://santanfireworks.com/product/four-elements-5-ball-candle/","Code and name/presentation searches did not establish an exact product for Square ""Four Elements 500 Gram Super Pack"" / ""Regular"" (code 753321711314). No verified manufacturer/package image or exact model was found; generic/store identifiers cannot determine identity.","Provide the exact Rockwall package photograph and readable manufacturer/UPC plus retail count; do not approve by name alone."
"CNCE4EH5EQ2E7NTTNIHKLLS2","887946061575","","Four Elements Roman Candles 4 Pk","Four Elements Roman Candles 4 Pk","Unknown","Roman Candles","Regular","Unknown","Unknown","no_match","No sufficiently specific candidate identified in the two Dynamite catalog files.","Unknown","Manufacturer or UPC/model, exact package/variant and corresponding photo/video.","380","381","381","Items","381","identity_confirmation_needed","","Unknown","Unknown","","""887946061575"" fireworks | Four Elements Roman Candles 4 Pk  fireworks manufacturer","https://www.bldiscountfireworks.com/product-page/the-four-elements-roman-candle-package-of-4","Name/presentation research returned candidates (including ""The Four Elements Roman Candle, Package of 4 | Discount Fireworks""), but no consulted product page establishes the Square code 887946061575, brand and exact variant together. The Dynamite name candidates remain unconfirmed.","Provide the exact Rockwall package photograph and readable manufacturer/UPC plus retail count; do not approve by name alone."
"6GJMN5YEHLOMWFVG65L7N7HO","757202300048","","Freedom Anthem Assortment","Freedom Anthem Assortment","Unknown","Family Pack Assortments","Regular","Unknown","Unknown","no_match","No sufficiently specific candidate identified in the two Dynamite catalog files.","Unknown","Manufacturer or UPC/model, exact package/variant and corresponding photo/video.","381","382","382","Items","382","candidate_requires_package_review","","Unknown","Unknown","","""757202300048"" fireworks | Monkey's Assortment #5 Monkey Mania official fireworks manufacturer","https://elitefireworks.us/Monkeys-Assortment-5-p721400584 | https://elitefireworks.us/Monkeys-Party-pack-4-p721400600 | https://elitefireworks.us/Monkeys-Party-Pack-3-p721400580 | https://americanwholesalefireworks.com/freedom-anthem/","Code 757202300048 occurs in the retrieved product/source ""Monkey's Assortment #5"". Square records ""Freedom Anthem Assortment"" / ""Regular""; this is a candidate, not a confirmed retail-package crosswalk. Inspected reference https://d2j6dbq0eux0bg.cloudfront.net/images/73102574/products/721400584/4795638462.png ([1500, 1500]); its background is opaque and no faithful transparent exact-unit resource was approved.","Provide the exact Rockwall package photograph and readable manufacturer/UPC plus retail count; do not approve by name alone."
"RRQV3GPTRLIF6GJLHNKYENES","","841527121102","Freedom Cry","Freedom Cry","Unknown","Unknown","Regular","Unknown","Unknown","no_match","No sufficiently specific candidate identified in the two Dynamite catalog files.","Unknown","Manufacturer or UPC/model, exact package/variant and corresponding photo/video.","382","383","383","Items","383","identity_confirmation_needed","","Unknown","Unknown","","""841527121102"" fireworks | Freedom Cry  fireworks manufacturer","https://www.t-skyfireworks.com/products/freedom-cry/ | https://freedomfirstfireworks.com/about-us/ | https://www.freedomfireworksga.com/","Name/presentation research returned candidates (including ""FREEDOM CRY - T-SKY Fireworks""), but no consulted product page establishes the Square code 841527121102, brand and exact variant together. The Dynamite name candidates remain unconfirmed.","Provide the exact Rockwall package photograph and readable manufacturer/UPC plus retail count; do not approve by name alone."
"KWOSSYTOXFESYUAUTGWTLWLT","687985962815","","Freedom Rains 500g","Freedom Rains 500g","Unknown","Unknown","Regular","Unknown","500g","no_match","No sufficiently specific candidate identified in the two Dynamite catalog files.","Unknown","Manufacturer or UPC/model, exact package/variant and corresponding photo/video.","383","384","384","Items","384","identity_confirmation_needed","","Unknown","Unknown","","""687985962815"" fireworks","https://501pyro.com/Freedom-Rains/","Name/presentation research returned candidates (including ""Freedom Rains""), but no consulted product page establishes the Square code 687985962815, brand and exact variant together. The Dynamite name candidates remain unconfirmed.","Provide the exact Rockwall package photograph and readable manufacturer/UPC plus retail count; do not approve by name alone."
"WWNDBKUC4HP2HKKAY2MIMAD6","757201530668","","Freedom Rider 500 Gram","Freedom Rider 500 Gram","Unknown","500 GRAM FINALE","Regular","Unknown","500 Gram","no_match","No sufficiently specific candidate identified in the two Dynamite catalog files.","Unknown","Manufacturer or UPC/model, exact package/variant and corresponding photo/video.","384","385","385","Items","385","package_review","","Unknown","Unknown","","""757201530668"" fireworks","https://americanwholesalefireworks.com/freedom-rider/ | https://www.raccoonfireworksusa.com/product-page/freedom-rider","Current official Freedom Rider is RA53066C; Square code points to the legacy RA53066 candidate. Exact packaging generation has not been established.","Provide the exact Rockwall package photograph and readable manufacturer/UPC plus retail count; do not approve by name alone."
"BFHMO3VUSQUO2NEIBI67VEFL","757202118018","","Frog Bomb Fountain","Frog Bomb Fountain","Unknown","Fountains","Regular","Unknown","Unknown","no_match","No sufficiently specific candidate identified in the two Dynamite catalog files.","Unknown","Manufacturer or UPC/model, exact package/variant and corresponding photo/video.","386","387","387","Items","387","identity_confirmation_needed","","Unknown","Unknown","","""757202118018"" fireworks","https://www.raccoonfireworksusa.com/product-page/fiery-frogs","Name/presentation research returned candidates (including ""Frog Bomb | Raccoon""), but no consulted product page establishes the Square code 757202118018, brand and exact variant together. The Dynamite name candidates remain unconfirmed.","Provide the exact Rockwall package photograph and readable manufacturer/UPC plus retail count; do not approve by name alone."
"U236CCVWLTC54IK2KKOI7ELU","821600011148","","Frog Princess Fountain","Frog Princess Fountain","Unknown","Fountains","Regular","Unknown","Unknown","no_match","No sufficiently specific candidate identified in the two Dynamite catalog files.","Unknown","Manufacturer or UPC/model, exact package/variant and corresponding photo/video.","387","388","388","Items","388","identity_confirmation_needed","","Unknown","Unknown","","""821600011148"" fireworks | Frog Princess Fountain  fireworks manufacturer","https://www.connfireworks.com/world-class-frog-princess-fountain.html | https://www.superiorfireworks.com/retail/product/ckm11449/frog-princess | https://www.myfloridacfo.com/docs-sf/state-fire-marshal-libraries/sfm-documents/bfp/approved-sparklers-list/2018-2019-approved-sparklers-list.pdf?sfvrsn=f8eaadc0_4","Name/presentation research returned candidates (including ""WORLD CLASS FROG PRINCESS FOUNTAIN: Dapkus Fireworks Company""), but no consulted product page establishes the Square code 821600011148, brand and exact variant together. The Dynamite name candidates remain unconfirmed.","Provide the exact Rockwall package photograph and readable manufacturer/UPC plus retail count; do not approve by name alone."
"X4CPHPCI2B7MPNSZXV7FBZGG","757205301783","","Fruit Of The Boom 500 Gram","Fruit Of The Boom 500 Gram","Unknown","500 GRAM FINALE","Regular","Unknown","500 Gram","no_match","No sufficiently specific candidate identified in the two Dynamite catalog files.","Unknown","Manufacturer or UPC/model, exact package/variant and corresponding photo/video.","388","389","389","Items","389","no_verified_identity","","Unknown","Unknown","","""757205301783"" fireworks | Fruit Of The Boom 500 Gram  fireworks manufacturer","","Code and name/presentation searches did not establish an exact product for Square ""Fruit Of The Boom 500 Gram"" / ""Regular"" (code 757205301783). No verified manufacturer/package image or exact model was found; generic/store identifiers cannot determine identity.","Provide the exact Rockwall package photograph and readable manufacturer/UPC plus retail count; do not approve by name alone."
"K3H3HRKD5KBBRG7WLWHLONDC","821600000029","","Fun Pack","Fun Pack","Unknown","Unknown","Regular","Unknown","Unknown","no_match","No sufficiently specific candidate identified in the two Dynamite catalog files.","Unknown","Manufacturer or UPC/model, exact package/variant and corresponding photo/video.","392","393","393","Items","393","identity_confirmation_needed","","Unknown","Unknown","","""821600000029"" fireworks | Fun Pack  fireworks manufacturer","https://www.connfireworks.com/firehawk-fun-pack.html | https://helmfireworks.com/products/the-fun-pack | https://www.fireartcorp.com/Shop/Details/011JKSY3qBQcMsXi","Name/presentation research returned candidates (including ""FIREHAWK FUN PACK: Dapkus Fireworks Company""), but no consulted product page establishes the Square code 821600000029, brand and exact variant together. The Dynamite name candidates remain unconfirmed.","Provide the exact Rockwall package photograph and readable manufacturer/UPC plus retail count; do not approve by name alone."
"K5FE2H4ORK6DTFKGEUMC253Y","850025775625","","Fuse","Fuse","Unknown","Unknown","Regular","Unknown","Unknown","no_match","No sufficiently specific candidate identified in the two Dynamite catalog files.","Unknown","Manufacturer or UPC/model, exact package/variant and corresponding photo/video.","393","394","394","Items","394","candidate_requires_package_review","","Unknown","Unknown","","""850025775625"" fireworks | Fuse Safety Fuse (3mm) 20-25 seconds per foot -  official fireworks manufacturer","https://fireworkconnection.com/product/fuse-safety-fuse-3mm-20-25-seconds-per-foot/ | https://dosgringosfireworks.com/safety-fuse-3mm-20-25-sec-ft-20ft-rolls/","Code 850025775625 occurs in the retrieved product/source ""Fuse Safety Fuse (3mm) 20-25 seconds per foot - "". Square records ""Fuse"" / ""Regular""; this is a candidate, not a confirmed retail-package crosswalk. Inspected reference https://fireworkconnection.com/wp-content/uploads/2024/05/fuse-20-25.png ([500, 500]); a transparent file exists, but exact brand, package count or variant is not independently established; it was not published.","Provide the exact Rockwall package photograph and readable manufacturer/UPC plus retail count; do not approve by name alone."
"LGUVGBZLCTN44YCLZPEKROBM","850025775724","","Fuse","Fuse","Unknown","Unknown","Regular","Unknown","Unknown","no_match","No sufficiently specific candidate identified in the two Dynamite catalog files.","Unknown","Manufacturer or UPC/model, exact package/variant and corresponding photo/video.","394","395","395","Items","395","candidate_requires_package_review","","Unknown","Unknown","","""850025775724"" fireworks | Fuse Safety Fuse (3mm) 15-20 seconds per foot -  official fireworks manufacturer","https://fireworkconnection.com/product/fuse-safety-fuse-3mm-15-20-seconds-per-foot/ | https://shop.wazupfireworks.com/FE152-Safety-Fuse-3mm-15-R-PC/","Code 850025775724 occurs in the retrieved product/source ""Fuse Safety Fuse (3mm) 15-20 seconds per foot - "". Square records ""Fuse"" / ""Regular""; this is a candidate, not a confirmed retail-package crosswalk. Inspected reference https://fireworkconnection.com/wp-content/uploads/2024/05/fuse-15-20.png ([500, 500]); its background is opaque and no faithful transparent exact-unit resource was approved.","Provide the exact Rockwall package photograph and readable manufacturer/UPC plus retail count; do not approve by name alone."
"PX65NALOBYGQEFQA55IKEDJ7","850025775823","","Fuse","Fuse","Unknown","Unknown","Regular","Unknown","Unknown","no_match","No sufficiently specific candidate identified in the two Dynamite catalog files.","Unknown","Manufacturer or UPC/model, exact package/variant and corresponding photo/video.","395","396","396","Items","396","candidate_requires_package_review","","Unknown","Unknown","","""850025775823"" fireworks | Pink Safety Fuse Pyro Planet official fireworks manufacturer","https://usa-fireworks.com/products/fuse-racks/pink-safety-fuse/ | https://whitelightningfireworks.com/FE153-Safety-Fuse-3mm-12-R-PC/ | https://76fireworkstore.com/FE153-Safety-Fuse-3mm-12-R-PC/ | https://pyroplanet.com/catalog | https://www.pyroplanet.com/ | https://pyroplanet.myshopify.com/ | https://pyroplanet.com/products/tools","Code 850025775823 occurs in the retrieved product/source ""Pink Safety Fuse | Burn Rate of 12-15 Seconds Per Foot"". Square records ""Fuse"" / ""Regular""; this is a candidate, not a confirmed retail-package crosswalk. Inspected reference https://usa-fireworks.com/wp-content/uploads/2026/09/original-1214.png ([501, 498]); a transparent file exists, but exact brand, package count or variant is not independently established; it was not published.","Provide the exact Rockwall package photograph and readable manufacturer/UPC plus retail count; do not approve by name alone."
"ICD7FSXEG3O2Z2P6GWCUW6VI","681402052110","","Ganja 6"" Artillery Shells 24 Pack","Ganja 6"" Artillery Shells 24 Pack","Unknown","24 Pack Artillery Shells 6""","Regular","Unknown","6"" | 24 Pack","no_match","No sufficiently specific candidate identified in the two Dynamite catalog files.","Unknown","Manufacturer or UPC/model, exact package/variant and corresponding photo/video.","400","401","401","Items","401","identity_confirmation_needed","","Unknown","Unknown","","""681402052110"" fireworks | Ganja 6"" Artillery Shells 24 Pack  fireworks manufacturer","https://elevatedfireworks.com/products/ganja-killa-24-shot-6-in-xxl-canister-shells?variant=41479937785959 | https://phantomfireworkswholesale.com/products/g-694-gladiator-6-shells-24-canister-shells | https://ocfireworks.com/gigantica-6-canister-shells-24pk/ | https://www.gorilla-fireworks.com/artillery.html | https://cdnc.heyzine.com/files/uploaded/972afe75fe8277b0bcfaa2e6db52e0829ea98f19-1.pdf","Name/presentation research returned candidates (including ""Ganja® Killa 24 Shot 6-Inch XXL™ Canister Shells – Elevated Fireworks""), but no consulted product page establishes the Square code 681402052110, brand and exact variant together. The Dynamite name candidates remain unconfirmed.","Provide the exact Rockwall package photograph and readable manufacturer/UPC plus retail count; do not approve by name alone."
"NPQM6WZFBTP4C4OTBCATSCF7","681402054039","","Ganja Blunt Roman","Ganja Blunt Roman","Unknown","Roman Candles","Regular","Unknown","Unknown","no_match","No sufficiently specific candidate identified in the two Dynamite catalog files.","Unknown","Manufacturer or UPC/model, exact package/variant and corresponding photo/video.","401","402","402","Items","402","no_verified_identity","","Unknown","Unknown","","""681402054039"" fireworks | Ganja Blunt Roman  fireworks manufacturer","","Code and name/presentation searches did not establish an exact product for Square ""Ganja Blunt Roman"" / ""Regular"" (code 681402054039). No verified manufacturer/package image or exact model was found; generic/store identifiers cannot determine identity.","Provide the exact Rockwall package photograph and readable manufacturer/UPC plus retail count; do not approve by name alone."
"QKJNWGQUAGSPJBWAPTAQN4PG","715244160594","","Garden In Spring Fountain","Garden In Spring Fountain","Unknown","Fountains","Regular","Unknown","Unknown","no_match","No sufficiently specific candidate identified in the two Dynamite catalog files.","Unknown","Manufacturer or UPC/model, exact package/variant and corresponding photo/video.","402","403","403","Items","403","data_conflict","","Unknown","Unknown","","Compared code against official Winco UPC reference | Garden In Spring Fountain L33@P2-3: 200 Grams Multiple Effects MEBC6059 Garden In Spring (715244160594)Category Item Number Name UPC fireworks manufacturer","","Garden in Spring Square code 715244160594 differs from the current supplier UPC 715244060597. Need confirmation of the actual package/code.","Provide the exact Rockwall package photograph and readable manufacturer/UPC plus retail count; do not approve by name alone."
"336PY3AGZI3IPTSXMNUKSSYZ","027736011414","","Garden In Spring Fountain","Garden In Spring Fountain","Unknown","Fountains","Garden In Spring","Garden In Spring","Unknown","no_match","No sufficiently specific candidate identified in the two Dynamite catalog files.","Unknown","Manufacturer or UPC/model, exact package/variant and corresponding photo/video.","403","404","404","Items","404","identity_confirmation_needed","","Unknown","Unknown","","""027736011414"" fireworks | Garden In Spring Fountain Garden In Spring fireworks manufacturer","https://cuttingedgefireworks.com/fire-product/garden-in-spring-7-shots/ | https://www.fireworkscity.com/product/garden-in-spring/ | https://www.fireworks.us/garden-in-spring-p/8036.htm | https://www.pyrogiant.com/product-page/garden-in-spring-40-1 | https://www.gorillafireworksusa.com/store-moSaZ/p/garden-in-spring","Name/presentation research returned candidates (including ""GARDEN IN SPRING – 7 SHOTS – Cutting Edge Fireworks""), but no consulted product page establishes the Square code 027736011414, brand and exact variant together. The Dynamite name candidates remain unconfirmed.","Provide the exact Rockwall package photograph and readable manufacturer/UPC plus retail count; do not approve by name alone."
"GXES4E5ZSHJBQLWFWYTLT6FZ","821500004233","","Gatling Gun (Small)","Gatling Gun (Small)","Unknown","Roman Candles","Regular","Unknown","Unknown","probable","Name identifies a candidate only; manufacturer and exact presentation have not been established.","products.json[91] Gatling Gun / Brothers / products/gatling-gun.png","Manufacturer or UPC/model, exact package/variant and corresponding photo/video.","405","406","406","Items","406","no_verified_identity","","Unknown","Unknown","","""821500004233"" fireworks | Gatling Gun (Small)  fireworks manufacturer","https://en.wikipedia.org/wiki/Gatling_gun | https://www.reddit.com/r/fireworks/comments/1e3ypen | https://www.reddit.com/r/interestingasfuck/comments/1h4jj08/georgian_man_ang_his_firework_gatling_gun_as_pro/","Code and name/presentation searches did not establish an exact product for Square ""Gatling Gun (Small)"" / ""Regular"" (code 821500004233). No verified manufacturer/package image or exact model was found; generic/store identifiers cannot determine identity.","Provide the exact Rockwall package photograph and readable manufacturer/UPC plus retail count; do not approve by name alone."
"E5JBUEZVKC3J7MB6OJHIZ3IJ","841527141186","","Gatling Gun Giant","Gatling Gun Giant","Unknown","Roman Candles","Regular","Unknown","Unknown","probable","Name identifies a candidate only; manufacturer and exact presentation have not been established.","products.json[91] Gatling Gun / Brothers / products/gatling-gun.png","Manufacturer or UPC/model, exact package/variant and corresponding photo/video.","406","407","407","Items","407","identity_confirmation_needed","","Unknown","Unknown","","""841527141186"" fireworks","https://usa-fireworks.com/products/new-products/giant-gatling-400-shot-roman-candle/","Name/presentation research returned candidates (including ""Giant Gatling | 400 Shot Roman Candle - USA-Fireworks""), but no consulted product page establishes the Square code 841527141186, brand and exact variant together. The Dynamite name candidates remain unconfirmed.","Provide the exact Rockwall package photograph and readable manufacturer/UPC plus retail count; do not approve by name alone."
"A7OIX6PJ76PDR2G647NUEY6L","805253015029","","Gemini Missile 24 Pcs","Gemini Missile 24 Pcs","Unknown","Unknown","Regular","Unknown","24 Pcs","no_match","No sufficiently specific candidate identified in the two Dynamite catalog files.","Unknown","Manufacturer or UPC/model, exact package/variant and corresponding photo/video.","407","408","408","Items","408","no_verified_identity","","Unknown","Unknown","","""805253015029"" fireworks | Gemini Missile 24 Pcs  fireworks manufacturer","https://www.kellfire.com/fireworks-for-all/aerials/single-shot-aerials/whistling-gemini-missiles-24s | https://www.reddit.com/r/fireworks/comments/1d0clmw","Code and name/presentation searches did not establish an exact product for Square ""Gemini Missile 24 Pcs"" / ""Regular"" (code 805253015029). No verified manufacturer/package image or exact model was found; generic/store identifiers cannot determine identity.","Provide the exact Rockwall package photograph and readable manufacturer/UPC plus retail count; do not approve by name alone."
"ZZZOD7FS2XXTSZ6IZ3FF7YYO","8145270157510","","Get Some","Get Some","Unknown","Unknown","Regular","Unknown","Unknown","no_match","No sufficiently specific candidate identified in the two Dynamite catalog files.","Unknown","Manufacturer or UPC/model, exact package/variant and corresponding photo/video.","408","409","409","Items","409","no_verified_identity","","Unknown","Unknown","","""8145270157510"" fireworks | Get Some  fireworks manufacturer","https://www.reddit.com/r/fireworks/comments/1d4v62c","Code and name/presentation searches did not establish an exact product for Square ""Get Some"" / ""Regular"" (code 8145270157510). No verified manufacturer/package image or exact model was found; generic/store identifiers cannot determine identity.","Provide the exact Rockwall package photograph and readable manufacturer/UPC plus retail count; do not approve by name alone."
"YDTEKK2YDLZUYQEMD6FZCZ2I","651137426296","","Ghost Banshee","Ghost Banshee","Unknown","Unknown","Regular","Unknown","Unknown","no_match","No sufficiently specific candidate identified in the two Dynamite catalog files.","Unknown","Manufacturer or UPC/model, exact package/variant and corresponding photo/video.","409","410","410","Items","410","no_verified_identity","","Unknown","Unknown","","""651137426296"" fireworks | Ghost Banshee  fireworks manufacturer","https://mcfireworks.com/products_list/ghost-roman-candles-fireworks | https://www.redapplefireworks.com/collections/banshee | https://en.wikipedia.org/wiki/Banshee_%28roller_coaster%29 | https://www.reddit.com/r/blackmagicfuckery/comments/jfeovx | https://arxiv.org/abs/2607.09930","Code and name/presentation searches did not establish an exact product for Square ""Ghost Banshee"" / ""Regular"" (code 651137426296). No verified manufacturer/package image or exact model was found; generic/store identifiers cannot determine identity.","Provide the exact Rockwall package photograph and readable manufacturer/UPC plus retail count; do not approve by name alone."
"JENQHH5ASTDQRSU4AYNDS3DI","681402052820","","Ghost Roman Candle","Ghost Roman Candle","Unknown","Roman Candles","Regular","Unknown","Unknown","no_match","No sufficiently specific candidate identified in the two Dynamite catalog files.","Unknown","Manufacturer or UPC/model, exact package/variant and corresponding photo/video.","413","414","414","Items","414","identity_confirmation_needed","","Unknown","Unknown","","""681402052820"" fireworks | Ghost Roman Candle  fireworks manufacturer","https://mcfireworks.com/products_list/ghost-roman-candles-fireworks | https://en.wikipedia.org/wiki/Roman_candle_%28firework%29","Name/presentation research returned candidates (including ""Ghost Roman Candles Fireworks - McFireworks | McFireworks""), but no consulted product page establishes the Square code 681402052820, brand and exact variant together. The Dynamite name candidates remain unconfirmed.","Provide the exact Rockwall package photograph and readable manufacturer/UPC plus retail count; do not approve by name alone."
"NCACSUIIUKFFX3YO6RFUXKZX","705108548606","","Ghost Shell","Ghost Shell","Unknown","Unknown","Regular","Unknown","Unknown","no_match","No sufficiently specific candidate identified in the two Dynamite catalog files.","Unknown","Manufacturer or UPC/model, exact package/variant and corresponding photo/video.","414","415","415","Items","415","candidate_requires_package_review","","Unknown","Unknown","","""705108548606"" fireworks","https://www.getwinda.com/product-page/ghost-shell-9-s","Code 705108548606 occurs in the retrieved product/source ""GHOST SHELL 9'S"". Square records ""Ghost Shell"" / ""Regular""; this is a candidate, not a confirmed retail-package crosswalk. Inspected reference https://static.wixstatic.com/media/ecdf0c_664757d5fb3f451f93dcc60ed0b76f55~mv2.jpg/v1/fit/w_500,h_500,q_90/file.jpg ([500, 500]); its background is opaque and no faithful transparent exact-unit resource was approved.","Provide the exact Rockwall package photograph and readable manufacturer/UPC plus retail count; do not approve by name alone."
"CN65OGBPK2EDWQ7BC4INMBID","887946020794","","Giant Smoke Balls","Giant Smoke Balls","Unknown","Unknown","Regular","Unknown","Unknown","no_match","No sufficiently specific candidate identified in the two Dynamite catalog files.","Unknown","Manufacturer or UPC/model, exact package/variant and corresponding photo/video.","416","417","417","Items","417","identity_confirmation_needed","","Unknown","Unknown","","""887946020794"" fireworks | Giant Smoke Balls  fireworks manufacturer","https://blackcatfireworks.com/fireworks/smoke/jumbo-smoke-bombs/ | https://www.redrhinofireworks.com/wp-content/uploads/2025/01/RRFW-2025-catalog_WEB.pdf","Name/presentation research returned candidates (including ""Giant & Jumbo Smoke Bombs | Black Cat Fireworks""), but no consulted product page establishes the Square code 887946020794, brand and exact variant together. The Dynamite name candidates remain unconfirmed.","Provide the exact Rockwall package photograph and readable manufacturer/UPC plus retail count; do not approve by name alone."
"4ZBIUB5CMBX2SGYMBJC3PEZZ","","805253439511","God Bless America","God Bless America","Unknown","Unknown","Regular","Unknown","Unknown","no_match","No sufficiently specific candidate identified in the two Dynamite catalog files.","Unknown","Manufacturer or UPC/model, exact package/variant and corresponding photo/video.","418","419","419","Items","419","identity_confirmation_needed","","Unknown","Unknown","","""805253439511"" fireworks | God Bless America  fireworks manufacturer","https://uspto.report/TM/78083761 | https://apnews.com/article/86144215124bd4a826a3bbcf720726d6 | https://apnews.com/article/32a80611605d4052d8238064bbcace4c | https://en.wikipedia.org/wiki/God_Bless_the_U.S.A. | https://www.reddit.com/r/fireworks/comments/1uwcs6j/the_dreaded_god_bless_the_usa_firework/","Name/presentation research returned candidates (including ""GOD BLESS AMERICA - American Promotional Events, Inc. Trademark Registration""), but no consulted product page establishes the Square code 805253439511, brand and exact variant together. The Dynamite name candidates remain unconfirmed.","Provide the exact Rockwall package photograph and readable manufacturer/UPC plus retail count; do not approve by name alone."
"ZVYL43NGAFQNYSHEFHDYKODL","757201530859","","Gold Rush 500 Gram","Gold Rush 500 Gram","Unknown","500 GRAM FINALE","Regular","Unknown","500 Gram","no_match","No sufficiently specific candidate identified in the two Dynamite catalog files.","Unknown","Manufacturer or UPC/model, exact package/variant and corresponding photo/video.","419","420","420","Items","420","data_conflict","","Unknown","Unknown","","""757201530859"" fireworks | Gold Rush 500 Gram  fireworks manufacturer","https://mcfireworks.com/en/products_list/gold-rush-rocket-firework | https://battlebornfireworks.com/product/gold-rush-24-shot-each/ | https://www.bem.ca/en/boutique/consumer-fireworks/bem-pro-series-en/bem-cc-020-gold-rush/ | https://krazykaplans.net/product/gold-rush/","The current official name match Gold Rush is Monkey Mania MM2224 200g; Square says 500g and has a different Raccoon-series code. Reject the generic name match.","Provide the exact Rockwall package photograph and readable manufacturer/UPC plus retail count; do not approve by name alone."
"TVYAYQ2S7BQF2VT574J6MLDZ","132201920020","","Gold Skull","Gold Skull","Unknown","Unknown","Regular","Unknown","Unknown","no_match","No sufficiently specific candidate identified in the two Dynamite catalog files.","Unknown","Manufacturer or UPC/model, exact package/variant and corresponding photo/video.","420","421","421","Items","421","no_verified_identity","","Unknown","Unknown","","""132201920020"" fireworks | Gold Skull  fireworks manufacturer","https://mcfireworks.com/en/products_list/gold-rush-rocket-firework | https://megabangerfireworks.com/product/gold-rushin/ | https://battlebornfireworks.com/product/gold-rush-24-shot-each/ | https://www.bem.ca/en/boutique/consumer-fireworks/bem-pro-series-en/bem-cc-020-gold-rush/ | https://krazykaplans.net/product/gold-rush/","Code and name/presentation searches did not establish an exact product for Square ""Gold Skull"" / ""Regular"" (code 132201920020). No verified manufacturer/package image or exact model was found; generic/store identifiers cannot determine identity.","Provide the exact Rockwall package photograph and readable manufacturer/UPC plus retail count; do not approve by name alone."
"KVUXULCI4EXOSLFEDWCIZ2XP","8145270113714","","Golden Silver Assortment","Golden Silver Assortment","Unknown","Unknown","Regular","Unknown","Unknown","no_match","No sufficiently specific candidate identified in the two Dynamite catalog files.","Unknown","Manufacturer or UPC/model, exact package/variant and corresponding photo/video.","422","423","423","Items","423","candidate_requires_package_review","","Unknown","Unknown","","""8145270113714"" fireworks | 9"" Assorted Fountain Cutting Edge official fireworks manufacturer","https://usa-fireworks.com/products/fountains/fountains-200-gram/9-assorted-fountain/ | https://www.shogunvulcan.com/product/sf90-shogun-assorted-9-fountain | https://cuttingedgefireworks.com/firework-category/fountains/ | https://www.wincofireworks.com/product/9-inch-four-assorted/ | https://jabs-fireworks.com/product/9-assorted-fountain/","Code 8145270113714 occurs in the retrieved product/source ""9"" Assorted Fountain | 30 Second Fountain"". Square records ""Golden Silver Assortment"" / ""Regular""; this is a candidate, not a confirmed retail-package crosswalk. Inspected reference https://usa-fireworks.com/wp-content/uploads/2026/09/original-473.png ([558, 447]); a transparent file exists, but exact brand, package count or variant is not independently established; it was not published.","Provide the exact Rockwall package photograph and readable manufacturer/UPC plus retail count; do not approve by name alone."
"VM2ZAA3FAPEOJJWLRFYDHRIP","757201530811","","Goooooal 500g Zipper Cake 102 shots","Goooooal 500g Zipper Cake 102 shots","Unknown","500 GRAM FINALE > 500 GRAM FINALE ZIPPER CAKES","Regular","Unknown","500g | 102 shots","no_match","No sufficiently specific candidate identified in the two Dynamite catalog files.","Unknown","Manufacturer or UPC/model, exact package/variant and corresponding photo/video.","424","425","425","Items","425","identity_confirmation_needed","","Unknown","Unknown","","""757201530811"" fireworks","https://www.raccoonfireworksusa.com/product-page/goooooal","Name/presentation research returned candidates (including ""Goooooal | Raccoon""), but no consulted product page establishes the Square code 757201530811, brand and exact variant together. The Dynamite name candidates remain unconfirmed.","Provide the exact Rockwall package photograph and readable manufacturer/UPC plus retail count; do not approve by name alone."
"D6YSBFIRNB6FTJX5527KRGFF","831100012088","","Gorilla 6"" Artillery Shells 24 Pack","Gorilla 6"" Artillery Shells 24 Pack","Unknown","24 Pack Artillery Shells 6""","Regular","Unknown","6"" | 24 Pack","no_match","No sufficiently specific candidate identified in the two Dynamite catalog files.","Unknown","Manufacturer or UPC/model, exact package/variant and corresponding photo/video.","425","426","426","Items","426","identity_confirmation_needed","","Unknown","Unknown","","""831100012088"" fireworks | Gorilla 6"" Artillery Shells 24 Pack  fireworks manufacturer","https://phantomfireworkswholesale.com/products/g-694-gladiator-6-shells-24-canister-shells | https://www.gorilla-fireworks.com/artillery.html | https://www.reddit.com/r/fireworks/comments/1l3w249","Name/presentation research returned candidates (including ""(G-694) Gladiator 6” Shells, 24 Canister Shells (Case Pack: 3/24) | Phantom Fireworks""), but no consulted product page establishes the Square code 831100012088, brand and exact variant together. The Dynamite name candidates remain unconfirmed.","Provide the exact Rockwall package photograph and readable manufacturer/UPC plus retail count; do not approve by name alone."
"D5FZBGNRT3CBD726J3R3LGWC","6942037750067","","Grand Slam","Grand Slam","Unknown","Fountains","Regular","Unknown","Unknown","no_match","No sufficiently specific candidate identified in the two Dynamite catalog files.","Unknown","Manufacturer or UPC/model, exact package/variant and corresponding photo/video.","427","428","428","Items","428","candidate_requires_package_review","","Unknown","Unknown","","""6942037750067"" fireworks | Grand Slam Black Scorpion/Chili Fireworks official fireworks manufacturer","https://ocfireworks.com/grand-slam/ | https://ocfireworks.com/wholesale-fireworks-grand-slam-case-8-1/ | https://neumann-feuerwerk.de/srpyro-xl-gold-crown-3-single-shots-30mm | https://pyrotechshop.pl/product-pol-3663-SINGLE-SHOTY-XL-GOLD-CROWN-CLE5006-SRPYRO-3-szt.html | https://www.chilifireworks.com/","Code 6942037750067 occurs in the retrieved product/source ""Grand Slam"". Square records ""Grand Slam"" / ""Regular""; this is a candidate, not a confirmed retail-package crosswalk. Inspected reference https://cdn11.bigcommerce.com/s-m60h2m7qge/images/stencil/800x800/products/10718/7243/Grand_Slam__17490.1674082784.jpg?c=2 ([800, 800]); its background is opaque and no faithful transparent exact-unit resource was approved.","Provide the exact Rockwall package photograph and readable manufacturer/UPC plus retail count; do not approve by name alone."
"WVJQMEDM4UWO7SU6ROOSBOKO","8052530042014","","Great Night extravaganza Assortment","Great Night extravaganza Assortment","Unknown","Unknown","Regular","Unknown","Unknown","no_match","No sufficiently specific candidate identified in the two Dynamite catalog files.","Unknown","Manufacturer or UPC/model, exact package/variant and corresponding photo/video.","428","429","429","Items","429","candidate_requires_package_review","","Unknown","Unknown","","""8052530042014"" fireworks | Great Night Extravaganza Boomer official fireworks manufacturer","https://johnnyrocketsfireworks.com/products/greatnightextravaganza | https://beta2024.usa-fireworks.com/products/assortments/great-night-extravaganza-2/ | https://bigdaddyksfireworksoutlet.com/product/great-night-extravaganza/ | https://ocfireworks.com/10-fiberglass-mortar-tube-single-tube/","Code 8052530042014 occurs in the retrieved product/source ""Great Night Extravaganza"". Square records ""Great Night extravaganza Assortment"" / ""Regular""; this is a candidate, not a confirmed retail-package crosswalk. Inspected reference http://johnnyrocketsfireworks.com/cdn/shop/files/Johnny_Rockets_Logo.png?crop=center&height=1200&v=1784646097&width=1200 ([257, 79]); its background is opaque and no faithful transparent exact-unit resource was approved.","Provide the exact Rockwall package photograph and readable manufacturer/UPC plus retail count; do not approve by name alone."
"7A3AOYPUE3CUC6B24G6BPSIH","652009119001","","Green Fuse","Green Fuse","Unknown","Unknown","Regular","Unknown","Unknown","no_match","No sufficiently specific candidate identified in the two Dynamite catalog files.","Unknown","Manufacturer or UPC/model, exact package/variant and corresponding photo/video.","429","430","430","Items","430","data_conflict","","Unknown","Unknown","","Compared code against official Winco UPC reference | Green Fuse L242@P21: Artillery MEF6003 T-800 5"" Canister Shells (652009119001) fireworks manufacturer","https://elevatedfireworks.com/products/t-800-24-shot-canister-shells | https://victoryfireworkswholesale.com/T800/ | https://www.scbfireworks.com/product/t-800-5-canister-shells/","Square says Green Fuse, but code 652009119001 identifies T-800 canister shells in the supplier catalog. Do not assign either product silently.","Provide the exact Rockwall package photograph and readable manufacturer/UPC plus retail count; do not approve by name alone."
"4CBTD37T3BG3ABNFQKEB5YTD","816597935263","","Green Wasp","Green Wasp","Unknown","Unknown","Regular","Unknown","Unknown","no_match","No sufficiently specific candidate identified in the two Dynamite catalog files.","Unknown","Manufacturer or UPC/model, exact package/variant and corresponding photo/video.","430","431","431","Items","431","no_verified_identity","","Unknown","Unknown","","""816597935263"" fireworks | Green Wasp  fireworks manufacturer","","Code and name/presentation searches did not establish an exact product for Square ""Green Wasp"" / ""Regular"" (code 816597935263). No verified manufacturer/package image or exact model was found; generic/store identifiers cannot determine identity.","Provide the exact Rockwall package photograph and readable manufacturer/UPC plus retail count; do not approve by name alone."
"47X66FNFQ5M5AE5BX67W7K4P","705108600960","","Grillin N Chillin","Grillin N Chillin","Unknown","Unknown","Regular","Unknown","Unknown","no_match","No sufficiently specific candidate identified in the two Dynamite catalog files.","Unknown","Manufacturer or UPC/model, exact package/variant and corresponding photo/video.","431","432","432","Items","432","identity_confirmation_needed","","Unknown","Unknown","","""705108600960"" fireworks | Grillin N Chillin  fireworks manufacturer","https://www.getwinda.com/product-page/grillin-n-chillin-25-s | https://chillngrilln.com/contact/","Name/presentation research returned candidates (including ""GRILLIN N CHILLIN 25'S | Winda Fireworks""), but no consulted product page establishes the Square code 705108600960, brand and exact variant together. The Dynamite name candidates remain unconfirmed.","Provide the exact Rockwall package photograph and readable manufacturer/UPC plus retail count; do not approve by name alone."
"3SNMSXWD4H7ETDFWILOFMQ4E","8145270182833","","Ground Bloom Flower 12pk","Ground Bloom Flower 12pk","Unknown","Unknown","Regular","Unknown","Unknown","probable","Name identifies a candidate only; manufacturer and exact presentation have not been established.","products.json[61] Ground Bloom Flower / Monkey Mania / /products/ground-bloom-flower.png","Manufacturer or UPC/model, exact package/variant and corresponding photo/video.","432","433","433","Items","433","identity_confirmation_needed","","Unknown","Unknown","","""8145270182833"" fireworks | Ground Bloom Flower 12pk  fireworks manufacturer","https://jeffsfireworks.com/products/ground-bloom-flower | https://www.superiorfireworks.com/retail/product/n-ce0901bx/ground-bloom-flower-bulk-pack | https://www.scbfireworks.com/product/ground-bloom-flowers-shogun-brick/ | https://www.shogunvulcan.com/product/hw901-flying-ground-bloom","Name/presentation research returned candidates (including ""Ground Bloom Flower– Jeff's Fireworks""), but no consulted product page establishes the Square code 8145270182833, brand and exact variant together. The Dynamite name candidates remain unconfirmed.","Provide the exact Rockwall package photograph and readable manufacturer/UPC plus retail count; do not approve by name alone."
"5YTIGLOF5PCVASHW7AJFD5SZ","725272730706","","Ground Bloom Flower Spinner","Ground Bloom Flower Spinner","Unknown","Unknown","Regular","Unknown","Unknown","probable","Name identifies a candidate only; manufacturer and exact presentation have not been established.","products.json[61] Ground Bloom Flower / Monkey Mania / /products/ground-bloom-flower.png","Manufacturer or UPC/model, exact package/variant and corresponding photo/video.","433","434","434","Items","434","identity_confirmation_needed","","Unknown","Unknown","","""725272730706"" fireworks | Ground Bloom Flower Spinner  fireworks manufacturer","https://www.tntfireworks.com/fireworks/cat/novelties-sparklers/2763-ground-bloom-flower | https://jeffsfireworks.com/products/ground-bloom-flower | https://www.championfireworks.com/Ground-spinners523/lk1501-ground-bloom-flower | https://www.made-in-china.com/showroom/fireworksgo/product-detailsqmxKoNvGZcX/China-Ground-Blooming-Flower-With-Cracking.html | https://www.reddit.com/r/fireworks/comments/o49dwo","Name/presentation research returned candidates (including ""Fireworks | TNT Fireworks | GROUND BLOOM FLOWER""), but no consulted product page establishes the Square code 725272730706, brand and exact variant together. The Dynamite name candidates remain unconfirmed.","Provide the exact Rockwall package photograph and readable manufacturer/UPC plus retail count; do not approve by name alone."
"75TEDZLHPLBRXIRIA5GDCIFL","693965500205","","Ground Bloom Flowers","Ground Bloom Flowers","Unknown","Unknown","Regular","Unknown","Unknown","probable","Name identifies a candidate only; manufacturer and exact presentation have not been established.","products.json[61] Ground Bloom Flower / Monkey Mania / /products/ground-bloom-flower.png","Manufacturer or UPC/model, exact package/variant and corresponding photo/video.","434","435","435","Items","435","identity_confirmation_needed","","Unknown","Unknown","","""693965500205"" fireworks | Ground Bloom Flowers  fireworks manufacturer","https://www.championfireworks.com/Ground-spinners523/lk1501-ground-bloom-flower | https://ccfireworks.com/Products/Col48/47.html | https://fireonefx.com/shop/product/ground-bloom-flowers/ | https://www.reddit.com/r/fireworks/comments/o4bgmh | https://www.reddit.com/r/fireworks/comments/14kwef4","Name/presentation research returned candidates (including ""LK1501 Ground Bloom Flower, China LK1501 Ground Bloom Flower Manufacturers, Suppliers, Factory - Liuyang Champion Fireworks Manufacture Co.,Ltd.""), but no consulted product page establishes the Square code 693965500205, brand and exact variant together. The Dynamite name candidates remain unconfirmed.","Provide the exact Rockwall package photograph and readable manufacturer/UPC plus retail count; do not approve by name alone."
"4APSYIUKRRGGBOKLVCEU5N2Y","888000009014","","Ground Bloom Flowers","Ground Bloom Flowers","Unknown","Unknown","ground bloom flowers","ground bloom flowers","Unknown","probable","Name identifies a candidate only; manufacturer and exact presentation have not been established.","products.json[61] Ground Bloom Flower / Monkey Mania / /products/ground-bloom-flower.png","Manufacturer or UPC/model, exact package/variant and corresponding photo/video.","435","436","436","Items","436","identity_confirmation_needed","","Unknown","Unknown","","""888000009014"" fireworks | Ground Bloom Flowers ground bloom flowers fireworks manufacturer","https://www.championfireworks.com/Ground-spinners523/lk1501-ground-bloom-flower | https://ccfireworks.com/Products/Col48/47.html | https://fireonefx.com/shop/product/ground-bloom-flowers/ | https://www.reddit.com/r/fireworks/comments/o4bgmh | https://www.reddit.com/r/fireworks/comments/14kwef4","Name/presentation research returned candidates (including ""LK1501 Ground Bloom Flower, China LK1501 Ground Bloom Flower Manufacturers, Suppliers, Factory - Liuyang Champion Fireworks Manufacture Co.,Ltd.""), but no consulted product page establishes the Square code 888000009014, brand and exact variant together. The Dynamite name candidates remain unconfirmed.","Provide the exact Rockwall package photograph and readable manufacturer/UPC plus retail count; do not approve by name alone."
"I44W44ADWKVGTGLYWV2EVIWB","","6950165431222","Gush","Gush","Unknown","Fountains","Regular","Unknown","Unknown","no_match","No sufficiently specific candidate identified in the two Dynamite catalog files.","Unknown","Manufacturer or UPC/model, exact package/variant and corresponding photo/video.","436","437","437","Items","437","candidate_requires_package_review","","Unknown","Unknown","","""6950165431222"" fireworks | Gush Megabanger official fireworks manufacturer","https://usa-fireworks.com/products/fountains/fountains-200-gram/gush/ | https://megabangerfireworks.com/ | https://megabangerfireworks.com/products/","Code 6950165431222 occurs in the retrieved product/source ""Gush | 112 Second Fountain"". Square records ""Gush"" / ""Regular""; this is a candidate, not a confirmed retail-package crosswalk. Inspected reference https://usa-fireworks.com/wp-content/uploads/2026/09/original-172.jpeg ([117, 252]); its background is opaque and no faithful transparent exact-unit resource was approved.","Provide the exact Rockwall package photograph and readable manufacturer/UPC plus retail count; do not approve by name alone."
"QEOAHTBTI755LXMWGKRW5EMG","705108321346","","Handheld Snow Cone","Handheld Snow Cone","Unknown","Fountains","Regular","Unknown","Unknown","conflict","Handheld Snowcone source shows a multi-piece display; Square variants differ in color/SKU. Unit vs display-pack identity is not established.","products.json[114] Snow Cone / Winda / /products/snow-cone.png | products.json[184] Handheld Snow Cone / Winda / /products/handheld-snow-cone.png","Manufacturer or UPC/model, exact package/variant and corresponding photo/video.","437","438","438","Items","438","identified_missing_image","","Winda","P3213","","""705108321346"" fireworks","https://www.getwinda.com/product-page/hand-held-snow-cone | https://fireworkconnection.com/product/hand-held-snow-cone/ | https://simpsonfireworks.com/FN434-Hand-Held-Snow-Cone-R-PC/","Official Winda P3213 page confirms purple/red/green/blue individual variants. Its photograph shows a display tray that occludes the cone bases; cropping cannot recover a complete individual product.","Complete isolated photo of each color, including its base. Do not synthesize the hidden parts or substitute the published full-size Snow Cone."
"O7G3LQMSVRJE5CJTYAGVNF4T","705108321339","","Handheld Snowcone","Handheld Snowcone","Unknown","Fountains","Regular","Unknown","Unknown","conflict","Handheld Snowcone source shows a multi-piece display; Square variants differ in color/SKU. Unit vs display-pack identity is not established.","products.json[114] Snow Cone / Winda / /products/snow-cone.png | products.json[184] Handheld Snow Cone / Winda / /products/handheld-snow-cone.png","Manufacturer or UPC/model, exact package/variant and corresponding photo/video.","438","439","439","Items","439","identified_missing_image","","Winda","P3213","","""705108321339"" fireworks","https://www.getwinda.com/product-page/hand-held-snow-cone","Official Winda P3213 page confirms purple/red/green/blue individual variants. Its photograph shows a display tray that occludes the cone bases; cropping cannot recover a complete individual product.","Complete isolated photo of each color, including its base. Do not synthesize the hidden parts or substitute the published full-size Snow Cone."
"YTBQUVMNKF7EU4VIEL4R3EAU","705108321322","","Handheld Snowcone","Handheld Snowcone","Unknown","Fountains","Handheld Snowcone","Handheld Snowcone","Unknown","conflict","Handheld Snowcone source shows a multi-piece display; Square variants differ in color/SKU. Unit vs display-pack identity is not established.","products.json[114] Snow Cone / Winda / /products/snow-cone.png | products.json[184] Handheld Snow Cone / Winda / /products/handheld-snow-cone.png","Manufacturer or UPC/model, exact package/variant and corresponding photo/video.","439","440","440","Items","440","identified_missing_image","","Winda","P3213","","""705108321322"" fireworks","https://www.getwinda.com/product-page/hand-held-snow-cone | https://americanwholesalefireworks.com/snow-cone-hand-held//","Official Winda P3213 page confirms purple/red/green/blue individual variants. Its photograph shows a display tray that occludes the cone bases; cropping cannot recover a complete individual product.","Complete isolated photo of each color, including its base. Do not synthesize the hidden parts or substitute the published full-size Snow Cone."
"QMHFOJ62GJMP6R7RMLHHGCSG","705108321315","","Handheld Snowcone","Handheld Snowcone","Unknown","Fountains","Handheld Snowcone","Handheld Snowcone","Unknown","conflict","Handheld Snowcone source shows a multi-piece display; Square variants differ in color/SKU. Unit vs display-pack identity is not established.","products.json[114] Snow Cone / Winda / /products/snow-cone.png | products.json[184] Handheld Snow Cone / Winda / /products/handheld-snow-cone.png","Manufacturer or UPC/model, exact package/variant and corresponding photo/video.","440","441","441","Items","441","identified_missing_image","","Winda","P3213","","""705108321315"" fireworks","https://www.getwinda.com/product-page/hand-held-snow-cone | https://americanwholesalefireworks.com/snow-cone-handheld-single/","Official Winda P3213 page confirms purple/red/green/blue individual variants. Its photograph shows a display tray that occludes the cone bases; cropping cannot recover a complete individual product.","Complete isolated photo of each color, including its base. Do not synthesize the hidden parts or substitute the published full-size Snow Cone."
"N33QU2DRWYMNUYFPRTWK46YL","8145270242216","","Happy Camper 200 Gram 25 Shot","Happy Camper 200 Gram 25 Shot","Unknown","Unknown","Regular","Unknown","200 Gram | 25 Shot","no_match","No sufficiently specific candidate identified in the two Dynamite catalog files.","Unknown","Manufacturer or UPC/model, exact package/variant and corresponding photo/video.","441","442","442","Items","442","candidate_requires_package_review","","Unknown","Unknown","","""8145270242216"" fireworks | Happy Camper Cutting Edge official fireworks manufacturer","https://usa-fireworks.com/products/aerial-all-cakes/aerial-200-gram-cakes/happy-camper/ | https://cuttingedgefireworks.com/video-category/new-products/ | https://www.aahfireworks.com/brands/cutting-edge/ | https://elevatedfireworks.com/collections/cutting-edge%C2%AE-fireworks | https://www.starlighttoygroup.com/brands/happy-camper","Code 8145270242216 occurs in the retrieved product/source ""Happy Camper | 16 Shot Cake"". Square records ""Happy Camper 200 Gram 25 Shot"" / ""Regular""; this is a candidate, not a confirmed retail-package crosswalk. Inspected reference https://usa-fireworks.com/wp-content/uploads/2026/09/original-411.png ([399, 495]); its background is opaque and no faithful transparent exact-unit resource was approved.","Provide the exact Rockwall package photograph and readable manufacturer/UPC plus retail count; do not approve by name alone."
"OPKQIOVE4L5ZQDJ3U3KALWMX","705108700769","","Happy Dinosaur","Happy Dinosaur","Unknown","Unknown","Regular","Unknown","Unknown","no_match","No sufficiently specific candidate identified in the two Dynamite catalog files.","Unknown","Manufacturer or UPC/model, exact package/variant and corresponding photo/video.","442","443","443","Items","443","no_verified_identity","","Unknown","Unknown","","""705108700769"" fireworks | Happy Dinosaur  fireworks manufacturer","","Code and name/presentation searches did not establish an exact product for Square ""Happy Dinosaur"" / ""Regular"" (code 705108700769). No verified manufacturer/package image or exact model was found; generic/store identifiers cannot determine identity.","Provide the exact Rockwall package photograph and readable manufacturer/UPC plus retail count; do not approve by name alone."
"GCUCWW22VYRMJCKGYGLAMKAF","814527200160","","Hardcore 200 G","Hardcore 200 G","Unknown","Unknown","Regular","Unknown","200 G","no_match","No sufficiently specific candidate identified in the two Dynamite catalog files.","Unknown","Manufacturer or UPC/model, exact package/variant and corresponding photo/video.","443","444","444","Items","444","candidate_requires_package_review","","Unknown","Unknown","","""814527200160"" fireworks | Hardcore Cutting Edge official fireworks manufacturer","https://usa-fireworks.com/products/aerial-all-cakes/aerial-200-gram-cakes/hardcore/ | https://cuttingedgefireworks.com/video-category/new-products/ | https://www.aahfireworks.com/brands/cutting-edge/ | https://elevatedfireworks.com/collections/cutting-edge%C2%AE-fireworks","Code 814527200160 occurs in the retrieved product/source ""Hardcore | 16 Shot Cake"". Square records ""Hardcore 200 G"" / ""Regular""; this is a candidate, not a confirmed retail-package crosswalk. Inspected reference https://usa-fireworks.com/wp-content/uploads/2026/09/original-28-scaled.jpeg ([1481, 1500]); its background is opaque and no faithful transparent exact-unit resource was approved.","Provide the exact Rockwall package photograph and readable manufacturer/UPC plus retail count; do not approve by name alone."
"BKNQ623WTRVPWROLDUXP6Q6L","757201530637","","Hazmat","Hazmat","Unknown","Unknown","Regular","Unknown","Unknown","no_match","No sufficiently specific candidate identified in the two Dynamite catalog files.","Unknown","Manufacturer or UPC/model, exact package/variant and corresponding photo/video.","444","445","445","Items","445","identity_confirmation_needed","","Unknown","Unknown","","""757201530637"" fireworks","https://www.raccoonfireworksusa.com/product-page/hazmat","Name/presentation research returned candidates (including ""Hazmat | Raccoon""), but no consulted product page establishes the Square code 757201530637, brand and exact variant together. The Dynamite name candidates remain unconfirmed.","Provide the exact Rockwall package photograph and readable manufacturer/UPC plus retail count; do not approve by name alone."
"DY5DP3QG2IV2MPEL5GFLUKCH","814527313518","","Heavy Handed 500 Gram 36 Shots","Heavy Handed 500 Gram 36 Shots","Unknown","Unknown","Regular","Unknown","500 Gram | 36 Shots","no_match","No sufficiently specific candidate identified in the two Dynamite catalog files.","Unknown","Manufacturer or UPC/model, exact package/variant and corresponding photo/video.","445","446","446","Items","446","no_verified_identity","","Unknown","Unknown","","""814527313518"" fireworks | Heavy Handed 500 Gram 36 Shots  fireworks manufacturer","https://helmfireworks.com/collections/500/products/hit-the-bone-36-shots","Code and name/presentation searches did not establish an exact product for Square ""Heavy Handed 500 Gram 36 Shots"" / ""Regular"" (code 814527313518). No verified manufacturer/package image or exact model was found; generic/store identifiers cannot determine identity.","Provide the exact Rockwall package photograph and readable manufacturer/UPC plus retail count; do not approve by name alone."
"IUIXJZMXJXNLT3RHGLUETYA7","841527141254","841527141254","Helix Terminator","Helix Terminator","Unknown","Unknown","Regular","Unknown","Unknown","no_match","No sufficiently specific candidate identified in the two Dynamite catalog files.","Unknown","Manufacturer or UPC/model, exact package/variant and corresponding photo/video.","446","447","447","Items","447","no_verified_identity","","Unknown","Unknown","","""841527141254"" fireworks","","Code and name/presentation searches did not establish an exact product for Square ""Helix Terminator"" / ""Regular"" (code 841527141254). No verified manufacturer/package image or exact model was found; generic/store identifiers cannot determine identity.","Provide the exact Rockwall package photograph and readable manufacturer/UPC plus retail count; do not approve by name alone."
"LLVKRTYFYMMNXUONBBVVBGGP","943100700039","","Hen Laying Egg BOGO","Hen Laying Egg","Unknown","Unknown","Regular","Unknown","Unknown","no_match","No sufficiently specific candidate identified in the two Dynamite catalog files.","Unknown","Manufacturer or UPC/model, exact package/variant and corresponding photo/video.","447","448","448","Items","448","identity_confirmation_needed","","Unknown","Unknown","","""943100700039"" fireworks | Hen Laying Egg  fireworks manufacturer","https://helmfireworks.com/products/hen_laying_egg | https://www.goldfieldfireworks.com/index.php/our-fireworks/novelties/product/1707-hen-laying-egg | https://rkmfireworks.net/hen-laying-eggs-24-1/ | https://colorcloudfireworks.en.made-in-china.com/product/yvYQetuSCPhq/China-Hen-Laying-Eggs-Novelties-Fireworks-W701-.html | https://www.myfloridacfo.com/docs-sf/state-fire-marshal-libraries/sfm-documents/bfp/approved-sparklers-list/2016-2017-approved-sparklers-list.pdf?sfvrsn=486f672b_4","Name/presentation research returned candidates (including ""Hen Laying Egg – Helm Fireworks""), but no consulted product page establishes the Square code 943100700039, brand and exact variant together. The Dynamite name candidates remain unconfirmed.","Provide the exact Rockwall package photograph and readable manufacturer/UPC plus retail count; do not approve by name alone."
"PCBVWGLH76TMB2THUXTY6OVG","000701613295","","Hen Laying Eggs. BOGO","Hen Laying Eggs.","Unknown","Unknown","Regular","Unknown","Unknown","no_match","No sufficiently specific candidate identified in the two Dynamite catalog files.","Unknown","Manufacturer or UPC/model, exact package/variant and corresponding photo/video.","448","449","449","Items","449","identity_confirmation_needed","","Unknown","Unknown","","""000701613295"" fireworks | Hen Laying Eggs.  fireworks manufacturer","https://helmfireworks.com/products/hen_laying_egg | https://www.goldfieldfireworks.com/index.php/our-fireworks/novelties/product/1707-hen-laying-egg | https://rkmfireworks.net/hen-laying-eggs-24-1/ | https://colorcloudfireworks.en.made-in-china.com/product/yvYQetuSCPhq/China-Hen-Laying-Eggs-Novelties-Fireworks-W701-.html | https://www.myfloridacfo.com/docs-sf/state-fire-marshal-libraries/sfm-documents/bfp/approved-sparklers-list/2016-2017-approved-sparklers-list.pdf?sfvrsn=486f672b_4","Name/presentation research returned candidates (including ""Hen Laying Egg – Helm Fireworks""), but no consulted product page establishes the Square code 000701613295, brand and exact variant together. The Dynamite name candidates remain unconfirmed.","Provide the exact Rockwall package photograph and readable manufacturer/UPC plus retail count; do not approve by name alone."
"FRCNZACDUCAW4XIN2KFT3M4L","814527200320","","High Voltage","High Voltage","Unknown","Unknown","Regular","Unknown","Unknown","no_match","No sufficiently specific candidate identified in the two Dynamite catalog files.","Unknown","Manufacturer or UPC/model, exact package/variant and corresponding photo/video.","450","451","451","Items","451","candidate_requires_package_review","","Unknown","Unknown","","""814527200320"" fireworks | High Voltage CE20032-27 Cutting Edge Fireworks official fireworks manufacturer","https://americanwholesalefireworks.com/high-voltage-cutting-edge/ | https://cuttingedgefireworks.com/video-category/new-products/ | https://www.aahfireworks.com/brands/cutting-edge/ | https://elevatedfireworks.com/collections/cutting-edge%C2%AE-fireworks","Code 814527200320 occurs in the retrieved product/source ""High Voltage - 500 Gram Cake"". Square records ""High Voltage"" / ""Regular""; this is a candidate, not a confirmed retail-package crosswalk. Inspected reference https://cdn11.bigcommerce.com/s-2n33n5vm38/images/stencil/500x500/products/1489/10518/High_Voltage_-_Cutting_Edge__56881.1724357064.png?c=2 ([500, 500]); its background is opaque and no faithful transparent exact-unit resource was approved.","Provide the exact Rockwall package photograph and readable manufacturer/UPC plus retail count; do not approve by name alone."
"4RFIIMK7QCQH5PJA2UORE7HK","","687985913701","Hoist of the Colors (3 Cakes)","Hoist of the Colors (3 Cakes)","Unknown","Unknown","Regular","Unknown","Unknown","no_match","No sufficiently specific candidate identified in the two Dynamite catalog files.","Unknown","Manufacturer or UPC/model, exact package/variant and corresponding photo/video.","452","453","453","Items","453","identity_confirmation_needed","","Unknown","Unknown","","""687985913701"" fireworks | Hoist of the Colors (3 Cakes)  fireworks manufacturer","https://americanwholesalefireworks.com/hoist-the-colors-case-of-3/","Name/presentation research returned candidates (including ""Hoist the Colors (Case of 3) - 500 Gram Cake Assortment""), but no consulted product page establishes the Square code 687985913701, brand and exact variant together. The Dynamite name candidates remain unconfirmed.","Provide the exact Rockwall package photograph and readable manufacturer/UPC plus retail count; do not approve by name alone."
"AJ54GAY2B3V3IW5EFTAVU6DZ","816597941691","","Home Of The Brave 200 G","Home Of The Brave 200 G","Unknown","Unknown","Regular","Unknown","200 G","no_match","No sufficiently specific candidate identified in the two Dynamite catalog files.","Unknown","Manufacturer or UPC/model, exact package/variant and corresponding photo/video.","454","455","455","Items","455","identity_confirmation_needed","","Unknown","Unknown","","""816597941691"" fireworks | Home Of The Brave 200 G  fireworks manufacturer","https://www.superiorfireworks.com/retail/product/bg2004/home-of-the-brave","Name/presentation research returned candidates (including ""Home of the Brave: Superior Fireworks Retail""), but no consulted product page establishes the Square code 816597941691, brand and exact variant together. The Dynamite name candidates remain unconfirmed.","Provide the exact Rockwall package photograph and readable manufacturer/UPC plus retail count; do not approve by name alone."
"R4GI34CWJNRTDFBMUUZ463NM","805253316492","","Home Of The Brave 24 Shells/24 Breaks","Home Of The Brave 24 Shells/24 Breaks","Unknown","Artillery Packs MultiShell MultiBreaks","Regular","Unknown","24 Shells | 24 Breaks","no_match","No sufficiently specific candidate identified in the two Dynamite catalog files.","Unknown","Manufacturer or UPC/model, exact package/variant and corresponding photo/video.","455","456","456","Items","456","identity_confirmation_needed","","Unknown","Unknown","","""805253316492"" fireworks | Home Of The Brave 24 Shells/24 Breaks  fireworks manufacturer","https://www.superiorfireworks.com/retail/product/bg2004/home-of-the-brave","Name/presentation research returned candidates (including ""Home of the Brave: Superior Fireworks Retail""), but no consulted product page establishes the Square code 805253316492, brand and exact variant together. The Dynamite name candidates remain unconfirmed.","Provide the exact Rockwall package photograph and readable manufacturer/UPC plus retail count; do not approve by name alone."
"5WWE7ULB44P5GEG5SPOE3C4H","","121823801299","Hometown 8 Ball Candles","Hometown 8 Ball Candles","Unknown","Unknown","Regular","Unknown","Unknown","no_match","No sufficiently specific candidate identified in the two Dynamite catalog files.","Unknown","Manufacturer or UPC/model, exact package/variant and corresponding photo/video.","457","458","458","Items","458","no_verified_identity","","Unknown","Unknown","","""121823801299"" fireworks | Hometown 8 Ball Candles  fireworks manufacturer","https://www.cpsc.gov/Recalls/2026/Winco-Fireworks-International-Recalls-Roman-Candles-8-Shot-Fireworks-Due-to-Risk-of-Serious-Injury-from-Explosion-and-Burn-Hazards | https://www.championfireworks.com/Roman-candles/08-inch-8-shots-roman-candle | https://en.wikipedia.org/wiki/Magic_8_Ball","Code and name/presentation searches did not establish an exact product for Square ""Hometown 8 Ball Candles"" / ""Regular"" (code 121823801299). No verified manufacturer/package image or exact model was found; generic/store identifiers cannot determine identity.","Provide the exact Rockwall package photograph and readable manufacturer/UPC plus retail count; do not approve by name alone."
"4TLQKMAPJQY33RAKIVUWFQNU","8052530165928","","Hot Racer 2pk","Hot Racer 2pk","Unknown","Unknown","Regular","Unknown","Unknown","no_match","No sufficiently specific candidate identified in the two Dynamite catalog files.","Unknown","Manufacturer or UPC/model, exact package/variant and corresponding photo/video.","460","461","461","Items","461","no_verified_identity","","Unknown","Unknown","","""8052530165928"" fireworks | Hot Racer 2pk  fireworks manufacturer","","Code and name/presentation searches did not establish an exact product for Square ""Hot Racer 2pk"" / ""Regular"" (code 8052530165928). No verified manufacturer/package image or exact model was found; generic/store identifiers cannot determine identity.","Provide the exact Rockwall package photograph and readable manufacturer/UPC plus retail count; do not approve by name alone."
"CLS3OVOY5B22WFA3L5P3RCOV","8145270245811","","Hot Rod","Hot Rod","Unknown","Unknown","Regular","Unknown","Unknown","no_match","No sufficiently specific candidate identified in the two Dynamite catalog files.","Unknown","Manufacturer or UPC/model, exact package/variant and corresponding photo/video.","461","462","462","Items","462","candidate_requires_package_review","","Unknown","Unknown","","""8145270245811"" fireworks | Hot Rod Cutting Edge Fireworks official fireworks manufacturer","https://ocfireworks.com/hot-rod/ | https://cuttingedgefireworks.com/fire-product/hot-rod/ | https://ocfireworks.com/cutting-edge-fireworks/ | https://suomenpyrotekniikka.fi/ilotulitteet/padat/hot-rod","Code 8145270245811 occurs in the retrieved product/source ""Hot Rod"". Square records ""Hot Rod"" / ""Regular""; this is a candidate, not a confirmed retail-package crosswalk. Inspected reference https://cdn11.bigcommerce.com/s-m60h2m7qge/images/stencil/800x800/products/9521/6849/Hot_Rod_New__37938.1655322984.jpg?c=2 ([800, 800]); its background is opaque and no faithful transparent exact-unit resource was approved.","Provide the exact Rockwall package photograph and readable manufacturer/UPC plus retail count; do not approve by name alone."
"4ZLDZRU4KVCXWE6IOXAFVKD2","757801578763","","Hot as Hell","Hot as Hell","Unknown","9-SHOT 500 GRAM RACKS","Regular","Unknown","Unknown","no_match","No sufficiently specific candidate identified in the two Dynamite catalog files.","Unknown","Manufacturer or UPC/model, exact package/variant and corresponding photo/video.","463","464","464","Items","464","identity_confirmation_needed","","Unknown","Unknown","","""757801578763"" fireworks | Hot as Hell  fireworks manufacturer","https://bigjohnsonfireworks.com/products/hot-as-hell | https://www.chillicothefireworks.com/products/listing/hot-as-hell/%26productRow%3D93","Hot as Hell uses a different code from the confirmed RA57216 row 458. Need verification of this alternate code before linking records.","Provide the exact Rockwall package photograph and readable manufacturer/UPC plus retail count; do not approve by name alone."
"ZWQVO4JHHW32NG6NCSCNNTGY","757201538145","","Huge White Strobe 500 Gram","Huge White Strobe 500 Gram","Unknown","500 GRAM FINALE","Regular","Unknown","500 Gram","no_match","No sufficiently specific candidate identified in the two Dynamite catalog files.","Unknown","Manufacturer or UPC/model, exact package/variant and corresponding photo/video.","466","467","467","Items","467","candidate_requires_package_review","","Unknown","Unknown","","""757201538145"" fireworks | Huge White Strobe 500 Gram RA53814 Raccoon Fireworks official fireworks manufacturer","https://americanwholesalefireworks.com/huge-white-strobe/ | https://www.raccoonfireworksusa.com/product-page/huge-red-white-strobe","Code 757201538145 occurs in the retrieved product/source ""Huge White Strobe - 500 Gram Cake"". Square records ""Huge White Strobe 500 Gram"" / ""Regular""; this is a candidate, not a confirmed retail-package crosswalk. Inspected reference https://cdn11.bigcommerce.com/s-2n33n5vm38/images/stencil/500x500/products/2188/10156/Add_a_little_bit_of_body_text_15__87768.1722612883.png?c=2 ([500, 500]); its background is opaque and no faithful transparent exact-unit resource was approved.","Provide the exact Rockwall package photograph and readable manufacturer/UPC plus retail count; do not approve by name alone."
"NWJSW2USYCV5YAHSLZZ3XUBB","8145270281512","","Hungry","Hungry","Unknown","Unknown","Regular","Unknown","Unknown","no_match","No sufficiently specific candidate identified in the two Dynamite catalog files.","Unknown","Manufacturer or UPC/model, exact package/variant and corresponding photo/video.","467","468","468","Items","468","no_verified_identity","","Unknown","Unknown","","""8145270281512"" fireworks | Hungry  fireworks manufacturer","","Code and name/presentation searches did not establish an exact product for Square ""Hungry"" / ""Regular"" (code 8145270281512). No verified manufacturer/package image or exact model was found; generic/store identifiers cannot determine identity.","Provide the exact Rockwall package photograph and readable manufacturer/UPC plus retail count; do not approve by name alone."
"URMFO7CTNSV5DHJHIIIIDGAJ","","840142208045","I Love America (3 Cakes)","I Love America (3 Cakes)","Unknown","Unknown","Regular","Unknown","Unknown","no_match","No sufficiently specific candidate identified in the two Dynamite catalog files.","Unknown","Manufacturer or UPC/model, exact package/variant and corresponding photo/video.","469","470","470","Items","470","no_verified_identity","","Unknown","Unknown","","""840142208045"" fireworks","","Code and name/presentation searches did not establish an exact product for Square ""I Love America (3 Cakes)"" / ""Regular"" (code 840142208045). No verified manufacturer/package image or exact model was found; generic/store identifiers cannot determine identity.","Provide the exact Rockwall package photograph and readable manufacturer/UPC plus retail count; do not approve by name alone."
"WMH4N3QCURROC2TYDS4KULOZ","681402055845","","I Love Fireworks 500 Gram","I Love Fireworks 500 Gram","Unknown","500 GRAM FINALE","Regular","Unknown","500 Gram","no_match","No sufficiently specific candidate identified in the two Dynamite catalog files.","Unknown","Manufacturer or UPC/model, exact package/variant and corresponding photo/video.","470","471","471","Items","471","identity_confirmation_needed","","Unknown","Unknown","","""681402055845"" fireworks | I Love Fireworks 500 Gram  fireworks manufacturer","https://usa-fireworks.com/products/aerial-all-cakes/aerial-500-gram-cakes/man-i-love-fireworks/ | https://www.t-skyfireworks.com/products/i-love-america/ | https://www.jakesfireworks.com/firework/i-love-new-york/","Name/presentation research returned candidates (including ""Man I Love Fireworks | 8 Shot Cake - 500 Gram Cake""), but no consulted product page establishes the Square code 681402055845, brand and exact variant together. The Dynamite name candidates remain unconfirmed.","Provide the exact Rockwall package photograph and readable manufacturer/UPC plus retail count; do not approve by name alone."
"VW7ETH7XUUVOEGZVXZMRVCU7","022208813213","","I'm ready","I'm ready","Unknown","Fountains","Regular","Unknown","Unknown","no_match","No sufficiently specific candidate identified in the two Dynamite catalog files.","Unknown","Manufacturer or UPC/model, exact package/variant and corresponding photo/video.","471","472","472","Items","472","no_verified_identity","","Unknown","Unknown","","""022208813213"" fireworks | I'm ready  fireworks manufacturer","https://www.reddit.com/r/fireworks/comments/vv2nck","Code and name/presentation searches did not establish an exact product for Square ""I'm ready"" / ""Regular"" (code 022208813213). No verified manufacturer/package image or exact model was found; generic/store identifiers cannot determine identity.","Provide the exact Rockwall package photograph and readable manufacturer/UPC plus retail count; do not approve by name alone."
"6356CC3S5APWLRMBKDQDCW5X","875330033918","","Ice Cream Cone 4 Pk","Ice Cream Cone 4 Pk","Unknown","Fountains","Regular","Unknown","Unknown","no_match","No sufficiently specific candidate identified in the two Dynamite catalog files.","Unknown","Manufacturer or UPC/model, exact package/variant and corresponding photo/video.","472","473","473","Items","473","identity_confirmation_needed","","Unknown","Unknown","","""875330033918"" fireworks | Ice Cream Cone 4 Pk  fireworks manufacturer","https://snapfireworks.com/mini-ice-cream-cone-200-gram-fountains-4-assorted-by-top-gun-fireworks.html | https://www.redapplefireworks.com/products/ice-cream-cone-fountains | https://en.wikipedia.org/wiki/Ice_cream_cone","Name/presentation research returned candidates (including ""Mini Ice Cream Cone | 200 Gram Fountains 4 Assorted by Top Gun Firewor""), but no consulted product page establishes the Square code 875330033918, brand and exact variant together. The Dynamite name candidates remain unconfirmed.","Provide the exact Rockwall package photograph and readable manufacturer/UPC plus retail count; do not approve by name alone."
"YXQH6SOSX4CN7OBFRF67NEVE","875330033901","","Ice Cream Cone Mini Fountain","Ice Cream Cone Mini Fountain","Unknown","Fountains","Regular","Unknown","Unknown","no_match","No sufficiently specific candidate identified in the two Dynamite catalog files.","Unknown","Manufacturer or UPC/model, exact package/variant and corresponding photo/video.","473","474","474","Items","474","identity_confirmation_needed","","Unknown","Unknown","","""875330033901"" fireworks | Ice Cream Cone Mini Fountain  fireworks manufacturer","https://snapfireworks.com/mini-ice-cream-cone-200-gram-fountains-4-assorted-by-top-gun-fireworks.html | https://www.redapplefireworks.com/products/ice-cream-cone-fountains | https://en.wikipedia.org/wiki/Ice_cream_cone | https://www.shogunvulcan.com/product/sfc03-shogun-cone-fountain-no-3-asst","Name/presentation research returned candidates (including ""Mini Ice Cream Cone | 200 Gram Fountains 4 Assorted by Top Gun Firewor""), but no consulted product page establishes the Square code 875330033901, brand and exact variant together. The Dynamite name candidates remain unconfirmed.","Provide the exact Rockwall package photograph and readable manufacturer/UPC plus retail count; do not approve by name alone."
"3MHU2W23G5WNERPNZEPAJUVA","705108917129","","Ice Fountains","Ice Fountains","Unknown","Fountains","Regular","Unknown","Unknown","no_match","No sufficiently specific candidate identified in the two Dynamite catalog files.","Unknown","Manufacturer or UPC/model, exact package/variant and corresponding photo/video.","474","475","475","Items","475","data_conflict","","Unknown","Unknown","","""705108917129"" fireworks | Ice Fountain Sky Bacon official fireworks manufacturer","https://usa-fireworks.com/products/sparklers/ice-fountain/ | https://www.skybaconfireworks.com/featured | https://www.skybaconfireworks.com/2020 | https://www.skybaconfireworks.com/featured-products","Ice Fountain text says a three-pack but its photograph shows four tubes. Need exact retail count and matching package photograph.","Provide the exact Rockwall package photograph and readable manufacturer/UPC plus retail count; do not approve by name alone."
"7J5NQF5D7C6KEDJJ4BNKEKG6","705669335516","","Ignite Large Battery Smartphone Enabled","Ignite Large Battery Smartphone Enabled","Unknown","Unknown","Regular","Unknown","Unknown","no_match","No sufficiently specific candidate identified in the two Dynamite catalog files.","Unknown","Manufacturer or UPC/model, exact package/variant and corresponding photo/video.","475","476","476","Items","476","candidate_requires_package_review","","Unknown","Unknown","","""705669335516"" fireworks | Ignite Large Battery Smartphone Enabled  official fireworks manufacturer","https://pyromaniapyro.com/ignite-i18-firing-system/ | https://americanwholesalefireworks.com/ignite-firing-system-i18/ | https://blackkatpyro.com/i18-ignite-firing-module/?setCurrencyId=1 | https://nitrofireworkstore.com/FS300-i18-Ignite-Firing-Module | https://blackkatpyro.com/i18-ignite-firing-module/ | https://76fireworkstore.com/FS300-i18-Ignite-Firing-Module-R-PC | https://www.ignitefiringsystems.com/whatsnew","Code 705669335516 occurs in the retrieved product/source ""Ignite i18 Firing System - Pyromania Fireworks"". Square records ""Ignite Large Battery Smartphone Enabled"" / ""Regular""; this is a candidate, not a confirmed retail-package crosswalk. Inspected reference https://cdn11.bigcommerce.com/s-xr3jqmgztr/images/stencil/500x500/products/167/582/ignite__63242.1717726560.jpg?c=1 ([300, 168]); its background is opaque and no faithful transparent exact-unit resource was approved.","Provide the exact Rockwall package photograph and readable manufacturer/UPC plus retail count; do not approve by name alone."
"3TARO3566LXW5GTPWVXEX2P6","193936962112","","Ignite The Spark","Ignite The Spark","Unknown","Fountains","Regular","Unknown","Unknown","no_match","No sufficiently specific candidate identified in the two Dynamite catalog files.","Unknown","Manufacturer or UPC/model, exact package/variant and corresponding photo/video.","476","477","477","Items","477","identity_confirmation_needed","","Unknown","Unknown","","""193936962112"" fireworks | Ignite The Spark  fireworks manufacturer","https://www.libertyfireworks.us/products/ignite-the-spark | https://www.reddit.com/r/fireworks/comments/vv2nck | https://www.reddit.com/r/fireworks/comments/ukd4rs | https://www.reddit.com/r/fireworks/comments/144ij29 | https://www.reddit.com/r/fireworks/comments/vrzuj5","Name/presentation research returned candidates (including ""BULLET FOUNTAIN - Item # SP692 – Liberty Fireworks""), but no consulted product page establishes the Square code 193936962112, brand and exact variant together. The Dynamite name candidates remain unconfirmed.","Provide the exact Rockwall package photograph and readable manufacturer/UPC plus retail count; do not approve by name alone."
"WQAF65QJW3S7GIUF6IQ567YB","821600012060","","Illuminati 5 Inch Neon Shells 60 Gram","Illuminati 5 Inch Neon Shells 60 Gram","Unknown","Unknown","Regular","Unknown","5 Inch | 60 Gram","no_match","No sufficiently specific candidate identified in the two Dynamite catalog files.","Unknown","Manufacturer or UPC/model, exact package/variant and corresponding photo/video.","477","478","478","Items","478","identity_confirmation_needed","","Unknown","Unknown","","""821600012060"" fireworks | Illuminati 5 Inch Neon Shells 60 Gram  fireworks manufacturer","https://vimeo.com/1124461076 | https://www.atomicfireworks.net/product-5-INCH-NEON-SHELLS.html | https://exoticfireworks.net/products/60g-Canister-Shells/Light-Entertainment-5-Inch-Canister-Shell/?Id=487","Name/presentation research returned candidates (including ""SS-1214 ILLUMINATI | 5 Inch 60 Gram Cannister Shell By Suns Fireworks | Videos & Movies on Vimeo""), but no consulted product page establishes the Square code 821600012060, brand and exact variant together. The Dynamite name candidates remain unconfirmed.","Provide the exact Rockwall package photograph and readable manufacturer/UPC plus retail count; do not approve by name alone."
"3OPETP7EWBNMLSAR4WE6LQNY","821600012145","","Illuminati 60 Gram Canister Shells 6 Pack","Illuminati 60 Gram Canister Shells 6 Pack","Unknown","Unknown","Regular","Unknown","60 Gram | 6 Pack","no_match","No sufficiently specific candidate identified in the two Dynamite catalog files.","Unknown","Manufacturer or UPC/model, exact package/variant and corresponding photo/video.","478","479","479","Items","479","identity_confirmation_needed","","Unknown","Unknown","","""821600012145"" fireworks | Illuminati 60 Gram Canister Shells 6 Pack  fireworks manufacturer","https://www.pyramidlakefireworks.com/60-gram-maximum-load-canister-shells | https://www.reddit.com/r/fireworks/comments/vmkbu3 | https://exoticfireworks.net/products/60g-Canister-Shells/Light-Entertainment-5-Inch-Canister-Shell/?Id=487 | https://vimeo.com/1124461076 | https://badazzfireworks.com/60g-canister-shells-1","Name/presentation research returned candidates (including ""60 gram maximum load canister shells | Pyramid Fireworks""), but no consulted product page establishes the Square code 821600012145, brand and exact variant together. The Dynamite name candidates remain unconfirmed.","Provide the exact Rockwall package photograph and readable manufacturer/UPC plus retail count; do not approve by name alone."
"HBGF2TEENREDHRL5CCFUQF74","681402055838","","Ilove Fireworks","Ilove Fireworks","Unknown","Unknown","Regular","Unknown","Unknown","no_match","No sufficiently specific candidate identified in the two Dynamite catalog files.","Unknown","Manufacturer or UPC/model, exact package/variant and corresponding photo/video.","479","480","480","Items","480","no_verified_identity","","Unknown","Unknown","","""681402055838"" fireworks | Ilove Fireworks  fireworks manufacturer","","Code and name/presentation searches did not establish an exact product for Square ""Ilove Fireworks"" / ""Regular"" (code 681402055838). No verified manufacturer/package image or exact model was found; generic/store identifiers cannot determine identity.","Provide the exact Rockwall package photograph and readable manufacturer/UPC plus retail count; do not approve by name alone."
"4KWGG6GWZ5N3VGLDAW57YTH3","140000104916","","Immortal Phoenix 500g","Immortal Phoenix 500g","Unknown","Unknown","Regular","Unknown","500g","no_match","No sufficiently specific candidate identified in the two Dynamite catalog files.","Unknown","Manufacturer or UPC/model, exact package/variant and corresponding photo/video.","480","481","481","Items","481","no_verified_identity","","Unknown","Unknown","","""140000104916"" fireworks | Immortal Phoenix 500g  fireworks manufacturer","https://www.reddit.com/r/fireworks/comments/1thop65/immortal_phoenix_500_g_consumer_cake_question/","Code and name/presentation searches did not establish an exact product for Square ""Immortal Phoenix 500g"" / ""Regular"" (code 140000104916). No verified manufacturer/package image or exact model was found; generic/store identifiers cannot determine identity.","Provide the exact Rockwall package photograph and readable manufacturer/UPC plus retail count; do not approve by name alone."
"WNDDQWDUX5IMRUJBVDTK2UCH","8145270190111","","Incenerator","Incenerator","Unknown","Unknown","Regular","Unknown","Unknown","no_match","No sufficiently specific candidate identified in the two Dynamite catalog files.","Unknown","Manufacturer or UPC/model, exact package/variant and corresponding photo/video.","481","482","482","Items","482","no_verified_identity","","Unknown","Unknown","","""8145270190111"" fireworks | Incenerator  fireworks manufacturer","","Code and name/presentation searches did not establish an exact product for Square ""Incenerator"" / ""Regular"" (code 8145270190111). No verified manufacturer/package image or exact model was found; generic/store identifiers cannot determine identity.","Provide the exact Rockwall package photograph and readable manufacturer/UPC plus retail count; do not approve by name alone."
"S7YQMVG7VIYG56HEQ6EMBDTY","757205301769","","Infinity And Beyond 500 Gram","Infinity And Beyond 500 Gram","Unknown","500 GRAM FINALE","Regular","Unknown","500 Gram","no_match","No sufficiently specific candidate identified in the two Dynamite catalog files.","Unknown","Manufacturer or UPC/model, exact package/variant and corresponding photo/video.","482","483","483","Items","483","identity_confirmation_needed","","Unknown","Unknown","","""757205301769"" fireworks | Infinity And Beyond 500 Gram  fireworks manufacturer","https://gbfireworks.com/products/infinity-and-beyond | https://raccoonfireworksusa.com/product/infinity-and-beyond/","Current Raccoon catalog has an exact-name candidate with a clean photograph, but its page does not publish the UPC and further retailer searches did not verify Square code 757205301769. Manufacturer-code digits embedded in a store/export code are not sufficient proof; require the original barcode/package before import.","Provide the exact Rockwall package photograph and readable manufacturer/UPC plus retail count; do not approve by name alone."
"SXECMCIGNTFKRD4Z3P4NBH77","6942037750043","","Intensedefense","Intensedefense","Unknown","Unknown","Regular","Unknown","Unknown","no_match","No sufficiently specific candidate identified in the two Dynamite catalog files.","Unknown","Manufacturer or UPC/model, exact package/variant and corresponding photo/video.","484","485","485","Items","485","no_verified_identity","","Unknown","Unknown","","""6942037750043"" fireworks | Intensedefense  fireworks manufacturer","","Code and name/presentation searches did not establish an exact product for Square ""Intensedefense"" / ""Regular"" (code 6942037750043). No verified manufacturer/package image or exact model was found; generic/store identifiers cannot determine identity.","Provide the exact Rockwall package photograph and readable manufacturer/UPC plus retail count; do not approve by name alone."
"MN4MFAPAACK2RIXOGQUVPSPJ","757201536011","","Iron Wolf","Iron Wolf","Unknown","Unknown","Regular","Unknown","Unknown","no_match","No sufficiently specific candidate identified in the two Dynamite catalog files.","Unknown","Manufacturer or UPC/model, exact package/variant and corresponding photo/video.","487","488","488","Items","488","no_verified_identity","","Unknown","Unknown","","""757201536011"" fireworks | Iron Wolf  fireworks manufacturer","https://www.reddit.com/r/fireworks/comments/12e9a9s","Code and name/presentation searches did not establish an exact product for Square ""Iron Wolf"" / ""Regular"" (code 757201536011). No verified manufacturer/package image or exact model was found; generic/store identifiers cannot determine identity.","Provide the exact Rockwall package photograph and readable manufacturer/UPC plus retail count; do not approve by name alone."
"NJHD7SM6ZI3QNNOJHFYYRYZ4","753321710966","","Its A Boy","Its A Boy","Unknown","Unknown","Regular","Unknown","Unknown","probable","Name identifies a candidate only; manufacturer and exact presentation have not been established.","gender-reveal.json[0] It's a Boy/Girl - Boom Woow / Unknown / /products/it's-a-boy-girl.png | gender-reveal.json[1] It's a Boy/Girl - T-Sky / Unknown / /products/blue-pink-smoke.png","Manufacturer or UPC/model, exact package/variant and corresponding photo/video.","488","489","489","Items","489","identity_confirmation_needed","","Unknown","Unknown","","""753321710966"" fireworks | Its A Boy  fireworks manufacturer","https://www.feuerwerkshop.de/party-popper-its-a-boy | https://millerfireworks.com/product/its-a-boy-16-shot-suns/ | https://ultrasfactory.com/product/its-a-boy-jf106-b/ | https://jeffsfireworks.com/products/it-s-a-boy-12-shot-cake | https://www.boomwowfireworks.com/gender-reveal-specials/bw1402-its-a-girl-fountain.html","Name/presentation research returned candidates (including ""Party Popper *Its a boy* - Vulcan Fireworks""), but no consulted product page establishes the Square code 753321710966, brand and exact variant together. The Dynamite name candidates remain unconfirmed.","Provide the exact Rockwall package photograph and readable manufacturer/UPC plus retail count; do not approve by name alone."
"P66VDAIWM6ZX7BAZELY54NQD","753321710959","","Its A Girl","Its A Girl","Unknown","Unknown","Regular","Unknown","Unknown","no_match","No sufficiently specific candidate identified in the two Dynamite catalog files.","Unknown","Manufacturer or UPC/model, exact package/variant and corresponding photo/video.","489","490","490","Items","490","identity_confirmation_needed","","Unknown","Unknown","","""753321710959"" fireworks | Its A Girl  fireworks manufacturer","https://www.sunwingfireworks.com/product/sw-c2113/ | https://www.feuerwerkshop.de/party-popper-its-a-boy | https://millerfireworks.com/product/its-a-boy-16-shot-suns/ | https://www.boomwowfireworks.com/gender-reveal-specials/bw1402-its-a-girl-fountain.html | https://www.usfireworks.biz/items/dm234a-itsagirl.htm","Name/presentation research returned candidates (including ""IT’S A GIRL – Sunwing Fireworks""), but no consulted product page establishes the Square code 753321710959, brand and exact variant together. The Dynamite name candidates remain unconfirmed.","Provide the exact Rockwall package photograph and readable manufacturer/UPC plus retail count; do not approve by name alone."
"5RHTFSG3AOTJRALXK7NLSZPO","8145270289310","","Jaw Breaker 200 Gram 25 Shot","Jaw Breaker 200 Gram 25 Shot","Unknown","Unknown","Regular","Unknown","200 Gram | 25 Shot","no_match","No sufficiently specific candidate identified in the two Dynamite catalog files.","Unknown","Manufacturer or UPC/model, exact package/variant and corresponding photo/video.","490","491","491","Items","491","no_verified_identity","","Unknown","Unknown","","""8145270289310"" fireworks | Jaw Breaker 200 Gram 25 Shot  fireworks manufacturer","","Code and name/presentation searches did not establish an exact product for Square ""Jaw Breaker 200 Gram 25 Shot"" / ""Regular"" (code 8145270289310). No verified manufacturer/package image or exact model was found; generic/store identifiers cannot determine identity.","Provide the exact Rockwall package photograph and readable manufacturer/UPC plus retail count; do not approve by name alone."
"X6GYAZRENGEQ4LKUM7HSEQHR","P8","","Joker","Joker","Unknown","Unknown","Regular","Unknown","Unknown","no_match","No sufficiently specific candidate identified in the two Dynamite catalog files.","Unknown","Manufacturer or UPC/model, exact package/variant and corresponding photo/video.","494","495","495","Items","495","identity_confirmation_needed","","Unknown","Unknown","","""P8"" fireworks","","Joker has only the internal code P8. Both Black Cat fountain and Raccoon cake exist; neither can be assigned from this generic name.","Provide the exact Rockwall package photograph and readable manufacturer/UPC plus retail count; do not approve by name alone."
"5JYX2SBZ4EQGLVLJKUKNZ5HG","132201950034","","Joker's Wild 500 Gram","Joker's Wild 500 Gram","Unknown","500 GRAM FINALE","Regular","Unknown","500 Gram","no_match","No sufficiently specific candidate identified in the two Dynamite catalog files.","Unknown","Manufacturer or UPC/model, exact package/variant and corresponding photo/video.","496","497","497","Items","497","no_verified_identity","","Unknown","Unknown","","""132201950034"" fireworks | Joker's Wild 500 Gram  fireworks manufacturer","","Code and name/presentation searches did not establish an exact product for Square ""Joker's Wild 500 Gram"" / ""Regular"" (code 132201950034). No verified manufacturer/package image or exact model was found; generic/store identifiers cannot determine identity.","Provide the exact Rockwall package photograph and readable manufacturer/UPC plus retail count; do not approve by name alone."
"7VYA7XIP3PONIS57MJEGTCTA","757202522495","","Juicy Punch 200g","Juicy Punch 200g","Unknown","Unknown","Regular","Unknown","200g","no_match","No sufficiently specific candidate identified in the two Dynamite catalog files.","Unknown","Manufacturer or UPC/model, exact package/variant and corresponding photo/video.","498","499","499","Items","499","no_verified_identity","","Unknown","Unknown","","""757202522495"" fireworks | Juicy Punch 200g  fireworks manufacturer","","Code and name/presentation searches did not establish an exact product for Square ""Juicy Punch 200g"" / ""Regular"" (code 757202522495). No verified manufacturer/package image or exact model was found; generic/store identifiers cannot determine identity.","Provide the exact Rockwall package photograph and readable manufacturer/UPC plus retail count; do not approve by name alone."
"W34HU7UYYJB7LDAOD6P4LPVL","805253191013","","Jumbo","Jumbo","Unknown","Unknown","Regular","Unknown","Unknown","probable","Name identifies a candidate only; manufacturer and exact presentation have not been established.","products.json[60] Jumbo Crackling Ball MM / Monkey Mania / /products/jumbo-crackling-ball-mm.png | products.json[97] Jumbo Crackling Ball BP / Brothers / /products/jumbo-crackling-ball-bp.png | products.json[192] Jumbo Neon Smoke Ball / Winda / /products/jumbo-neon-smoke-ball.png","Manufacturer or UPC/model, exact package/variant and corresponding photo/video.","499","500","500","Items","500","identified_missing_image","","Unknown","Unknown","","""805253191013"" fireworks | 36"" Jumbo Morning Glory World Class official fireworks manufacturer","https://usa-fireworks.com/products/sparklers/36-morning-glory/ | https://beta2024.usa-fireworks.com/products/sparklers/36-morning-glory-wc-2/ | https://www.worldclassfireworks.com/ | https://staging.usa-fireworks.com/products/sparklers/36-morning-glory-wc-2/ | https://www.internationalfireworks.com/classc-fireworks/morning-glory-jumbo-sparkler/","World Class 36-inch Morning Glory six-pack UPC 805253191013 is identified. The local 433×577 candidate cuts off the bottom of the package. Alternate vendor listings mix World Class and Cutting Edge presentations.","Complete correct six-pack photograph with World Class identity and full length preserved."
"PNV3BCPEOI56E2CYQFOWT24C","170000000079","","Jumbo Ground Bloom 4pc","Jumbo Ground Bloom 4pc","Unknown","Unknown","Regular","Unknown","4pc","no_match","No sufficiently specific candidate identified in the two Dynamite catalog files.","Unknown","Manufacturer or UPC/model, exact package/variant and corresponding photo/video.","501","502","502","Items","502","no_verified_identity","","Unknown","Unknown","","""170000000079"" fireworks","","Code and name/presentation searches did not establish an exact product for Square ""Jumbo Ground Bloom 4pc"" / ""Regular"" (code 170000000079). No verified manufacturer/package image or exact model was found; generic/store identifiers cannot determine identity.","Provide the exact Rockwall package photograph and readable manufacturer/UPC plus retail count; do not approve by name alone."
"SW2SLUS3A4M3XE5YO5YIJZ4D","705108601400","","Jumbo Neon Smoke Balls","Jumbo Neon Smoke Balls","Unknown","Unknown","Regular","Unknown","Unknown","probable","Name identifies a candidate only; manufacturer and exact presentation have not been established.","products.json[192] Jumbo Neon Smoke Ball / Winda / /products/jumbo-neon-smoke-ball.png","Manufacturer or UPC/model, exact package/variant and corresponding photo/video.","502","503","503","Items","503","package_review","","Winda","P6014","","""705108601400"" fireworks","https://501pyro.com/Jumbo-Neon-Smoke-Balls/","Winda P6014 source photograph has six separately packaged colors, while supplier packing is 72/1. Do not invent a six-pack retail unit.","Provide the exact Rockwall package photograph and readable manufacturer/UPC plus retail count; do not approve by name alone."
"RR5AKZQ5WYTXF32B4QNILETM","715244037230","","Jumbo Neon Smoke Balls","Jumbo Neon Smoke Balls","Unknown","Unknown","Jumbo Smoke Bombs","Jumbo Smoke Bombs","Unknown","probable","Name identifies a candidate only; manufacturer and exact presentation have not been established.","products.json[192] Jumbo Neon Smoke Ball / Winda / /products/jumbo-neon-smoke-ball.png","Manufacturer or UPC/model, exact package/variant and corresponding photo/video.","503","504","504","Items","504","identity_confirmation_needed","","Unknown","Unknown","","Compared code against official Winco UPC reference | Jumbo Neon Smoke Balls L512@P44: Smoke Items SMBC723 Jumbo Smoke Bomb: Blue (715244037230) fireworks manufacturer","https://usa-fireworks.com/products/gender-reveal/jumbo-smoke-bomb-blue/ | https://www.scbfireworks.com/product/jumbo-smoke-bomb/ | https://www.schneitterfireworks.com/product-page/5-whistling-chaser-w-report | https://www.allstarfireworks.net/dynamic-page-smoke/jumbo-neon-smoke-ball","Name/presentation research returned candidates (including ""Jumbo Smoke Bomb | Large Blue Smoke Ball - USA Fireworks!""), but no consulted product page establishes the Square code 715244037230, brand and exact variant together. The Dynamite name candidates remain unconfirmed.","Provide the exact Rockwall package photograph and readable manufacturer/UPC plus retail count; do not approve by name alone."
"A7MJHPJKX7PZSWVUZS63N7EX","715244057238","","Jumbo Smoke Bomb","Jumbo Smoke Bomb","Unknown","Unknown","Regular","Unknown","Unknown","no_match","No sufficiently specific candidate identified in the two Dynamite catalog files.","Unknown","Manufacturer or UPC/model, exact package/variant and corresponding photo/video.","504","505","505","Items","505","identity_confirmation_needed","","Unknown","Unknown","","Compared code against official Winco UPC reference | Jumbo Smoke Bomb L515@P45: Smoke Items SMBC723 Jumbo Smoke Bomb: Pink (715244057238) fireworks manufacturer","https://usa-fireworks.com/products/gender-reveal/jumbo-smoke-bomb-blue/ | https://www.scbfireworks.com/product/jumbo-smoke-bomb/ | https://www.allstarfireworks.net/dynamic-page-smoke/jumbo-neon-smoke-ball | https://bettendorf.crossroadsfireworks.com/fireworks/jumbo-smoke-bomb/","Name/presentation research returned candidates (including ""Jumbo Smoke Bomb | Large Blue Smoke Ball - USA Fireworks!""), but no consulted product page establishes the Square code 715244057238, brand and exact variant together. The Dynamite name candidates remain unconfirmed.","Provide the exact Rockwall package photograph and readable manufacturer/UPC plus retail count; do not approve by name alone."
"B6525IJMRT4TZHPC7KLWUVNP","715244047239","","Jumbo Smoke Bomb","Jumbo Smoke Bomb","Unknown","Unknown","Regular","Unknown","Unknown","no_match","No sufficiently specific candidate identified in the two Dynamite catalog files.","Unknown","Manufacturer or UPC/model, exact package/variant and corresponding photo/video.","505","506","506","Items","506","no_verified_identity","","Unknown","Unknown","","Compared code against official Winco UPC reference | Jumbo Smoke Bomb L514@P44-45: Smoke Items SMBC723 Jumbo Smoke Bomb: Orange (715244047239)Category Item Number Name UPC fireworks manufacturer","","Code and name/presentation searches did not establish an exact product for Square ""Jumbo Smoke Bomb"" / ""Regular"" (code 715244047239). No verified manufacturer/package image or exact model was found; generic/store identifiers cannot determine identity.","Provide the exact Rockwall package photograph and readable manufacturer/UPC plus retail count; do not approve by name alone."
"YKNOZA5YQVLENZX6KF62UIZ6","715244017232","","Jumbo Smoke Bomb","Jumbo Smoke Bomb","Unknown","Unknown","Regular","Unknown","Unknown","no_match","No sufficiently specific candidate identified in the two Dynamite catalog files.","Unknown","Manufacturer or UPC/model, exact package/variant and corresponding photo/video.","506","507","507","Items","507","identity_confirmation_needed","","Unknown","Unknown","","Compared code against official Winco UPC reference | Jumbo Smoke Bomb L513@P44: Smoke Items SMBC723 Jumbo Smoke Bomb: Green (715244017232) fireworks manufacturer","https://usa-fireworks.com/products/gender-reveal/jumbo-smoke-bomb-blue/ | https://www.scbfireworks.com/product/jumbo-smoke-bomb/ | https://www.allstarfireworks.net/dynamic-page-smoke/jumbo-neon-smoke-ball | https://bettendorf.crossroadsfireworks.com/fireworks/jumbo-smoke-bomb/","Name/presentation research returned candidates (including ""Jumbo Smoke Bomb | Large Blue Smoke Ball - USA Fireworks!""), but no consulted product page establishes the Square code 715244017232, brand and exact variant together. The Dynamite name candidates remain unconfirmed.","Provide the exact Rockwall package photograph and readable manufacturer/UPC plus retail count; do not approve by name alone."
"YX55CVQXMUBMWCTOKMWCKXCU","211471323387","","Jumbo Texas Rocket (6 sticks)","Jumbo Texas Rocket (6 sticks)","Unknown","Stick Rockets","Regular","Unknown","6 sticks","no_match","No sufficiently specific candidate identified in the two Dynamite catalog files.","Unknown","Manufacturer or UPC/model, exact package/variant and corresponding photo/video.","507","508","508","Items","508","identity_confirmation_needed","","Unknown","Unknown","","""211471323387"" fireworks | Jumbo Texas Rocket (6 sticks)  fireworks manufacturer","https://wholesale.bigfireworks.com/products/super-sized-texas-pop-rocket-6-pack-texas-compliant | https://bubbasfireworks.com/product/jumbo-texas-rockets","Name/presentation research returned candidates (including ""SUPER SIZED TEXAS POP ROCKET 6 PACK (TEXAS COMPLIANT) – Big Fireworks""), but no consulted product page establishes the Square code 211471323387, brand and exact variant together. The Dynamite name candidates remain unconfirmed.","Provide the exact Rockwall package photograph and readable manufacturer/UPC plus retail count; do not approve by name alone."
"DV35VE7B7THZWF5QNIBDNOZB","687985271115","","Jump Master","Jump Master","Unknown","Unknown","Regular","Unknown","Unknown","no_match","No sufficiently specific candidate identified in the two Dynamite catalog files.","Unknown","Manufacturer or UPC/model, exact package/variant and corresponding photo/video.","510","511","511","Items","511","candidate_requires_package_review","","Unknown","Unknown","","""687985271115"" fireworks | Jump Master BP2701 Brothers Pyrotechnics official fireworks manufacturer","https://americanwholesalefireworks.com/just-because/ | https://americanwholesalefireworks.com/just-because//","Code 687985271115 occurs in the retrieved product/source ""Just Because - 500 Gram Cake"". Square records ""Jump Master"" / ""Regular""; this is a candidate, not a confirmed retail-package crosswalk. Inspected reference https://cdn11.bigcommerce.com/s-2n33n5vm38/images/stencil/500x500/products/2644/11586/Just_Breathe_-_Brothers__57305.1737642294.png?c=2 ([500, 500]); its background is opaque and no faithful transparent exact-unit resource was approved.","Provide the exact Rockwall package photograph and readable manufacturer/UPC plus retail count; do not approve by name alone."
"IU3TKO7KVSVTFEZ2FTB6KEXE","200000902018","","Jumping Jacks 12 Pk","Jumping Jacks 12 Pk","Unknown","Unknown","Regular","Unknown","Unknown","no_match","No sufficiently specific candidate identified in the two Dynamite catalog files.","Unknown","Manufacturer or UPC/model, exact package/variant and corresponding photo/video.","511","512","512","Items","512","identity_confirmation_needed","","Unknown","Unknown","","""200000902018"" fireworks | Jumping Jacks 12 Pk  fireworks manufacturer","https://phantomfireworkswholesale.com/products/j-021-jumping-jacks-48-count-case-pack-20-48-12 | https://www.tntfireworks.com/fireworks/cat/novelties-sparklers/2764-jumping-jacks | https://www.starspanglednovelties.com/spinners/jumpingjacks.html | https://www.enigmafireworks.com/cat_podrobno.php?id=135 | https://jurassicfireworks.com/product/jumping-jacks/","Name/presentation research returned candidates (including ""(J-021) Jumping Jacks, 48 Count (Case Pack:20/48/12) | Phantom Fireworks""), but no consulted product page establishes the Square code 200000902018, brand and exact variant together. The Dynamite name candidates remain unconfirmed.","Provide the exact Rockwall package photograph and readable manufacturer/UPC plus retail count; do not approve by name alone."
"MVWLXKMOVOHGCSTSHQCKAW53","725272730713","","Jumping Jacks 48 Packs Brick","Jumping Jacks 48 Packs Brick","Unknown","Unknown","Regular","Unknown","48 Pack","no_match","No sufficiently specific candidate identified in the two Dynamite catalog files.","Unknown","Manufacturer or UPC/model, exact package/variant and corresponding photo/video.","512","513","513","Items","513","identity_confirmation_needed","","Unknown","Unknown","","""725272730713"" fireworks | Jumping Jacks 48 Packs Brick  fireworks manufacturer","https://www.tntfireworks.com/fireworks/cat/novelties-sparklers/2764-jumping-jacks | https://phantomfireworkswholesale.com/products/j-021-jumping-jacks-48-count-case-pack-20-48-12 | https://www.starspanglednovelties.com/spinners/jumpingjacks.html | https://www.enigmafireworks.com/cat_podrobno.php?id=135 | https://jurassicfireworks.com/product/jumping-jacks/","Name/presentation research returned candidates (including ""Fireworks | TNT Fireworks | JUMPING JACK 48 PACK""), but no consulted product page establishes the Square code 725272730713, brand and exact variant together. The Dynamite name candidates remain unconfirmed.","Provide the exact Rockwall package photograph and readable manufacturer/UPC plus retail count; do not approve by name alone."
"63ABDUN5QZKYCRCKJWCMX43N","725272730720","","Jumping Jacks Single Pack BOGO","Jumping Jacks Single Pack","Unknown","Unknown","Regular","Unknown","Unknown","no_match","No sufficiently specific candidate identified in the two Dynamite catalog files.","Unknown","Manufacturer or UPC/model, exact package/variant and corresponding photo/video.","513","514","514","Items","514","no_verified_identity","","Unknown","Unknown","","""725272730720"" fireworks | Jumping Jacks Single Pack  fireworks manufacturer","https://www.reddit.com/r/fireworks/comments/1dsxpq8","Code and name/presentation searches did not establish an exact product for Square ""Jumping Jacks Single Pack BOGO"" / ""Regular"" (code 725272730720). No verified manufacturer/package image or exact model was found; generic/store identifiers cannot determine identity.","Provide the exact Rockwall package photograph and readable manufacturer/UPC plus retail count; do not approve by name alone."
"DMBYJ54GK3GFAH6WXUJ6V2VI","","","Ka Kaw","Ka Kaw","Unknown","Unknown","Regular","Unknown","Unknown","no_match","No sufficiently specific candidate identified in the two Dynamite catalog files.","Unknown","Manufacturer or UPC/model, exact package/variant and corresponding photo/video.","515","516","516","Items","516","no_verified_identity","","Unknown","Unknown","","""Ka Kaw"" fireworks manufacturer | Ka Kaw  fireworks manufacturer","","Code and name/presentation searches did not establish an exact product for Square ""Ka Kaw"" / ""Regular"" (code missing). No verified manufacturer/package image or exact model was found; generic/store identifiers cannot determine identity.","Provide the exact Rockwall package photograph and readable manufacturer/UPC plus retail count; do not approve by name alone."
"HP6WUDDBL7N7TKZ753OPIJSA","814527200245","","Keeping It Real","Keeping It Real","Unknown","Unknown","Regular","Unknown","Unknown","no_match","No sufficiently specific candidate identified in the two Dynamite catalog files.","Unknown","Manufacturer or UPC/model, exact package/variant and corresponding photo/video.","516","517","517","Items","517","no_verified_identity","","Unknown","Unknown","","""814527200245"" fireworks | Keeping It Real  fireworks manufacturer","","Code and name/presentation searches did not establish an exact product for Square ""Keeping It Real"" / ""Regular"" (code 814527200245). No verified manufacturer/package image or exact model was found; generic/store identifiers cannot determine identity.","Provide the exact Rockwall package photograph and readable manufacturer/UPC plus retail count; do not approve by name alone."
"QI3R6QYYRQTBZYVBWLC7HM56","8052530044315","","Kids Backpack Girl an d Boys","Kids Backpack Girl an d Boys","Unknown","Family Pack Assortments","Kids Bag","Kids Bag","Unknown","no_match","No sufficiently specific candidate identified in the two Dynamite catalog files.","Unknown","Manufacturer or UPC/model, exact package/variant and corresponding photo/video.","518","519","519","Items","519","no_verified_identity","","Unknown","Unknown","","""8052530044315"" fireworks | Kids Backpack Girl an d Boys Kids Bag fireworks manufacturer","https://www.highplusbags.com/school-backpack?i=2 | https://www.zerus.co.in/","Code and name/presentation searches did not establish an exact product for Square ""Kids Backpack Girl an d Boys"" / ""Kids Bag"" (code 8052530044315). No verified manufacturer/package image or exact model was found; generic/store identifiers cannot determine identity.","Provide the exact Rockwall package photograph and readable manufacturer/UPC plus retail count; do not approve by name alone."
"LRWLP66BQSB3PJEXKSCASG2E","705108003402","","Kids Fun Assortment Pack","Kids Fun Assortment Pack","Unknown","Unknown","Regular","Unknown","Unknown","no_match","No sufficiently specific candidate identified in the two Dynamite catalog files.","Unknown","Manufacturer or UPC/model, exact package/variant and corresponding photo/video.","519","520","520","Items","520","candidate_requires_package_review","","Unknown","Unknown","","""705108003402"" fireworks","https://www.getwinda.com/product-page/kid-s-fun-assortment | https://americanwholesalefireworks.com/kids-fun-assortment//","Code 705108003402 occurs in the retrieved product/source ""KID'S FUN ASSORTMENT"". Square records ""Kids Fun Assortment Pack"" / ""Regular""; this is a candidate, not a confirmed retail-package crosswalk. Inspected reference https://static.wixstatic.com/media/ecdf0c_7caafc9dfa5246548cec74357ca79261~mv2.jpg/v1/fit/w_500,h_500,q_90/file.jpg ([500, 500]); its background is opaque and no faithful transparent exact-unit resource was approved.","Provide the exact Rockwall package photograph and readable manufacturer/UPC plus retail count; do not approve by name alone."
"ECRRSP2ZMN4T7UNEMZ4BZFUH","","612005102001","Killer Bee/Cuckoo","Killer Bee/Cuckoo","Unknown","Fountains","Regular","Unknown","Unknown","no_match","No sufficiently specific candidate identified in the two Dynamite catalog files.","Unknown","Manufacturer or UPC/model, exact package/variant and corresponding photo/video.","522","523","523","Items","523","identity_confirmation_needed","","Unknown","Unknown","","""612005102001"" fireworks | Killer Bee/Cuckoo  fireworks manufacturer","https://bartzfireworks.com/product/cuckoo-killer-bee-4-pack/ | https://trademarks.justia.com/754/92/killer-bee-75492903.html | https://mcfireworks.com/product-detail/killer-bee-fountain-mc616 | https://ccfireworks.com/Products/Col53/240.html","Name/presentation research returned candidates (including ""Black Cat Cuckoo-Killer Bee (4 pack) – Bartz Fireworks""), but no consulted product page establishes the Square code 612005102001, brand and exact variant together. The Dynamite name candidates remain unconfirmed.","Provide the exact Rockwall package photograph and readable manufacturer/UPC plus retail count; do not approve by name alone."
"GN6GTM3R7RHZGWD5MT7VVRG4","816597940458","","Killerbee","Killerbee","Unknown","Unknown","Regular","Unknown","Unknown","no_match","No sufficiently specific candidate identified in the two Dynamite catalog files.","Unknown","Manufacturer or UPC/model, exact package/variant and corresponding photo/video.","523","524","524","Items","524","no_verified_identity","","Unknown","Unknown","","""816597940458"" fireworks | Killerbee  fireworks manufacturer","","Code and name/presentation searches did not establish an exact product for Square ""Killerbee"" / ""Regular"" (code 816597940458). No verified manufacturer/package image or exact model was found; generic/store identifiers cannot determine identity.","Provide the exact Rockwall package photograph and readable manufacturer/UPC plus retail count; do not approve by name alone."
"OMGMX6DJTL7HV73NBAQWE5BL","","690151170174","King Bird 500ct roll","King Bird 500ct roll","Unknown","Unknown","Regular","Unknown","500ct","no_match","No sufficiently specific candidate identified in the two Dynamite catalog files.","Unknown","Manufacturer or UPC/model, exact package/variant and corresponding photo/video.","524","525","525","Items","525","no_verified_identity","","Unknown","Unknown","","""690151170174"" fireworks | King Bird 500ct roll  fireworks manufacturer","https://kingbirdco.com/contact | https://www.pirotechnik.pl/king-bird.html | https://www.elitefireworks.com/collections/king-bird | https://panjiva.com/King-Bird-Fireworks-Llc/38711964","Code and name/presentation searches did not establish an exact product for Square ""King Bird 500ct roll"" / ""Regular"" (code 690151170174). No verified manufacturer/package image or exact model was found; generic/store identifiers cannot determine identity.","Provide the exact Rockwall package photograph and readable manufacturer/UPC plus retail count; do not approve by name alone."
"RA4VSFNKBR2CEE73XSVYKDAB","814527311613","","Kiss Of The Dead Fountain","Kiss Of The Dead Fountain","Unknown","Fountains","Regular","Unknown","Unknown","no_match","No sufficiently specific candidate identified in the two Dynamite catalog files.","Unknown","Manufacturer or UPC/model, exact package/variant and corresponding photo/video.","526","527","527","Items","527","identity_confirmation_needed","","Unknown","Unknown","","""814527311613"" fireworks | Kiss Of The Dead Fountain  fireworks manufacturer","https://iwantfireworks.com/product/kiss-of-the-dead/ | https://www.boomtownfireworks.com/products/kiss-of-the-dead-fountain-1/ | https://www.reddit.com/r/fireworks/comments/oh0m0r","Name/presentation research returned candidates (including ""Kiss Of The Dead ⋆ Cutting Edge Fountain ⋆ PyroSpot Fireworks""), but no consulted product page establishes the Square code 814527311613, brand and exact variant together. The Dynamite name candidates remain unconfirmed.","Provide the exact Rockwall package photograph and readable manufacturer/UPC plus retail count; do not approve by name alone."
"2EIQZBY4IHX6J4BPEZ2XX2GS","757202119619","","Knight Rider 96 Shot Fiesta","Knight Rider 96 Shot Fiesta","Unknown","Unknown","Regular","Unknown","96 Shot","no_match","Square Knight Rider 96 Shot Fiesta resembles approved Night Rider 96 Shot Monkey Mania, but brand/name difference remains unresolved; existing item preserved, no duplicate imported.","Unknown","Manufacturer or UPC/model, exact package/variant and corresponding photo/video.","527","528","528","Items","528","no_verified_identity","","Unknown","Unknown","","""757202119619"" fireworks | Knight Rider 96 Shot Fiesta  fireworks manufacturer","","Code and name/presentation searches did not establish an exact product for Square ""Knight Rider 96 Shot Fiesta"" / ""Regular"" (code 757202119619). No verified manufacturer/package image or exact model was found; generic/store identifiers cannot determine identity.","Provide the exact Rockwall package photograph and readable manufacturer/UPC plus retail count; do not approve by name alone."
"X5O47VHFJNLVVTMJW4FUZ5UB","687985429417","","Krakatoa Fountain","Krakatoa Fountain","Unknown","Fountains","Regular","Unknown","Unknown","no_match","No sufficiently specific candidate identified in the two Dynamite catalog files.","Unknown","Manufacturer or UPC/model, exact package/variant and corresponding photo/video.","528","529","529","Items","529","candidate_requires_package_review","","Unknown","Unknown","","""687985429417"" fireworks | Krakatoa Fountain BP4294 Brothers Pyrotechnics official fireworks manufacturer","https://americanwholesalefireworks.com/krakatoa/ | https://americanwholesalefireworks.com/krakatoa// | https://www.brotherspyrotechnics.com/fCategory/Fountain?pageindex=9 | https://www.connfireworks.com/brothers-krakatoa-fountain.html","Code 687985429417 occurs in the retrieved product/source ""Krakatoa - Fountain"". Square records ""Krakatoa Fountain"" / ""Regular""; this is a candidate, not a confirmed retail-package crosswalk. Inspected reference https://cdn11.bigcommerce.com/s-2n33n5vm38/images/stencil/500x500/products/2696/11205/Krakatoa_-_Brothers__87731.1729275138.png?c=2 ([500, 500]); its background is opaque and no faithful transparent exact-unit resource was approved.","Provide the exact Rockwall package photograph and readable manufacturer/UPC plus retail count; do not approve by name alone."
"Q5HH6SPCEJBA62VMBYKNGSOV","8052531605126","","Lady Bugs-3 Pk","Lady Bugs-3 Pk","Unknown","Unknown","Regular","Unknown","Unknown","probable","Name identifies a candidate only; manufacturer and exact presentation have not been established.","products.json[96] Lady Bugs / Brothers / products/lady-bugs.png","Manufacturer or UPC/model, exact package/variant and corresponding photo/video.","529","530","530","Items","530","candidate_requires_package_review","","Unknown","Unknown","","""8052531605126"" fireworks | Boomer Ladybugs 3pk Boomer official fireworks manufacturer","https://ocfireworks.com/boomer-ladybugs-3pk/","Code 8052531605126 occurs in the retrieved product/source ""Boomer Ladybugs 3pk"". Square records ""Lady Bugs-3 Pk"" / ""Regular""; this is a candidate, not a confirmed retail-package crosswalk. Inspected reference https://cdn11.bigcommerce.com/s-m60h2m7qge/images/stencil/800x800/products/11195/8021/Ladybugs_3pk_Dominator_Fireworks__56375.1697861677.1280.1280__92395.1698085016.jpg?c=2 ([800, 800]); its background is opaque and no faithful transparent exact-unit resource was approved.","Provide the exact Rockwall package photograph and readable manufacturer/UPC plus retail count; do not approve by name alone."
"FXAWO2ORUEY3N7AYTOIPM244","132190190015","","Ladybug","Ladybug","Unknown","Unknown","Regular","Unknown","Unknown","probable","Name identifies a candidate only; manufacturer and exact presentation have not been established.","products.json[96] Lady Bugs / Brothers / products/lady-bugs.png","Manufacturer or UPC/model, exact package/variant and corresponding photo/video.","531","532","532","Items","532","identity_confirmation_needed","","Unknown","Unknown","","""132190190015"" fireworks | Ladybug  fireworks manufacturer","https://fireworksplus.com/shop-all-fireworks-ladybug-3-pack | https://ocfireworks.com/ladybug-3-pack/","Name/presentation research returned candidates (including ""Ladybug 3Pk""), but no consulted product page establishes the Square code 132190190015, brand and exact variant together. The Dynamite name candidates remain unconfirmed.","Provide the exact Rockwall package photograph and readable manufacturer/UPC plus retail count; do not approve by name alone."
"OBPFIRSKYIEBMVW777KGEAUA","887946030052","","Ladybugs","Ladybugs","Unknown","Unknown","Regular","Unknown","Unknown","probable","Name identifies a candidate only; manufacturer and exact presentation have not been established.","products.json[96] Lady Bugs / Brothers / products/lady-bugs.png","Manufacturer or UPC/model, exact package/variant and corresponding photo/video.","532","533","533","Items","533","no_verified_identity","","Unknown","Unknown","","""887946030052"" fireworks | Ladybugs  fireworks manufacturer","","Code and name/presentation searches did not establish an exact product for Square ""Ladybugs"" / ""Regular"" (code 887946030052). No verified manufacturer/package image or exact model was found; generic/store identifiers cannot determine identity.","Provide the exact Rockwall package photograph and readable manufacturer/UPC plus retail count; do not approve by name alone."
"TSVQXFSUPJ6YFG3POYTTB6UR","821611108035","","Ladybugs 3pk","Ladybugs 3pk","Unknown","Unknown","Regular","Unknown","Unknown","probable","Name identifies a candidate only; manufacturer and exact presentation have not been established.","products.json[96] Lady Bugs / Brothers / products/lady-bugs.png","Manufacturer or UPC/model, exact package/variant and corresponding photo/video.","533","534","534","Items","534","no_verified_identity","","Unknown","Unknown","","""821611108035"" fireworks | Ladybugs 3pk  fireworks manufacturer","https://jbfireworks.com/lady-bugs-3pk-aerial-firework-by-brothers-fireworks.html | https://fireworksplus.com/shop-all-fireworks-ladybug-3-pack | https://brooklynfireworks.com/product/lady-bugs-3pk/","Code and name/presentation searches did not establish an exact product for Square ""Ladybugs 3pk"" / ""Regular"" (code 821611108035). No verified manufacturer/package image or exact model was found; generic/store identifiers cannot determine identity.","Provide the exact Rockwall package photograph and readable manufacturer/UPC plus retail count; do not approve by name alone."
"5PZUSQXRNXS7BQS5NFUUIQSE","753321710454","","Lantern Fountain","Lantern Fountain","Unknown","Fountains","Regular","Unknown","Unknown","no_match","No sufficiently specific candidate identified in the two Dynamite catalog files.","Unknown","Manufacturer or UPC/model, exact package/variant and corresponding photo/video.","535","536","536","Items","536","identity_confirmation_needed","","Unknown","Unknown","","""753321710454"" fireworks | Lantern Fountain  fireworks manufacturer","https://epicfireworks.com/products/glowing-lantern-fountain-by-standard-fireworks | https://www.broadfireworks.com/application/fountain-fireworks | https://www.redlanternfireworks.com/cms/post/index?key=about&typeId=undefined | https://myfloridacfo.com/docs-sf/state-fire-marshal-libraries/sfm-documents/bfp/approved-sparklers-list/2012-sparklers-list.pdf | https://www.myfloridacfo.com/docs-sf/state-fire-marshal-libraries/sfm-documents/bfp/approved-sparklers-list/2019-2020-approved-sparklers-list.pdf?sfvrsn=4ad05ee_4","Name/presentation research returned candidates (including ""Glowing Lantern Fountain — Epic Fireworks""), but no consulted product page establishes the Square code 753321710454, brand and exact variant together. The Dynamite name candidates remain unconfirmed.","Provide the exact Rockwall package photograph and readable manufacturer/UPC plus retail count; do not approve by name alone."
"3EEWE3FYRYUDB6PR7KTM2HCK","943100700107","","Large Tank. 2 Pcs","Large Tank. 2 Pcs","Unknown","Unknown","Regular","Unknown","2 Pcs","no_match","No sufficiently specific candidate identified in the two Dynamite catalog files.","Unknown","Manufacturer or UPC/model, exact package/variant and corresponding photo/video.","536","537","537","Items","537","identity_confirmation_needed","","Unknown","Unknown","","""943100700107"" fireworks | Large Tank. 2 Pcs  fireworks manufacturer","https://www.libertyfireworks.us/products/large-tank-2-pack | https://flashingfireworks.com/collections/novelties/products/jumbo-tank | https://dominatorfireworks.com/blog/product/dm-w705-2-dominator-tank-2-pack/","Name/presentation research returned candidates (including ""Large Tank - SP-W705A – Liberty Fireworks""), but no consulted product page establishes the Square code 943100700107, brand and exact variant together. The Dynamite name candidates remain unconfirmed.","Provide the exact Rockwall package photograph and readable manufacturer/UPC plus retail count; do not approve by name alone."
"4GI5LHY7Q6XWJEL5UGID7TZC","841527142015","","Laser Show","Laser Show","Unknown","Unknown","Regular","Unknown","Unknown","no_match","No sufficiently specific candidate identified in the two Dynamite catalog files.","Unknown","Manufacturer or UPC/model, exact package/variant and corresponding photo/video.","537","538","538","Items","538","no_verified_identity","","Unknown","Unknown","","""841527142015"" fireworks","","Code and name/presentation searches did not establish an exact product for Square ""Laser Show"" / ""Regular"" (code 841527142015). No verified manufacturer/package image or exact model was found; generic/store identifiers cannot determine identity.","Provide the exact Rockwall package photograph and readable manufacturer/UPC plus retail count; do not approve by name alone."
"BMPHOHCUPLEU37EOBN6ERLMH","8145270160510","","Liberty Artillery (12 pcs)","Liberty Artillery (12 pcs)","Unknown","Artillery/Festival Balls","Regular","Unknown","12 pcs","no_match","No sufficiently specific candidate identified in the two Dynamite catalog files.","Unknown","Manufacturer or UPC/model, exact package/variant and corresponding photo/video.","540","541","541","Items","541","identity_confirmation_needed","","Unknown","Unknown","","""8145270160510"" fireworks","https://usa-fireworks.com/products/artillery-shells/liberty-artillery/ | https://usa-fireworks.com/?p=172790","Name/presentation research returned candidates (including ""Liberty Artillery | 12 Shots - 30 Gram Reloadable Shells!""), but no consulted product page establishes the Square code 8145270160510, brand and exact variant together. The Dynamite name candidates remain unconfirmed.","Provide the exact Rockwall package photograph and readable manufacturer/UPC plus retail count; do not approve by name alone."
"PLXKY7XP7HIFWURQKCXESCDY","849107066003","","Light Force","Light Force","Unknown","Unknown","Regular","Unknown","Unknown","no_match","No sufficiently specific candidate identified in the two Dynamite catalog files.","Unknown","Manufacturer or UPC/model, exact package/variant and corresponding photo/video.","542","543","543","Items","543","identity_confirmation_needed","","Unknown","Unknown","","""849107066003"" fireworks | Light Force  fireworks manufacturer","https://sourcing.hktdc.com/en/Supplier-Store/Profile/Light-Force-Ltd/1X001HI3 | https://skykingfireworks.com/product/the-light-force/ | https://www.glitter-effects.com/","Name/presentation research returned candidates (including ""Light Force Ltd - Profile | HKTDC Sourcing""), but no consulted product page establishes the Square code 849107066003, brand and exact variant together. The Dynamite name candidates remain unconfirmed.","Provide the exact Rockwall package photograph and readable manufacturer/UPC plus retail count; do not approve by name alone."
"VCUKBUQFGBHITI5MGJF2ATJD","201207210883","","Light Sabber","Light Sabber","Unknown","Unknown","Regular","Unknown","Unknown","no_match","No sufficiently specific candidate identified in the two Dynamite catalog files.","Unknown","Manufacturer or UPC/model, exact package/variant and corresponding photo/video.","543","544","544","Items","544","no_verified_identity","","Unknown","Unknown","","""201207210883"" fireworks | Light Sabber  fireworks manufacturer","https://www.glitter-effects.com/ | https://sourcing.hktdc.com/en/Supplier-Store/Profile/Light-Force-Ltd/1X001HI3 | https://skykingfireworks.com/product/the-light-force/","Code and name/presentation searches did not establish an exact product for Square ""Light Sabber"" / ""Regular"" (code 201207210883). No verified manufacturer/package image or exact model was found; generic/store identifiers cannot determine identity.","Provide the exact Rockwall package photograph and readable manufacturer/UPC plus retail count; do not approve by name alone."
"PI624V7CGZSW6BMHCLL66ANX","201207210807","","Light Saber","Light Saber","Unknown","Unknown","Regular","Unknown","Unknown","no_match","No sufficiently specific candidate identified in the two Dynamite catalog files.","Unknown","Manufacturer or UPC/model, exact package/variant and corresponding photo/video.","544","545","545","Items","545","no_verified_identity","","Unknown","Unknown","","""201207210807"" fireworks","","Code and name/presentation searches did not establish an exact product for Square ""Light Saber"" / ""Regular"" (code 201207210807). No verified manufacturer/package image or exact model was found; generic/store identifiers cannot determine identity.","Provide the exact Rockwall package photograph and readable manufacturer/UPC plus retail count; do not approve by name alone."
"TRDQTM43H6XJ7JTOME3ED7FC","","","Lightning Strike 500 Gram","Lightning Strike 500 Gram","Unknown","500 GRAM FINALE","Regular","Unknown","500 Gram","no_match","No sufficiently specific candidate identified in the two Dynamite catalog files.","Unknown","Manufacturer or UPC/model, exact package/variant and corresponding photo/video.","545","546","546","Items","546","identity_confirmation_needed","","Unknown","Unknown","","""Lightning Strike 500 Gram"" fireworks manufacturer | Lightning Strike 500 Gram  fireworks manufacturer","https://americanwholesalefireworks.com/lightning-strike/ | https://www.fireworks.us/lightning-strike-p/RA53638.htm","Name/presentation research returned candidates (including ""Lightning Strike - 500 Gram Cake""), but no consulted product page establishes the Square code [missing], brand and exact variant together. The Dynamite name candidates remain unconfirmed.","Provide the exact Rockwall package photograph and readable manufacturer/UPC plus retail count; do not approve by name alone."
"FUFWY64SEL3Y52JVLL2IP6O4","757201536387","","Lightning Strike 500 Gram","Lightning Strike 500 Gram","Unknown","500 GRAM FINALE","Regular","Unknown","500 Gram","no_match","No sufficiently specific candidate identified in the two Dynamite catalog files.","Unknown","Manufacturer or UPC/model, exact package/variant and corresponding photo/video.","546","547","547","Items","547","identity_confirmation_needed","","Unknown","Unknown","","""757201536387"" fireworks | Lightning Strike 500 Gram  fireworks manufacturer","https://americanwholesalefireworks.com/lightning-strike/ | https://www.fireworks.us/lightning-strike-p/RA53638.htm","Name/presentation research returned candidates (including ""Lightning Strike - 500 Gram Cake""), but no consulted product page establishes the Square code 757201536387, brand and exact variant together. The Dynamite name candidates remain unconfirmed.","Provide the exact Rockwall package photograph and readable manufacturer/UPC plus retail count; do not approve by name alone."
"M7GH3VKDSETMT54262ZWTB7W","","805253438415","Line of Duty","Line of Duty","Unknown","Unknown","Regular","Unknown","Unknown","no_match","No sufficiently specific candidate identified in the two Dynamite catalog files.","Unknown","Manufacturer or UPC/model, exact package/variant and corresponding photo/video.","547","548","548","Items","548","no_verified_identity","","Unknown","Unknown","","""805253438415"" fireworks | Line of Duty  fireworks manufacturer","https://en.wikipedia.org/wiki/Line_of_Duty_series_1 | https://en.wikipedia.org/wiki/Line_of_Duty","Code and name/presentation searches did not establish an exact product for Square ""Line of Duty"" / ""Regular"" (code 805253438415). No verified manufacturer/package image or exact model was found; generic/store identifiers cannot determine identity.","Provide the exact Rockwall package photograph and readable manufacturer/UPC plus retail count; do not approve by name alone."
"63X5ZTQYID5MAA2WEKPI7PEC","805253131064","","Loyal To None 500 Gram","Loyal To None 500 Gram","Unknown","500 GRAM FINALE","Regular","Unknown","500 Gram","no_match","No sufficiently specific candidate identified in the two Dynamite catalog files.","Unknown","Manufacturer or UPC/model, exact package/variant and corresponding photo/video.","548","549","549","Items","549","candidate_requires_package_review","","Unknown","Unknown","","""805253131064"" fireworks | Loyal To None World Class official fireworks manufacturer","https://usa-fireworks.com/products/aerial-all-cakes/aerial-500-gram-cakes/loyal-to-none/ | https://beta2024.usa-fireworks.com/products/aerial-all-cakes/aerial-500-gram-cakes/loyal-to-none/ | https://staging.usa-fireworks.com/products/aerial-all-cakes/aerial-500-gram-cakes/loyal-to-none/ | https://thefireworkssuperstore.com/shop/loyal-to-none-skull-crossbone | https://www.lastchancefireworks.com/shop/Multishot-Cakes/p/Loyal-To-None-33-shots.htm | https://www.worldclassfireworks.com/wholesale-2/","Code 805253131064 occurs in the retrieved product/source ""Loyal To None | 33 Shot Cake"". Square records ""Loyal To None 500 Gram"" / ""Regular""; this is a candidate, not a confirmed retail-package crosswalk. Inspected reference https://usa-fireworks.com/wp-content/uploads/2026/09/original-1099.png ([659, 373]); its background is opaque and no faithful transparent exact-unit resource was approved.","Provide the exact Rockwall package photograph and readable manufacturer/UPC plus retail count; do not approve by name alone."
"VMYN6UPNN3KN2G2KWMHQSAU3","8052531312116","","Loyal To None 500 Gram","Loyal To None 500 Gram","Unknown","500 GRAM FINALE","Regular","Unknown","500 Gram","no_match","No sufficiently specific candidate identified in the two Dynamite catalog files.","Unknown","Manufacturer or UPC/model, exact package/variant and corresponding photo/video.","549","550","550","Items","550","identity_confirmation_needed","","Unknown","Unknown","","""8052531312116"" fireworks | Loyal To None 500 Gram  fireworks manufacturer","https://www.pyromart.com/chinese-aerial-items-repeaters-500-gram/loyal-to-none-33-sh-favorite/ | https://coolpyroproducts.wordpress.com/2016/06/17/first-blog-post/ | https://starspangledwholesalefireworks.com/index.php?main_page=product_info&products_id=395 | https://lawrenceburgfireworks.com/product/loyal-to-none-or-skull-crossbones/ | https://beta2024.usa-fireworks.com/products/aerial-all-cakes/aerial-500-gram-cakes/loyal-to-none/","Name/presentation research returned candidates (including ""Chinese Aerial Items (Repeaters) 500 Gram :: LOYAL TO NONE""), but no consulted product page establishes the Square code 8052531312116, brand and exact variant together. The Dynamite name candidates remain unconfirmed.","Provide the exact Rockwall package photograph and readable manufacturer/UPC plus retail count; do not approve by name alone."
"B6MEMAN2F7QOS724HQMX2VKA","687985003938","","M- Firecracker","M- Firecracker","Unknown","Unknown","Regular","Unknown","Unknown","no_match","No sufficiently specific candidate identified in the two Dynamite catalog files.","Unknown","Manufacturer or UPC/model, exact package/variant and corresponding photo/video.","551","552","552","Items","552","identity_confirmation_needed","","Unknown","Unknown","","""687985003938"" fireworks | M- Firecracker  fireworks manufacturer","https://skysongfireworks.com/product/m-60-firecracker/ | https://trademarks.justia.com/740/00/m-1000-74000813.html | https://www.internationalfireworks.com/classc-fireworks/m-60-box/ | https://www.tntfireworks.com/fireworks/cat/firecrackers/3530-tnt-m-1000-12-pack | https://www.redrhinofireworks.com/firework/m-60-crackers-12-pack/","Name/presentation research returned candidates (including ""M-60 Firecracker - Skysong Fireworks""), but no consulted product page establishes the Square code 687985003938, brand and exact variant together. The Dynamite name candidates remain unconfirmed.","Provide the exact Rockwall package photograph and readable manufacturer/UPC plus retail count; do not approve by name alone."
"QPUT43JR5KAG6XLZUI3INWCD","851866115410","","M-1000 12 Pk","M-1000 12 Pk","Unknown","Unknown","Regular","Unknown","Unknown","no_match","No sufficiently specific candidate identified in the two Dynamite catalog files.","Unknown","Manufacturer or UPC/model, exact package/variant and corresponding photo/video.","552","553","553","Items","553","identity_confirmation_needed","","Unknown","Unknown","","""851866115410"" fireworks | M-1000 12 Pk  fireworks manufacturer","https://www.tntfireworks.com/fireworks/cat/firecrackers/3530-tnt-m-1000-12-pack | https://trademarks.justia.com/740/00/m-1000-74000813.html | https://www.redrhinofireworks.com/firework/m-60-crackers-12-pack/","Name/presentation research returned candidates (including ""Fireworks | TNT Fireworks | TNT M-1000 12 PACK""), but no consulted product page establishes the Square code 851866115410, brand and exact variant together. The Dynamite name candidates remain unconfirmed.","Provide the exact Rockwall package photograph and readable manufacturer/UPC plus retail count; do not approve by name alone."
"BRJJ5AYGIIXJVXDAM3MSGXVS","8052530020210","","M-5000 36pc","M-5000 36pc","Unknown","Unknown","Regular","Unknown","36pc","no_match","No sufficiently specific candidate identified in the two Dynamite catalog files.","Unknown","Manufacturer or UPC/model, exact package/variant and corresponding photo/video.","555","556","556","Items","556","candidate_requires_package_review","","Unknown","Unknown","","""8052530020210"" fireworks | M-60 Salute Crackers World Class official fireworks manufacturer","https://usa-fireworks.com/products/firecrackers-salutes/m-60-salute-crackers-36-pack/ | https://thefireworkssuperstore.com/shop/m-5000-salute-36-count | https://usa-fireworks.com/products/firecrackers-salutes/m-5000-salute-crackers-72-pack/ | https://www.superiorfireworks.com/retail/product/icem6036w/m-5000-salute-crackers-36-pack | https://www.gorillafireworksusa.com/store-moSaZ/p/m-5000-salute-cracker-12012 | https://shop.badaboomfireworkspa.com/m-5000-salute-36-pc | https://deatonfireworks.com/fireworks/m-5000-salute-cracker/ | https://www.pyrogiant.com/product-page/m-5000-waterproof-ground-salute-40-36","Code 8052530020210 occurs in the retrieved product/source ""M-60 Salute Crackers | Pack of 36"". Square records ""M-5000 36pc"" / ""Regular""; this is a candidate, not a confirmed retail-package crosswalk. Inspected reference https://usa-fireworks.com/wp-content/uploads/2026/09/original-7.jpg ([351, 350]); its background is opaque and no faithful transparent exact-unit resource was approved.","Provide the exact Rockwall package photograph and readable manufacturer/UPC plus retail count; do not approve by name alone."
"WAREXJ2FSP76WHLIUSUS2B44","851866091479","","M-60 Firecrackers","M-60 Firecrackers","Unknown","Unknown","Regular","Unknown","Unknown","no_match","No sufficiently specific candidate identified in the two Dynamite catalog files.","Unknown","Manufacturer or UPC/model, exact package/variant and corresponding photo/video.","558","559","559","Items","559","identity_confirmation_needed","","Unknown","Unknown","","""851866091479"" fireworks | M-60 Firecrackers  fireworks manufacturer","https://www.tntfireworks.com/fireworks/cat/firecrackers/3530-tnt-m-1000-12-pack | https://skysongfireworks.com/product/m-60-firecracker/ | https://www.internationalfireworks.com/classc-fireworks/m-60-box/ | https://www.redrhinofireworks.com/firework/m-60-crackers-12-pack/","Name/presentation research returned candidates (including ""Fireworks | TNT Fireworks | TNT M-1000 12 PACK""), but no consulted product page establishes the Square code 851866091479, brand and exact variant together. The Dynamite name candidates remain unconfirmed.","Provide the exact Rockwall package photograph and readable manufacturer/UPC plus retail count; do not approve by name alone."
"HGMXNTVC7ZU4LQK4OWFPHQBW","715244003501","","M-85 Tank Black Cat","M-85 Tank Black Cat","Black Cat","Unknown","Regular","Unknown","Unknown","no_match","No sufficiently specific candidate identified in the two Dynamite catalog files.","Unknown","Manufacturer or UPC/model, exact package/variant and corresponding photo/video.","559","560","560","Items","560","no_verified_identity","","Unknown","Unknown","","""715244003501"" fireworks | M-85 Tank Black Cat  fireworks manufacturer","https://www.tntfireworks.com/fireworks/cat/firecrackers/3530-tnt-m-1000-12-pack | https://www.myfloridacfo.com/docs-sf/state-fire-marshal-libraries/sfm-documents/bfp/approved-sparklers-list/2018-2019-approved-sparklers-list.pdf?sfvrsn=f8eaadc0_4 | https://www.reddit.com/r/fireworks/comments/1w8xwsn/black_cat_firecrackers_from_about_19982005_seemed/ | https://www.reddit.com/r/fireworks/comments/vrq57z","Code and name/presentation searches did not establish an exact product for Square ""M-85 Tank Black Cat"" / ""Regular"" (code 715244003501). No verified manufacturer/package image or exact model was found; generic/store identifiers cannot determine identity.","Provide the exact Rockwall package photograph and readable manufacturer/UPC plus retail count; do not approve by name alone."
"IWCZSPONSC7YZZZ4ASZW7EOB","814527302710","","Machine Gun","Machine Gun","Unknown","Roman Candles","Regular","Unknown","Unknown","no_match","No sufficiently specific candidate identified in the two Dynamite catalog files.","Unknown","Manufacturer or UPC/model, exact package/variant and corresponding photo/video.","562","563","563","Items","563","no_verified_identity","","Unknown","Unknown","","""814527302710"" fireworks | Machine Gun  fireworks manufacturer","https://www.reddit.com/r/Sakartvelo/comments/1jg0r86","Code and name/presentation searches did not establish an exact product for Square ""Machine Gun"" / ""Regular"" (code 814527302710). No verified manufacturer/package image or exact model was found; generic/store identifiers cannot determine identity.","Provide the exact Rockwall package photograph and readable manufacturer/UPC plus retail count; do not approve by name alone."
"IS467D3ZI7OHYACMDLLSTIGE","715244022410","","Mad Cat Fountain","Mad Cat Fountain","Unknown","Fountains","Regular","Unknown","Unknown","no_match","No sufficiently specific candidate identified in the two Dynamite catalog files.","Unknown","Manufacturer or UPC/model, exact package/variant and corresponding photo/video.","563","564","564","Items","564","identity_confirmation_needed","","Unknown","Unknown","","""715244022410"" fireworks | Mad Cat Fountain  fireworks manufacturer","https://www.tntfireworks.com/fireworks/cat/fountains/2487-mad-dog-fountain | https://blackcatfireworks.com/fireworks/fountains-200-gram/mad-cat/","Name/presentation research returned candidates (including ""Fireworks | TNT Fireworks | MAD DOG® FOUNTAIN""), but no consulted product page establishes the Square code 715244022410, brand and exact variant together. The Dynamite name candidates remain unconfirmed.","Provide the exact Rockwall package photograph and readable manufacturer/UPC plus retail count; do not approve by name alone."
"HZAI6FQNRWPH7CBFYH23JPRX","814527200436","","Mafia 200 Gram 16 Shot","Mafia 200 Gram 16 Shot","Unknown","Unknown","Regular","Unknown","200 Gram | 16 Shot","no_match","No sufficiently specific candidate identified in the two Dynamite catalog files.","Unknown","Manufacturer or UPC/model, exact package/variant and corresponding photo/video.","565","566","566","Items","566","candidate_requires_package_review","","Unknown","Unknown","","""814527200436"" fireworks | Mafia Cutting Edge official fireworks manufacturer","https://beta2024.usa-fireworks.com/products/aerial-all-cakes/aerial-200-gram-cakes/mafia/ | https://sanduskyfireworks.com/product/458885/25607995-MAFIA | https://ocfireworks.com/mafia/ | https://cuttingedgefireworks.com/fire-product/magic/ | https://usa-fireworks.com/products/aerial-all-cakes/aerial-200-gram-cakes/mafia/ | https://iwantfireworks.com/product/mafia/","Code 814527200436 occurs in the retrieved product/source ""Mafia"". Square records ""Mafia 200 Gram 16 Shot"" / ""Regular""; this is a candidate, not a confirmed retail-package crosswalk. Inspected reference https://beta2024.usa-fireworks.com/wp-content/uploads/2022/06/original-78.png ([385, 385]); its background is opaque and no faithful transparent exact-unit resource was approved.","Provide the exact Rockwall package photograph and readable manufacturer/UPC plus retail count; do not approve by name alone."
"RSRJ5PRTCUG52YISOMQOF4VO","705108700714","","Magic Bunny_BOGO","Magic Bunny_BOGO","Unknown","Unknown","Regular","Unknown","Unknown","no_match","No sufficiently specific candidate identified in the two Dynamite catalog files.","Unknown","Manufacturer or UPC/model, exact package/variant and corresponding photo/video.","566","567","567","Items","567","no_verified_identity","","Unknown","Unknown","","""705108700714"" fireworks | Magic Bunny_BOGO  fireworks manufacturer","","Code and name/presentation searches did not establish an exact product for Square ""Magic Bunny_BOGO"" / ""Regular"" (code 705108700714). No verified manufacturer/package image or exact model was found; generic/store identifiers cannot determine identity.","Provide the exact Rockwall package photograph and readable manufacturer/UPC plus retail count; do not approve by name alone."
"XIZ5ULSCWUKFNWGTUJN7RBC7","287985242216","","Magic Carpet 200g","Magic Carpet 200g","Unknown","Unknown","Regular","Unknown","200g","no_match","No sufficiently specific candidate identified in the two Dynamite catalog files.","Unknown","Manufacturer or UPC/model, exact package/variant and corresponding photo/video.","567","568","568","Items","568","candidate_requires_package_review","","Unknown","Unknown","","""287985242216"" fireworks | Magic Carpet Brothers official fireworks manufacturer","https://usa-fireworks.com/products/aerial-all-cakes/aerial-200-gram-cakes/magic-carpet/ | https://americanwholesalefireworks.com/magic-carpet/ | https://cuttingedgefireworks.com/fire-product/magic/ | https://americanfireworks.com/magic-carpet/ | https://www.magiceye.com/ | https://www.bellevue.net/DocumentCenter/View/1212/2021-Permissible-Fireworks-PDF","Code 287985242216 occurs in the retrieved product/source ""Magic Carpet | 25 Shot Cake"". Square records ""Magic Carpet 200g"" / ""Regular""; this is a candidate, not a confirmed retail-package crosswalk. Inspected reference https://usa-fireworks.com/wp-content/uploads/2026/09/original-866.png ([427, 452]); its background is opaque and no faithful transparent exact-unit resource was approved.","Provide the exact Rockwall package photograph and readable manufacturer/UPC plus retail count; do not approve by name alone."
"DNDROXQ36U2E6P3ESPN3OFYO","8145270245514","","Magic Eye 42 Shot","Magic Eye 42 Shot","Unknown","Unknown","Regular","Unknown","42 Shot","no_match","No sufficiently specific candidate identified in the two Dynamite catalog files.","Unknown","Manufacturer or UPC/model, exact package/variant and corresponding photo/video.","569","570","570","Items","570","candidate_requires_package_review","","Unknown","Unknown","","""8145270245514"" fireworks | Magic Eye Cutting Edge official fireworks manufacturer","https://usa-fireworks.com/products/aerial-all-cakes/aerial-500-gram-cakes/magic-eye/ | https://cuttingedgefireworks.com/fire-product/magic/ | https://iwantfireworks.com/product/mafia/ | https://www.magiceye.com/","Code 8145270245514 occurs in the retrieved product/source ""Magic Eye | 42 Shot Cake"". Square records ""Magic Eye 42 Shot"" / ""Regular""; this is a candidate, not a confirmed retail-package crosswalk. Inspected reference https://usa-fireworks.com/wp-content/uploads/2026/09/original-945.png ([417, 328]); its background is opaque and no faithful transparent exact-unit resource was approved.","Provide the exact Rockwall package photograph and readable manufacturer/UPC plus retail count; do not approve by name alone."
"G74C3PQXCCIBCMYS72BLUZYP","757205301745","","Magic Light","Magic Light","Unknown","Unknown","Regular","Unknown","Unknown","no_match","No sufficiently specific candidate identified in the two Dynamite catalog files.","Unknown","Manufacturer or UPC/model, exact package/variant and corresponding photo/video.","570","571","571","Items","571","identity_confirmation_needed","","Unknown","Unknown","","""757205301745"" fireworks | Magic Light  fireworks manufacturer","https://en.wikipedia.org/wiki/Hitachi_Magic_Wand | https://en.wikipedia.org/wiki/Magic_wand_%28disambiguation%29 | https://www.reddit.com/r/Pyrotechnics/comments/1v7n6ow/magic_wand_handheld_fountains/ | https://en.wikipedia.org/wiki/Celebration_of_Light | https://www.reddit.com/r/crafts/comments/kofv48 | https://raccoonfireworksusa.com/product/magic-light/","Current Raccoon catalog has an exact-name candidate with a clean photograph, but its page does not publish the UPC and further retailer searches did not verify Square code 757205301745. Manufacturer-code digits embedded in a store/export code are not sufficient proof; require the original barcode/package before import.","Provide the exact Rockwall package photograph and readable manufacturer/UPC plus retail count; do not approve by name alone."
"LSG5WQCGT6ZAPEYBEPB25DRC","","8145270120521","Magic Sky","Magic Sky","Unknown","Unknown","Regular","Unknown","Unknown","no_match","No sufficiently specific candidate identified in the two Dynamite catalog files.","Unknown","Manufacturer or UPC/model, exact package/variant and corresponding photo/video.","571","572","572","Items","572","no_verified_identity","","Unknown","Unknown","","""8145270120521"" fireworks | Magic Sky  fireworks manufacturer","https://en.wikipedia.org/wiki/Hitachi_Magic_Wand | https://en.wikipedia.org/wiki/Magic_wand_%28disambiguation%29 | https://www.reddit.com/r/Pyrotechnics/comments/1v7n6ow/magic_wand_handheld_fountains/ | https://www.reddit.com/r/crafts/comments/kofv48","Code and name/presentation searches did not establish an exact product for Square ""Magic Sky"" / ""Regular"" (code 8145270120521). No verified manufacturer/package image or exact model was found; generic/store identifiers cannot determine identity.","Provide the exact Rockwall package photograph and readable manufacturer/UPC plus retail count; do not approve by name alone."
"YM3NLUUHT3EWEGLHTFGS5RBM","","000000339162","Magic Wands","Magic Wands","Unknown","Unknown","Regular","Unknown","Unknown","no_match","No sufficiently specific candidate identified in the two Dynamite catalog files.","Unknown","Manufacturer or UPC/model, exact package/variant and corresponding photo/video.","572","573","573","Items","573","no_verified_identity","","Unknown","Unknown","","""000000339162"" fireworks | Magic Wands  fireworks manufacturer","https://www.reddit.com/r/crafts/comments/kofv48 | https://en.wikipedia.org/wiki/Hitachi_Magic_Wand | https://en.wikipedia.org/wiki/Magic_wand_%28disambiguation%29 | https://www.reddit.com/r/Pyrotechnics/comments/1v7n6ow/magic_wand_handheld_fountains/","Code and name/presentation searches did not establish an exact product for Square ""Magic Wands"" / ""Regular"" (code 000000339162). No verified manufacturer/package image or exact model was found; generic/store identifiers cannot determine identity.","Provide the exact Rockwall package photograph and readable manufacturer/UPC plus retail count; do not approve by name alone."
"2LT37G7DBZSXXTSZOJEXGBDM","6801490056874","","Magical Shots Barrage 100 Shot","Magical Shots Barrage 100 Shot","Unknown","Unknown","Regular","Unknown","100 Shot","no_match","No sufficiently specific candidate identified in the two Dynamite catalog files.","Unknown","Manufacturer or UPC/model, exact package/variant and corresponding photo/video.","574","575","575","Items","575","identity_confirmation_needed","","Unknown","Unknown","","""6801490056874"" fireworks | Magical Shots Barrage 100 Shot  fireworks manufacturer","https://www.shogunvulcan.com/product/ssm2516-100-shots-magical-barrage | https://www.championfireworks.com/Roman-candles795/lk1107-magical-shots-barrage-100-balls | https://www.myvictoryfireworks.com/Zencart/index.php?main_page=product_info&products_id=195 | https://fajerwerkilider.pl/en/mozdzierze/1719-magical-shots-barrage-5901583660665.html | https://showalterfireworks.com/shop/shop/multi-shot-aerials/multi-shot-aerials-small/100-shot-magical-shots-barrage/","Name/presentation research returned candidates (including ""SSM2516 100 SHOTS MAGICAL BARRAGE - 200gm Cakes - USA Consumer Fireworks - 200gm Cakes - USA Consumer Fireworks - SHOGUN | VULCAN fireworks manufacturer""), but no consulted product page establishes the Square code 6801490056874, brand and exact variant together. The Dynamite name candidates remain unconfirmed.","Provide the exact Rockwall package photograph and readable manufacturer/UPC plus retail count; do not approve by name alone."
"R3E444VOODWZJ3YN4WLMQE5M","943100700046","","Mammoth Smoke","Mammoth Smoke","Unknown","Unknown","Regular","Unknown","Unknown","no_match","No sufficiently specific candidate identified in the two Dynamite catalog files.","Unknown","Manufacturer or UPC/model, exact package/variant and corresponding photo/video.","578","579","579","Items","579","identity_confirmation_needed","","Unknown","Unknown","","""943100700046"" fireworks | Mammoth Smoke  fireworks manufacturer","https://www.shogunvulcan.com/product-detail.php?cid=57&fid=2&id=675 | https://www.cpsc.gov/Recalls/2005/cpsc-bj-alan-co-announce-recall-of-mammoth-smoke-fountain-fireworks | https://orionpyro.eu/proizvodi/bengalke-dimovi-i-strobovi/dimovi/mammoth-smoke-tube/ | https://www.greatgrizzly.com/product-details/mammoth-smoke-2-minutes-1217/ | https://skysongfireworks.com/product-category/consumer-fireworks-global/smoke-bombs/","Name/presentation research returned candidates (including ""SNOV2070 MAMMOTH SMOKE - Smoke & Snakes - USA Consumer Fireworks - Smoke & Snakes - USA Consumer Fireworks - SHOGUN | VULCAN fireworks manufacturer""), but no consulted product page establishes the Square code 943100700046, brand and exact variant together. The Dynamite name candidates remain unconfirmed.","Provide the exact Rockwall package photograph and readable manufacturer/UPC plus retail count; do not approve by name alone."
"Q55HTE45LQTGDHAPZE5PBSHG","043100700128","","Mardigrais","Mardigrais","Unknown","Unknown","Regular","Unknown","Unknown","no_match","No sufficiently specific candidate identified in the two Dynamite catalog files.","Unknown","Manufacturer or UPC/model, exact package/variant and corresponding photo/video.","580","581","581","Items","581","no_verified_identity","","Unknown","Unknown","","""043100700128"" fireworks | Mardigrais  fireworks manufacturer","","Code and name/presentation searches did not establish an exact product for Square ""Mardigrais"" / ""Regular"" (code 043100700128). No verified manufacturer/package image or exact model was found; generic/store identifiers cannot determine identity.","Provide the exact Rockwall package photograph and readable manufacturer/UPC plus retail count; do not approve by name alone."
"URA6MCFC6SIPCMFNC37DWJZ7","023063113241","","Mat Beast (12 pcs)","Mat Beast (12 pcs)","Unknown","Artillery/Festival Balls","Regular","Unknown","12 pcs","no_match","No sufficiently specific candidate identified in the two Dynamite catalog files.","Unknown","Manufacturer or UPC/model, exact package/variant and corresponding photo/video.","582","583","583","Items","583","identity_confirmation_needed","","Unknown","Unknown","","""023063113241"" fireworks | Mat Beast (12 pcs)  fireworks manufacturer","https://www.wisconsindiscountfireworks.com/product-page/mat-beast-12-shells","Name/presentation research returned candidates (including ""Mat Beast (12 Shells) | Discount fireworks""), but no consulted product page establishes the Square code 023063113241, brand and exact variant together. The Dynamite name candidates remain unconfirmed.","Provide the exact Rockwall package photograph and readable manufacturer/UPC plus retail count; do not approve by name alone."
"HGIK5WH6JXZ7ZN67PVW5BCLM","662019061016","","Max Caliber 24 Shots","Max Caliber 24 Shots","Unknown","Unknown","Regular","Unknown","24 Shots","no_match","No sufficiently specific candidate identified in the two Dynamite catalog files.","Unknown","Manufacturer or UPC/model, exact package/variant and corresponding photo/video.","583","584","584","Items","584","no_verified_identity","","Unknown","Unknown","","""662019061016"" fireworks | Max Caliber 24 Shots  fireworks manufacturer","","Code and name/presentation searches did not establish an exact product for Square ""Max Caliber 24 Shots"" / ""Regular"" (code 662019061016). No verified manufacturer/package image or exact model was found; generic/store identifiers cannot determine identity.","Provide the exact Rockwall package photograph and readable manufacturer/UPC plus retail count; do not approve by name alone."
"HJH4HOGWHQBLBADRC7JH2ALP","680149048844","","Mega Black Smoke","Mega Black Smoke","Unknown","Unknown","Regular","Unknown","Unknown","no_match","No sufficiently specific candidate identified in the two Dynamite catalog files.","Unknown","Manufacturer or UPC/model, exact package/variant and corresponding photo/video.","586","587","587","Items","587","package_review","","Unknown","Unknown","","""680149048844"" fireworks | Mega Smoke (Assorted) Sky Bacon official fireworks manufacturer","https://shop.midnightmadnessfireworks.com/SK136-Mega-Smoke-Assorted-R-PC/ | https://www.skybaconfireworks.com/featured | https://www.skybaconfireworks.com/featured-products | https://www.aahfireworks.com/brands/sky-bacon/ | https://www.skybaconfireworks.com/privacy","Square says Mega Black Smoke; source photograph shows five different colors. Need the black single-unit identity and image, not an assorted pack.","Provide the exact Rockwall package photograph and readable manufacturer/UPC plus retail count; do not approve by name alone."
"Z5MKLBVDY42ZEGMNQM634VML","821500004240","","Mega Gatling gun","Mega Gatling gun","Unknown","Roman Candles","Regular","Unknown","Unknown","probable","Name identifies a candidate only; manufacturer and exact presentation have not been established.","products.json[91] Gatling Gun / Brothers / products/gatling-gun.png","Manufacturer or UPC/model, exact package/variant and corresponding photo/video.","587","588","588","Items","588","identity_confirmation_needed","","Unknown","Unknown","","""821500004240"" fireworks | Mega Gatling gun  fireworks manufacturer","https://mcfireworks.com/en/products_list/mega-snaps-gun | https://boomfireworksltd.co.uk/products/mega-gat-gun | https://www.londonfireworks.co.uk/products/mega-gat-gun-300-shots-roman-candles | https://www.greatgrizzly.com/product-details/gatling-gun-198-shot/ | https://en.wikipedia.org/wiki/Gatling_gun","Name/presentation research returned candidates (including ""Mega Snaps Gun - McFireworks | McFireworks""), but no consulted product page establishes the Square code 821500004240, brand and exact variant together. The Dynamite name candidates remain unconfirmed.","Provide the exact Rockwall package photograph and readable manufacturer/UPC plus retail count; do not approve by name alone."
"A3F734LVXNN23JWR536FAGGM","702367266708","","Mega Gatling gun","Mega Gatling gun","Unknown","Roman Candles","gatling gun","gatling gun","Unknown","probable","Name identifies a candidate only; manufacturer and exact presentation have not been established.","products.json[91] Gatling Gun / Brothers / products/gatling-gun.png","Manufacturer or UPC/model, exact package/variant and corresponding photo/video.","588","589","589","Items","589","identity_confirmation_needed","","Unknown","Unknown","","""702367266708"" fireworks | Mega Gatling gun gatling gun fireworks manufacturer","https://mcfireworks.com/en/products_list/mega-snaps-gun | https://boomfireworksltd.co.uk/products/mega-gat-gun | https://www.londonfireworks.co.uk/products/mega-gat-gun-300-shots-roman-candles | https://www.greatgrizzly.com/product-details/gatling-gun-198-shot/ | https://en.wikipedia.org/wiki/Gatling_gun","Name/presentation research returned candidates (including ""Mega Snaps Gun - McFireworks | McFireworks""), but no consulted product page establishes the Square code 702367266708, brand and exact variant together. The Dynamite name candidates remain unconfirmed.","Provide the exact Rockwall package photograph and readable manufacturer/UPC plus retail count; do not approve by name alone."
"KRKT5JIOTMJLYMEFOTCJ5EIA","6510475378978","","Mega Pyro Huge Burst (6 pcs)","Mega Pyro Huge Burst (6 pcs)","Unknown","Artillery/Festival Balls","Regular","Unknown","6 pcs","no_match","No sufficiently specific candidate identified in the two Dynamite catalog files.","Unknown","Manufacturer or UPC/model, exact package/variant and corresponding photo/video.","589","590","590","Items","590","no_verified_identity","","Unknown","Unknown","","""6510475378978"" fireworks | Mega Pyro Huge Burst (6 pcs)  fireworks manufacturer","","Code and name/presentation searches did not establish an exact product for Square ""Mega Pyro Huge Burst (6 pcs)"" / ""Regular"" (code 6510475378978). No verified manufacturer/package image or exact model was found; generic/store identifiers cannot determine identity.","Provide the exact Rockwall package photograph and readable manufacturer/UPC plus retail count; do not approve by name alone."
"HQNE5XO5MPLYQSKG3O7U6WCT","757201536219","","Mega Shark","Mega Shark","Unknown","Unknown","Regular","Unknown","Unknown","no_match","No sufficiently specific candidate identified in the two Dynamite catalog files.","Unknown","Manufacturer or UPC/model, exact package/variant and corresponding photo/video.","590","591","591","Items","591","candidate_requires_package_review","","Unknown","Unknown","","""757201536219"" fireworks | Mega Shark Raccoon Fireworks official fireworks manufacturer","https://beta2024.usa-fireworks.com/products/aerial-all-cakes/aerial-500-gram-cakes/mega-shark/ | https://www.raccoonfireworksusa.com/raccoon-products | https://raccoonfireworksusa.com/contact/ | https://raccoonfireworksusa.com/ | https://www.liuyangkingdom.com/","Code 757201536219 occurs in the retrieved product/source ""Mega Shark"". Square records ""Mega Shark"" / ""Regular""; this is a candidate, not a confirmed retail-package crosswalk. Inspected reference https://beta2024.usa-fireworks.com/wp-content/uploads/2022/02/original-35.png ([494, 453]); a transparent file exists, but exact brand, package count or variant is not independently established; it was not published.","Provide the exact Rockwall package photograph and readable manufacturer/UPC plus retail count; do not approve by name alone."
"KHIVIS7UANCQIZECYUTTC465","8145271617112","","Mickealangelo","Mickealangelo","Unknown","Unknown","Regular","Unknown","Unknown","no_match","No sufficiently specific candidate identified in the two Dynamite catalog files.","Unknown","Manufacturer or UPC/model, exact package/variant and corresponding photo/video.","593","594","594","Items","594","candidate_requires_package_review","","Unknown","Unknown","","""8145271617112"" fireworks | Mickealangelo Cutting Edge official fireworks manufacturer","https://beta2024.usa-fireworks.com/products/aerial-all-cakes/aerial-500-gram-cakes/mickealangelo/ | https://ocfireworks.com/mickealangelo/ | https://cuttingedgefireworks.com/firework-category/new-product/page/3/ | https://www.buy1get3freefireworks.com/products/cake-196","Code 8145271617112 occurs in the retrieved product/source ""Mickealangelo"". Square records ""Mickealangelo"" / ""Regular""; this is a candidate, not a confirmed retail-package crosswalk. Inspected reference https://beta2024.usa-fireworks.com/wp-content/uploads/2022/02/original-83-scaled.jpg ([1500, 1023]); its background is opaque and no faithful transparent exact-unit resource was approved.","Provide the exact Rockwall package photograph and readable manufacturer/UPC plus retail count; do not approve by name alone."
"L57MW34TGTU7YAZAPRRLPOM6","705108550906","","Midnight Sun 500 Gram","Midnight Sun 500 Gram","Unknown","500 GRAM FINALE","Regular","Unknown","500 Gram","no_match","No sufficiently specific candidate identified in the two Dynamite catalog files.","Unknown","Manufacturer or UPC/model, exact package/variant and corresponding photo/video.","595","596","596","Items","596","no_verified_identity","","Unknown","Unknown","","""705108550906"" fireworks | Midnight Sun 500 Gram  fireworks manufacturer","","Code and name/presentation searches did not establish an exact product for Square ""Midnight Sun 500 Gram"" / ""Regular"" (code 705108550906). No verified manufacturer/package image or exact model was found; generic/store identifiers cannot determine identity.","Provide the exact Rockwall package photograph and readable manufacturer/UPC plus retail count; do not approve by name alone."
"53PBIUYJWPQ6AXGVJZXUFE2J","757205301578","","Midnight Sun 500g","Midnight Sun 500g","Unknown","500 GRAM FINALE","Regular","Unknown","500g","no_match","No sufficiently specific candidate identified in the two Dynamite catalog files.","Unknown","Manufacturer or UPC/model, exact package/variant and corresponding photo/video.","596","597","597","Items","597","no_verified_identity","","Unknown","Unknown","","""757205301578"" fireworks | Midnight Sun 500g  fireworks manufacturer","","Code and name/presentation searches did not establish an exact product for Square ""Midnight Sun 500g"" / ""Regular"" (code 757205301578). No verified manufacturer/package image or exact model was found; generic/store identifiers cannot determine identity.","Provide the exact Rockwall package photograph and readable manufacturer/UPC plus retail count; do not approve by name alone."
"NNYHMJELCPBMXZXPPDDZYQXP","8052530054413","","Mighty Cracker 100pc BOGO","Mighty Cracker 100pc","Unknown","Unknown","30","30","100pc","no_match","No sufficiently specific candidate identified in the two Dynamite catalog files.","Unknown","Manufacturer or UPC/model, exact package/variant and corresponding photo/video.","597","598","598","Items","598","candidate_requires_package_review","","Unknown","Unknown","","""8052530054413"" fireworks | Mighty Crackers World Class official fireworks manufacturer","https://usa-fireworks.com/products/firecrackers-salutes/mighty-crackers/ | https://mighty-mite.com/","Code 8052530054413 occurs in the retrieved product/source ""Mighty Crackers | 100 Count"". Square records ""Mighty Cracker 100pc BOGO"" / ""30""; this is a candidate, not a confirmed retail-package crosswalk. Inspected reference https://usa-fireworks.com/wp-content/uploads/2026/09/original-279.png ([514, 589]); its background is opaque and no faithful transparent exact-unit resource was approved.","Provide the exact Rockwall package photograph and readable manufacturer/UPC plus retail count; do not approve by name alone."
"FAKGVMBHNQU7F7YPGIINCLPD","821600001156","","Mighty Cracker 100pc BOGO","Mighty Cracker 100pc","Unknown","Unknown","Mighty Crackers","Mighty Crackers","100pc","no_match","No sufficiently specific candidate identified in the two Dynamite catalog files.","Unknown","Manufacturer or UPC/model, exact package/variant and corresponding photo/video.","598","599","599","Items","599","no_verified_identity","","Unknown","Unknown","","""821600001156"" fireworks | Mighty Cracker 100pc Mighty Crackers fireworks manufacturer","","Code and name/presentation searches did not establish an exact product for Square ""Mighty Cracker 100pc BOGO"" / ""Mighty Crackers"" (code 821600001156). No verified manufacturer/package image or exact model was found; generic/store identifiers cannot determine identity.","Provide the exact Rockwall package photograph and readable manufacturer/UPC plus retail count; do not approve by name alone."
"BHYRBZW52FWBQHJ6QZ4MKZPT","200000606015","","Mighty Max Candle Assortment","Mighty Max Candle Assortment","Unknown","Roman Candles","Regular","Unknown","Unknown","no_match","No sufficiently specific candidate identified in the two Dynamite catalog files.","Unknown","Manufacturer or UPC/model, exact package/variant and corresponding photo/video.","599","600","600","Items","600","identity_confirmation_needed","","Unknown","Unknown","","""200000606015"" fireworks | Mighty Max Candle Assortment  fireworks manufacturer","https://tristatefireworksllc.com/mighty-max-candle-assortment-10-ball/ | https://www.wickedfireworks.com/wholesale-retail/Mighty-Max-Fireworks-10.aspx | https://www.reddit.com/r/fireworks/comments/gpy29n","Name/presentation research returned candidates (including ""MIGHTY MAX CANDLE ASSORTMENT - 10 BALL - Tri-State Fireworks""), but no consulted product page establishes the Square code 200000606015, brand and exact variant together. The Dynamite name candidates remain unconfirmed.","Provide the exact Rockwall package photograph and readable manufacturer/UPC plus retail count; do not approve by name alone."
"WGWVTKV5LLYGNVGTHJWBKKJC","","","Military Parachute","Military Parachute","Unknown","Unknown","Regular","Unknown","Unknown","probable","Name identifies a candidate only; manufacturer and exact presentation have not been established.","products.json[189] Military Parachute / Winda / /products/military-parachute.png","Manufacturer or UPC/model, exact package/variant and corresponding photo/video.","601","602","602","Items","602","identity_confirmation_needed","","Unknown","Unknown","","""Military Parachute"" fireworks manufacturer","https://www.getwinda.com/product-page/military-parachute","Military Parachute has no code/presentation. The approved Winda two-pack from another row must not be assumed identical.","Provide the exact Rockwall package photograph and readable manufacturer/UPC plus retail count; do not approve by name alone."
"7A5IAAVZGOY7OFQE4GL6VVMN","757201306041","","Minecraft 5"" Artillery Shells 6 Pack","Minecraft 5"" Artillery Shells 6 Pack","Unknown","6 Pack Artillery Shells 5""\, 6""","Regular","Unknown","5"" | 6 Pack","no_match","No sufficiently specific candidate identified in the two Dynamite catalog files.","Unknown","Manufacturer or UPC/model, exact package/variant and corresponding photo/video.","603","604","604","Items","604","data_conflict","","Unknown","Unknown","","""757201306041"" fireworks | Minecraft 5"" Artillery Shells 6 Pack  fireworks manufacturer | Minecraft Raccoon Fireworks official fireworks manufacturer","https://beta2024.usa-fireworks.com/products/artillery-shells/minecraft/ | https://www.raccoonfireworksusa.com/raccoon-products | https://www.raccoonfireworksusa.com/2024 | https://kjsfireworks.com/products/predator-xl-canister-6-shells-5 | https://www.fireworks.us/minecraft-5-inch-shells-p/RA30604.htm | https://www.reddit.com/r/fireworks/comments/1497a24 | https://fireworks.com/products/aerial/reloadable-mortars/artillery-canister-shell-6-canisters","Minecraft source and Square say five-inch six-pack, but the same retailer's dimensional data says four-inch shells. No current official model crosswalk resolves this conflict.","Provide the exact Rockwall package photograph and readable manufacturer/UPC plus retail count; do not approve by name alone."
"5T7VMN3SVTVIGJJRBSPLAP32","805253394414","","Monkey Business 200G","Monkey Business 200G","Unknown","Unknown","Regular","Unknown","200G","no_match","No sufficiently specific candidate identified in the two Dynamite catalog files.","Unknown","Manufacturer or UPC/model, exact package/variant and corresponding photo/video.","605","606","606","Items","606","candidate_requires_package_review","","Unknown","Unknown","","""805253394414"" fireworks | Monkey Business World Class official fireworks manufacturer","https://usa-fireworks.com/products/aerial-all-cakes/aerial-200-gram-cakes/monkey-business-36-shots/","Code 805253394414 occurs in the retrieved product/source ""Monkey Business | 36 Shots"". Square records ""Monkey Business 200G"" / ""Regular""; this is a candidate, not a confirmed retail-package crosswalk. Inspected reference https://usa-fireworks.com/wp-content/uploads/2026/09/original-294.jpeg ([1200, 1040]); its background is opaque and no faithful transparent exact-unit resource was approved.","Provide the exact Rockwall package photograph and readable manufacturer/UPC plus retail count; do not approve by name alone."
"GGZBALOR7JK3HCSJSAB5FJOB","821611109810","","Morning Glories 24\6 144 Pieces sparklers","Morning Glories 24\6 144 Pieces sparklers","Unknown","Unknown","Regular","Unknown","Unknown","no_match","No sufficiently specific candidate identified in the two Dynamite catalog files.","Unknown","Manufacturer or UPC/model, exact package/variant and corresponding photo/video.","606","607","607","Items","607","no_verified_identity","","Unknown","Unknown","","""821611109810"" fireworks | Morning Glories 24\6 144 Pieces sparklers  fireworks manufacturer","https://usfireworks.biz/items/ox-0981-14morningglorysparkler.htm","Code and name/presentation searches did not establish an exact product for Square ""Morning Glories 24\6 144 Pieces sparklers"" / ""Regular"" (code 821611109810). No verified manufacturer/package image or exact model was found; generic/store identifiers cannot determine identity.","Provide the exact Rockwall package photograph and readable manufacturer/UPC plus retail count; do not approve by name alone."
"JW46UDVVNSF442AA7SCDR5FU","7059000109810","","Morning Glories-14""","Morning Glories-14""","Unknown","Unknown","Regular","Unknown","14""","no_match","No sufficiently specific candidate identified in the two Dynamite catalog files.","Unknown","Manufacturer or UPC/model, exact package/variant and corresponding photo/video.","608","609","609","Items","609","identity_confirmation_needed","","Unknown","Unknown","","""7059000109810"" fireworks | Morning Glories-14""  fireworks manufacturer","https://dynamitefireworks.com/product/morning-glories/ | https://usfireworks.biz/items/ox-0981-14morningglorysparkler.htm","Name/presentation research returned candidates (including ""Morning Glories - Dynamite Fireworks""), but no consulted product page establishes the Square code 7059000109810, brand and exact variant together. The Dynamite name candidates remain unconfirmed.","Provide the exact Rockwall package photograph and readable manufacturer/UPC plus retail count; do not approve by name alone."
"QWEMUCQK2V2YIXKJR2APJNVK","705108098101","","Morning Glory","Morning Glory","Unknown","Unknown","Regular","Unknown","Unknown","no_match","No sufficiently specific candidate identified in the two Dynamite catalog files.","Unknown","Manufacturer or UPC/model, exact package/variant and corresponding photo/video.","609","610","610","Items","610","identity_confirmation_needed","","Unknown","Unknown","","""705108098101"" fireworks | Morning Glory  fireworks manufacturer","https://usfireworks.biz/items/ox-0981-14morningglorysparkler.htm | https://www.starspanglednovelties.com/sparklers/morningglory.html | https://dynamitefireworks.com/product/morning-glories/","Name/presentation research returned candidates (including ""#14 Morning Glory Sparklers 144 Piece- Buy Fireworks Online""), but no consulted product page establishes the Square code 705108098101, brand and exact variant together. The Dynamite name candidates remain unconfirmed.","Provide the exact Rockwall package photograph and readable manufacturer/UPC plus retail count; do not approve by name alone."
"NCTBJPN7RMTQTZDDSFLCPOWS","814327011041","","Morning Glory","Morning Glory","Unknown","Unknown","Regular","Unknown","Unknown","no_match","No sufficiently specific candidate identified in the two Dynamite catalog files.","Unknown","Manufacturer or UPC/model, exact package/variant and corresponding photo/video.","610","611","611","Items","611","identity_confirmation_needed","","Unknown","Unknown","","""814327011041"" fireworks | Morning Glory  fireworks manufacturer","https://flashingfireworks.com/products/morning-glory-15 | https://usa-fireworks.com/products/sparklers/24-morning-glory-single-pack-of-6-sparklers/ | https://elevatedfireworks.com/products/36-in-morning-glory-sparkler-6-pack | https://shop.rozzifireworks.com/products/morning-glory | https://www.superiorfireworks.com/retail/product/ng6006/36-morning-glory-sparklers","Name/presentation research returned candidates (including ""36"" Morning Glory Sparkler | Sparklers | Flashing Fireworks""), but no consulted product page establishes the Square code 814327011041, brand and exact variant together. The Dynamite name candidates remain unconfirmed.","Provide the exact Rockwall package photograph and readable manufacturer/UPC plus retail count; do not approve by name alone."
"WAF5VDGW2OT77X5XMU545NI2","821600981366","","Morning Glory 36 Inch sparklers","Morning Glory 36 Inch sparklers","Unknown","Unknown","Regular","Unknown","36 Inch","no_match","No sufficiently specific candidate identified in the two Dynamite catalog files.","Unknown","Manufacturer or UPC/model, exact package/variant and corresponding photo/video.","611","612","612","Items","612","identity_confirmation_needed","","Unknown","Unknown","","""821600981366"" fireworks | Morning Glory 36 Inch sparklers  fireworks manufacturer","https://flashingfireworks.com/products/morning-glory-15 | https://www.superiorfireworks.com/retail/product/ng6006/36-morning-glory-sparklers | https://www.nhpyro.com/shogun-morning-glory-sparklers-36-6pcs.html | https://www.redrhinofireworks.com/firework/morning-glory-xl-36-inch/ | https://rgsbrandfireworks.com/products/sparklers/36-morning-glory-2/","Name/presentation research returned candidates (including ""36"" Morning Glory Sparkler | Sparklers | Flashing Fireworks""), but no consulted product page establishes the Square code 821600981366, brand and exact variant together. The Dynamite name candidates remain unconfirmed.","Provide the exact Rockwall package photograph and readable manufacturer/UPC plus retail count; do not approve by name alone."
"GNN7EVLU5MZWTGQGLPYVSSZ4","158130736068","","Morning Glory 36"".","Morning Glory 36"".","Unknown","Unknown","Regular","Unknown","36""","no_match","No sufficiently specific candidate identified in the two Dynamite catalog files.","Unknown","Manufacturer or UPC/model, exact package/variant and corresponding photo/video.","612","613","613","Items","613","identity_confirmation_needed","","Unknown","Unknown","","""158130736068"" fireworks | Morning Glory 36"".  fireworks manufacturer","https://flashingfireworks.com/products/morning-glory-15 | https://elevatedfireworks.com/products/36-in-morning-glory-sparkler-6-pack | https://www.superiorfireworks.com/retail/product/ng6006/36-morning-glory-sparklers | https://www.nhpyro.com/shogun-morning-glory-sparklers-36-6pcs.html | https://megabangerfireworks.com/product/36morning-glory/","Name/presentation research returned candidates (including ""36"" Morning Glory Sparkler | Sparklers | Flashing Fireworks""), but no consulted product page establishes the Square code 158130736068, brand and exact variant together. The Dynamite name candidates remain unconfirmed.","Provide the exact Rockwall package photograph and readable manufacturer/UPC plus retail count; do not approve by name alone."
"LC6EYG7KJQI7FT56KOSTYUHV","943100700053","","Morning Glory Sparklers 6pk Individual BOGO","Morning Glory Sparklers 6pk Individual","Unknown","Unknown","Regular","Unknown","Unknown","no_match","No sufficiently specific candidate identified in the two Dynamite catalog files.","Unknown","Manufacturer or UPC/model, exact package/variant and corresponding photo/video.","613","614","614","Items","614","identity_confirmation_needed","","Unknown","Unknown","","""943100700053"" fireworks | Morning Glory Sparklers 6pk Individual  fireworks manufacturer","https://flashingfireworks.com/products/morning-glory-15 | https://usa-fireworks.com/products/sparklers/24-morning-glory-single-pack-of-6-sparklers/ | https://www.superiorfireworks.com/retail/product/ng6006/36-morning-glory-sparklers | https://www.nhpyro.com/shogun-morning-glory-sparklers-36-6pcs.html | https://rgsbrandfireworks.com/products/sparklers/36-morning-glory-2/","Name/presentation research returned candidates (including ""36"" Morning Glory Sparkler | Sparklers | Flashing Fireworks""), but no consulted product page establishes the Square code 943100700053, brand and exact variant together. The Dynamite name candidates remain unconfirmed.","Provide the exact Rockwall package photograph and readable manufacturer/UPC plus retail count; do not approve by name alone."
"XU4GLMW4LWFIZRWQQPIAXQLF","705108549405","","Mother Of The Bombs","Mother Of The Bombs","Unknown","Unknown","Regular","Unknown","Unknown","no_match","No sufficiently specific candidate identified in the two Dynamite catalog files.","Unknown","Manufacturer or UPC/model, exact package/variant and corresponding photo/video.","615","616","616","Items","616","identity_confirmation_needed","","Unknown","Unknown","","Compared code against official Winco UPC reference | Mother Of The Bombs L86@P7: 500 Gram Racks MEP5494 Mother of All Bombs (705108549405) fireworks manufacturer","https://americanwholesalefireworks.com/mother-of-all-bombs/ | https://www.blazing7fireworks.com/products/racks/mother-of-all-bombs-detail | https://houstoncheapfireworks.com/Mother-of-all-Bombs-637909189195125149-product.htm | https://pyropapas.com/product/mother-of-all-bombs/ | https://rocketfireworks.com/product/mother-of-all-bombs-fireworks/","Name/presentation research returned candidates (including ""Mother of All Bombs 9s - 500 Gram Cake""), but no consulted product page establishes the Square code 705108549405, brand and exact variant together. The Dynamite name candidates remain unconfirmed.","Provide the exact Rockwall package photograph and readable manufacturer/UPC plus retail count; do not approve by name alone."
"KAWMWSNND6CWWITR7TTFBLLC","8145270161616","","Motion Maker","Motion Maker","Unknown","Unknown","Regular","Unknown","Unknown","no_match","No sufficiently specific candidate identified in the two Dynamite catalog files.","Unknown","Manufacturer or UPC/model, exact package/variant and corresponding photo/video.","616","617","617","Items","617","identity_confirmation_needed","","Unknown","Unknown","","""8145270161616"" fireworks | Motion Maker  fireworks manufacturer","https://www.noiseareus.com/mm5/merchant.mvc?Product_Code=motion-maker&Screen=PROD | https://motion-makers.com/ | https://www.artistryinmotion.com/pages/about-us","Name/presentation research returned candidates (including ""Motion Maker: noiseareus.com""), but no consulted product page establishes the Square code 8145270161616, brand and exact variant together. The Dynamite name candidates remain unconfirmed.","Provide the exact Rockwall package photograph and readable manufacturer/UPC plus retail count; do not approve by name alone."
"ML6UCMKNFT5Q6VWXICGN6TO2","821600016129","","Naughty Dog","Naughty Dog","Unknown","Unknown","Regular","Unknown","Unknown","no_match","No sufficiently specific candidate identified in the two Dynamite catalog files.","Unknown","Manufacturer or UPC/model, exact package/variant and corresponding photo/video.","619","622","622","Items","620","identity_confirmation_needed","","Unknown","Unknown","","""821600016129"" fireworks | Naughty Dog  fireworks manufacturer","https://www.naughtydog.com/company | https://elevatedfireworks.com/products/naughty-dog-ground-novelty | https://en.wikipedia.org/wiki/Naughty_Dog | https://en.wikipedia.org/wiki/List_of_Naughty_Dog_video_games | https://fr.wikipedia.org/wiki/Naughty_Dog","Name/presentation research returned candidates (including ""About || Naughty Dog""), but no consulted product page establishes the Square code 821600016129, brand and exact variant together. The Dynamite name candidates remain unconfirmed.","Provide the exact Rockwall package photograph and readable manufacturer/UPC plus retail count; do not approve by name alone."
"ILXOA5TDDYIBJD2RMHPXESV6","811451013439","","Naughty Elephant","Naughty Elephant","Unknown","Unknown","Regular","Unknown","Unknown","no_match","No sufficiently specific candidate identified in the two Dynamite catalog files.","Unknown","Manufacturer or UPC/model, exact package/variant and corresponding photo/video.","620","623","623","Items","621","identity_confirmation_needed","","Unknown","Unknown","","""811451013439"" fireworks | Naughty Elephant  fireworks manufacturer","https://myfloridacfo.com/docs-sf/state-fire-marshal-libraries/sfm-documents/bfp/approved-sparklers-list/2004-sparklers-list.pdf?sfvrsn=298b0064_6 | https://www.naughtydog.com/company | https://en.wikipedia.org/wiki/Naughty_Dog | https://elephantfireworks.in/ | https://pmscrackers.com/brands/elephant-brand-fireworks","Name/presentation research returned candidates (including ""NAME: Naughty Elephant""), but no consulted product page establishes the Square code 811451013439, brand and exact variant together. The Dynamite name candidates remain unconfirmed.","Provide the exact Rockwall package photograph and readable manufacturer/UPC plus retail count; do not approve by name alone."
"NQCEENLY6NB6N2PB42Q6ZDJH","757201520027","","Neon Butterflies 54 Shot","Neon Butterflies 54 Shot","Unknown","Unknown","Regular","Unknown","54 Shot","no_match","No sufficiently specific candidate identified in the two Dynamite catalog files.","Unknown","Manufacturer or UPC/model, exact package/variant and corresponding photo/video.","623","626","626","Items","624","identity_confirmation_needed","","Unknown","Unknown","","""757201520027"" fireworks | Neon Butterflies 54 Shot  fireworks manufacturer","https://ocfireworks.com/neon-butterflies/ | https://raccoonfireworksusa.com/product/neon-butterflies/","Current Raccoon catalog has an exact-name candidate with a clean photograph, but its page does not publish the UPC and further retailer searches did not verify Square code 757201520027. Manufacturer-code digits embedded in a store/export code are not sufficient proof; require the original barcode/package before import.","Provide the exact Rockwall package photograph and readable manufacturer/UPC plus retail count; do not approve by name alone."
"DESWK5DRCHLMT5AZZI2Q6SBM","207401322193","","Neon Night  Artillery (12 pcs)","Neon Night Artillery (12 pcs)","Unknown","Artillery/Festival Balls","Regular","Unknown","12 pcs","no_match","No sufficiently specific candidate identified in the two Dynamite catalog files.","Unknown","Manufacturer or UPC/model, exact package/variant and corresponding photo/video.","627","630","630","Items","628","candidate_requires_package_review","","Unknown","Unknown","","""207401322193"" fireworks | Neon Night Artillery (12 pcs) JL2074 Happy Family Fireworks official fireworks manufacturer","https://americanwholesalefireworks.com/neon-night-shell-kit/","Code 207401322193 occurs in the retrieved product/source ""Neon Night Shell Kit - Reloadable Shell Kit"". Square records ""Neon Night  Artillery (12 pcs)"" / ""Regular""; this is a candidate, not a confirmed retail-package crosswalk. Inspected reference https://cdn11.bigcommerce.com/s-2n33n5vm38/images/stencil/500x500/products/4650/10446/Neon_Night_Shell_Kit_-_Happy_Family__40935.1724087644.png?c=2 ([500, 500]); its background is opaque and no faithful transparent exact-unit resource was approved.","Provide the exact Rockwall package photograph and readable manufacturer/UPC plus retail count; do not approve by name alone."
"NOAY7B4DBXXTUNGXXQ3RZGPF","","000000339209","Neon Saber Sparklers","Neon Saber Sparklers","Unknown","Unknown","Regular","Unknown","Unknown","no_match","No sufficiently specific candidate identified in the two Dynamite catalog files.","Unknown","Manufacturer or UPC/model, exact package/variant and corresponding photo/video.","628","631","631","Items","629","identity_confirmation_needed","","Unknown","Unknown","","""000000339209"" fireworks | Neon Saber Sparklers  fireworks manufacturer","https://www.brotherspyrotechnics.com/ProductDetails/893","Name/presentation research returned candidates (including ""Neon Sparklers""), but no consulted product page establishes the Square code 000000339209, brand and exact variant together. The Dynamite name candidates remain unconfirmed.","Provide the exact Rockwall package photograph and readable manufacturer/UPC plus retail count; do not approve by name alone."
"DL437RUBTEAUEVYUK7LTENDQ","887946004305","","Neon Show 16 Shots","Neon Show 16 Shots","Unknown","Unknown","Regular","Unknown","16 Shots","no_match","No sufficiently specific candidate identified in the two Dynamite catalog files.","Unknown","Manufacturer or UPC/model, exact package/variant and corresponding photo/video.","629","632","632","Items","630","data_conflict","","Unknown","Unknown","","""887946004305"" fireworks | Neon Show 16 Shots  official fireworks manufacturer","https://www.tntfireworks.com/fireworks/cat/multi-aerials/4105-one-minute-revelry","Square says Neon Show 16 Shots; the exact code resolves to TNT One Minute Revelry. Name/presentation conflict needs a Rockwall package reference.","Provide the exact Rockwall package photograph and readable manufacturer/UPC plus retail count; do not approve by name alone."
"GEDP25JGWJWZ7YOPA2DMR4CJ","6950165419367","","Neon Sky 140 shot","Neon Sky 140 shot","Unknown","Roman Candles","Regular","Unknown","140 shot","no_match","No sufficiently specific candidate identified in the two Dynamite catalog files.","Unknown","Manufacturer or UPC/model, exact package/variant and corresponding photo/video.","631","634","634","Items","632","identity_confirmation_needed","","Unknown","Unknown","","""6950165419367"" fireworks","https://usa-fireworks.com/products/roman-candles/neon-sky/","Name/presentation research returned candidates (including ""Neon Sky | 140 Shot Cake - USA-Fireworks""), but no consulted product page establishes the Square code 6950165419367, brand and exact variant together. The Dynamite name candidates remain unconfirmed.","Provide the exact Rockwall package photograph and readable manufacturer/UPC plus retail count; do not approve by name alone."
"5RLSEP5ZVM5UFUOAKRWVPI5Y","680149045096","","Neon Smoke Balls 6pk","Neon Smoke Balls 6pk","Unknown","Unknown","Regular","Unknown","Unknown","no_match","No sufficiently specific candidate identified in the two Dynamite catalog files.","Unknown","Manufacturer or UPC/model, exact package/variant and corresponding photo/video.","632","635","635","Items","633","identity_confirmation_needed","","Unknown","Unknown","","""680149045096"" fireworks | Neon Smoke Balls 6pk  fireworks manufacturer","https://www.tntfireworks.com/fireworks/cat/smoke/3715-neon-smoke-balls-6pk | https://elevatedfireworks.com/products/neon-planet-smoke-balls-6-pack | https://genderrevealco.com/products/neon-smoke-balls-6-pack | https://twistedthunder.com/shop/brand/dynomite/neon-smoke-balls/","Name/presentation research returned candidates (including ""Fireworks | TNT Fireworks | NEON SMOKE BALLS 6PK""), but no consulted product page establishes the Square code 680149045096, brand and exact variant together. The Dynamite name candidates remain unconfirmed.","Provide the exact Rockwall package photograph and readable manufacturer/UPC plus retail count; do not approve by name alone."
"XKTAJU5IB6I7JCEIQYBUHACK","681402052899","","Neon Smoke Bombs 24ct","Neon Smoke Bombs 24ct","Unknown","Unknown","Regular","Unknown","24ct","no_match","No sufficiently specific candidate identified in the two Dynamite catalog files.","Unknown","Manufacturer or UPC/model, exact package/variant and corresponding photo/video.","633","636","636","Items","634","no_verified_identity","","Unknown","Unknown","","""681402052899"" fireworks | Neon Smoke Bombs 24ct  fireworks manufacturer","https://www.tntfireworks.com/fireworks/cat/smoke/3715-neon-smoke-balls-6pk | https://elevatedfireworks.com/products/neon-planet-smoke-balls-6-pack | https://genderrevealco.com/products/neon-smoke-balls-6-pack | https://twistedthunder.com/shop/brand/dynomite/neon-smoke-balls/","Code and name/presentation searches did not establish an exact product for Square ""Neon Smoke Bombs 24ct"" / ""Regular"" (code 681402052899). No verified manufacturer/package image or exact model was found; generic/store identifiers cannot determine identity.","Provide the exact Rockwall package photograph and readable manufacturer/UPC plus retail count; do not approve by name alone."
"Z33FH247DFGYUE7PXWSNXMKE","840142205242","","Neon Smoke Show","Neon Smoke Show","Unknown","Unknown","Regular","Unknown","Unknown","no_match","No sufficiently specific candidate identified in the two Dynamite catalog files.","Unknown","Manufacturer or UPC/model, exact package/variant and corresponding photo/video.","634","637","637","Items","635","no_verified_identity","","Unknown","Unknown","","""840142205242"" fireworks | Neon Smoke Show  fireworks manufacturer","","Code and name/presentation searches did not establish an exact product for Square ""Neon Smoke Show"" / ""Regular"" (code 840142205242). No verified manufacturer/package image or exact model was found; generic/store identifiers cannot determine identity.","Provide the exact Rockwall package photograph and readable manufacturer/UPC plus retail count; do not approve by name alone."
"NR4MTFDPX4TEOWP6T2SV5PK2","","841527170049","Neon Sparklers","Neon Sparklers","Unknown","Unknown","Regular","Unknown","Unknown","no_match","No sufficiently specific candidate identified in the two Dynamite catalog files.","Unknown","Manufacturer or UPC/model, exact package/variant and corresponding photo/video.","635","638","638","Items","636","identity_confirmation_needed","","Unknown","Unknown","","""841527170049"" fireworks | Neon Sparklers  fireworks manufacturer","https://www.brotherspyrotechnics.com/ProductDetails/893 | https://www.tntfireworks.com/fireworks/cat/sparklers-handheld/3920-20-neon-sparklers | https://www.iknowaguyfireworks.org/product-page/neon-sparklers | https://www.topgunfireworks.com/sparklers.html | https://americanwholesalefireworks.com/neon-strobe/","Name/presentation research returned candidates (including ""Neon Sparklers""), but no consulted product page establishes the Square code 841527170049, brand and exact variant together. The Dynamite name candidates remain unconfirmed.","Provide the exact Rockwall package photograph and readable manufacturer/UPC plus retail count; do not approve by name alone."
"6BTYAYIO5UUJFVNMMQEP246T","","705108900404","Neon Sparklers BOGO","Neon Sparklers","Unknown","Unknown","Regular","Unknown","Unknown","no_match","No sufficiently specific candidate identified in the two Dynamite catalog files.","Unknown","Manufacturer or UPC/model, exact package/variant and corresponding photo/video.","636","639","639","Items","637","identity_confirmation_needed","","Unknown","Unknown","","""705108900404"" fireworks | Neon Sparklers  fireworks manufacturer","https://www.brotherspyrotechnics.com/ProductDetails/893 | https://www.tntfireworks.com/fireworks/cat/sparklers-handheld/3920-20-neon-sparklers | https://www.iknowaguyfireworks.org/product-page/neon-sparklers | https://www.topgunfireworks.com/sparklers.html | https://americanwholesalefireworks.com/neon-strobe/","Name/presentation research returned candidates (including ""Neon Sparklers""), but no consulted product page establishes the Square code 705108900404, brand and exact variant together. The Dynamite name candidates remain unconfirmed.","Provide the exact Rockwall package photograph and readable manufacturer/UPC plus retail count; do not approve by name alone."
"E43XCOUSQYZLA6HC7QALQ2JM","695071402527","","Neon Strobe 200 Gram 18 Shot","Neon Strobe 200 Gram 18 Shot","Unknown","Unknown","Regular","Unknown","200 Gram | 18 Shot","no_match","No sufficiently specific candidate identified in the two Dynamite catalog files.","Unknown","Manufacturer or UPC/model, exact package/variant and corresponding photo/video.","637","640","640","Items","638","identity_confirmation_needed","","Unknown","Unknown","","""695071402527"" fireworks | Neon Strobe 200 Gram 18 Shot  fireworks manufacturer","https://americanwholesalefireworks.com/neon-strobe/ | https://realdealfireworks.com/products/dirt-bomb-18-shot-200g-color-strobe-cake","Name/presentation research returned candidates (including ""Neon Strobe - 200 Gram Cake""), but no consulted product page establishes the Square code 695071402527, brand and exact variant together. The Dynamite name candidates remain unconfirmed.","Provide the exact Rockwall package photograph and readable manufacturer/UPC plus retail count; do not approve by name alone."
"EX26G3CPJJF5NBZWBQVHHQGL","757201545112","","Neon Web","Neon Web","Unknown","Unknown","Regular","Unknown","Unknown","no_match","No sufficiently specific candidate identified in the two Dynamite catalog files.","Unknown","Manufacturer or UPC/model, exact package/variant and corresponding photo/video.","638","641","641","Items","639","no_verified_identity","","Unknown","Unknown","","""757201545112"" fireworks | Neon Web  fireworks manufacturer","https://www.reddit.com/r/fireworks/comments/wgdbew","Code and name/presentation searches did not establish an exact product for Square ""Neon Web"" / ""Regular"" (code 757201545112). No verified manufacturer/package image or exact model was found; generic/store identifiers cannot determine identity.","Provide the exact Rockwall package photograph and readable manufacturer/UPC plus retail count; do not approve by name alone."
"V3CTF3FH4NKIRRFFPC6DY366","715244000029","","Night Display","Night Display","Unknown","Unknown","Regular","Unknown","Unknown","no_match","No sufficiently specific candidate identified in the two Dynamite catalog files.","Unknown","Manufacturer or UPC/model, exact package/variant and corresponding photo/video.","640","643","643","Items","641","no_verified_identity","","Unknown","Unknown","","""715244000029"" fireworks | Night Display  fireworks manufacturer","https://www.championfireworks.com/Parachutes/lk8004-night-type-parachute-fireworks | https://gardenstatefireworks.com/ | https://bigjohnsonfireworks.com/products/night-owl | https://www.purplestarfireworks.com/ | https://www.reddit.com/r/rollercoasters/comments/st83wg","Code and name/presentation searches did not establish an exact product for Square ""Night Display"" / ""Regular"" (code 715244000029). No verified manufacturer/package image or exact model was found; generic/store identifiers cannot determine identity.","Provide the exact Rockwall package photograph and readable manufacturer/UPC plus retail count; do not approve by name alone."
"TFDJ6PQBV7IFYAVY6PW7PMNC","8145270114414","","Night Owl Fountain","Night Owl Fountain","Unknown","Fountains","Regular","Unknown","Unknown","no_match","No sufficiently specific candidate identified in the two Dynamite catalog files.","Unknown","Manufacturer or UPC/model, exact package/variant and corresponding photo/video.","641","644","644","Items","642","identity_confirmation_needed","","Unknown","Unknown","","""8145270114414"" fireworks | Night Owl Fountain  fireworks manufacturer","https://bigjohnsonfireworks.com/products/night-owl | https://www.reddit.com/r/fireworks/comments/15el8r0","Name/presentation research returned candidates (including ""Night Owl – Big Johnson Fireworks""), but no consulted product page establishes the Square code 8145270114414, brand and exact variant together. The Dynamite name candidates remain unconfirmed.","Provide the exact Rockwall package photograph and readable manufacturer/UPC plus retail count; do not approve by name alone."
"ALQZ3KMCXR6USHH37AWXWUWW","814527200528","","Ninja","Ninja","Unknown","Unknown","Regular","Unknown","Unknown","probable","Name identifies a candidate only; manufacturer and exact presentation have not been established.","products.json[154] Fire Ninja / Winda / /products/fire-ninja.png","Manufacturer or UPC/model, exact package/variant and corresponding photo/video.","642","645","645","Items","643","no_verified_identity","","Unknown","Unknown","","""814527200528"" fireworks | Ninja  fireworks manufacturer","","Code and name/presentation searches did not establish an exact product for Square ""Ninja"" / ""Regular"" (code 814527200528). No verified manufacturer/package image or exact model was found; generic/store identifiers cannot determine identity.","Provide the exact Rockwall package photograph and readable manufacturer/UPC plus retail count; do not approve by name alone."
"KMH7EZXQ4SDAPJKEX4SEHMVI","757201324045","","Nishiki Blast 5"" Artillery 24 pack","Nishiki Blast 5"" Artillery 24 pack","Unknown","24 Pack Canister Artillery Shells 5 INCH","Regular","Unknown","5"" | 24 pack","no_match","No sufficiently specific candidate identified in the two Dynamite catalog files.","Unknown","Manufacturer or UPC/model, exact package/variant and corresponding photo/video.","643","646","646","Items","644","data_conflict","","Unknown","Unknown","","""757201324045"" fireworks","https://staging.usa-fireworks.com/products/artillery-shells/holy-nishiki/ | https://americanwholesalefireworks.com/holy-nishiki-pack-of-24/ | https://www.raccoonfireworksusa.com/product-page/5-holy-nishiki","Square calls the 24-pack Nishiki Blast; code 757201324045 identifies Holy Nishiki RA32404. Do not rename or merge it with the six-pack Nishiki Blast without confirmation.","Provide the exact Rockwall package photograph and readable manufacturer/UPC plus retail count; do not approve by name alone."
"KBJO6YQUU24A5H53ZWYHQ3OC","6950165424101","","No. 10 Gold Sparklers","No. 10 Gold Sparklers","Unknown","Unknown","Regular","Unknown","Unknown","no_match","No sufficiently specific candidate identified in the two Dynamite catalog files.","Unknown","Manufacturer or UPC/model, exact package/variant and corresponding photo/video.","645","648","648","Items","646","identity_confirmation_needed","","Unknown","Unknown","","""6950165424101"" fireworks | No. 10 Gold Sparklers  fireworks manufacturer","https://www.tntfireworks.com/fireworks/cat/sparklers-handheld/2782-10-gold-sparklers | https://myfloridacfo.com/docs/state-fire-marshal-libraries/sfm-documents/bfp/approved-sparklers-list/23-sparklers-pdf.pdf","Name/presentation research returned candidates (including ""Fireworks | TNT Fireworks | #10 GOLD SPARKLERS""), but no consulted product page establishes the Square code 6950165424101, brand and exact variant together. The Dynamite name candidates remain unconfirmed.","Provide the exact Rockwall package photograph and readable manufacturer/UPC plus retail count; do not approve by name alone."
"I6GOOFO7IUOJT67L56YYC2OJ","8145270181010","","No.10 Sparklers 8-count","No.10 Sparklers 8-count","Unknown","Unknown","Regular","Unknown","Unknown","no_match","No sufficiently specific candidate identified in the two Dynamite catalog files.","Unknown","Manufacturer or UPC/model, exact package/variant and corresponding photo/video.","646","649","649","Items","647","package_review","","Unknown","Unknown","","""8145270181010"" fireworks | 10"" Color Sparklers Cutting Edge official fireworks manufacturer","https://usa-fireworks.com/products/sparklers/10-color-sparklers-12-boxes/","Square says eight sparklers; source code/photo represents twelve boxes of eight. Need the correct retail-unit code/image before publication.","Provide the exact Rockwall package photograph and readable manufacturer/UPC plus retail count; do not approve by name alone."
"VXW4HZNONEA5E3KZRHE6DZN5","857201001080","","Nuclear Snaps","Nuclear Snaps","Unknown","Unknown","Regular","Unknown","Unknown","probable","Name identifies a candidate only; manufacturer and exact presentation have not been established.","products.json[28] Nuclear Snaps / Raccoon / /products/nuclear-snaps.png","Manufacturer or UPC/model, exact package/variant and corresponding photo/video.","647","650","650","Items","648","package_review","","Unknown","Unknown","","""857201001080"" fireworks | Nuclear Snaps  fireworks manufacturer","https://www.fireworksfactorydirect.com/product-page/nuclear-snaps | https://www.elitefireworks.com/products/nuclear-snaps | https://samuraifireworks.com/product/nuclear-snaps/ | https://www.trademarkelite.com/trademark/trademark-detail/97571066/NUCLEAR-SNAPS | https://johnsdiscountfireworks.com/products/nuclear-snaps/","Nuclear Snaps official photo is a display box and supplier case packing does not establish Square's individual retail count. Need the exact sellable unit.","Provide the exact Rockwall package photograph and readable manufacturer/UPC plus retail count; do not approve by name alone."
"3FO4ASOGRI5DLQUUHQ2L4Y6U","6950165403632","","O B M 500 Gram","O B M 500 Gram","Unknown","Unknown","Regular","Unknown","500 Gram","no_match","No sufficiently specific candidate identified in the two Dynamite catalog files.","Unknown","Manufacturer or UPC/model, exact package/variant and corresponding photo/video.","648","651","651","Items","649","candidate_requires_package_review","","Unknown","Unknown","","""6950165403632"" fireworks | O.B.M. Megabanger official fireworks manufacturer","https://usa-fireworks.com/products/aerial-all-cakes/aerial-500-gram-cakes/o-b-m-16-shot-cake/ | https://beta2024.usa-fireworks.com/products/aerial-all-cakes/aerial-500-gram-cakes/o-m-b/ | https://megabangerfireworks.com/product/o-b-m/","Code 6950165403632 occurs in the retrieved product/source ""O.B.M. | 16 Shot Cake"". Square records ""O B M 500 Gram"" / ""Regular""; this is a candidate, not a confirmed retail-package crosswalk. Inspected reference https://usa-fireworks.com/wp-content/uploads/2026/09/original-252.jpeg ([240, 247]); its background is opaque and no faithful transparent exact-unit resource was approved.","Provide the exact Rockwall package photograph and readable manufacturer/UPC plus retail count; do not approve by name alone."
"CSGE5JOMIS4S2UHMKANBYVT6","651137424360","","Og Kush","Og Kush","Unknown","Unknown","Regular","Unknown","Unknown","no_match","No sufficiently specific candidate identified in the two Dynamite catalog files.","Unknown","Manufacturer or UPC/model, exact package/variant and corresponding photo/video.","650","653","653","Items","651","no_verified_identity","","Unknown","Unknown","","""651137424360"" fireworks | Og Kush  fireworks manufacturer","https://www.reddit.com/r/sqproducts/comments/1vwzfrw/og_kush_melt_prerolls/ | https://www.reddit.com/r/farmingthebestgreens/comments/1wgvo7w/707_headband_hollywood_pure_kush_josh_d_ogks/ | https://www.reddit.com/r/TheOCS/comments/zs8n79","Code and name/presentation searches did not establish an exact product for Square ""Og Kush"" / ""Regular"" (code 651137424360). No verified manufacturer/package image or exact model was found; generic/store identifiers cannot determine identity.","Provide the exact Rockwall package photograph and readable manufacturer/UPC plus retail count; do not approve by name alone."
"YBPRO23AEBHWZWXJLOCBAP45","514677003108","","Ol'red ","Ol'red","Unknown","Unknown","Regular","Unknown","Unknown","no_match","No sufficiently specific candidate identified in the two Dynamite catalog files.","Unknown","Manufacturer or UPC/model, exact package/variant and corresponding photo/video.","651","654","654","Items","652","no_verified_identity","","Unknown","Unknown","","""514677003108"" fireworks | Ol'red  fireworks manufacturer","https://www.reddit.com/r/fireworks/comments/uc64pp | https://www.reddit.com/r/fireworks/comments/1ln2os7","Code and name/presentation searches did not establish an exact product for Square ""Ol'red "" / ""Regular"" (code 514677003108). No verified manufacturer/package image or exact model was found; generic/store identifiers cannot determine identity.","Provide the exact Rockwall package photograph and readable manufacturer/UPC plus retail count; do not approve by name alone."
"LHO5N45NNG2Q6KRID3SIMDMD","8052531318514","","One Really Bad Mother 500 Gram","One Really Bad Mother 500 Gram","Unknown","500 GRAM FINALE","Regular","Unknown","500 Gram","no_match","No sufficiently specific candidate identified in the two Dynamite catalog files.","Unknown","Manufacturer or UPC/model, exact package/variant and corresponding photo/video.","654","657","657","Items","655","candidate_requires_package_review","","Unknown","Unknown","","""8052531318514"" fireworks | One Bad Mother World Class official fireworks manufacturer","https://usa-fireworks.com/products/aerial-all-cakes/aerial-500-gram-cakes/one-bad-mother/ | https://beta2024.usa-fireworks.com/products/aerial-all-cakes/aerial-500-gram-cakes/one-bad-mother/ | https://ocfireworks.com/one-bad-mother/ | https://www.lastchancefireworks.com/shop/c/p/One-Bad-Mother-16-Shots-x60072766.htm | https://vimeo.com/162185907 | https://americanwholesalefireworks.com/one-bad-mother-in-law/ | https://twistedthunder.com/shop/brand/world-class/one-bad-mother/ | https://staging.usa-fireworks.com/brands/world-class/page/11/?add-to-cart=861","Code 8052531318514 occurs in the retrieved product/source ""One Bad Mother | 16 Shot Cake"". Square records ""One Really Bad Mother 500 Gram"" / ""Regular""; this is a candidate, not a confirmed retail-package crosswalk. Inspected reference https://usa-fireworks.com/wp-content/uploads/2026/09/original-690.png ([663, 666]); its background is opaque and no faithful transparent exact-unit resource was approved.","Provide the exact Rockwall package photograph and readable manufacturer/UPC plus retail count; do not approve by name alone."
"PVMLANIMRLON66EC35HE5GH7","687985433117","","Oppullently Yours","Oppullently Yours","Unknown","Unknown","Regular","Unknown","Unknown","no_match","No sufficiently specific candidate identified in the two Dynamite catalog files.","Unknown","Manufacturer or UPC/model, exact package/variant and corresponding photo/video.","656","659","659","Items","657","no_verified_identity","","Unknown","Unknown","","""687985433117"" fireworks | Oppullently Yours  fireworks manufacturer","","Code and name/presentation searches did not establish an exact product for Square ""Oppullently Yours"" / ""Regular"" (code 687985433117). No verified manufacturer/package image or exact model was found; generic/store identifiers cannot determine identity.","Provide the exact Rockwall package photograph and readable manufacturer/UPC plus retail count; do not approve by name alone."
"7RIYCJGG6FJG6T7TPECJK5LN","043100700098","","Outer Space Craft-BOGO","Outer Space Craft","Unknown","Unknown","Regular","Unknown","Unknown","no_match","No sufficiently specific candidate identified in the two Dynamite catalog files.","Unknown","Manufacturer or UPC/model, exact package/variant and corresponding photo/video.","657","660","660","Items","658","no_verified_identity","","Unknown","Unknown","","""043100700098"" fireworks | Outer Space Craft  fireworks manufacturer","","Code and name/presentation searches did not establish an exact product for Square ""Outer Space Craft-BOGO"" / ""Regular"" (code 043100700098). No verified manufacturer/package image or exact model was found; generic/store identifiers cannot determine identity.","Provide the exact Rockwall package photograph and readable manufacturer/UPC plus retail count; do not approve by name alone."
"URCSCIXNNU3JXYOPRXZQDCWP","705108548408","","Pandamonium","Pandamonium","Unknown","500 GRAM FINALE > 500 GRAM FINALE ZIPPER CAKES","Regular","Unknown","Unknown","no_match","No sufficiently specific candidate identified in the two Dynamite catalog files.","Unknown","Manufacturer or UPC/model, exact package/variant and corresponding photo/video.","660","663","663","Items","661","no_verified_identity","","Unknown","Unknown","","Compared code against official Winco UPC reference | Pandamonium L101@P9: 500 Gram Zipper Cakes MEP5484 Pandamonium (705108548408) fireworks manufacturer","","Code and name/presentation searches did not establish an exact product for Square ""Pandamonium"" / ""Regular"" (code 705108548408). No verified manufacturer/package image or exact model was found; generic/store identifiers cannot determine identity.","Provide the exact Rockwall package photograph and readable manufacturer/UPC plus retail count; do not approve by name alone."
"FMKDA4YHWK5ZV4ZEBDEWCVTB","8052530170625","","Parachutes Fireworks 6pk","Parachutes Fireworks 6pk","Unknown","Unknown","Regular","Unknown","Unknown","no_match","No sufficiently specific candidate identified in the two Dynamite catalog files.","Unknown","Manufacturer or UPC/model, exact package/variant and corresponding photo/video.","661","664","664","Items","662","no_verified_identity","","Unknown","Unknown","","""8052530170625"" fireworks | Parachutes Fireworks 6pk  fireworks manufacturer","https://ocfireworks.com/parachutes/ | https://fireworks.com/products/aerial/parachutes/jumbo-double-day-parachute-6-pc","Code and name/presentation searches did not establish an exact product for Square ""Parachutes Fireworks 6pk"" / ""Regular"" (code 8052530170625). No verified manufacturer/package image or exact model was found; generic/store identifiers cannot determine identity.","Provide the exact Rockwall package photograph and readable manufacturer/UPC plus retail count; do not approve by name alone."
"SPHGB45PXXV5JJAYNVSAHQZH","161273215246","","Party Pack","Party Pack","Unknown","Unknown","Regular","Unknown","Unknown","no_match","No sufficiently specific candidate identified in the two Dynamite catalog files.","Unknown","Manufacturer or UPC/model, exact package/variant and corresponding photo/video.","664","667","667","Items","665","no_verified_identity","","Unknown","Unknown","","Compared code against official Winco UPC reference | Party Pack L264@P23: Assortments ATLG3BOX Party Pack #3 (161273215246) fireworks manufacturer","","Code and name/presentation searches did not establish an exact product for Square ""Party Pack"" / ""Regular"" (code 161273215246). No verified manufacturer/package image or exact model was found; generic/store identifiers cannot determine identity.","Provide the exact Rockwall package photograph and readable manufacturer/UPC plus retail count; do not approve by name alone."
"YDXTBSQMDNA3CAACFFFV3M7G","","","Party Popper BOGO","Party Popper","Unknown","Unknown","Regular","Unknown","Unknown","no_match","No sufficiently specific candidate identified in the two Dynamite catalog files.","Unknown","Manufacturer or UPC/model, exact package/variant and corresponding photo/video.","669","672","672","Items","670","identity_confirmation_needed","","Unknown","Unknown","","""Party Popper BOGO"" fireworks manufacturer | Party Popper  fireworks manufacturer","https://www.championfireworks.com/Party-poppers/Champagne-Party-Popper-Fireworks | https://www.made-in-china.com/factory/party-popper.html | https://www.zh-party.com/popper-party-popper/ | https://www.tradeindia.com/manufacturers/party-popper.html | https://www.made-in-china.com/showroom/fuanpartypopper/product-detailLqZxzOuPngko/China-Party-Popper-FKAPP4-.html","Name/presentation research returned candidates (including ""Champagne Party Popper Fireworks, China Champagne Party Popper Fireworks Manufacturers, Suppliers, Factory - Liuyang Champion Fireworks Manufacture Co.,Ltd.""), but no consulted product page establishes the Square code [missing], brand and exact variant together. The Dynamite name candidates remain unconfirmed.","Provide the exact Rockwall package photograph and readable manufacturer/UPC plus retail count; do not approve by name alone."
"H4FJAI7L7W5675F4RDZW2DOK","887946051354","","Party Poppers","Party Poppers","Unknown","Unknown","Regular","Unknown","Unknown","no_match","No sufficiently specific candidate identified in the two Dynamite catalog files.","Unknown","Manufacturer or UPC/model, exact package/variant and corresponding photo/video.","670","673","673","Items","671","identity_confirmation_needed","","Unknown","Unknown","","""887946051354"" fireworks | Party Poppers  fireworks manufacturer","https://www.championfireworks.com/Party-poppers/Champagne-Party-Popper-Fireworks | https://www.f-fujika.co.jp/en/ | https://www.spfireworks.com/products_detail_1/726.html | https://ozozon.com/en/catalog/PartyPopper/ | https://www.usafireworks.com/products?category=Party+Poppers+%26+Snap","Name/presentation research returned candidates (including ""Champagne Party Popper Fireworks, China Champagne Party Popper Fireworks Manufacturers, Suppliers, Factory - Liuyang Champion Fireworks Manufacture Co.,Ltd.""), but no consulted product page establishes the Square code 887946051354, brand and exact variant together. The Dynamite name candidates remain unconfirmed.","Provide the exact Rockwall package photograph and readable manufacturer/UPC plus retail count; do not approve by name alone."
"QJYHB53HMHM3LHA3AMQILUY6","757202120080","","Party Up Fountain","Party Up Fountain","Unknown","Fountains","Regular","Unknown","Unknown","no_match","No sufficiently specific candidate identified in the two Dynamite catalog files.","Unknown","Manufacturer or UPC/model, exact package/variant and corresponding photo/video.","671","674","674","Items","672","no_verified_identity","","Unknown","Unknown","","""757202120080"" fireworks | Party Up Fountain  fireworks manufacturer","","Code and name/presentation searches did not establish an exact product for Square ""Party Up Fountain"" / ""Regular"" (code 757202120080). No verified manufacturer/package image or exact model was found; generic/store identifiers cannot determine identity.","Provide the exact Rockwall package photograph and readable manufacturer/UPC plus retail count; do not approve by name alone."
"UJYS4PYVOEXLVSHB47PDTLWB","757201525091","","Pastel Sunset","Pastel Sunset","Unknown","Unknown","Regular","Unknown","Unknown","no_match","No sufficiently specific candidate identified in the two Dynamite catalog files.","Unknown","Manufacturer or UPC/model, exact package/variant and corresponding photo/video.","672","675","675","Items","673","identity_confirmation_needed","","Unknown","Unknown","","""757201525091"" fireworks | Pastel Sunset  fireworks manufacturer","https://raccoonfireworksusa.com/product/pastel-sunset/","Current Raccoon catalog has an exact-name candidate with a clean photograph, but its page does not publish the UPC and further retailer searches did not verify Square code 757201525091. Manufacturer-code digits embedded in a store/export code are not sufficient proof; require the original barcode/package before import.","Provide the exact Rockwall package photograph and readable manufacturer/UPC plus retail count; do not approve by name alone."
"XONH3T5IEWPTHSVDTIXWTFLQ","192537371033","","Patriot Missile Battery","Patriot Missile Battery","Unknown","Unknown","Regular","Unknown","Unknown","no_match","No sufficiently specific candidate identified in the two Dynamite catalog files.","Unknown","Manufacturer or UPC/model, exact package/variant and corresponding photo/video.","673","676","676","Items","674","identity_confirmation_needed","","Unknown","Unknown","","""192537371033"" fireworks | Patriot Missile Battery  fireworks manufacturer","https://apnews.com/article/09c7d8030a2e11fbd8ee3f7176b3f2d4","Name/presentation research returned candidates (including ""Exclusive: US Patriot missile stocks in Europe are 'beyond critical' due to Iran war, officials say""), but no consulted product page establishes the Square code 192537371033, brand and exact variant together. The Dynamite name candidates remain unconfirmed.","Provide the exact Rockwall package photograph and readable manufacturer/UPC plus retail count; do not approve by name alone."
"GFECBXQR5N3CNQFF6ZSOS2AR","","000000770620","Patriot Smoke","Patriot Smoke","Unknown","Unknown","Regular","Unknown","Unknown","no_match","No sufficiently specific candidate identified in the two Dynamite catalog files.","Unknown","Manufacturer or UPC/model, exact package/variant and corresponding photo/video.","674","677","677","Items","675","no_verified_identity","","Unknown","Unknown","","""000000770620"" fireworks | Patriot Smoke  fireworks manufacturer","https://www.reddit.com/r/milsurp/comments/z0dbrf | https://patfire.com/ | https://w.brotherspyrotechnics.com/CoverDetail/35 | https://www.cpsc.gov/Recalls/1991/patriot-missile-launcher-fireworks-recalled-due-to-malfunctioning-hazard","Code and name/presentation searches did not establish an exact product for Square ""Patriot Smoke"" / ""Regular"" (code 000000770620). No verified manufacturer/package image or exact model was found; generic/store identifiers cannot determine identity.","Provide the exact Rockwall package photograph and readable manufacturer/UPC plus retail count; do not approve by name alone."
"SYIQ3ASIUOUO65QYDGYYD6IP","757201530828","","Patriotic Waves","Patriotic Waves","Unknown","Unknown","Regular","Unknown","Unknown","no_match","No sufficiently specific candidate identified in the two Dynamite catalog files.","Unknown","Manufacturer or UPC/model, exact package/variant and corresponding photo/video.","676","679","679","Items","677","package_review","","Unknown","Unknown","","""757201530828"" fireworks | Patriotic Waves  fireworks manufacturer","https://www.chillicothefireworks.com/products/listing/patriotic-waves/%26pt%3Dspecials%26ptc%3Dbuy-1-get-2-free | https://www.lakeeffectfw.com/shop/p/patriotic-waves | https://patfire.com/ | https://www.reddit.com/r/fireworks/comments/n6cmxz","Patriotic Waves current official model is RA53082C. Legacy versus compact presentation is not confirmed for this Square record.","Provide the exact Rockwall package photograph and readable manufacturer/UPC plus retail count; do not approve by name alone."
"BW7FHJQTNO2EPTALDRURHPRD","757202125016","","Peace Elite","Peace Elite","Unknown","Fountains","Regular","Unknown","Unknown","no_match","No sufficiently specific candidate identified in the two Dynamite catalog files.","Unknown","Manufacturer or UPC/model, exact package/variant and corresponding photo/video.","677","680","680","Items","678","candidate_requires_package_review","","Unknown","Unknown","","""757202125016"" fireworks | Peace Elite MM-F2501 Monkey Mania Fireworks official fireworks manufacturer","https://americanwholesalefireworks.com/peace-elite/ | https://www.cpsc.gov/Warnings/2026/CPSC-Warns-Consumers-to-Stop-Using-Monkey-Mania-Nuclear-Bubble-Beretta-Firework-Toys-Immediately-Due-to-Risk-of-Serious-Injury-or-Death-from-Burn-and-Fire-Hazards-Manufactured-by-Raccoon-Fireworks","Code 757202125016 occurs in the retrieved product/source ""Peace Elite - Fountain"". Square records ""Peace Elite"" / ""Regular""; this is a candidate, not a confirmed retail-package crosswalk. Inspected reference https://cdn11.bigcommerce.com/s-2n33n5vm38/images/stencil/500x500/products/3273/8994/Add_a_little_bit_of_body_text_-_2024-07-25T111033.465__58730.1721920245.png?c=2 ([500, 500]); its background is opaque and no faithful transparent exact-unit resource was approved.","Provide the exact Rockwall package photograph and readable manufacturer/UPC plus retail count; do not approve by name alone."
"2EB6YQMF2JETUJYHQTRIZGR3","757201225076","","Peace Out","Peace Out","Unknown","Unknown","Regular","Unknown","Unknown","no_match","No sufficiently specific candidate identified in the two Dynamite catalog files.","Unknown","Manufacturer or UPC/model, exact package/variant and corresponding photo/video.","678","681","681","Items","679","identity_confirmation_needed","","Unknown","Unknown","","""757201225076"" fireworks","https://www.raccoonfireworksusa.com/product-page/peace-out","Name/presentation research returned candidates (including ""Peace Out | Raccoon""), but no consulted product page establishes the Square code 757201225076, brand and exact variant together. The Dynamite name candidates remain unconfirmed.","Provide the exact Rockwall package photograph and readable manufacturer/UPC plus retail count; do not approve by name alone."
"BRYUXAWM2U773NSWLZI6RQJJ","821600011025","","Peacock fountain 2 Mins","Peacock fountain 2 Mins","Unknown","Fountains","Regular","Unknown","Unknown","no_match","No sufficiently specific candidate identified in the two Dynamite catalog files.","Unknown","Manufacturer or UPC/model, exact package/variant and corresponding photo/video.","680","683","683","Items","681","no_verified_identity","","Unknown","Unknown","","""821600011025"" fireworks | Peacock fountain 2 Mins  fireworks manufacturer","https://www.championfireworks.com/Fountains/colour-peacock-fountain-fireworks | https://www.wildwillysfireworks.com/products/peacock-fountain | https://epicfireworks.com/products/peacock","Code and name/presentation searches did not establish an exact product for Square ""Peacock fountain 2 Mins"" / ""Regular"" (code 821600011025). No verified manufacturer/package image or exact model was found; generic/store identifiers cannot determine identity.","Provide the exact Rockwall package photograph and readable manufacturer/UPC plus retail count; do not approve by name alone."
"BSTVNCI44CC3KJXN4HLCGHUS","193936959730","","Penguin Mama Bogo","Penguin Mama","Unknown","Unknown","Regular","Unknown","Unknown","no_match","No sufficiently specific candidate identified in the two Dynamite catalog files.","Unknown","Manufacturer or UPC/model, exact package/variant and corresponding photo/video.","681","684","684","Items","682","no_verified_identity","","Unknown","Unknown","","""193936959730"" fireworks | Penguin Mama  fireworks manufacturer","","Code and name/presentation searches did not establish an exact product for Square ""Penguin Mama Bogo"" / ""Regular"" (code 193936959730). No verified manufacturer/package image or exact model was found; generic/store identifiers cannot determine identity.","Provide the exact Rockwall package photograph and readable manufacturer/UPC plus retail count; do not approve by name alone."
"7OAN37IRHHUF7PBB7LBMEFEN","680149045409","","Perfect Hobby Fuse","Perfect Hobby Fuse","Unknown","Unknown","Regular","Unknown","Unknown","no_match","No sufficiently specific candidate identified in the two Dynamite catalog files.","Unknown","Manufacturer or UPC/model, exact package/variant and corresponding photo/video.","682","685","685","Items","683","candidate_requires_package_review","","Unknown","Unknown","","""680149045409"" fireworks | Perfect Fuse Spirit Pro official fireworks manufacturer","https://usa-fireworks.com/products/fuse-racks/perfect-fuse/","Code 680149045409 occurs in the retrieved product/source ""Perfect Fuse | Burn Rate of 10 Seconds Per Foot"". Square records ""Perfect Hobby Fuse"" / ""Regular""; this is a candidate, not a confirmed retail-package crosswalk. Inspected reference https://usa-fireworks.com/wp-content/uploads/2026/09/original-368.png ([463, 539]); a transparent file exists, but exact brand, package count or variant is not independently established; it was not published.","Provide the exact Rockwall package photograph and readable manufacturer/UPC plus retail count; do not approve by name alone."
"Y5OI5SINQV5R5HTH6T7JKPD3","1071738203680","","Pink Smoke 2pk","Pink Smoke 2pk","Unknown","Unknown","Regular","Unknown","Unknown","no_match","No sufficiently specific candidate identified in the two Dynamite catalog files.","Unknown","Manufacturer or UPC/model, exact package/variant and corresponding photo/video.","683","686","686","Items","684","identity_confirmation_needed","","Unknown","Unknown","","""1071738203680"" fireworks | Pink Smoke 2pk  fireworks manufacturer","https://ocfireworks.com/chick-stick-pink-smoke-2pk/ | https://www.triplex.pl/en/fireworks/opis/pink-smoke/","Name/presentation research returned candidates (including ""Cheap Fireworks Online | Chick Stick Pink Smoke 2pk | OCFireworks""), but no consulted product page establishes the Square code 1071738203680, brand and exact variant together. The Dynamite name candidates remain unconfirmed.","Provide the exact Rockwall package photograph and readable manufacturer/UPC plus retail count; do not approve by name alone."
"VW6UK3R5PQCWGV2HP7PVG47Y","8145270151815","","Piranha 500 Gram","Piranha 500 Gram","Unknown","Unknown","Regular","Unknown","500 Gram","no_match","No sufficiently specific candidate identified in the two Dynamite catalog files.","Unknown","Manufacturer or UPC/model, exact package/variant and corresponding photo/video.","684","687","687","Items","685","candidate_requires_package_review","","Unknown","Unknown","","""8145270151815"" fireworks | Piranha 500 Gram CE8218 Cutting Edge Fireworks official fireworks manufacturer","https://americanwholesalefireworks.com/piranha/ | https://cuttingedgefireworks.com/resources/ | https://starspangledwholesalefireworks.com/index.php?main_page=product_info&products_id=1720","Code 8145270151815 occurs in the retrieved product/source ""Piranha - 500 Gram Cake"". Square records ""Piranha 500 Gram"" / ""Regular""; this is a candidate, not a confirmed retail-package crosswalk. Inspected reference https://cdn11.bigcommerce.com/s-2n33n5vm38/images/stencil/500x500/products/1709/10538/Piranha_-_Cutting_Edge__43672.1724787557.png?c=2 ([500, 500]); its background is opaque and no faithful transparent exact-unit resource was approved.","Provide the exact Rockwall package photograph and readable manufacturer/UPC plus retail count; do not approve by name alone."
"DBKP4RU3O2KESZZFVHZI7XGX","725272730911","","Pixie Stick Sparklers Bogo","Pixie Stick Sparklers","Unknown","Unknown","Regular","Unknown","Unknown","no_match","No sufficiently specific candidate identified in the two Dynamite catalog files.","Unknown","Manufacturer or UPC/model, exact package/variant and corresponding photo/video.","686","689","689","Items","687","no_verified_identity","","Unknown","Unknown","","""725272730911"" fireworks | Pixie Stick Sparklers  fireworks manufacturer","","Code and name/presentation searches did not establish an exact product for Square ""Pixie Stick Sparklers Bogo"" / ""Regular"" (code 725272730911). No verified manufacturer/package image or exact model was found; generic/store identifiers cannot determine identity.","Provide the exact Rockwall package photograph and readable manufacturer/UPC plus retail count; do not approve by name alone."
"QOBJJNSP3DTE3UDKCCERX3MP","849107066010","","Pixie Sticks","Pixie Sticks","Unknown","Unknown","Regular","Unknown","Unknown","no_match","No sufficiently specific candidate identified in the two Dynamite catalog files.","Unknown","Manufacturer or UPC/model, exact package/variant and corresponding photo/video.","687","690","690","Items","688","no_verified_identity","","Unknown","Unknown","","""849107066010"" fireworks | Pixie Sticks  fireworks manufacturer","https://www.reddit.com/r/WhiskerFireworks/comments/yvf9pc","Code and name/presentation searches did not establish an exact product for Square ""Pixie Sticks"" / ""Regular"" (code 849107066010). No verified manufacturer/package image or exact model was found; generic/store identifiers cannot determine identity.","Provide the exact Rockwall package photograph and readable manufacturer/UPC plus retail count; do not approve by name alone."
"F3QXAKJHZFDKFEHW4F5LYHG6","757201180702","","Planet Candle","Planet Candle","Unknown","Roman Candles","Regular","Unknown","Unknown","no_match","No sufficiently specific candidate identified in the two Dynamite catalog files.","Unknown","Manufacturer or UPC/model, exact package/variant and corresponding photo/video.","689","692","692","Items","690","no_verified_identity","","Unknown","Unknown","","""757201180702"" fireworks | Planet Candle  fireworks manufacturer","","Code and name/presentation searches did not establish an exact product for Square ""Planet Candle"" / ""Regular"" (code 757201180702). No verified manufacturer/package image or exact model was found; generic/store identifiers cannot determine identity.","Provide the exact Rockwall package photograph and readable manufacturer/UPC plus retail count; do not approve by name alone."
"LEGXEN3H3USZHEQPWD6DHKW7","705108602308","","Poop","Poop","Unknown","Unknown","Regular","Unknown","Unknown","no_match","No sufficiently specific candidate identified in the two Dynamite catalog files.","Unknown","Manufacturer or UPC/model, exact package/variant and corresponding photo/video.","690","693","693","Items","691","no_verified_identity","","Unknown","Unknown","","Compared code against official Winco UPC reference | Poop L439@P38: Novelty Items NVP6023A Poop! (Plastic) (705108602308) fireworks manufacturer","","Code and name/presentation searches did not establish an exact product for Square ""Poop"" / ""Regular"" (code 705108602308). No verified manufacturer/package image or exact model was found; generic/store identifiers cannot determine identity.","Provide the exact Rockwall package photograph and readable manufacturer/UPC plus retail count; do not approve by name alone."
"ACVJ27NW6K665M5ZLJJWS6NQ","132201185009","","Pop Pop Snap","Pop Pop Snap","Unknown","Unknown","Regular","Unknown","Unknown","no_match","No sufficiently specific candidate identified in the two Dynamite catalog files.","Unknown","Manufacturer or UPC/model, exact package/variant and corresponding photo/video.","693","696","696","Items","694","identity_confirmation_needed","","Unknown","Unknown","","""132201185009"" fireworks | Pop Pop Snap  fireworks manufacturer","https://arxiv.org/abs/2209.05392 | https://www.reddit.com/r/fireworks/comments/17oj6t7 | https://www.fireworkchina.com/pop-pop-snapper-product/ | https://www.usafireworks.com/products?category=Party+Poppers+%26+Snap | https://www.metafireworks.com/party-snappers-pop-pop-snaps-colourful-papper-novelties-champagne-party-snappers-pop-pops-novelty-fireworks-metafireworks-p6925181.html","Name/presentation research returned candidates (including ""Pop, Crackle, Snap (and Pow): Some Facets of Shards""), but no consulted product page establishes the Square code 132201185009, brand and exact variant together. The Dynamite name candidates remain unconfirmed.","Provide the exact Rockwall package photograph and readable manufacturer/UPC plus retail count; do not approve by name alone."
"RHF7AEHBY7OWIBXKCAQ7JFHO","000000770194","","Pop Pop Snappers","Pop Pop Snappers","Unknown","Unknown","Regular","Unknown","Unknown","no_match","No sufficiently specific candidate identified in the two Dynamite catalog files.","Unknown","Manufacturer or UPC/model, exact package/variant and corresponding photo/video.","694","697","697","Items","695","identity_confirmation_needed","","Unknown","Unknown","","""000000770194"" fireworks | Pop Pop Snappers  fireworks manufacturer","https://www.metafireworks.com/party-snappers-pop-pop-snaps-colourful-papper-novelties-champagne-party-snappers-pop-pops-novelty-fireworks-metafireworks-p6925181.html | https://www.made-in-china.com/showroom/angeline571/product-detailgDExdZJPvQiV/China-Pop-Pop-Snappers-SST8500-.html | https://www.alibaba.com/pop-pop-snappers-fireworks-suppliers.html | https://www.reddit.com/r/nostalgia/comments/1jyfehf | https://www.fireworkchina.com/pop-pop-snapper-product/","Name/presentation research returned candidates (including ""Party Snappers Pop-Pop Snaps Colourful papper Novelties Champagne Party Snappers | Pop Pops | Novelty Fireworks | Metafireworks""), but no consulted product page establishes the Square code 000000770194, brand and exact variant together. The Dynamite name candidates remain unconfirmed.","Provide the exact Rockwall package photograph and readable manufacturer/UPC plus retail count; do not approve by name alone."
"WOTDSCN5QXJWIDB22ZTJ7B4Y","887946041225","","Popcorn Snow Balls","Popcorn Snow Balls","Unknown","Fountains","Regular","Unknown","Unknown","no_match","No sufficiently specific candidate identified in the two Dynamite catalog files.","Unknown","Manufacturer or UPC/model, exact package/variant and corresponding photo/video.","695","698","698","Items","696","no_verified_identity","","Unknown","Unknown","","""887946041225"" fireworks | Popcorn Snow Balls  fireworks manufacturer","","Code and name/presentation searches did not establish an exact product for Square ""Popcorn Snow Balls"" / ""Regular"" (code 887946041225). No verified manufacturer/package image or exact model was found; generic/store identifiers cannot determine identity.","Provide the exact Rockwall package photograph and readable manufacturer/UPC plus retail count; do not approve by name alone."
"DIDEY25CLY47LXE7YSOJA5XD","6510475378985","","Premium Artillery 6pc","Premium Artillery 6pc","Unknown","Unknown","Regular","Unknown","6pc","no_match","No sufficiently specific candidate identified in the two Dynamite catalog files.","Unknown","Manufacturer or UPC/model, exact package/variant and corresponding photo/video.","696","699","699","Items","697","identity_confirmation_needed","","Unknown","Unknown","","""6510475378985"" fireworks | Premium Artillery 6pc  fireworks manufacturer","https://usa-fireworks.com/products/artillery-shells/premium-artillery/ | https://www.kellfire.com/fireworks-for-all/aerials/reloadable-display-shells/premium-artillery-shells-6s | https://bigfireworks.com/premium-assorted-artillery-shell-bf911/ | https://goldeneaglefireworks.com/products/premium-artillery-shells?variant=42072135139401 | https://www.redrhinofireworks.com/firework/premium-artillery-canister-shells/","Name/presentation research returned candidates (including ""Premium Artillery | 6 Shots - USA Fireworks!""), but no consulted product page establishes the Square code 6510475378985, brand and exact variant together. The Dynamite name candidates remain unconfirmed.","Provide the exact Rockwall package photograph and readable manufacturer/UPC plus retail count; do not approve by name alone."
"O4HEZOXYRTRJS3YERP4VZHZR","680149045379","","Premium Cannon Fuse","Premium Cannon Fuse","Unknown","Unknown","Regular","Unknown","Unknown","no_match","No sufficiently specific candidate identified in the two Dynamite catalog files.","Unknown","Manufacturer or UPC/model, exact package/variant and corresponding photo/video.","697","700","700","Items","698","candidate_requires_package_review","","Unknown","Unknown","","""680149045379"" fireworks | Premium Cannon Fuse Green  official fireworks manufacturer","https://georgiasbestfireworks.com/product/0af7b240-ab8c-11e8-eddc-e476b6a112f3/ | https://beta2024.usa-fireworks.com/products/fuse-racks/premium-cannon-fuse/ | https://usa-fireworks.com/products/fuse-racks/premium-cannon-fuse/ | https://fr.scribd.com/document/693002046/Mystical-Trenton-2019-1-4G-Family-Firework","Code 680149045379 occurs in the retrieved product/source ""Premium Cannon Fuse Green"". Square records ""Premium Cannon Fuse"" / ""Regular""; this is a candidate, not a confirmed retail-package crosswalk. Inspected reference https://georgiasbestfireworks.com/wp-content/uploads/2025/06/7a214e21a33a624b0325c95d6cc16fccba5fb32a.png ([800, 800]); a transparent file exists, but exact brand, package count or variant is not independently established; it was not published.","Provide the exact Rockwall package photograph and readable manufacturer/UPC plus retail count; do not approve by name alone."
"FN4OGLCMYXTN2JZTRZ5NCKO4","680149047649","","Pretty In Pink 60sec Smoke","Pretty In Pink 60sec Smoke","Unknown","Unknown","Regular","Unknown","Unknown","no_match","No sufficiently specific candidate identified in the two Dynamite catalog files.","Unknown","Manufacturer or UPC/model, exact package/variant and corresponding photo/video.","698","701","701","Items","699","identity_confirmation_needed","","Unknown","Unknown","","""680149047649"" fireworks","https://76fireworkstore.com/gender-reveal-smoke-pink-pack/ | https://staging.usa-fireworks.com/products/gender-reveal/pretty-in-pink-pack-of-two-smoke-canisters/","Name/presentation research returned candidates (including ""Gender Reveal Smoke Pink (Pack)""), but no consulted product page establishes the Square code 680149047649, brand and exact variant together. The Dynamite name candidates remain unconfirmed.","Provide the exact Rockwall package photograph and readable manufacturer/UPC plus retail count; do not approve by name alone."
"2ZRSOBQ75H3FUORH4EEQSKEV","680149047632","","Pretty In Pink 60sec Smoke","Pretty In Pink 60sec Smoke","Unknown","Unknown","boy o'boy blue 60 sec smoke","boy o'boy blue 60 sec smoke","Unknown","no_match","No sufficiently specific candidate identified in the two Dynamite catalog files.","Unknown","Manufacturer or UPC/model, exact package/variant and corresponding photo/video.","699","702","702","Items","700","candidate_requires_package_review","","Unknown","Unknown","","""680149047632"" fireworks | Boy O'Boy Blue Shogun official fireworks manufacturer","https://usa-fireworks.com/products/gender-reveal/boy-oboy-blue/ | https://www.shogunvulcan.com/product-detail.php?cid=57&fid=&id=2315","Code 680149047632 occurs in the retrieved product/source ""Boy O'Boy Blue | Pack of 2 Smoke Canisters"". Square records ""Pretty In Pink 60sec Smoke"" / ""boy o'boy blue 60 sec smoke""; this is a candidate, not a confirmed retail-package crosswalk. Inspected reference https://usa-fireworks.com/wp-content/uploads/2026/09/original-206.jpeg ([275, 657]); its background is opaque and no faithful transparent exact-unit resource was approved.","Provide the exact Rockwall package photograph and readable manufacturer/UPC plus retail count; do not approve by name alone."
"B2R4LKO2AZTVC7WNZLP65265","8145270244913","","Pride And Joy","Pride And Joy","Unknown","Unknown","Regular","Unknown","Unknown","no_match","No sufficiently specific candidate identified in the two Dynamite catalog files.","Unknown","Manufacturer or UPC/model, exact package/variant and corresponding photo/video.","701","704","704","Items","702","candidate_requires_package_review","","Unknown","Unknown","","""8145270244913"" fireworks | Pride And Joy  official fireworks manufacturer","https://www.pyromart.com/index.php?category_id=380&company_id=223&dispatch=companies.products&layout=short_list&page=128&sort_by=on_sale&sort_order=desc","Code 8145270244913 occurs in the retrieved product/source ""All sellers :: - page 128"". Square records ""Pride And Joy"" / ""Regular""; this is a candidate, not a confirmed retail-package crosswalk. No inspected, usable exact retail-package photo has been established.","Provide the exact Rockwall package photograph and readable manufacturer/UPC plus retail count; do not approve by name alone."
"W2DQZLRQIG7B6M6TLEHBUWPO","687985225910","","Prime Time","Prime Time","Unknown","Unknown","Regular","Unknown","Unknown","no_match","No sufficiently specific candidate identified in the two Dynamite catalog files.","Unknown","Manufacturer or UPC/model, exact package/variant and corresponding photo/video.","702","705","705","Items","703","identity_confirmation_needed","","Unknown","Unknown","","""687985225910"" fireworks | Prime Time  fireworks manufacturer","https://www.top-fete.com/prime-time-9352.html","Name/presentation research returned candidates (including ""PRIME TIME""), but no consulted product page establishes the Square code 687985225910, brand and exact variant together. The Dynamite name candidates remain unconfirmed.","Provide the exact Rockwall package photograph and readable manufacturer/UPC plus retail count; do not approve by name alone."
"BE5SGVQG2WTIOQ7T7O5KZZ5M","757201520010","","Pro Pyro Show","Pro Pyro Show","Unknown","Unknown","Regular","Unknown","Unknown","no_match","No sufficiently specific candidate identified in the two Dynamite catalog files.","Unknown","Manufacturer or UPC/model, exact package/variant and corresponding photo/video.","706","709","709","Items","707","package_review","","Unknown","Unknown","","""757201520010"" fireworks","https://www.raccoonfireworksusa.com/product-page/pro-pyro-show","Pro Pyro Show current official model is RA52001C. Do not silently assign its compact box to a legacy-code record without a package crosswalk.","Provide the exact Rockwall package photograph and readable manufacturer/UPC plus retail count; do not approve by name alone."
"DB4TCS3F4TI7T4HCKIH4TICI","757205302131","","Proud And True 500 Gram","Proud And True 500 Gram","Unknown","500 GRAM FINALE","Regular","Unknown","500 Gram","no_match","No sufficiently specific candidate identified in the two Dynamite catalog files.","Unknown","Manufacturer or UPC/model, exact package/variant and corresponding photo/video.","707","710","710","Items","708","identity_confirmation_needed","","Unknown","Unknown","","""757205302131"" fireworks | Proud And True 500 Gram  fireworks manufacturer","https://www.hotrocketfireworks.com/proud-and-true-by-raccoon-fireworks/","Name/presentation research returned candidates (including ""Proud And True by Raccoon Fireworks - Hot Rocket Fireworks | Nebraska | South Dakota""), but no consulted product page establishes the Square code 757205302131, brand and exact variant together. The Dynamite name candidates remain unconfirmed.","Provide the exact Rockwall package photograph and readable manufacturer/UPC plus retail count; do not approve by name alone."
"HOEPN7PMLZEIWDHROP4CNQHN","757201225205","","Pucker Up","Pucker Up","Unknown","Unknown","Regular","Unknown","Unknown","no_match","No sufficiently specific candidate identified in the two Dynamite catalog files.","Unknown","Manufacturer or UPC/model, exact package/variant and corresponding photo/video.","708","711","711","Items","709","identity_confirmation_needed","","Unknown","Unknown","","""757201225205"" fireworks","https://www.raccoonfireworksusa.com/product-page/pucker-up","Name/presentation research returned candidates (including ""Pucker Up | Raccoon""), but no consulted product page establishes the Square code 757201225205, brand and exact variant together. The Dynamite name candidates remain unconfirmed.","Provide the exact Rockwall package photograph and readable manufacturer/UPC plus retail count; do not approve by name alone."
"MQUBTSR6GA2MQOBNUI3GR3R6","695071402510","","Purple Rain 200 Gram 20 Shots","Purple Rain 200 Gram 20 Shots","Unknown","Unknown","Regular","Unknown","200 Gram | 20 Shots","no_match","No sufficiently specific candidate identified in the two Dynamite catalog files.","Unknown","Manufacturer or UPC/model, exact package/variant and corresponding photo/video.","711","714","714","Items","712","no_verified_identity","","Unknown","Unknown","","""695071402510"" fireworks | Purple Rain 200 Gram 20 Shots  fireworks manufacturer","https://www.boomtownfireworks.com/purple-rain.aspx","Code and name/presentation searches did not establish an exact product for Square ""Purple Rain 200 Gram 20 Shots"" / ""Regular"" (code 695071402510). No verified manufacturer/package image or exact model was found; generic/store identifiers cannot determine identity.","Provide the exact Rockwall package photograph and readable manufacturer/UPC plus retail count; do not approve by name alone."
"2FDGHGEKWTLRHURUU6BFPNAL","687985427017","","Purplelicious","Purplelicious","Unknown","Unknown","Regular","Unknown","Unknown","no_match","No sufficiently specific candidate identified in the two Dynamite catalog files.","Unknown","Manufacturer or UPC/model, exact package/variant and corresponding photo/video.","712","715","715","Items","713","no_verified_identity","","Unknown","Unknown","","""687985427017"" fireworks | Purplelicious  fireworks manufacturer","","Code and name/presentation searches did not establish an exact product for Square ""Purplelicious"" / ""Regular"" (code 687985427017). No verified manufacturer/package image or exact model was found; generic/store identifiers cannot determine identity.","Provide the exact Rockwall package photograph and readable manufacturer/UPC plus retail count; do not approve by name alone."
"6V3AE6WIBJYROZB36X5IQNO7","887946002431","","Purplicious 16 Shot","Purplicious 16 Shot","Unknown","Unknown","Regular","Unknown","16 Shot","no_match","No sufficiently specific candidate identified in the two Dynamite catalog files.","Unknown","Manufacturer or UPC/model, exact package/variant and corresponding photo/video.","713","716","716","Items","714","no_verified_identity","","Unknown","Unknown","","""887946002431"" fireworks","","Code and name/presentation searches did not establish an exact product for Square ""Purplicious 16 Shot"" / ""Regular"" (code 887946002431). No verified manufacturer/package image or exact model was found; generic/store identifiers cannot determine identity.","Provide the exact Rockwall package photograph and readable manufacturer/UPC plus retail count; do not approve by name alone."
"HZAGPD3IMPZRECHNNQMOYHJG","757205301332","","Pyro Addict 500 Gram","Pyro Addict 500 Gram","Unknown","500 GRAM FINALE","Regular","Unknown","500 Gram","no_match","No sufficiently specific candidate identified in the two Dynamite catalog files.","Unknown","Manufacturer or UPC/model, exact package/variant and corresponding photo/video.","714","717","717","Items","715","package_review","","Unknown","Unknown","","""757205301332"" fireworks | Pyro Addict 500 Gram  fireworks manufacturer","https://rgsbrandfireworks.com/products/500-gram-aerial/product-7/ | https://freedomfirstfireworks.com/product/pyro-addict-23-shot/ | https://sanduskyfireworks.com/product/465444/18098160-PYRO_ADDICT","Pyro Addict current model is RA530133C; legacy versus compact presentation for Square is not independently established.","Provide the exact Rockwall package photograph and readable manufacturer/UPC plus retail count; do not approve by name alone."
"S65NKA62L4VM76LXZCWIPRIN","57205301332","","Pyro Addict 500 Gram","Pyro Addict 500 Gram","Unknown","500 GRAM FINALE","Regular","Unknown","500 Gram","no_match","No sufficiently specific candidate identified in the two Dynamite catalog files.","Unknown","Manufacturer or UPC/model, exact package/variant and corresponding photo/video.","715","718","718","Items","716","data_conflict","","Unknown","Unknown","","""57205301332"" fireworks | Pyro Addict 500 Gram  fireworks manufacturer","https://rgsbrandfireworks.com/products/500-gram-aerial/product-7/ | https://freedomfirstfireworks.com/product/pyro-addict-23-shot/ | https://sanduskyfireworks.com/product/465444/18098160-PYRO_ADDICT","Pyro Addict code is truncated relative to row 714 and the current official model is compact RA530133C. Need the full barcode and package confirmation before linking.","Provide the exact Rockwall package photograph and readable manufacturer/UPC plus retail count; do not approve by name alone."
"NBYJHYVLGDM6O5TFADLC2M3Z","753321710676","","Pyro Alienware 4"" Artillery Shells 12 pack","Pyro Alienware 4"" Artillery Shells 12 pack","Unknown","12/16 Pack Artillery Shells 1.75"" RDX\, 4"" Pyro\, 5"" Xtra Lg","Regular","Unknown","4"" | 12 pack","no_match","No sufficiently specific candidate identified in the two Dynamite catalog files.","Unknown","Manufacturer or UPC/model, exact package/variant and corresponding photo/video.","716","719","719","Items","717","identity_confirmation_needed","","Unknown","Unknown","","""753321710676"" fireworks","https://americanwholesalefireworks.com/pyro-alienware/","Name/presentation research returned candidates (including ""Pyro Alienware - Reloadable Shell Kit""), but no consulted product page establishes the Square code 753321710676, brand and exact variant together. The Dynamite name candidates remain unconfirmed.","Provide the exact Rockwall package photograph and readable manufacturer/UPC plus retail count; do not approve by name alone."
"XPKPIHHLLYDHZR5MWGU3Q7IM","943100750119","","Pyro Bag #1","Pyro Bag #1","Unknown","Unknown","Regular","Unknown","Unknown","no_match","No sufficiently specific candidate identified in the two Dynamite catalog files.","Unknown","Manufacturer or UPC/model, exact package/variant and corresponding photo/video.","717","720","720","Items","718","identity_confirmation_needed","","Unknown","Unknown","","""943100750119"" fireworks | Pyro Bag #1  fireworks manufacturer","https://www.tntfireworks.com/fireworks/cat/assortments/2845-pyro-pak-bag","Name/presentation research returned candidates (including ""Fireworks | TNT Fireworks | PYRO PAK BAG - AERIAL""), but no consulted product page establishes the Square code 943100750119, brand and exact variant together. The Dynamite name candidates remain unconfirmed.","Provide the exact Rockwall package photograph and readable manufacturer/UPC plus retail count; do not approve by name alone."
"VIX2UHODPHEVPAUTBUI4EP3W","705108320707","","Pyro Blends","Pyro Blends","Unknown","Unknown","Regular","Unknown","Unknown","no_match","No sufficiently specific candidate identified in the two Dynamite catalog files.","Unknown","Manufacturer or UPC/model, exact package/variant and corresponding photo/video.","718","721","721","Items","719","no_verified_identity","","Unknown","Unknown","","""705108320707"" fireworks | Pyro Blends  fireworks manufacturer","https://top-pyro.com/ | https://www.pyronfx.com/ | https://santanfireworks.com/product/pyro-chaos-6inch-ss-1208m/ | https://www.pyroshows.com/ | https://en.wikipedia.org/wiki/Pyro_Spectaculars","Code and name/presentation searches did not establish an exact product for Square ""Pyro Blends"" / ""Regular"" (code 705108320707). No verified manufacturer/package image or exact model was found; generic/store identifiers cannot determine identity.","Provide the exact Rockwall package photograph and readable manufacturer/UPC plus retail count; do not approve by name alone."
"MM7NBQNS3IQJARZGRUKQHBTC","821111112082","","Pyro Chaos 6"" Artillery Shells 24 pack","Pyro Chaos 6"" Artillery Shells 24 pack","Unknown","24 Pack Artillery Shells 6""","Regular","Unknown","6"" | 24 pack","no_match","No sufficiently specific candidate identified in the two Dynamite catalog files.","Unknown","Manufacturer or UPC/model, exact package/variant and corresponding photo/video.","719","722","722","Items","720","no_verified_identity","","Unknown","Unknown","","""821111112082"" fireworks | Pyro Chaos 6"" Artillery Shells 24 pack  fireworks manufacturer","https://santanfireworks.com/product/pyro-chaos-6inch-ss-1208m/","Code and name/presentation searches did not establish an exact product for Square ""Pyro Chaos 6"" Artillery Shells 24 pack"" / ""Regular"" (code 821111112082). No verified manufacturer/package image or exact model was found; generic/store identifiers cannot determine identity.","Provide the exact Rockwall package photograph and readable manufacturer/UPC plus retail count; do not approve by name alone."
"6FDCWTCRQOHD3Q7QAX23HFRU","652009001054","","Pyro Party","Pyro Party","Unknown","Unknown","Regular","Unknown","Unknown","no_match","No sufficiently specific candidate identified in the two Dynamite catalog files.","Unknown","Manufacturer or UPC/model, exact package/variant and corresponding photo/video.","723","726","726","Items","724","no_verified_identity","","Unknown","Unknown","","""652009001054"" fireworks | Pyro Party  fireworks manufacturer","https://www.sktrading.in/ | https://top-pyro.com/ | https://www.pyronfx.com/ | https://santanfireworks.com/product/pyro-chaos-6inch-ss-1208m/ | https://www.pyroshows.com/","Code and name/presentation searches did not establish an exact product for Square ""Pyro Party"" / ""Regular"" (code 652009001054). No verified manufacturer/package image or exact model was found; generic/store identifiers cannot determine identity.","Provide the exact Rockwall package photograph and readable manufacturer/UPC plus retail count; do not approve by name alone."
"HEVVANDGFEVR76YPE7NPSCEM","649762148430","","Pyro Pops BOGO","Pyro Pops","Unknown","Unknown","Regular","Unknown","Unknown","no_match","No sufficiently specific candidate identified in the two Dynamite catalog files.","Unknown","Manufacturer or UPC/model, exact package/variant and corresponding photo/video.","725","728","728","Items","726","no_verified_identity","","Unknown","Unknown","","""649762148430"" fireworks | Pyro Pops  fireworks manufacturer","https://top-pyro.com/ | https://www.pyronfx.com/ | https://santanfireworks.com/product/pyro-chaos-6inch-ss-1208m/ | https://www.pyroshows.com/ | https://en.wikipedia.org/wiki/Pyro_Spectaculars","Code and name/presentation searches did not establish an exact product for Square ""Pyro Pops BOGO"" / ""Regular"" (code 649762148430). No verified manufacturer/package image or exact model was found; generic/store identifiers cannot determine identity.","Provide the exact Rockwall package photograph and readable manufacturer/UPC plus retail count; do not approve by name alone."
"RBNKNZOCMLTGXG2TRQWWRYBN","649762148454","","Pyro Pops BOGO","Pyro Pops","Unknown","Unknown","pyro pops","pyro pops","Unknown","no_match","No sufficiently specific candidate identified in the two Dynamite catalog files.","Unknown","Manufacturer or UPC/model, exact package/variant and corresponding photo/video.","726","729","729","Items","727","no_verified_identity","","Unknown","Unknown","","""649762148454"" fireworks | Pyro Pops pyro pops fireworks manufacturer","https://trademarks.justia.com/869/27/pyro-86927397.html | https://www.magnusfireworks.com/projects/pyro-pups | https://www.pyroplanet.com/ | https://h4fireworks.com/products/pyro-pop-pyro-dew | https://www.pyropop.com/popshop","Code and name/presentation searches did not establish an exact product for Square ""Pyro Pops BOGO"" / ""pyro pops"" (code 649762148454). No verified manufacturer/package image or exact model was found; generic/store identifiers cannot determine identity.","Provide the exact Rockwall package photograph and readable manufacturer/UPC plus retail count; do not approve by name alone."
"CFGCQ6R3T7XOKG2TA2GCQGM7","649762148447","","Pyro Pops BOGO","Pyro Pops","Unknown","Unknown","pyro pops","pyro pops","Unknown","no_match","No sufficiently specific candidate identified in the two Dynamite catalog files.","Unknown","Manufacturer or UPC/model, exact package/variant and corresponding photo/video.","727","730","730","Items","728","no_verified_identity","","Unknown","Unknown","","""649762148447"" fireworks | Pyro Pops pyro pops fireworks manufacturer","https://trademarks.justia.com/869/27/pyro-86927397.html | https://www.magnusfireworks.com/projects/pyro-pups | https://www.pyroplanet.com/ | https://h4fireworks.com/products/pyro-pop-pyro-dew | https://www.pyropop.com/popshop","Code and name/presentation searches did not establish an exact product for Square ""Pyro Pops BOGO"" / ""pyro pops"" (code 649762148447). No verified manufacturer/package image or exact model was found; generic/store identifiers cannot determine identity.","Provide the exact Rockwall package photograph and readable manufacturer/UPC plus retail count; do not approve by name alone."
"NSKKJTQHV66B4EOJMDLAPZNP","649762148478","","Pyro Pops BOGO","Pyro Pops","Unknown","Unknown","pyro pops","pyro pops","Unknown","no_match","No sufficiently specific candidate identified in the two Dynamite catalog files.","Unknown","Manufacturer or UPC/model, exact package/variant and corresponding photo/video.","728","731","731","Items","729","no_verified_identity","","Unknown","Unknown","","""649762148478"" fireworks | Pyro Pops pyro pops fireworks manufacturer","https://trademarks.justia.com/869/27/pyro-86927397.html | https://www.magnusfireworks.com/projects/pyro-pups | https://www.pyroplanet.com/ | https://h4fireworks.com/products/pyro-pop-pyro-dew | https://www.pyropop.com/popshop","Code and name/presentation searches did not establish an exact product for Square ""Pyro Pops BOGO"" / ""pyro pops"" (code 649762148478). No verified manufacturer/package image or exact model was found; generic/store identifiers cannot determine identity.","Provide the exact Rockwall package photograph and readable manufacturer/UPC plus retail count; do not approve by name alone."
"GQIO43RFQ7PK5X5KJBYXTQQ7","649762148423","","Pyro Pops BOGO","Pyro Pops","Unknown","Unknown","pyro pops","pyro pops","Unknown","no_match","No sufficiently specific candidate identified in the two Dynamite catalog files.","Unknown","Manufacturer or UPC/model, exact package/variant and corresponding photo/video.","729","732","732","Items","730","no_verified_identity","","Unknown","Unknown","","""649762148423"" fireworks | Pyro Pops pyro pops fireworks manufacturer","https://trademarks.justia.com/869/27/pyro-86927397.html | https://www.magnusfireworks.com/projects/pyro-pups | https://www.pyroplanet.com/ | https://h4fireworks.com/products/pyro-pop-pyro-dew | https://www.pyropop.com/popshop","Code and name/presentation searches did not establish an exact product for Square ""Pyro Pops BOGO"" / ""pyro pops"" (code 649762148423). No verified manufacturer/package image or exact model was found; generic/store identifiers cannot determine identity.","Provide the exact Rockwall package photograph and readable manufacturer/UPC plus retail count; do not approve by name alone."
"BF3Z4FAZ36XGLL4UMBOLSW7S","649762148461","","Pyro Pops BOGO","Pyro Pops","Unknown","Unknown","pyro pops","pyro pops","Unknown","no_match","No sufficiently specific candidate identified in the two Dynamite catalog files.","Unknown","Manufacturer or UPC/model, exact package/variant and corresponding photo/video.","730","733","733","Items","731","no_verified_identity","","Unknown","Unknown","","""649762148461"" fireworks | Pyro Pops pyro pops fireworks manufacturer","https://trademarks.justia.com/982/46/pyro-98246376.html | https://norfolkfireworks.co.uk/products/pyro-predator | https://pyropapas.com/product-category/type/family-packs/ | https://paulsfireworks.co.uk/product/pyro-predator-by-pyroworx-f2-firework-selection-box/ | https://thepyrosalesman.com/pages/vendor-videos","Code and name/presentation searches did not establish an exact product for Square ""Pyro Pops BOGO"" / ""pyro pops"" (code 649762148461). No verified manufacturer/package image or exact model was found; generic/store identifiers cannot determine identity.","Provide the exact Rockwall package photograph and readable manufacturer/UPC plus retail count; do not approve by name alone."
"3Y4WRX4IUKR6KRDG7YBHOSI6","943100700138","","Pyro Predator","Pyro Predator","Unknown","Unknown","Regular","Unknown","Unknown","no_match","No sufficiently specific candidate identified in the two Dynamite catalog files.","Unknown","Manufacturer or UPC/model, exact package/variant and corresponding photo/video.","731","734","734","Items","732","identity_confirmation_needed","","Unknown","Unknown","","""943100700138"" fireworks | Pyro Predator  fireworks manufacturer","https://trademarks.justia.com/982/46/pyro-98246376.html | https://norfolkfireworks.co.uk/products/pyro-predator | https://paulsfireworks.co.uk/product/pyro-predator-by-pyroworx-f2-firework-selection-box/ | https://pyropapas.com/product-category/type/family-packs/ | https://thepyrosalesman.com/pages/vendor-videos","Name/presentation research returned candidates (including ""PYRO PREDATOR Trademark Application of Hale Fireworks, LLC - Serial Number 98246376 :: Justia Trademarks""), but no consulted product page establishes the Square code 943100700138, brand and exact variant together. The Dynamite name candidates remain unconfirmed.","Provide the exact Rockwall package photograph and readable manufacturer/UPC plus retail count; do not approve by name alone."
"BF66HA5IYYBN6RWQQC4UDKQY","010610000161","","Pyro Predator Family Pack","Pyro Predator Family Pack","Unknown","Unknown","Regular","Unknown","Unknown","no_match","No sufficiently specific candidate identified in the two Dynamite catalog files.","Unknown","Manufacturer or UPC/model, exact package/variant and corresponding photo/video.","732","735","735","Items","733","identity_confirmation_needed","","Unknown","Unknown","","""010610000161"" fireworks | Pyro Predator Family Pack  fireworks manufacturer","https://trademarks.justia.com/982/46/pyro-98246376.html | https://norfolkfireworks.co.uk/products/pyro-predator | https://paulsfireworks.co.uk/product/pyro-predator-by-pyroworx-f2-firework-selection-box/ | https://pyropapas.com/product-category/type/family-packs/","Name/presentation research returned candidates (including ""PYRO PREDATOR Trademark Application of Hale Fireworks, LLC - Serial Number 98246376 :: Justia Trademarks""), but no consulted product page establishes the Square code 010610000161, brand and exact variant together. The Dynamite name candidates remain unconfirmed.","Provide the exact Rockwall package photograph and readable manufacturer/UPC plus retail count; do not approve by name alone."
"MQOMTH6XZ663YZ6S6QXFK6LO","185108242337","","Pyro Ultimate Power","Pyro Ultimate Power","Unknown","Unknown","Regular","Unknown","Unknown","no_match","No sufficiently specific candidate identified in the two Dynamite catalog files.","Unknown","Manufacturer or UPC/model, exact package/variant and corresponding photo/video.","734","737","737","Items","735","no_verified_identity","","Unknown","Unknown","","""185108242337"" fireworks | Pyro Ultimate Power  fireworks manufacturer","","Code and name/presentation searches did not establish an exact product for Square ""Pyro Ultimate Power"" / ""Regular"" (code 185108242337). No verified manufacturer/package image or exact model was found; generic/store identifiers cannot determine identity.","Provide the exact Rockwall package photograph and readable manufacturer/UPC plus retail count; do not approve by name alone."
"6ULWXTCLRKTUXU7C5ZDN2UNW","680149047243","","Pyro Van","Pyro Van","Unknown","Unknown","Regular","Unknown","Unknown","no_match","No sufficiently specific candidate identified in the two Dynamite catalog files.","Unknown","Manufacturer or UPC/model, exact package/variant and corresponding photo/video.","735","738","738","Items","736","no_verified_identity","","Unknown","Unknown","","""680149047243"" fireworks | Pyro Van  fireworks manufacturer","https://en.wikipedia.org/wiki/Pyro_Spectaculars | https://www.reddit.com/r/fireworks/comments/1c3i9re","Code and name/presentation searches did not establish an exact product for Square ""Pyro Van"" / ""Regular"" (code 680149047243). No verified manufacturer/package image or exact model was found; generic/store identifiers cannot determine identity.","Provide the exact Rockwall package photograph and readable manufacturer/UPC plus retail count; do not approve by name alone."
"SS36U2MYQRBEI5GVBABWBTXA","680149045430","","Quick Hobby Fuse","Quick Hobby Fuse","Unknown","Unknown","Regular","Unknown","Unknown","no_match","No sufficiently specific candidate identified in the two Dynamite catalog files.","Unknown","Manufacturer or UPC/model, exact package/variant and corresponding photo/video.","737","740","740","Items","738","candidate_requires_package_review","","Unknown","Unknown","","""680149045430"" fireworks | Quick Fuse Spirit Pro official fireworks manufacturer","https://usa-fireworks.com/products/fuse-racks/quick-fuse/ | https://beta2024.usa-fireworks.com/products/fuse-racks/quick-fuse/ | https://captainjimsfireworks.com/FE134P-Quick-Fuse-3mm-5secft-1-roll/","Code 680149045430 occurs in the retrieved product/source ""Quick Fuse | Burn Rate of 3/4 Seconds Per Foot"". Square records ""Quick Hobby Fuse"" / ""Regular""; this is a candidate, not a confirmed retail-package crosswalk. Inspected reference https://usa-fireworks.com/wp-content/uploads/2026/09/original-366.png ([464, 538]); a transparent file exists, but exact brand, package count or variant is not independently established; it was not published.","Provide the exact Rockwall package photograph and readable manufacturer/UPC plus retail count; do not approve by name alone."
"FXSOEDZ2NUNCKEGBYV655575","","757200645011","RDXplosion 6"" Artillery Shells 12 pack","RDXplosion 6"" Artillery Shells 12 pack","Unknown","12/16 Pack Artillery Shells 1.75"" RDX\, 4"" Pyro\, 5"" Xtra Lg","Regular","Unknown","6"" | 12 pack","conflict","Square name specifies 6 inch; Square category and photographed RDXplosion package specify 1.75 inch. Confirm whether length/caliber or a wrong variant before matching.","products.json[2] RDXplosion / Raccoon / /products/RDXplosion.png","Manufacturer or UPC/model, exact package/variant and corresponding photo/video.","738","741","741","Items","739","data_conflict","","Raccoon","RA64501","","""757200645011"" fireworks","https://sanduskyfireworks.com/product/458888/26129073-RDX_EXPLOSION_PRE_LOADED_SHELLS | https://shop.wazupfireworks.com/rdxplosion-12-s/ | https://dosgringosfireworks.com/rdxplosion-12s/ | https://americanwholesalefireworks.com/rdxplosion-pack-of-12/ | https://www.raccoonfireworksusa.com/product-page/rdxplosion","Square says six-inch artillery 12-pack, while the RDXplosion reference describes five-inch/preloaded 1.75-inch tubes. Length, caliber and retail type are not interchangeable.","Provide the exact Rockwall package photograph and readable manufacturer/UPC plus retail count; do not approve by name alone."
"NWMDDTHFDKMDDFCRMWXOQAEE","674662511459","","RWB Bombs Bursting","RWB Bombs Bursting","Unknown","Unknown","Regular","Unknown","Unknown","no_match","No sufficiently specific candidate identified in the two Dynamite catalog files.","Unknown","Manufacturer or UPC/model, exact package/variant and corresponding photo/video.","739","742","742","Items","740","no_verified_identity","","Unknown","Unknown","","""674662511459"" fireworks | RWB Bombs Bursting  fireworks manufacturer","","Code and name/presentation searches did not establish an exact product for Square ""RWB Bombs Bursting"" / ""Regular"" (code 674662511459). No verified manufacturer/package image or exact model was found; generic/store identifiers cannot determine identity.","Provide the exact Rockwall package photograph and readable manufacturer/UPC plus retail count; do not approve by name alone."
"T5PKC33IYA6KTNSCKQNN6SHB","943100700145","","Rapid Fire Roman Candle","Rapid Fire Roman Candle","Unknown","Roman Candles","Regular","Unknown","Unknown","no_match","No sufficiently specific candidate identified in the two Dynamite catalog files.","Unknown","Manufacturer or UPC/model, exact package/variant and corresponding photo/video.","744","747","747","Items","745","identity_confirmation_needed","","Unknown","Unknown","","""943100700145"" fireworks | Rapid Fire Roman Candle  fireworks manufacturer","https://tigerbrandfireworks.com/product/rapid-fire-888-shot-roman-candle/ | https://www.kandkfireworks.com/product-page/rapid-fire | https://www.polarisfireworks.com/Roman-candle-fireworks | https://blackcatfireworks.com/fireworks/roman-candles/ | https://en.wikipedia.org/wiki/Roman_candle_%28firework%29","Name/presentation research returned candidates (including ""Rapid Fire 342 Shot Roman Candle - TIGER BRAND FIREWORKS""), but no consulted product page establishes the Square code 943100700145, brand and exact variant together. The Dynamite name candidates remain unconfirmed.","Provide the exact Rockwall package photograph and readable manufacturer/UPC plus retail count; do not approve by name alone."
"TOS4U7TKFD4RCZOIO6JPZLND","514677007007","","Reaper Smoke","Reaper Smoke","Unknown","Unknown","Regular","Unknown","Unknown","no_match","No sufficiently specific candidate identified in the two Dynamite catalog files.","Unknown","Manufacturer or UPC/model, exact package/variant and corresponding photo/video.","745","748","748","Items","746","no_verified_identity","","Unknown","Unknown","","Compared code against official Winco UPC reference | Reaper Smoke L519@P45: Smoke Items SMF700 Reaper Smoke (514677007007) fireworks manufacturer","","Code and name/presentation searches did not establish an exact product for Square ""Reaper Smoke"" / ""Regular"" (code 514677007007). No verified manufacturer/package image or exact model was found; generic/store identifiers cannot determine identity.","Provide the exact Rockwall package photograph and readable manufacturer/UPC plus retail count; do not approve by name alone."
"HWTK2ULKLW2RRBRLNC3P4YHI","8145270190418","","Rebellion Family Pk","Rebellion Family Pk","Unknown","Unknown","Regular","Unknown","Unknown","no_match","No sufficiently specific candidate identified in the two Dynamite catalog files.","Unknown","Manufacturer or UPC/model, exact package/variant and corresponding photo/video.","746","749","749","Items","747","no_verified_identity","","Unknown","Unknown","","""8145270190418"" fireworks | Rebellion Family Pk  fireworks manufacturer","","Code and name/presentation searches did not establish an exact product for Square ""Rebellion Family Pk"" / ""Regular"" (code 8145270190418). No verified manufacturer/package image or exact model was found; generic/store identifiers cannot determine identity.","Provide the exact Rockwall package photograph and readable manufacturer/UPC plus retail count; do not approve by name alone."
"E5YULBGRF53NWHLMR67QEVOJ","","","Red Apple Fireworks","Red Apple Fireworks","Unknown","Unknown","Regular","Unknown","Unknown","no_match","No sufficiently specific candidate identified in the two Dynamite catalog files.","Unknown","Manufacturer or UPC/model, exact package/variant and corresponding photo/video.","747","750","750","Items","748","identity_confirmation_needed","","Unknown","Unknown","","""Red Apple Fireworks"" fireworks manufacturer | Red Apple Fireworks  fireworks manufacturer","https://www.redapplefireworks.com/pages/about-us/ | https://www.cpsc.gov/Recalls/2023/13131-Imports-Recalls-Red-Apple-Fireworks-Brand-American-Glory-and-Merica-AF-Fireworks-Due-to-Explosion-and-Burn-Hazards-Violation-of-Federal-Firework-Safety-Standards | https://www.redapplefireworks.com/collections/red-apple-line | https://b2b.redapplefireworks.com/ | https://www.nyecountynv.gov/DocumentCenter/View/39003/Item26","Name/presentation research returned candidates (including ""Who is Red Apple® Fireworks? Learn About Us Today!""), but no consulted product page establishes the Square code [missing], brand and exact variant together. The Dynamite name candidates remain unconfirmed.","Provide the exact Rockwall package photograph and readable manufacturer/UPC plus retail count; do not approve by name alone."
"A7YX4EY5QDK63PQLN2MBASMP","821700020309","","Red N White Fountain","Red N White Fountain","Unknown","Unknown","Regular","Unknown","Unknown","no_match","No sufficiently specific candidate identified in the two Dynamite catalog files.","Unknown","Manufacturer or UPC/model, exact package/variant and corresponding photo/video.","748","751","751","Items","749","no_verified_identity","","Unknown","Unknown","","""821700020309"" fireworks | Red N White Fountain  fireworks manufacturer","","Code and name/presentation searches did not establish an exact product for Square ""Red N White Fountain"" / ""Regular"" (code 821700020309). No verified manufacturer/package image or exact model was found; generic/store identifiers cannot determine identity.","Provide the exact Rockwall package photograph and readable manufacturer/UPC plus retail count; do not approve by name alone."
"F6Q3FZ4SJ6IET2HB4T254AT2","705834232978","","Red White And Blue 200 Gram 12 Shot","Red White And Blue 200 Gram 12 Shot","Unknown","Unknown","Regular","Unknown","200 Gram | 12 Shot","no_match","No sufficiently specific candidate identified in the two Dynamite catalog files.","Unknown","Manufacturer or UPC/model, exact package/variant and corresponding photo/video.","749","752","752","Items","750","no_verified_identity","","Unknown","Unknown","","""705834232978"" fireworks | Red White And Blue 200 Gram 12 Shot  fireworks manufacturer","","Code and name/presentation searches did not establish an exact product for Square ""Red White And Blue 200 Gram 12 Shot"" / ""Regular"" (code 705834232978). No verified manufacturer/package image or exact model was found; generic/store identifiers cannot determine identity.","Provide the exact Rockwall package photograph and readable manufacturer/UPC plus retail count; do not approve by name alone."
"QXJ3RGVQIQ2UIDPOSRHFANBQ","140000104718","","Red White Blazed 500g","Red White Blazed 500g","Unknown","Unknown","Regular","Unknown","500g","no_match","No sufficiently specific candidate identified in the two Dynamite catalog files.","Unknown","Manufacturer or UPC/model, exact package/variant and corresponding photo/video.","750","753","753","Items","751","no_verified_identity","","Unknown","Unknown","","""140000104718"" fireworks | Red White Blazed 500g  fireworks manufacturer","","Code and name/presentation searches did not establish an exact product for Square ""Red White Blazed 500g"" / ""Regular"" (code 140000104718). No verified manufacturer/package image or exact model was found; generic/store identifiers cannot determine identity.","Provide the exact Rockwall package photograph and readable manufacturer/UPC plus retail count; do not approve by name alone."
"NP7PKBMF4KLRVRQWCBMOS66A","847294039831","","Red White Blue Snapper Bogo","Red White Blue Snapper","Unknown","Unknown","Regular","Unknown","Unknown","no_match","No sufficiently specific candidate identified in the two Dynamite catalog files.","Unknown","Manufacturer or UPC/model, exact package/variant and corresponding photo/video.","751","754","754","Items","752","identity_confirmation_needed","","Unknown","Unknown","","""847294039831"" fireworks | Red White Blue Snapper  fireworks manufacturer","https://cindysfireworks.com/products/american-snappers-red-white-blue | https://twistedthunder.com/shop/brand/big/red-white-blue-snappers/ | https://www.superiorfireworks.com/wholesale/product/kra530213/proud-true-the-red-white-blue | https://www.reddit.com/r/fireworks/comments/1b1wuxw","Name/presentation research returned candidates (including ""Snappers-American Colored Snappers – Cindy's Fireworks""), but no consulted product page establishes the Square code 847294039831, brand and exact variant together. The Dynamite name candidates remain unconfirmed.","Provide the exact Rockwall package photograph and readable manufacturer/UPC plus retail count; do not approve by name alone."
"7DSXP5SAKK7GOJF6OJXJAXHC","847294085982","","Red White Blue Snapper Bogo","Red White Blue Snapper","Unknown","Unknown","Box RWB SNAPS","Box RWB SNAPS","Unknown","no_match","No sufficiently specific candidate identified in the two Dynamite catalog files.","Unknown","Manufacturer or UPC/model, exact package/variant and corresponding photo/video.","752","755","755","Items","753","no_verified_identity","","Unknown","Unknown","","""847294085982"" fireworks | Red White Blue Snapper Box RWB SNAPS fireworks manufacturer","https://cindysfireworks.com/products/american-snappers-red-white-blue | https://twistedthunder.com/shop/brand/big/red-white-blue-snappers/ | https://www.superiorfireworks.com/wholesale/product/kra530213/proud-true-the-red-white-blue | https://www.reddit.com/r/fireworks/comments/1b1wuxw","Code and name/presentation searches did not establish an exact product for Square ""Red White Blue Snapper Bogo"" / ""Box RWB SNAPS"" (code 847294085982). No verified manufacturer/package image or exact model was found; generic/store identifiers cannot determine identity.","Provide the exact Rockwall package photograph and readable manufacturer/UPC plus retail count; do not approve by name alone."
"5RPOFPZKBIZ7RJ47JMBHBRNV","8052530130018","","Reflection Fountain","Reflection Fountain","Unknown","Fountains","Regular","Unknown","Unknown","no_match","No sufficiently specific candidate identified in the two Dynamite catalog files.","Unknown","Manufacturer or UPC/model, exact package/variant and corresponding photo/video.","753","756","756","Items","754","identity_confirmation_needed","","Unknown","Unknown","","""8052530130018"" fireworks | Reflection Fountain  fireworks manufacturer","https://samuraifireworks.com/product/reflection-fountain/ | https://www.championfireworks.net/collections/frontpage/products/reflection-fountain","Name/presentation research returned candidates (including ""REFLECTION FOUNTAIN - Samurai Fireworks""), but no consulted product page establishes the Square code 8052530130018, brand and exact variant together. The Dynamite name candidates remain unconfirmed.","Provide the exact Rockwall package photograph and readable manufacturer/UPC plus retail count; do not approve by name alone."
"YAML6VIAULZIULDW3Q7TNCDX","6510475378992","","Revenge Shells 6pc","Revenge Shells 6pc","Unknown","Unknown","Regular","Unknown","6pc","no_match","No sufficiently specific candidate identified in the two Dynamite catalog files.","Unknown","Manufacturer or UPC/model, exact package/variant and corresponding photo/video.","754","757","757","Items","755","no_verified_identity","","Unknown","Unknown","","""6510475378992"" fireworks | Revenge Shells 6pc  fireworks manufacturer","","Code and name/presentation searches did not establish an exact product for Square ""Revenge Shells 6pc"" / ""Regular"" (code 6510475378992). No verified manufacturer/package image or exact model was found; generic/store identifiers cannot determine identity.","Provide the exact Rockwall package photograph and readable manufacturer/UPC plus retail count; do not approve by name alone."
"LJKJXGA7PUBYSR2CNXBKD256","814527200146","","Ridin Dirty","Ridin Dirty","Unknown","Unknown","Regular","Unknown","Unknown","no_match","No sufficiently specific candidate identified in the two Dynamite catalog files.","Unknown","Manufacturer or UPC/model, exact package/variant and corresponding photo/video.","756","759","759","Items","757","no_verified_identity","","Unknown","Unknown","","""814527200146"" fireworks | Ridin Dirty  fireworks manufacturer","https://en.wikipedia.org/wiki/Ridin%27_Dirty | https://de.wikipedia.org/wiki/Ridin%E2%80%99","Code and name/presentation searches did not establish an exact product for Square ""Ridin Dirty"" / ""Regular"" (code 814527200146). No verified manufacturer/package image or exact model was found; generic/store identifiers cannot determine identity.","Provide the exact Rockwall package photograph and readable manufacturer/UPC plus retail count; do not approve by name alone."
"RU6XE3BRBD6OW5W5QFTMX6TX","","757202120035","Rock On Fountain","Rock On Fountain","Unknown","Fountains","Regular","Unknown","Unknown","no_match","No sufficiently specific candidate identified in the two Dynamite catalog files.","Unknown","Manufacturer or UPC/model, exact package/variant and corresponding photo/video.","759","762","762","Items","760","identity_confirmation_needed","","Unknown","Unknown","","""757202120035"" fireworks | Rock On Fountain  fireworks manufacturer","https://skysongfireworks.com/product/rock-in-fountain/","Name/presentation research returned candidates (including ""Rock in Fountain - Skysong Fireworks""), but no consulted product page establishes the Square code 757202120035, brand and exact variant together. The Dynamite name candidates remain unconfirmed.","Provide the exact Rockwall package photograph and readable manufacturer/UPC plus retail count; do not approve by name alone."
"H6MAG6RQ7MRYH3J75RJXMYTA","680149022288","","Roma Candle (8 ball/4Pack)  BOGO","Roma Candle (8 ball/4Pack)","Unknown","Roman Candles","Regular","Unknown","4Pack","no_match","No sufficiently specific candidate identified in the two Dynamite catalog files.","Unknown","Manufacturer or UPC/model, exact package/variant and corresponding photo/video.","760","763","763","Items","761","identity_confirmation_needed","","Unknown","Unknown","","""680149022288"" fireworks | Roma Candle (8 ball/4Pack)  fireworks manufacturer","https://www.happyfireworks.com/categories/8-ball-roman-candle | https://dominatorfireworks.com/candles/DM-T6514-8-BALL-MAGICAL-ROMAN-CANDLE.html | https://www.reddit.com/r/fireworks/comments/u5ympd","Name/presentation research returned candidates (including ""8 ball roman candle Manufacturer & Supplier in China - Happy Fireworks""), but no consulted product page establishes the Square code 680149022288, brand and exact variant together. The Dynamite name candidates remain unconfirmed.","Provide the exact Rockwall package photograph and readable manufacturer/UPC plus retail count; do not approve by name alone."
"ICURJ3X4AGZXXWDOGTG25IDJ","887946060325","","Roman Candle (10 Ball/4 Pk)","Roman Candle (10 Ball/4 Pk)","Unknown","Roman Candles","Regular","Unknown","Unknown","no_match","No sufficiently specific candidate identified in the two Dynamite catalog files.","Unknown","Manufacturer or UPC/model, exact package/variant and corresponding photo/video.","761","764","764","Items","762","identity_confirmation_needed","","Unknown","Unknown","","""887946060325"" fireworks | Roman Candle (10 Ball/4 Pk)  fireworks manufacturer","https://mcfireworks.com/en/products_list/10-ball-roman-candle-firework-factory | https://barbour-family-fireworks.myshopify.com/products/roman-candle-assortment-12-pk","Name/presentation research returned candidates (including ""10 Ball Roman Candle Firework Factory - McFireworks | McFireworks""), but no consulted product page establishes the Square code 887946060325, brand and exact variant together. The Dynamite name candidates remain unconfirmed.","Provide the exact Rockwall package photograph and readable manufacturer/UPC plus retail count; do not approve by name alone."
"RQN6Q3IJG27DRVA6W4YQRFKU","8052530180822","","Roman Candle 10 Ball","Roman Candle 10 Ball","Unknown","Roman Candles","Regular","Unknown","Unknown","no_match","No sufficiently specific candidate identified in the two Dynamite catalog files.","Unknown","Manufacturer or UPC/model, exact package/variant and corresponding photo/video.","762","765","765","Items","763","candidate_requires_package_review","","Unknown","Unknown","","""8052530180822"" fireworks | Roman Candle 10 Ball BM1808 Boomer Fireworks official fireworks manufacturer","https://americanwholesalefireworks.com/roman-candle-10-ball/ | https://www.raccoonfireworksusa.com/product-page/10-ball-thunder-candle | https://fireworks.com/products/aerial/roman-candles/10-ball-roman-candle","Code 8052530180822 occurs in the retrieved product/source ""Roman Candle 10 Ball - Roman Candle"". Square records ""Roman Candle 10 Ball"" / ""Regular""; this is a candidate, not a confirmed retail-package crosswalk. Inspected reference https://cdn11.bigcommerce.com/s-2n33n5vm38/images/stencil/500x500/products/1992/9443/Add_a_little_bit_of_body_text_-_2024-07-26T094416.221__85528.1722001465.png?c=2 ([500, 500]); its background is opaque and no faithful transparent exact-unit resource was approved.","Provide the exact Rockwall package photograph and readable manufacturer/UPC plus retail count; do not approve by name alone."
"RH4ASOQTUBY6FDPTYKDK3HYB","805253018082","","Roman Candle 10Ball","Roman Candle 10Ball","Unknown","Roman Candles","Regular","Unknown","Unknown","no_match","No sufficiently specific candidate identified in the two Dynamite catalog files.","Unknown","Manufacturer or UPC/model, exact package/variant and corresponding photo/video.","764","767","767","Items","765","identity_confirmation_needed","","Unknown","Unknown","","""805253018082"" fireworks","https://americanwholesalefireworks.com/roman-candle-10-ball/","Name/presentation research returned candidates (including ""Roman Candle 10 Ball - Roman Candle""), but no consulted product page establishes the Square code 805253018082, brand and exact variant together. The Dynamite name candidates remain unconfirmed.","Provide the exact Rockwall package photograph and readable manufacturer/UPC plus retail count; do not approve by name alone."
"MJ34ZZI6BVD46HRIMNPWKER3","8052530180815","","Roman Candle 10Ball","Roman Candle 10Ball","Unknown","Roman Candles","Roman Candle 10 Ball","Roman Candle 10 Ball","Unknown","no_match","No sufficiently specific candidate identified in the two Dynamite catalog files.","Unknown","Manufacturer or UPC/model, exact package/variant and corresponding photo/video.","765","768","768","Items","766","identity_confirmation_needed","","Unknown","Unknown","","""8052530180815"" fireworks | Roman Candle 10Ball Roman Candle 10 Ball fireworks manufacturer","https://mcfireworks.com/en/products_list/10-ball-roman-candle-firework-factory | https://cindysfireworks.com/products/120-shot-assorted-roman-candle-pack | https://showalterfireworks.com/shop/shop/roman-candles/120-shot-candle-assortment/ | https://bellinofireworks.com/product/10-ball-starlight/ | https://goldfieldfireworks.com/index.php/our-fireworks/roman-candles/product/1105-ga-roman-candle-assortment","Name/presentation research returned candidates (including ""10 Ball Roman Candle Firework Factory - McFireworks | McFireworks""), but no consulted product page establishes the Square code 8052530180815, brand and exact variant together. The Dynamite name candidates remain unconfirmed.","Provide the exact Rockwall package photograph and readable manufacturer/UPC plus retail count; do not approve by name alone."
"4MGNJBH6SPUWG2ZFG6XAYMSG","821611111080","","Roman Candle 12 Pack Assortment 120 Shot","Roman Candle 12 Pack Assortment 120 Shot","Unknown","Roman Candles","Regular","Unknown","12 Pack | 120 Shot","no_match","No sufficiently specific candidate identified in the two Dynamite catalog files.","Unknown","Manufacturer or UPC/model, exact package/variant and corresponding photo/video.","766","769","769","Items","767","identity_confirmation_needed","","Unknown","Unknown","","""821611111080"" fireworks | Roman Candle 12 Pack Assortment 120 Shot  fireworks manufacturer","https://showalterfireworks.com/shop/shop/roman-candles/120-shot-candle-assortment/ | https://barbour-family-fireworks.myshopify.com/products/roman-candle-assortment-12-pk | https://cindysfireworks.com/products/120-shot-assorted-roman-candle-pack | https://santanfireworks.com/product/120-shot-candle-assortment/ | https://goldfieldfireworks.com/index.php/our-fireworks/roman-candles/product/1105-ga-roman-candle-assortment","Name/presentation research returned candidates (including ""120 Shot Candle Assortment - Showalter Fireworks""), but no consulted product page establishes the Square code 821611111080, brand and exact variant together. The Dynamite name candidates remain unconfirmed.","Provide the exact Rockwall package photograph and readable manufacturer/UPC plus retail count; do not approve by name alone."
"FIX6XRZXDVWDRDKJCHSLED4F","757202165142","","Roman Candle 6 Count 8 Shots","Roman Candle 6 Count 8 Shots","Unknown","Roman Candles","Regular","Unknown","8 Shots","no_match","No sufficiently specific candidate identified in the two Dynamite catalog files.","Unknown","Manufacturer or UPC/model, exact package/variant and corresponding photo/video.","767","770","770","Items","768","identity_confirmation_needed","","Unknown","Unknown","","""757202165142"" fireworks | Roman Candle 6 Count 8 Shots  fireworks manufacturer","https://www.championfireworks.com/Roman-candles/08-inch-8-shots-roman-candle | https://mcfireworks.com/en/products_list/10-ball-roman-candle-firework-factory | https://cindysfireworks.com/products/120-shot-assorted-roman-candle-pack | https://showalterfireworks.com/shop/shop/roman-candles/120-shot-candle-assortment/ | https://goldfieldfireworks.com/index.php/our-fireworks/roman-candles/product/1105-ga-roman-candle-assortment","Name/presentation research returned candidates (including ""0.8 Inch 8 Shots Roman Candle, China 0.8 Inch 8 Shots Roman Candle Manufacturers, Suppliers, Factory - Liuyang Champion Fireworks Manufacture Co.,Ltd.""), but no consulted product page establishes the Square code 757202165142, brand and exact variant together. The Dynamite name candidates remain unconfirmed.","Provide the exact Rockwall package photograph and readable manufacturer/UPC plus retail count; do not approve by name alone."
"3J24Z2O2DPZZX6CSO4IN6FF7","652009001801","","Roman Candle Assortment (4 pk/10 Shot)","Roman Candle Assortment (4 pk/10 Shot)","Unknown","Roman Candles","Starlight Roman Candle","Starlight Roman Candle","10 Shot","no_match","No sufficiently specific candidate identified in the two Dynamite catalog files.","Unknown","Manufacturer or UPC/model, exact package/variant and corresponding photo/video.","769","772","772","Items","770","data_conflict","","Unknown","Unknown","","Compared code against official Winco UPC reference | Roman Candle Assortment (4 pk/10 Shot) L478@P42: Roman Candles RC0529 10 Ball W/Report (652009001801) fireworks manufacturer","https://flagshipfireworks.com/-Online-Store/Product-Viewer/10-Ball-Roman-Candle-with-Report | https://elevatedfireworks.com/collections/roman-candles-under-20/products/noise-pack-10-shot-roman-candle-4-pack","Starlight ten-ball candle has a different current supplier UPC than Square. Do not substitute the current product solely by its name.","Provide the exact Rockwall package photograph and readable manufacturer/UPC plus retail count; do not approve by name alone."
"4ABLREUNYD7DVSZ7TOM6UZRU","8052530180624","","Roman Candle Boomer- 5 Ball","Roman Candle Boomer- 5 Ball","Boomer","Roman Candles","Regular","Unknown","Unknown","no_match","No sufficiently specific candidate identified in the two Dynamite catalog files.","Unknown","Manufacturer or UPC/model, exact package/variant and corresponding photo/video.","770","773","773","Items","771","identity_confirmation_needed","","Unknown","Unknown","","""8052530180624"" fireworks | Roman Candle Boomer- 5 Ball  fireworks manufacturer","https://americanwholesalefireworks.com/roman-candle-5-ball-assortment/ | https://jeffsfireworks.com/products/5-ball-heavy-shot | https://blackcatfireworks.com/fireworks/roman-candles/ | https://www.thefireworkstore.co.uk/four-candle-pack-from-zeus-fireworks | https://en.wikipedia.org/wiki/Roman_candle_%28firework%29","Name/presentation research returned candidates (including ""Roman Candle 5 Ball - Boomer Fireworks""), but no consulted product page establishes the Square code 8052530180624, brand and exact variant together. The Dynamite name candidates remain unconfirmed.","Provide the exact Rockwall package photograph and readable manufacturer/UPC plus retail count; do not approve by name alone."
"PFKU4FTPECZUSIDS2YNPHZ27","8052530180617","","Roman Candle Boomer- 5 Ball","Roman Candle Boomer- 5 Ball","Boomer","Roman Candles","Roman Candle Boomer-5 Ball","Roman Candle Boomer-5 Ball","Unknown","no_match","No sufficiently specific candidate identified in the two Dynamite catalog files.","Unknown","Manufacturer or UPC/model, exact package/variant and corresponding photo/video.","771","774","774","Items","772","identity_confirmation_needed","","Unknown","Unknown","","""8052530180617"" fireworks | Roman Candle Boomer- 5 Ball Roman Candle Boomer-5 Ball fireworks manufacturer","https://americanwholesalefireworks.com/roman-candle-5-ball-assortment/ | https://jeffsfireworks.com/products/5-ball-heavy-shot | https://blackcatfireworks.com/fireworks/roman-candles/ | https://www.thefireworkstore.co.uk/four-candle-pack-from-zeus-fireworks | https://en.wikipedia.org/wiki/Roman_candle_%28firework%29","Name/presentation research returned candidates (including ""Roman Candle 5 Ball - Boomer Fireworks""), but no consulted product page establishes the Square code 8052530180617, brand and exact variant together. The Dynamite name candidates remain unconfirmed.","Provide the exact Rockwall package photograph and readable manufacturer/UPC plus retail count; do not approve by name alone."
"WBCPWJZLFZLFCROJ3HT4HGVE","821600065158","","Roman Candle Camo (4 Shot/6 Pk)","Roman Candle Camo (4 Shot/6 Pk)","Unknown","Roman Candles","Regular","Unknown","4 Shot","no_match","No sufficiently specific candidate identified in the two Dynamite catalog files.","Unknown","Manufacturer or UPC/model, exact package/variant and corresponding photo/video.","772","775","775","Items","773","no_verified_identity","","Unknown","Unknown","","""821600065158"" fireworks | Roman Candle Camo (4 Shot/6 Pk)  fireworks manufacturer","https://www.thefireworkstore.co.uk/four-candle-pack-from-zeus-fireworks | https://www.reddit.com/r/fireworks/comments/u5ympd","Code and name/presentation searches did not establish an exact product for Square ""Roman Candle Camo (4 Shot/6 Pk)"" / ""Regular"" (code 821600065158). No verified manufacturer/package image or exact model was found; generic/store identifiers cannot determine identity.","Provide the exact Rockwall package photograph and readable manufacturer/UPC plus retail count; do not approve by name alone."
"BEUXBUZTRQQWIL3ZX5EF5QRW","887946062138","","Roman Candle Heavy Shot 5 Ball","Roman Candle Heavy Shot 5 Ball","Unknown","Roman Candles","Regular","Unknown","Unknown","no_match","No sufficiently specific candidate identified in the two Dynamite catalog files.","Unknown","Manufacturer or UPC/model, exact package/variant and corresponding photo/video.","773","776","776","Items","774","identity_confirmation_needed","","Unknown","Unknown","","""887946062138"" fireworks | Roman Candle Heavy Shot 5 Ball  fireworks manufacturer","https://americanwholesalefireworks.com/roman-candle-5-ball-assortment/ | https://jeffsfireworks.com/products/5-ball-heavy-shot | https://blackcatfireworks.com/fireworks/roman-candles/ | https://www.thefireworkstore.co.uk/four-candle-pack-from-zeus-fireworks | https://en.wikipedia.org/wiki/Roman_candle_%28firework%29","Name/presentation research returned candidates (including ""Roman Candle 5 Ball - Boomer Fireworks""), but no consulted product page establishes the Square code 887946062138, brand and exact variant together. The Dynamite name candidates remain unconfirmed.","Provide the exact Rockwall package photograph and readable manufacturer/UPC plus retail count; do not approve by name alone."
"ZODEGP6HHFAAMKTB6DKOCNGD","8145270120828","","Roman Candle Rapid Fire 8pk","Roman Candle Rapid Fire 8pk","Unknown","Roman Candles","Regular","Unknown","Unknown","no_match","No sufficiently specific candidate identified in the two Dynamite catalog files.","Unknown","Manufacturer or UPC/model, exact package/variant and corresponding photo/video.","774","777","777","Items","775","identity_confirmation_needed","","Unknown","Unknown","","""8145270120828"" fireworks","https://usa-fireworks.com/products/roman-candles/rapid-fire/","Name/presentation research returned candidates (including ""Rapid Fire | Eight Pack of 5 Shot Candles - 8 Pack Roman Candles - USA Fireworks!""), but no consulted product page establishes the Square code 8145270120828, brand and exact variant together. The Dynamite name candidates remain unconfirmed.","Provide the exact Rockwall package photograph and readable manufacturer/UPC plus retail count; do not approve by name alone."
"TGIHSXBHF62RRGWDJ66NGFR3","757202180701","757202018073","Roman Candles Assorted (4 Pack/10 Shot)","Roman Candles Assorted (4 Pack/10 Shot)","Unknown","Roman Candles","Regular","Unknown","4 Pack | 10 Shot","no_match","No sufficiently specific candidate identified in the two Dynamite catalog files.","Unknown","Manufacturer or UPC/model, exact package/variant and corresponding photo/video.","775","778","778","Items","776","identity_confirmation_needed","","Unknown","Unknown","","""757202018073"" fireworks | Roman Candles Assorted (4 Pack/10 Shot)  fireworks manufacturer","https://www.tntfireworks.com/fireworks/cat/roman-candles/2721-10-ball-magical-roman-candle-4-pack | https://www.sunwingfireworks.com/product/sw-r2019/ | https://elevatedfireworks.com/collections/roman-candles-under-20/products/nitro-assorted-10-shot-roman-candle-4-pack | https://www.libertyfireworks.us/products/10-ball-assorted-4-pack-raccoon | https://sukisfireworks.co.uk/products/low-noise-roman-candles-10-shots-pack-of-4","Name/presentation research returned candidates (including ""Fireworks | TNT Fireworks | 10 BALL MAGICAL ROMAN CANDLE 4-PACK""), but no consulted product page establishes the Square code 757202018073, brand and exact variant together. The Dynamite name candidates remain unconfirmed.","Provide the exact Rockwall package photograph and readable manufacturer/UPC plus retail count; do not approve by name alone."
"HP7KP4CNYT2QHJJEHZ63647N","","841527141179","Rotating Gatling","Rotating Gatling","Unknown","Unknown","Regular","Unknown","Unknown","no_match","No sufficiently specific candidate identified in the two Dynamite catalog files.","Unknown","Manufacturer or UPC/model, exact package/variant and corresponding photo/video.","776","779","779","Items","777","candidate_requires_package_review","","Unknown","Unknown","","""841527141179"" fireworks | Rotating Gatling T Sky official fireworks manufacturer","https://staging.usa-fireworks.com/products/new-products/rotating-gatling-300-shot-roman-candle/ | https://usa-fireworks.com/products/new-products/rotating-gatling-300-shot-roman-candle/ | https://www.t-skyfireworks.com/products/t-sky-gatling/ | https://skysongfireworks.com/product/rotating-gatling/ | https://shop.surefirefireworks.com/product/rotating-gatling/","Code 841527141179 occurs in the retrieved product/source ""Rotating Gatling | 300 Shot Roman Candle"". Square records ""Rotating Gatling"" / ""Regular""; this is a candidate, not a confirmed retail-package crosswalk. Inspected reference https://staging.usa-fireworks.com/wp-content/uploads/2025/09/original-1.jpeg ([800, 800]); its background is opaque and no faithful transparent exact-unit resource was approved.","Provide the exact Rockwall package photograph and readable manufacturer/UPC plus retail count; do not approve by name alone."
"V7GVWTY4J7MZ272LPHIH24EJ","841527141216","841527141216","Rotating Machine Gun","Rotating Machine Gun","Unknown","Unknown","Regular","Unknown","Unknown","no_match","No sufficiently specific candidate identified in the two Dynamite catalog files.","Unknown","Manufacturer or UPC/model, exact package/variant and corresponding photo/video.","777","780","780","Items","778","no_verified_identity","","Unknown","Unknown","","""841527141216"" fireworks | Rotating Machine Gun  fireworks manufacturer","https://en.wikipedia.org/wiki/Kord_machine_gun","Code and name/presentation searches did not establish an exact product for Square ""Rotating Machine Gun"" / ""Regular"" (code 841527141216). No verified manufacturer/package image or exact model was found; generic/store identifiers cannot determine identity.","Provide the exact Rockwall package photograph and readable manufacturer/UPC plus retail count; do not approve by name alone."
"BM3R75NP4LQL6MSZRDVWACGL","140000104817","","Royal Rampage 500g","Royal Rampage 500g","Unknown","Unknown","Regular","Unknown","500g","no_match","No sufficiently specific candidate identified in the two Dynamite catalog files.","Unknown","Manufacturer or UPC/model, exact package/variant and corresponding photo/video.","778","781","781","Items","779","candidate_requires_package_review","","Unknown","Unknown","","""140000104817"" fireworks | Royal Rampage  official fireworks manufacturer","https://staging.usa-fireworks.com/products/website-coupons/royal-rampage-260-shot-cake/","Code 140000104817 occurs in the retrieved product/source ""Royal Rampage | 260 Shot Cake"". Square records ""Royal Rampage 500g"" / ""Regular""; this is a candidate, not a confirmed retail-package crosswalk. Inspected reference https://staging.usa-fireworks.com/wp-content/uploads/2025/05/original-32.png ([469, 532]); a transparent file exists, but exact brand, package count or variant is not independently established; it was not published.","Provide the exact Rockwall package photograph and readable manufacturer/UPC plus retail count; do not approve by name alone."
"JQOGXKHCLYLADVB4NZEYJBCK","725272730904","","SPECIAL $50 500g Cake","SPECIAL $50 500g Cake","Unknown","Unknown","Regular","Unknown","500g","no_match","No sufficiently specific candidate identified in the two Dynamite catalog files.","Unknown","Manufacturer or UPC/model, exact package/variant and corresponding photo/video.","781","784","784","Items","782","no_verified_identity","","Unknown","Unknown","","""725272730904"" fireworks | SPECIAL $50 500g Cake  fireworks manufacturer","","Code and name/presentation searches did not establish an exact product for Square ""SPECIAL $50 500g Cake"" / ""Regular"" (code 725272730904). No verified manufacturer/package image or exact model was found; generic/store identifiers cannot determine identity.","Provide the exact Rockwall package photograph and readable manufacturer/UPC plus retail count; do not approve by name alone."
"2I7W5V3OLFBTM7QVNYYY6R3U","825272730703","","SPECIAL $75 60g 24pk Artillery Shell","SPECIAL $75 60g 24pk Artillery Shell","Unknown","Unknown","Regular","Unknown","60g","no_match","No sufficiently specific candidate identified in the two Dynamite catalog files.","Unknown","Manufacturer or UPC/model, exact package/variant and corresponding photo/video.","782","785","785","Items","783","no_verified_identity","","Unknown","Unknown","","""825272730703"" fireworks | SPECIAL $75 60g 24pk Artillery Shell  fireworks manufacturer","","Code and name/presentation searches did not establish an exact product for Square ""SPECIAL $75 60g 24pk Artillery Shell"" / ""Regular"" (code 825272730703). No verified manufacturer/package image or exact model was found; generic/store identifiers cannot determine identity.","Provide the exact Rockwall package photograph and readable manufacturer/UPC plus retail count; do not approve by name alone."
"3D5Q5QZWIY456UDWUJ6S473W","725272730928","","SPECIAL 3/$75 200g Cake","SPECIAL 3/$75 200g Cake","Unknown","Unknown","Regular","Unknown","200g","no_match","No sufficiently specific candidate identified in the two Dynamite catalog files.","Unknown","Manufacturer or UPC/model, exact package/variant and corresponding photo/video.","783","786","786","Items","784","no_verified_identity","","Unknown","Unknown","","""725272730928"" fireworks | SPECIAL 3/$75 200g Cake  fireworks manufacturer","https://www.reddit.com/r/fireworks/comments/14ezgcg","Code and name/presentation searches did not establish an exact product for Square ""SPECIAL 3/$75 200g Cake"" / ""Regular"" (code 725272730928). No verified manufacturer/package image or exact model was found; generic/store identifiers cannot determine identity.","Provide the exact Rockwall package photograph and readable manufacturer/UPC plus retail count; do not approve by name alone."
"2TFSBSEHX3RIJIUGEAVYQ34I","705108802463","","Salute To Summer 200g","Salute To Summer 200g","Unknown","Unknown","Regular","Unknown","200g","no_match","No sufficiently specific candidate identified in the two Dynamite catalog files.","Unknown","Manufacturer or UPC/model, exact package/variant and corresponding photo/video.","784","787","787","Items","785","no_verified_identity","","Unknown","Unknown","","""705108802463"" fireworks | Salute To Summer 200g  fireworks manufacturer","","Code and name/presentation searches did not establish an exact product for Square ""Salute To Summer 200g"" / ""Regular"" (code 705108802463). No verified manufacturer/package image or exact model was found; generic/store identifiers cannot determine identity.","Provide the exact Rockwall package photograph and readable manufacturer/UPC plus retail count; do not approve by name alone."
"FZMW6CFOEEK6Q7DGWWCOS5UO","887946003667","","Saturn Missile Battery 25 Shot","Saturn Missile Battery 25 Shot","Unknown","Unknown","Regular","Unknown","25 Shot","no_match","No sufficiently specific candidate identified in the two Dynamite catalog files.","Unknown","Manufacturer or UPC/model, exact package/variant and corresponding photo/video.","787","790","790","Items","788","identity_confirmation_needed","","Unknown","Unknown","","""887946003667"" fireworks | Saturn Missile Battery 25 Shot  fireworks manufacturer","https://www.elitefireworks.com/products/saturn-missile-battery-25 | https://www.internationalfireworks.com/classc-fireworks/25shot-saturn-missile-battery/ | https://www.libertyfireworks.us/products/25-shot-saturn-battery-missile | https://www.redrhinofireworks.com/firework/25-shot-saturn-missile-battery/ | https://skysongfireworks.com/product/25-shots-saturn-missile-battery/","Name/presentation research returned candidates (including ""Saturn Missile Battery｜25 Shot Saturn Missile at Elite Fireworks – ELITE FIREWORKS®""), but no consulted product page establishes the Square code 887946003667, brand and exact variant together. The Dynamite name candidates remain unconfirmed.","Provide the exact Rockwall package photograph and readable manufacturer/UPC plus retail count; do not approve by name alone."
"ICM5Y3XUPART3UAJ6AFCB4ZA","8145270131312","","Saturn Missile Battery 300 Shot","Saturn Missile Battery 300 Shot","Unknown","Unknown","Regular","Unknown","300 Shot","probable","Name identifies a candidate only; manufacturer and exact presentation have not been established.","products.json[47] Saturn Missile Battery 300's / Monkey Mania / /products/saturn-missile-battery-300.png","Manufacturer or UPC/model, exact package/variant and corresponding photo/video.","788","791","791","Items","789","data_conflict","","Unknown","Unknown","","""8145270131312"" fireworks | 300 Shot Saturn Missile Battery  official fireworks manufacturer","https://thefireworkssuperstore.com/shop/300-shot-smb | https://www.shogunvulcan.com/product/ssm1130-300-saturn-missile-battery-300-shots | https://springfieldfireworks.com/product/saturn-missile-battery-300-shots-2/ | https://www.kellfire.com/fireworks-for-all/aerials/missile-batteries/300-shot-saturn-missile-battery | https://www.redrhinofireworks.com/firework/300-shot-saturn-missile-battery/ | https://prismfireworks.com/products/saturn-missile-batteries/crackling-saturn-missile-300-shot/","Square's code identifies a Cutting Edge candidate, but the retailer photo carries World-Class branding. Reject that image and require an exact Cutting Edge package.","Provide the exact Rockwall package photograph and readable manufacturer/UPC plus retail count; do not approve by name alone."
"RCBPW76UUVOBEFNEPO3MWPQB","8145270131718","","Saturn Missile Battery-750 Shot","Saturn Missile Battery-750 Shot","Unknown","Unknown","Regular","Unknown","750 Shot","no_match","No sufficiently specific candidate identified in the two Dynamite catalog files.","Unknown","Manufacturer or UPC/model, exact package/variant and corresponding photo/video.","790","793","793","Items","791","identity_confirmation_needed","","Unknown","Unknown","","""8145270131718"" fireworks | Saturn Missile Battery-750 Shot  fireworks manufacturer","https://www.shogunvulcan.com/products/usa-consumer-fireworks?categories%5B0%5D=saturn-missile-battery | https://www.spfireworks.com/products_detail_1/502.html | https://www.elitefireworks.com/products/saturn-missile-battery-25 | https://www.internationalfireworks.com/classc-fireworks/25shot-saturn-missile-battery/ | https://bellinofireworks.com/product/750-shot-saturn-missile/","Name/presentation research returned candidates (including ""USA Consumer Fireworks - SHOGUN | VULCAN fireworks manufacturer""), but no consulted product page establishes the Square code 8145270131718, brand and exact variant together. The Dynamite name candidates remain unconfirmed.","Provide the exact Rockwall package photograph and readable manufacturer/UPC plus retail count; do not approve by name alone."
"A7BVCSMERHS3I6HQV6PXR2VJ","887946003681","","Saturn Missle Battery 100 Sht","Saturn Missle Battery 100 Sht","Unknown","Unknown","Regular","Unknown","Unknown","no_match","No sufficiently specific candidate identified in the two Dynamite catalog files.","Unknown","Manufacturer or UPC/model, exact package/variant and corresponding photo/video.","791","794","794","Items","792","candidate_requires_package_review","","Unknown","Unknown","","""887946003681"" fireworks | TG Saturn Missile Battery-100 shot TOPGUN official fireworks manufacturer","https://johnnyrocketsfireworks.com/products/tgsaturnmissilebattery-100shot | https://www.shogunvulcan.com/product/ssm1130-300-saturn-missile-battery-300-shots | https://springfieldfireworks.com/product/saturn-missile-battery-300-shots-2/ | https://www.kellfire.com/fireworks-for-all/aerials/missile-batteries/300-shot-saturn-missile-battery | https://www.redrhinofireworks.com/firework/300-shot-saturn-missile-battery/","Code 887946003681 occurs in the retrieved product/source ""TG Saturn Missile Battery-100 shot"". Square records ""Saturn Missle Battery 100 Sht"" / ""Regular""; this is a candidate, not a confirmed retail-package crosswalk. Inspected reference https://johnnyrocketsfireworks.com/cdn/shop/files/tg-k1130c12_orig.jpg?v=1741891033&width=1920 ([787, 787]); its background is opaque and no faithful transparent exact-unit resource was approved.","Provide the exact Rockwall package photograph and readable manufacturer/UPC plus retail count; do not approve by name alone."
"NJM6VGXTBORBIDBFE5WX2DBE","680149053961","","Saturn Ultra 750","Saturn Ultra 750","Unknown","Unknown","Regular","Unknown","Unknown","no_match","No sufficiently specific candidate identified in the two Dynamite catalog files.","Unknown","Manufacturer or UPC/model, exact package/variant and corresponding photo/video.","792","795","795","Items","793","identity_confirmation_needed","","Unknown","Unknown","","""680149053961"" fireworks | Saturn Ultra 750  fireworks manufacturer","https://www.spfireworks.com/products_detail_1/502.html | https://bellinofireworks.com/product/750-shot-saturn-missile/","Name/presentation research returned candidates (including ""750 SHOTS SATURN MISSILE BATTERY (COMPACT SIZE)-Liuyang China Supreme Fireworks Factory""), but no consulted product page establishes the Square code 680149053961, brand and exact variant together. The Dynamite name candidates remain unconfirmed.","Provide the exact Rockwall package photograph and readable manufacturer/UPC plus retail count; do not approve by name alone."
"5JQRSHABWBMQ52NCPHFZJAPH","757201848015","","Scarlet Thread 500 Gram","Scarlet Thread 500 Gram","Unknown","500 GRAM FINALE","Regular","Unknown","500 Gram","no_match","No sufficiently specific candidate identified in the two Dynamite catalog files.","Unknown","Manufacturer or UPC/model, exact package/variant and corresponding photo/video.","793","796","796","Items","794","data_conflict","","Unknown","Unknown","","""757201848015"" fireworks | SCARLET THREAD Monkey Mania official fireworks manufacturer","https://dosgringosfireworks.com/scarlet-thread/","Square calls Scarlet Thread a 500g cake; the current official candidate is a 200g 480-shot item. Need confirmation of category/presentation.","Provide the exact Rockwall package photograph and readable manufacturer/UPC plus retail count; do not approve by name alone."
"4FSMJRLSNUAD2WCQM35D554W","8145270157619","","Screaming Eagles","Screaming Eagles","Unknown","Unknown","Regular","Unknown","Unknown","no_match","No sufficiently specific candidate identified in the two Dynamite catalog files.","Unknown","Manufacturer or UPC/model, exact package/variant and corresponding photo/video.","794","797","797","Items","795","candidate_requires_package_review","","Unknown","Unknown","","""8145270157619"" fireworks | Screaming Eagles Cutting Edge official fireworks manufacturer","https://usa-fireworks.com/products/aerial-all-cakes/aerial-500-gram-cakes/screaming-eagles/ | https://beta2024.usa-fireworks.com/products/aerial-all-cakes/aerial-500-gram-cakes/screaming-eagle/ | https://cuttingedgefireworks.com/fire-product/skull-force/","Code 8145270157619 occurs in the retrieved product/source ""Screaming Eagles | 9 Shot Cake"". Square records ""Screaming Eagles"" / ""Regular""; this is a candidate, not a confirmed retail-package crosswalk. Inspected reference https://usa-fireworks.com/wp-content/uploads/2026/09/original-939.png ([527, 513]); its background is opaque and no faithful transparent exact-unit resource was approved.","Provide the exact Rockwall package photograph and readable manufacturer/UPC plus retail count; do not approve by name alone."
"CGTZLRFLVBLJADNUMR2I7V6D","687985714315","","Screeching Eagle","Screeching Eagle","Unknown","Fountains","Regular","Unknown","Unknown","no_match","No sufficiently specific candidate identified in the two Dynamite catalog files.","Unknown","Manufacturer or UPC/model, exact package/variant and corresponding photo/video.","795","798","798","Items","796","no_verified_identity","","Unknown","Unknown","","""687985714315"" fireworks | Screeching Eagle  fireworks manufacturer","","Code and name/presentation searches did not establish an exact product for Square ""Screeching Eagle"" / ""Regular"" (code 687985714315). No verified manufacturer/package image or exact model was found; generic/store identifiers cannot determine identity.","Provide the exact Rockwall package photograph and readable manufacturer/UPC plus retail count; do not approve by name alone."
"ALNYFHJRL6SEF3PJ2DCWDWJB","695071405955","","Seismic Snaps","Seismic Snaps","Unknown","Unknown","Regular","Unknown","Unknown","no_match","No sufficiently specific candidate identified in the two Dynamite catalog files.","Unknown","Manufacturer or UPC/model, exact package/variant and corresponding photo/video.","797","800","800","Items","798","no_verified_identity","","Unknown","Unknown","","""695071405955"" fireworks | Seismic Snaps  fireworks manufacturer","https://www.redapplefireworks.com/products/sumo-snaps | https://mcfireworks.com/products_list/red-cracker-snaps | https://en.wikipedia.org/wiki/Bang_snaps | https://www.reddit.com/r/fireworks/comments/xcx3fv","Code and name/presentation searches did not establish an exact product for Square ""Seismic Snaps"" / ""Regular"" (code 695071405955). No verified manufacturer/package image or exact model was found; generic/store identifiers cannot determine identity.","Provide the exact Rockwall package photograph and readable manufacturer/UPC plus retail count; do not approve by name alone."
"6SGGZX66ZYR44X62PWKO7V33","8572015003786","","Shark Attack 4 Pack","Shark Attack 4 Pack","Unknown","Unknown","Regular","Unknown","4 Pack","no_match","No sufficiently specific candidate identified in the two Dynamite catalog files.","Unknown","Manufacturer or UPC/model, exact package/variant and corresponding photo/video.","799","802","802","Items","800","identity_confirmation_needed","","Unknown","Unknown","","""8572015003786"" fireworks | Shark Attack 4 Pack  fireworks manufacturer","https://www.flagshipfireworks.com/-Online-Store/Product-Viewer/shark-attack-500g-assortment--case-of-4 | https://jokerfireworksusa.com/products/shark-attack-4-pack-500g-assortment-new | https://www.championfireworks.com/500-gram-aerial-repeaters/lk5018-shark-attack-20-shots | https://501pyro.com/Shark-Attack-Assortment/","Name/presentation research returned candidates (including ""Shark Attack 500G Assortment- Case of 4""), but no consulted product page establishes the Square code 8572015003786, brand and exact variant together. The Dynamite name candidates remain unconfirmed.","Provide the exact Rockwall package photograph and readable manufacturer/UPC plus retail count; do not approve by name alone."
"NQH4FU2CQFAFPYQORARDZJR5","681402053018","","Shinobi","Shinobi","Unknown","Unknown","Regular","Unknown","Unknown","no_match","No sufficiently specific candidate identified in the two Dynamite catalog files.","Unknown","Manufacturer or UPC/model, exact package/variant and corresponding photo/video.","800","803","803","Items","801","identity_confirmation_needed","","Unknown","Unknown","","""681402053018"" fireworks | Shinobi  fireworks manufacturer","https://www.feuerwerk.com/shop/shinobi-20-schuss-feuerwerksbatterie/ | https://arxiv.org/abs/2401.10171 | https://en.wikipedia.org/wiki/Shinobi_%282002_video_game%29","Name/presentation research returned candidates (including ""Shinobi - 20 Schuss Feuerwerksbatterie | 350153""), but no consulted product page establishes the Square code 681402053018, brand and exact variant together. The Dynamite name candidates remain unconfirmed.","Provide the exact Rockwall package photograph and readable manufacturer/UPC plus retail count; do not approve by name alone."
"FX3FZDERMCEZQ4YL3PDCIQQD","805253413214","","Show Me Your Kitties 200 gr","Show Me Your Kitties 200 gr","Unknown","Unknown","Regular","Unknown","Unknown","no_match","No sufficiently specific candidate identified in the two Dynamite catalog files.","Unknown","Manufacturer or UPC/model, exact package/variant and corresponding photo/video.","801","804","804","Items","802","identity_confirmation_needed","","Unknown","Unknown","","""805253413214"" fireworks | Show Me Your Kitties 200 gr  fireworks manufacturer","https://elevatedfireworks.com/collections/aerial-cakes/products/show-me-your-kitties-18-shot-standard-aerial-cake","Name/presentation research returned candidates (including ""Show Me Your Kitties 18-Shot Standard Aerial Cake – Elevated Fireworks""), but no consulted product page establishes the Square code 805253413214, brand and exact variant together. The Dynamite name candidates remain unconfirmed.","Provide the exact Rockwall package photograph and readable manufacturer/UPC plus retail count; do not approve by name alone."
"O4MEQ2OSWJYYBCA5R6ZYCN3Z","753321710713","","Shower Of Sparks 5 Pcs","Shower Of Sparks 5 Pcs","Unknown","Unknown","Regular","Unknown","5 Pcs","no_match","No sufficiently specific candidate identified in the two Dynamite catalog files.","Unknown","Manufacturer or UPC/model, exact package/variant and corresponding photo/video.","802","805","805","Items","803","identity_confirmation_needed","","Unknown","Unknown","","""753321710713"" fireworks | Shower Of Sparks 5 Pcs  fireworks manufacturer","https://www.srivenkateswaracrackers.com/product/113/shower-5-pcs","Name/presentation research returned candidates (including ""Shower (5 Pcs)""), but no consulted product page establishes the Square code 753321710713, brand and exact variant together. The Dynamite name candidates remain unconfirmed.","Provide the exact Rockwall package photograph and readable manufacturer/UPC plus retail count; do not approve by name alone."
"RXEDQUZWB3J67HDB622CHTLT","757201520058","","Silent Assasin","Silent Assasin","Unknown","Unknown","Regular","Unknown","Unknown","no_match","No sufficiently specific candidate identified in the two Dynamite catalog files.","Unknown","Manufacturer or UPC/model, exact package/variant and corresponding photo/video.","803","806","806","Items","804","identity_confirmation_needed","","Unknown","Unknown","","""757201520058"" fireworks","https://www.raccoonfireworksusa.com/product-page/silent-assassin","Name/presentation research returned candidates (including ""Silent Assassin | Raccoon""), but no consulted product page establishes the Square code 757201520058, brand and exact variant together. The Dynamite name candidates remain unconfirmed.","Provide the exact Rockwall package photograph and readable manufacturer/UPC plus retail count; do not approve by name alone."
"6TL5MEXW2T74PYUHAH26HOD2","705108320509","","Silent Mode","Silent Mode","Unknown","Fountains","Regular","Unknown","Unknown","no_match","No sufficiently specific candidate identified in the two Dynamite catalog files.","Unknown","Manufacturer or UPC/model, exact package/variant and corresponding photo/video.","804","807","807","Items","805","candidate_requires_package_review","","Unknown","Unknown","","""705108320509"" fireworks","https://www.getwinda.com/product-page/silent-mode","Code 705108320509 occurs in the retrieved product/source ""SILENT MODE"". Square records ""Silent Mode"" / ""Regular""; this is a candidate, not a confirmed retail-package crosswalk. Inspected reference https://static.wixstatic.com/media/ecdf0c_5504e0d3671e4d1eb5e7b56600f7296c~mv2.jpg/v1/fit/w_500,h_500,q_90/file.jpg ([500, 500]); its background is opaque and no faithful transparent exact-unit resource was approved.","Provide the exact Rockwall package photograph and readable manufacturer/UPC plus retail count; do not approve by name alone."
"ELPXYS33RVPQWPNX3ESR377E","814527310616","","Skull Force","Skull Force","Unknown","Unknown","Regular","Unknown","Unknown","no_match","No sufficiently specific candidate identified in the two Dynamite catalog files.","Unknown","Manufacturer or UPC/model, exact package/variant and corresponding photo/video.","806","809","809","Items","807","candidate_requires_package_review","","Unknown","Unknown","","""814527310616"" fireworks | Skull Force Cutting Edge official fireworks manufacturer","https://beta2024.usa-fireworks.com/products/aerial-all-cakes/aerial-200-gram-cakes/skull-force/ | https://staging.usa-fireworks.com/products/aerial-all-cakes/aerial-200-gram-cakes/skull-force/ | https://cuttingedgefireworks.com/fire-product/skull-force/","Code 814527310616 occurs in the retrieved product/source ""Skull Force"". Square records ""Skull Force"" / ""Regular""; this is a candidate, not a confirmed retail-package crosswalk. Inspected reference https://beta2024.usa-fireworks.com/wp-content/uploads/2022/02/original-223.png ([435, 293]); its background is opaque and no faithful transparent exact-unit resource was approved.","Provide the exact Rockwall package photograph and readable manufacturer/UPC plus retail count; do not approve by name alone."
"UKIQLFU5SEJTMJHR6AKHDO3E","695071589198","","Skull King 200 Gram 16 Shot","Skull King 200 Gram 16 Shot","Unknown","Unknown","Regular","Unknown","200 Gram | 16 Shot","no_match","No sufficiently specific candidate identified in the two Dynamite catalog files.","Unknown","Manufacturer or UPC/model, exact package/variant and corresponding photo/video.","807","810","810","Items","808","no_verified_identity","","Unknown","Unknown","","""695071589198"" fireworks | Skull King 200 Gram 16 Shot  fireworks manufacturer","https://www.sunwingfireworks.com/product/sw-c2089/","Code and name/presentation searches did not establish an exact product for Square ""Skull King 200 Gram 16 Shot"" / ""Regular"" (code 695071589198). No verified manufacturer/package image or exact model was found; generic/store identifiers cannot determine identity.","Provide the exact Rockwall package photograph and readable manufacturer/UPC plus retail count; do not approve by name alone."
"DHKAYQL2A5JTRZQGUAUPKSIC","695071403500","","Skull Popper 6 Pk","Skull Popper 6 Pk","Unknown","Unknown","Regular","Unknown","Unknown","no_match","No sufficiently specific candidate identified in the two Dynamite catalog files.","Unknown","Manufacturer or UPC/model, exact package/variant and corresponding photo/video.","808","811","811","Items","809","no_verified_identity","","Unknown","Unknown","","""695071403500"" fireworks | Skull Popper 6 Pk  fireworks manufacturer","https://neumann-feuerwerk.de/srpyro-skull-6-stueck-bombenrohr-20mm | https://www.ekopyro.eu/skull-20-mm-6-pcs/","Code and name/presentation searches did not establish an exact product for Square ""Skull Popper 6 Pk"" / ""Regular"" (code 695071403500). No verified manufacturer/package image or exact model was found; generic/store identifiers cannot determine identity.","Provide the exact Rockwall package photograph and readable manufacturer/UPC plus retail count; do not approve by name alone."
"TE2L56XEDWRPQVTX4WF7ZYPE","652001110037","","Sky Laterns","Sky Laterns","Unknown","Unknown","Regular","Unknown","Unknown","no_match","No sufficiently specific candidate identified in the two Dynamite catalog files.","Unknown","Manufacturer or UPC/model, exact package/variant and corresponding photo/video.","810","813","813","Items","811","no_verified_identity","","Unknown","Unknown","","Compared code against official Winco UPC reference | Sky Laterns L454@P39: Parachutes-Daytime XXLANTERN-AF Sky Lantern American Flag (652001110037) fireworks manufacturer","","Code and name/presentation searches did not establish an exact product for Square ""Sky Laterns"" / ""Regular"" (code 652001110037). No verified manufacturer/package image or exact model was found; generic/store identifiers cannot determine identity.","Provide the exact Rockwall package photograph and readable manufacturer/UPC plus retail count; do not approve by name alone."
"64FX5VZCXQGIRO6L3MNRJR3F","674662508138","","Sky Laterns","Sky Laterns","Unknown","Unknown","Regular","Unknown","Unknown","no_match","No sufficiently specific candidate identified in the two Dynamite catalog files.","Unknown","Manufacturer or UPC/model, exact package/variant and corresponding photo/video.","811","814","814","Items","812","no_verified_identity","","Unknown","Unknown","","""674662508138"" fireworks | Sky Laterns  fireworks manufacturer","https://www.pyroliuyang.com/products/sky-lanterns-toy-fireworks?variant=43126850912369 | https://blackcatfireworks.com/fireworks/new-for-2026/sky-ink-2/ | https://www.t-skyfireworks.com/ | https://www.firework-mania.com/fireworks/multi-shot-aerials-200-gram/sky-ink/ | https://en.wikipedia.org/wiki/Sky_lantern","Code and name/presentation searches did not establish an exact product for Square ""Sky Laterns"" / ""Regular"" (code 674662508138). No verified manufacturer/package image or exact model was found; generic/store identifiers cannot determine identity.","Provide the exact Rockwall package photograph and readable manufacturer/UPC plus retail count; do not approve by name alone."
"K2OSHKB5T4AD2TTS65UQK4JA","757202120042","","Slam Dunk Fountain","Slam Dunk Fountain","Unknown","Fountains","Regular","Unknown","Unknown","no_match","No sufficiently specific candidate identified in the two Dynamite catalog files.","Unknown","Manufacturer or UPC/model, exact package/variant and corresponding photo/video.","815","818","818","Items","816","identity_confirmation_needed","","Unknown","Unknown","","""757202120042"" fireworks | Slam Dunk Fountain  fireworks manufacturer","https://www.elitefireworks.com/products/slam-dunk","Name/presentation research returned candidates (including ""Slam Dunk | Standard Shower Fountain Spurt™ at Elite Fireworks – ELITE FIREWORKS®""), but no consulted product page establishes the Square code 757202120042, brand and exact variant together. The Dynamite name candidates remain unconfirmed.","Provide the exact Rockwall package photograph and readable manufacturer/UPC plus retail count; do not approve by name alone."
"UCFNVVHNNAU65DR3NT3CHQAH","","","Small Biker Gang Novelty","Small Biker Gang Novelty","Unknown","Unknown","Regular","Unknown","Unknown","no_match","No sufficiently specific candidate identified in the two Dynamite catalog files.","Unknown","Manufacturer or UPC/model, exact package/variant and corresponding photo/video.","816","819","819","Items","817","no_verified_identity","","Unknown","Unknown","","""Small Biker Gang Novelty"" fireworks manufacturer | Small Biker Gang Novelty  fireworks manufacturer","https://www.ttnet.net/ttnet/gotoprd/GC199/999/0/1383639383831343639323535363139303230363832343.htm","Code and name/presentation searches did not establish an exact product for Square ""Small Biker Gang Novelty"" / ""Regular"" (code missing). No verified manufacturer/package image or exact model was found; generic/store identifiers cannot determine identity.","Provide the exact Rockwall package photograph and readable manufacturer/UPC plus retail count; do not approve by name alone."
"IDRU6XRW7BWBX53PXMETFDDW","725272730744","","Small Fire Truck Novelty","Small Fire Truck Novelty","Unknown","Unknown","Regular","Unknown","Unknown","no_match","No sufficiently specific candidate identified in the two Dynamite catalog files.","Unknown","Manufacturer or UPC/model, exact package/variant and corresponding photo/video.","817","820","820","Items","818","identity_confirmation_needed","","Unknown","Unknown","","""725272730744"" fireworks | Small Fire Truck Novelty  fireworks manufacturer","https://www.ttnet.net/ttnet/gotoprd/GC199/999/0/1383639383831343639323535363139303230363832343.htm","Name/presentation research returned candidates (including ""Small Truck fireworks toy novelty fireworks, Novelty Fireworks, Novelty Christmas Toys, China Novelty Fireworks - China (mainland) Novelty Fireworks, Novelty Christmas Toys, China Novelty Christmas Toys in Festival Gifts & Decoration/n.e.s. on ttnet.net""), but no consulted product page establishes the Square code 725272730744, brand and exact variant together. The Dynamite name candidates remain unconfirmed.","Provide the exact Rockwall package photograph and readable manufacturer/UPC plus retail count; do not approve by name alone."
"QR6JZFJ3F5O3DOF23GO3E274","887946001649","","Small Military Parachute","Small Military Parachute","Unknown","Unknown","Regular","Unknown","Unknown","probable","Name identifies a candidate only; manufacturer and exact presentation have not been established.","products.json[189] Military Parachute / Winda / /products/military-parachute.png","Manufacturer or UPC/model, exact package/variant and corresponding photo/video.","818","821","821","Items","819","identity_confirmation_needed","","Unknown","Unknown","","""887946001649"" fireworks | Small Military Parachute  fireworks manufacturer","https://www.wuhuaerospace.com/ | https://fireworksforever.com/product/Small-Military-Paratrooper-TGA509.html","Name/presentation research returned candidates (including ""Military Parachute & Aerial Delivery Systems | WHA""), but no consulted product page establishes the Square code 887946001649, brand and exact variant together. The Dynamite name candidates remain unconfirmed.","Provide the exact Rockwall package photograph and readable manufacturer/UPC plus retail count; do not approve by name alone."
"CUMAYLL4GFQA4YQRN27UWOCT","887946001823","","Small Military Paratropper","Small Military Paratropper","Unknown","Unknown","Regular","Unknown","Unknown","no_match","No sufficiently specific candidate identified in the two Dynamite catalog files.","Unknown","Manufacturer or UPC/model, exact package/variant and corresponding photo/video.","819","822","822","Items","820","identity_confirmation_needed","","Unknown","Unknown","","""887946001823"" fireworks | Small Military Paratropper  fireworks manufacturer","https://fireworksforever.com/product/Small-Military-Paratrooper-TGA509.html","Name/presentation research returned candidates (including ""Small Military Paratrooper parachutes at Fireworks Forever""), but no consulted product page establishes the Square code 887946001823, brand and exact variant together. The Dynamite name candidates remain unconfirmed.","Provide the exact Rockwall package photograph and readable manufacturer/UPC plus retail count; do not approve by name alone."
"3ADFA4L7TG6JSPJDUV7IJW4C","725272730782","","Small Police Car Novelty","Small Police Car Novelty","Unknown","Unknown","Regular","Unknown","Unknown","no_match","No sufficiently specific candidate identified in the two Dynamite catalog files.","Unknown","Manufacturer or UPC/model, exact package/variant and corresponding photo/video.","820","823","823","Items","821","no_verified_identity","","Unknown","Unknown","","""725272730782"" fireworks | Small Police Car Novelty  fireworks manufacturer","","Code and name/presentation searches did not establish an exact product for Square ""Small Police Car Novelty"" / ""Regular"" (code 725272730782). No verified manufacturer/package image or exact model was found; generic/store identifiers cannot determine identity.","Provide the exact Rockwall package photograph and readable manufacturer/UPC plus retail count; do not approve by name alone."
"36MIDNKLKXE6BD6ZCKP33MAW","725272730775","","Small Skateboard Dude Novelty","Small Skateboard Dude Novelty","Unknown","Unknown","Regular","Unknown","Unknown","no_match","No sufficiently specific candidate identified in the two Dynamite catalog files.","Unknown","Manufacturer or UPC/model, exact package/variant and corresponding photo/video.","821","824","824","Items","822","no_verified_identity","","Unknown","Unknown","","""725272730775"" fireworks | Small Skateboard Dude Novelty  fireworks manufacturer","","Code and name/presentation searches did not establish an exact product for Square ""Small Skateboard Dude Novelty"" / ""Regular"" (code 725272730775). No verified manufacturer/package image or exact model was found; generic/store identifiers cannot determine identity.","Provide the exact Rockwall package photograph and readable manufacturer/UPC plus retail count; do not approve by name alone."
"B5PYMHTQP5GIGI7BPYVXIEQG","816597924397","","Small Tank","Small Tank","Unknown","Unknown","Regular","Unknown","Unknown","no_match","No sufficiently specific candidate identified in the two Dynamite catalog files.","Unknown","Manufacturer or UPC/model, exact package/variant and corresponding photo/video.","822","825","825","Items","823","package_review","","Unknown","Unknown","","""816597924397"" fireworks | Tank Fireworks w/ Report Sky Bacon official fireworks manufacturer","https://whitelightningfireworks.com/NV120-Tank-Fireworks-R-PC/ | https://www.skybaconfireworks.com/featured | https://www.skybaconfireworks.com/2020 | https://www.skybaconfireworks.com/featured-products | https://skysongfireworks.com/product/tank-with-report/","Small Tank source describes a piece but its photo shows a retail box. Confirm single tank versus multi-tank box and corresponding resource.","Provide the exact Rockwall package photograph and readable manufacturer/UPC plus retail count; do not approve by name alone."
"IR4HFV2V4UFXVMGII7UKDZUS","705108070510","","Small Tank","Small Tank","Unknown","Unknown","Tank","Tank","Unknown","no_match","No sufficiently specific candidate identified in the two Dynamite catalog files.","Unknown","Manufacturer or UPC/model, exact package/variant and corresponding photo/video.","823","826","826","Items","824","identity_confirmation_needed","","Unknown","Unknown","","""705108070510"" fireworks | Small Tank Tank fireworks manufacturer","https://www.libertyfireworks.us/products/small-tanks | https://twistedthunder.com/shop/brand/winda/small-tank-with-report/ | https://www.feuerwerkshop.ch/en/Weco-Fireworks-Pyro-Tank-small%3A%3A2851.html | https://globalfireworks.en.made-in-china.com/product/tsEJwgIvXhck/China-W705-2017-Hot-Selling-Tank-with-Report-Safe-Small-Toy-Fireworks.html | https://reaperfireworks.com/shop/tank-firework-w-report-box-of-12-1338?category=12&order=website_sequence+asc","Name/presentation research returned candidates (including ""Tank Fireworks With Report - Item # SP-W705 – Liberty Fireworks""), but no consulted product page establishes the Square code 705108070510, brand and exact variant together. The Dynamite name candidates remain unconfirmed.","Provide the exact Rockwall package photograph and readable manufacturer/UPC plus retail count; do not approve by name alone."
"BMR7JEOTMDGL54REFWSSF5II","816597924403","","Small Tank 12 Pack","Small Tank 12 Pack","Unknown","Unknown","Regular","Unknown","12 Pack","no_match","No sufficiently specific candidate identified in the two Dynamite catalog files.","Unknown","Manufacturer or UPC/model, exact package/variant and corresponding photo/video.","824","827","827","Items","825","identity_confirmation_needed","","Unknown","Unknown","","""816597924403"" fireworks | Small Tank 12 Pack  fireworks manufacturer","https://www.libertyfireworks.us/products/small-tanks | https://twistedthunder.com/shop/brand/winda/small-tank-with-report/ | https://reaperfireworks.com/shop/tank-firework-w-report-box-of-12-1338?category=12&order=website_sequence+asc | https://prismfireworks.com/products/novelty-fun/tank-with-report/ | https://barbour-family-fireworks.myshopify.com/products/tank-with-report","Name/presentation research returned candidates (including ""Tank Fireworks With Report - Item # SP-W705 – Liberty Fireworks""), but no consulted product page establishes the Square code 816597924403, brand and exact variant together. The Dynamite name candidates remain unconfirmed.","Provide the exact Rockwall package photograph and readable manufacturer/UPC plus retail count; do not approve by name alone."
"ME7MEP7XSA56DBH43DBACC54","821600012039","","Smoke Artillery Shell","Smoke Artillery Shell","Unknown","Unknown","Regular","Unknown","Unknown","no_match","No sufficiently specific candidate identified in the two Dynamite catalog files.","Unknown","Manufacturer or UPC/model, exact package/variant and corresponding photo/video.","827","830","830","Items","828","identity_confirmation_needed","","Unknown","Unknown","","""821600012039"" fireworks | Smoke Artillery Shell  fireworks manufacturer","https://www.fishermanpyro.com/ | https://www.reddit.com/r/fireworks/comments/vhir9q","Name/presentation research returned candidates (including ""Fireworks, Artillery Shell, Cake fireworks, Fireworks manufacture-FISHERMAN PYROTECHNICS""), but no consulted product page establishes the Square code 821600012039, brand and exact variant together. The Dynamite name candidates remain unconfirmed.","Provide the exact Rockwall package photograph and readable manufacturer/UPC plus retail count; do not approve by name alone."
"AIIEVSFXVBRCO47FLHGNO2Z7","821600002030","","Smoke Balls","Smoke Balls","Unknown","Unknown","Regular","Unknown","Unknown","no_match","No sufficiently specific candidate identified in the two Dynamite catalog files.","Unknown","Manufacturer or UPC/model, exact package/variant and corresponding photo/video.","828","831","831","Items","829","identity_confirmation_needed","","Unknown","Unknown","","""821600002030"" fireworks | Smoke Balls  fireworks manufacturer","https://www.pirotechnik.pl/smoke-balls-zestaw-12-sztuk.html | https://fajerwerkibiegun.pl/gb/smoke-bombs/1068-smoke-balls--5901721795341.html | https://www.redapplefireworks.com/collections/smoke | https://www.redrhinofireworks.com/wp-content/uploads/2025/01/RRFW-2025-catalog_WEB.pdf | https://www.shogunvulcan.com/product/snov2040-smoke-grenade","Name/presentation research returned candidates (including ""Smoke Balls Zestaw 72 sztuk - hurtownia fajerwerków - sklep internetowy Dragon""), but no consulted product page establishes the Square code 821600002030, brand and exact variant together. The Dynamite name candidates remain unconfirmed.","Provide the exact Rockwall package photograph and readable manufacturer/UPC plus retail count; do not approve by name alone."
"DKB6UEB67H55UXXAKHRGO4Q2","887946021036","","Smoke Balls Box 72 Pieces","Smoke Balls Box 72 Pieces","Unknown","Unknown","Regular","Unknown","Unknown","no_match","No sufficiently specific candidate identified in the two Dynamite catalog files.","Unknown","Manufacturer or UPC/model, exact package/variant and corresponding photo/video.","829","832","832","Items","830","identity_confirmation_needed","","Unknown","Unknown","","""887946021036"" fireworks | Smoke Balls Box 72 Pieces  fireworks manufacturer","https://www.pirotechnik.pl/smoke-balls-zestaw-12-sztuk.html | https://fajerwerkibiegun.pl/gb/smoke-bombs/1068-smoke-balls--5901721795341.html | https://www.redapplefireworks.com/collections/smoke | https://www.redrhinofireworks.com/wp-content/uploads/2025/01/RRFW-2025-catalog_WEB.pdf","Name/presentation research returned candidates (including ""Smoke Balls Zestaw 72 sztuk - hurtownia fajerwerków - sklep internetowy Dragon""), but no consulted product page establishes the Square code 887946021036, brand and exact variant together. The Dynamite name candidates remain unconfirmed.","Provide the exact Rockwall package photograph and readable manufacturer/UPC plus retail count; do not approve by name alone."
"I3FAHXWTEBSV74DBN47OSRTC","027736035564","","Smoke Grenade","Smoke Grenade","Unknown","Unknown","Regular","Unknown","Unknown","no_match","No sufficiently specific candidate identified in the two Dynamite catalog files.","Unknown","Manufacturer or UPC/model, exact package/variant and corresponding photo/video.","830","833","833","Items","831","identity_confirmation_needed","","Unknown","Unknown","","""027736035564"" fireworks | Smoke Grenade  fireworks manufacturer","https://www.shogunvulcan.com/product/snov2040-smoke-grenade | https://en.wikipedia.org/wiki/M18_smoke_grenade | https://en.wikipedia.org/wiki/Smoke_grenade | https://en.wikipedia.org/wiki/FSL-02_smoke_grenade | https://www.championfireworks.com/application/assorted-smoke-ball","Name/presentation research returned candidates (including ""SNOV2040 SMOKE GRENADE - Smoke & Snakes - USA Consumer Fireworks - Smoke & Snakes - USA Consumer Fireworks - SHOGUN | VULCAN fireworks manufacturer""), but no consulted product page establishes the Square code 027736035564, brand and exact variant together. The Dynamite name candidates remain unconfirmed.","Provide the exact Rockwall package photograph and readable manufacturer/UPC plus retail count; do not approve by name alone."
"VI6MKFDJY44SCVZ2HFWQG53R","8145270186817","","Smoke Grenade  2pc BOGO","Smoke Grenade 2pc","Unknown","Unknown","Regular","Unknown","2pc","no_match","No sufficiently specific candidate identified in the two Dynamite catalog files.","Unknown","Manufacturer or UPC/model, exact package/variant and corresponding photo/video.","831","834","834","Items","832","identity_confirmation_needed","","Unknown","Unknown","","""8145270186817"" fireworks | Smoke Grenade 2pc  fireworks manufacturer","https://www.shogunvulcan.com/product/snov2046-pulling-color-smoke-grenade | https://www.wincofireworks.com/product/smoke-grenade-pull-string/ | https://pindad.org/gt6as-colored-smoke-hand-grenade | https://en.wikipedia.org/wiki/M18_smoke_grenade | https://en.wikipedia.org/wiki/AN-M8_smoke_grenade","Name/presentation research returned candidates (including ""SNOV2046 PULLING COLOR SMOKE GRENADE - Smoke & Snakes - USA Consumer Fireworks - Smoke & Snakes - USA Consumer Fireworks - SHOGUN | VULCAN fireworks manufacturer""), but no consulted product page establishes the Square code 8145270186817, brand and exact variant together. The Dynamite name candidates remain unconfirmed.","Provide the exact Rockwall package photograph and readable manufacturer/UPC plus retail count; do not approve by name alone."
"JJYGWFKEJPWNWFZJ4SFH67SB","725272730751","","Smoke Grenade Color Pull Pin","Smoke Grenade Color Pull Pin","Unknown","Unknown","Regular","Unknown","Unknown","no_match","No sufficiently specific candidate identified in the two Dynamite catalog files.","Unknown","Manufacturer or UPC/model, exact package/variant and corresponding photo/video.","832","835","835","Items","833","identity_confirmation_needed","","Unknown","Unknown","","""725272730751"" fireworks | Smoke Grenade Color Pull Pin  fireworks manufacturer","https://www.shogunvulcan.com/product/snov2046-pulling-color-smoke-grenade | https://www.wincofireworks.com/product/smoke-grenade-pull-string/ | https://www.t-skyfireworks.com/products/pull-string-color-smoke-grenades/ | https://en.wikipedia.org/wiki/M18_smoke_grenade | https://rkmfireworks.net/color-smoke-grenades-1-6/","Name/presentation research returned candidates (including ""SNOV2046 PULLING COLOR SMOKE GRENADE - Smoke & Snakes - USA Consumer Fireworks - Smoke & Snakes - USA Consumer Fireworks - SHOGUN | VULCAN fireworks manufacturer""), but no consulted product page establishes the Square code 725272730751, brand and exact variant together. The Dynamite name candidates remain unconfirmed.","Provide the exact Rockwall package photograph and readable manufacturer/UPC plus retail count; do not approve by name alone."
"Y5KJZEMQ3YT2HSORELWNXMQA","887946050234","","Snake Package","Snake Package","Unknown","Unknown","Regular","Unknown","Unknown","no_match","No sufficiently specific candidate identified in the two Dynamite catalog files.","Unknown","Manufacturer or UPC/model, exact package/variant and corresponding photo/video.","833","836","836","Items","834","no_verified_identity","","Unknown","Unknown","","""887946050234"" fireworks | Snake Package  fireworks manufacturer","https://en.wikipedia.org/wiki/Black_snake_%28firework%29","Code and name/presentation searches did not establish an exact product for Square ""Snake Package"" / ""Regular"" (code 887946050234). No verified manufacturer/package image or exact model was found; generic/store identifiers cannot determine identity.","Provide the exact Rockwall package photograph and readable manufacturer/UPC plus retail count; do not approve by name alone."
"CQWQUWJGDGP4XMUTBNF6CVHN","600000085009","","Snappers","Snappers","Unknown","Unknown","Regular","Unknown","Unknown","no_match","No sufficiently specific candidate identified in the two Dynamite catalog files.","Unknown","Manufacturer or UPC/model, exact package/variant and corresponding photo/video.","835","838","838","Items","836","no_verified_identity","","Unknown","Unknown","","""600000085009"" fireworks | Snappers  fireworks manufacturer","","Code and name/presentation searches did not establish an exact product for Square ""Snappers"" / ""Regular"" (code 600000085009). No verified manufacturer/package image or exact model was found; generic/store identifiers cannot determine identity.","Provide the exact Rockwall package photograph and readable manufacturer/UPC plus retail count; do not approve by name alone."
"UBCURPSLOYG22MXQUSCEACJ2","8145270186213","","Snappers BOGO","Snappers","Unknown","Unknown","Regular","Unknown","Unknown","no_match","No sufficiently specific candidate identified in the two Dynamite catalog files.","Unknown","Manufacturer or UPC/model, exact package/variant and corresponding photo/video.","836","839","839","Items","837","identified_missing_image","","Unknown","Unknown","","""8145270186213"" fireworks | Snappers - Large Box Cutting Edge official fireworks manufacturer","https://usa-fireworks.com/products/novelty/snappers-large-box/ | https://cuttingedgefireworks.com/ | https://usa-fireworks.com/products/novelty/snappers/","Cutting Edge Snappers UPC 814527018621 / 340 / 40-count identity is known. The available candidate is a wholesale display rather than an isolated forty-count consumer package.","Exact complete 40-count retail box photo, without wholesale display branding or added units."
"2AARIAYAE44WQKSSNH7V2PBO","","888000085001","Snaps BOGO","Snaps","Unknown","Unknown","Regular","Unknown","Unknown","no_match","No sufficiently specific candidate identified in the two Dynamite catalog files.","Unknown","Manufacturer or UPC/model, exact package/variant and corresponding photo/video.","837","840","840","Items","838","identity_confirmation_needed","","Unknown","Unknown","","""888000085001"" fireworks | Snaps  fireworks manufacturer","https://www.shogunvulcan.com/product/st8500-snappers | https://millerfireworks.com/product-category/snaps/ | https://www.redapplefireworks.com/collections/snaps | https://ocfireworks.com/snaps/ | https://en.wikipedia.org/wiki/Bang_snaps","Name/presentation research returned candidates (including ""ST8500 SNAPPERS - Party Poppers & Snaps - USA Consumer Fireworks - Party Poppers & Snaps - USA Consumer Fireworks - SHOGUN | VULCAN fireworks manufacturer""), but no consulted product page establishes the Square code 888000085001, brand and exact variant together. The Dynamite name candidates remain unconfirmed.","Provide the exact Rockwall package photograph and readable manufacturer/UPC plus retail count; do not approve by name alone."
"4R67JJWNKKF3QWUW3XTFBMFB","8145270163214","","Sniper 24 Shells","Sniper 24 Shells","Unknown","Unknown","Regular","Unknown","24 Shells","no_match","No sufficiently specific candidate identified in the two Dynamite catalog files.","Unknown","Manufacturer or UPC/model, exact package/variant and corresponding photo/video.","838","841","841","Items","839","candidate_requires_package_review","","Unknown","Unknown","","""8145270163214"" fireworks | Sniper Cutting Edge official fireworks manufacturer","https://staging.usa-fireworks.com/products/artillery-shells/sniper/ | https://usa-fireworks.com/products/artillery-shells/sniper/ | https://americanwholesalefireworks.com/sniper/ | https://cuttingedgefireworks.com/","Code 8145270163214 occurs in the retrieved product/source ""Sniper | 24 Shot Canister"". Square records ""Sniper 24 Shells"" / ""Regular""; this is a candidate, not a confirmed retail-package crosswalk. Inspected reference https://staging.usa-fireworks.com/wp-content/uploads/2024/11/original-1202.jpeg ([296, 452]); its background is opaque and no faithful transparent exact-unit resource was approved.","Provide the exact Rockwall package photograph and readable manufacturer/UPC plus retail count; do not approve by name alone."
"QT4SJRW6RTVNYE3I2OXOAM4Q","821600011261","","Snow Cone Fountain","Snow Cone Fountain","Unknown","Fountains","Regular","Unknown","Unknown","probable","Name identifies a candidate only; manufacturer and exact presentation have not been established.","products.json[114] Snow Cone / Winda / /products/snow-cone.png","Manufacturer or UPC/model, exact package/variant and corresponding photo/video.","841","844","844","Items","842","identity_confirmation_needed","","Unknown","Unknown","","""821600011261"" fireworks | Snow Cone Fountain  fireworks manufacturer","https://flashingfireworks.com/products/giant-snow-cone-fountain | https://www.reddit.com/r/fireworks/comments/1jhqkjo/is_winda_snow_cone_the_best_fountain/","Name/presentation research returned candidates (including ""Giant Snow Cone Fountain | Fountains | Flashing Fireworks""), but no consulted product page establishes the Square code 821600011261, brand and exact variant together. The Dynamite name candidates remain unconfirmed.","Provide the exact Rockwall package photograph and readable manufacturer/UPC plus retail count; do not approve by name alone."
"WAAAG3RM5BHMZNQJ6PELW6V3","132191819472","","Snowcone","Snowcone","Unknown","Fountains","Regular","Unknown","Unknown","probable","Name identifies a candidate only; manufacturer and exact presentation have not been established.","products.json[114] Snow Cone / Winda / /products/snow-cone.png | products.json[184] Handheld Snow Cone / Winda / /products/handheld-snow-cone.png","Manufacturer or UPC/model, exact package/variant and corresponding photo/video.","842","845","845","Items","843","no_verified_identity","","Unknown","Unknown","","""132191819472"" fireworks | Snowcone  fireworks manufacturer","","Code and name/presentation searches did not establish an exact product for Square ""Snowcone"" / ""Regular"" (code 132191819472). No verified manufacturer/package image or exact model was found; generic/store identifiers cannot determine identity.","Provide the exact Rockwall package photograph and readable manufacturer/UPC plus retail count; do not approve by name alone."
"HWSLHV2QS7CBXJJXIS6GPRY7","705108309733","","Snowcone","Snowcone","Unknown","Fountains","Regular","Unknown","Unknown","probable","Name identifies a candidate only; manufacturer and exact presentation have not been established.","products.json[114] Snow Cone / Winda / /products/snow-cone.png | products.json[184] Handheld Snow Cone / Winda / /products/handheld-snow-cone.png","Manufacturer or UPC/model, exact package/variant and corresponding photo/video.","843","846","846","Items","844","no_verified_identity","","Unknown","Unknown","","""705108309733"" fireworks","","Code and name/presentation searches did not establish an exact product for Square ""Snowcone"" / ""Regular"" (code 705108309733). No verified manufacturer/package image or exact model was found; generic/store identifiers cannot determine identity.","Provide the exact Rockwall package photograph and readable manufacturer/UPC plus retail count; do not approve by name alone."
"7HSTZSPFLZOBUPYELG63T6TG","705108309740","","Snowcone Individual","Snowcone Individual","Unknown","Fountains","Regular","Unknown","Unknown","probable","Name identifies a candidate only; manufacturer and exact presentation have not been established.","products.json[114] Snow Cone / Winda / /products/snow-cone.png","Manufacturer or UPC/model, exact package/variant and corresponding photo/video.","844","847","847","Items","845","data_conflict","","Unknown","Unknown","","""705108309740"" fireworks | Snow Cone Jr Winda official fireworks manufacturer","https://beta2024.usa-fireworks.com/products/fountains/fountains-200-gram/product-1395-variation-4/ | https://www.superiorfireworks.com/retail/product/cp3097/snow-cone-jr | https://www.elitefireworks.com/products/snow-cone-junior | https://usa-fireworks.com/products/fountains/snow-cone-jr/","The Winda Snow Cone Jr family is known, but the Square names indicate individual/tiny units while reference UPC listings describe a four-variety pack. The exact sale unit and color remain unresolved; the published four-pack must not be duplicated as these two records.","Confirm retail unit/count and UPC/color from Rockwall packaging, then acquire its exact photograph."
"56UUUYAARKPLGMOGR523LF2P","887946041218","","Soda Foundation","Soda Foundation","Unknown","Fountains","Regular","Unknown","Unknown","no_match","No sufficiently specific candidate identified in the two Dynamite catalog files.","Unknown","Manufacturer or UPC/model, exact package/variant and corresponding photo/video.","845","848","848","Items","846","no_verified_identity","","Unknown","Unknown","","""887946041218"" fireworks | Soda Foundation  fireworks manufacturer","","Code and name/presentation searches did not establish an exact product for Square ""Soda Foundation"" / ""Regular"" (code 887946041218). No verified manufacturer/package image or exact model was found; generic/store identifiers cannot determine identity.","Provide the exact Rockwall package photograph and readable manufacturer/UPC plus retail count; do not approve by name alone."
"DV3XLNU5AXWRHKJTQQ7FF4AU","","841527160361","Sound of Moo-sic","Sound of Moo-sic","Unknown","Fountains","Regular","Unknown","Unknown","no_match","No sufficiently specific candidate identified in the two Dynamite catalog files.","Unknown","Manufacturer or UPC/model, exact package/variant and corresponding photo/video.","847","850","850","Items","848","no_verified_identity","","Unknown","Unknown","","""841527160361"" fireworks | Sound of Moo-sic  fireworks manufacturer","","Code and name/presentation searches did not establish an exact product for Square ""Sound of Moo-sic"" / ""Regular"" (code 841527160361). No verified manufacturer/package image or exact model was found; generic/store identifiers cannot determine identity.","Provide the exact Rockwall package photograph and readable manufacturer/UPC plus retail count; do not approve by name alone."
"EOQSDKHNYNKDGEYU7SYZDMGF","805253407923","","Space Cowboy Bogo","Space Cowboy","Unknown","Unknown","Regular","Unknown","Unknown","no_match","No sufficiently specific candidate identified in the two Dynamite catalog files.","Unknown","Manufacturer or UPC/model, exact package/variant and corresponding photo/video.","848","851","851","Items","849","candidate_requires_package_review","","Unknown","Unknown","","""805253407923"" fireworks | Space Cowboy World Class official fireworks manufacturer","https://beta2024.usa-fireworks.com/products/new-products/space-cowboy/","Code 805253407923 occurs in the retrieved product/source ""Space Cowboy"". Square records ""Space Cowboy Bogo"" / ""Regular""; this is a candidate, not a confirmed retail-package crosswalk. Inspected reference https://beta2024.usa-fireworks.com/wp-content/uploads/2024/02/original-8.jpeg ([494, 239]); its background is opaque and no faithful transparent exact-unit resource was approved.","Provide the exact Rockwall package photograph and readable manufacturer/UPC plus retail count; do not approve by name alone."
"ZXRSIXTYSH6M7CLJQKS7SNB5","705108202706","","Space Falcon (5 sticks)","Space Falcon (5 sticks)","Unknown","Stick Rockets","Regular","Unknown","5 sticks","no_match","No sufficiently specific candidate identified in the two Dynamite catalog files.","Unknown","Manufacturer or UPC/model, exact package/variant and corresponding photo/video.","849","852","852","Items","850","no_verified_identity","","Unknown","Unknown","","Compared code against official Winco UPC reference | Space Falcon (5 sticks) L473@P41: Rockets ARP2027 Space Falcon (705108202706) fireworks manufacturer","","Code and name/presentation searches did not establish an exact product for Square ""Space Falcon (5 sticks)"" / ""Regular"" (code 705108202706). No verified manufacturer/package image or exact model was found; generic/store identifiers cannot determine identity.","Provide the exact Rockwall package photograph and readable manufacturer/UPC plus retail count; do not approve by name alone."
"2RKQ6XDDPPDOXSVF547EXY62","849107065051","","Space Junk","Space Junk","Unknown","Roman Candles","Regular","Unknown","Unknown","no_match","No sufficiently specific candidate identified in the two Dynamite catalog files.","Unknown","Manufacturer or UPC/model, exact package/variant and corresponding photo/video.","850","853","853","Items","851","no_verified_identity","","Unknown","Unknown","","""849107065051"" fireworks | Space Junk  fireworks manufacturer","","Code and name/presentation searches did not establish an exact product for Square ""Space Junk"" / ""Regular"" (code 849107065051). No verified manufacturer/package image or exact model was found; generic/store identifiers cannot determine identity.","Provide the exact Rockwall package photograph and readable manufacturer/UPC plus retail count; do not approve by name alone."
"YNMK7ZJZKNRBPDU6JK7AJRT3","","687985322411","Spangled Sparklers","Spangled Sparklers","Unknown","Unknown","Regular","Unknown","Unknown","no_match","No sufficiently specific candidate identified in the two Dynamite catalog files.","Unknown","Manufacturer or UPC/model, exact package/variant and corresponding photo/video.","851","854","854","Items","852","no_verified_identity","","Unknown","Unknown","","""687985322411"" fireworks | Spangled Sparklers  fireworks manufacturer","https://www.asoksparklers.com/ | https://www.kaliswari-fireworks.com/profile.html | https://www.broadfireworks.com/application/sparklers | https://www.vaigaisparklers.in/ | https://www.topgunfireworks.com/sparklers.html","Code and name/presentation searches did not establish an exact product for Square ""Spangled Sparklers"" / ""Regular"" (code 687985322411). No verified manufacturer/package image or exact model was found; generic/store identifiers cannot determine identity.","Provide the exact Rockwall package photograph and readable manufacturer/UPC plus retail count; do not approve by name alone."
"TMJFW6QOYHZPIJO2AYYQES7X","6950165424101","","Sparklers Bogo","Sparklers","Unknown","Unknown","Regular","Unknown","Unknown","no_match","No sufficiently specific candidate identified in the two Dynamite catalog files.","Unknown","Manufacturer or UPC/model, exact package/variant and corresponding photo/video.","852","855","855","Items","853","identity_confirmation_needed","","Unknown","Unknown","","""6950165424101"" fireworks | Sparklers  fireworks manufacturer","https://www.asoksparklers.com/ | https://www.kaliswari-fireworks.com/profile.html | https://www.broadfireworks.com/application/sparklers | https://www.vaigaisparklers.in/ | https://www.topgunfireworks.com/sparklers.html","Name/presentation research returned candidates (including ""Asoksparklers|Sparklers Fireworks|Sparklers Wholesale Online""), but no consulted product page establishes the Square code 6950165424101, brand and exact variant together. The Dynamite name candidates remain unconfirmed.","Provide the exact Rockwall package photograph and readable manufacturer/UPC plus retail count; do not approve by name alone."
"CPOOOXF72UNGR6EWAXHK26JF","849107066041","","Sparklers Bogo","Sparklers","Unknown","Unknown","Regular","Unknown","Unknown","no_match","No sufficiently specific candidate identified in the two Dynamite catalog files.","Unknown","Manufacturer or UPC/model, exact package/variant and corresponding photo/video.","853","856","856","Items","854","identity_confirmation_needed","","Unknown","Unknown","","""849107066041"" fireworks | Sparklers  fireworks manufacturer","https://www.asoksparklers.com/ | https://www.kaliswari-fireworks.com/profile.html | https://www.broadfireworks.com/application/sparklers | https://www.vaigaisparklers.in/ | https://www.topgunfireworks.com/sparklers.html","Name/presentation research returned candidates (including ""Asoksparklers|Sparklers Fireworks|Sparklers Wholesale Online""), but no consulted product page establishes the Square code 849107066041, brand and exact variant together. The Dynamite name candidates remain unconfirmed.","Provide the exact Rockwall package photograph and readable manufacturer/UPC plus retail count; do not approve by name alone."
"MUEHSXEB6KR5V6ISJ5TUEKHJ","849107066041","","Sparklers Bogo","Sparklers","Unknown","Unknown","Sparklers No.8 BOGO","Sparklers No.8 BOGO","Unknown","no_match","No sufficiently specific candidate identified in the two Dynamite catalog files.","Unknown","Manufacturer or UPC/model, exact package/variant and corresponding photo/video.","854","857","857","Items","855","no_verified_identity","","Unknown","Unknown","","""849107066041"" fireworks | Sparklers Sparklers No.8 BOGO fireworks manufacturer","","Code and name/presentation searches did not establish an exact product for Square ""Sparklers Bogo"" / ""Sparklers No.8 BOGO"" (code 849107066041). No verified manufacturer/package image or exact model was found; generic/store identifiers cannot determine identity.","Provide the exact Rockwall package photograph and readable manufacturer/UPC plus retail count; do not approve by name alone."
"3XPUBX5CD2SO5BXJAVK5D4PW","8052532451517","","Stars and Stripes Family Pack","Stars and Stripes Family Pack","Unknown","Family Pack Assortments","Regular","Unknown","Unknown","no_match","No sufficiently specific candidate identified in the two Dynamite catalog files.","Unknown","Manufacturer or UPC/model, exact package/variant and corresponding photo/video.","857","860","860","Items","858","identity_confirmation_needed","","Unknown","Unknown","","""8052532451517"" fireworks","https://usa-fireworks.com/products/assortments/stars-stripes/","Name/presentation research returned candidates (including ""Stars & Stripes - Assortment - USA Fireworks!""), but no consulted product page establishes the Square code 8052532451517, brand and exact variant together. The Dynamite name candidates remain unconfirmed.","Provide the exact Rockwall package photograph and readable manufacturer/UPC plus retail count; do not approve by name alone."
"Z3WW4AQIC4ZXLQNTMA3PKJAT","","841527142022","Steel Titan Mortar","Steel Titan Mortar","Unknown","Roman Candles","Regular","Unknown","Unknown","no_match","No sufficiently specific candidate identified in the two Dynamite catalog files.","Unknown","Manufacturer or UPC/model, exact package/variant and corresponding photo/video.","859","862","862","Items","860","no_verified_identity","","Unknown","Unknown","","""841527142022"" fireworks","","Code and name/presentation searches did not establish an exact product for Square ""Steel Titan Mortar"" / ""Regular"" (code 841527142022). No verified manufacturer/package image or exact model was found; generic/store identifiers cannot determine identity.","Provide the exact Rockwall package photograph and readable manufacturer/UPC plus retail count; do not approve by name alone."
"2BN5Z4GKQHHACJ6BQHH7XB4Y","8052530010914","","Stellar Jets (4 sticks)","Stellar Jets (4 sticks)","Unknown","Stick Rockets","Regular","Unknown","4 sticks","no_match","No sufficiently specific candidate identified in the two Dynamite catalog files.","Unknown","Manufacturer or UPC/model, exact package/variant and corresponding photo/video.","860","863","863","Items","861","candidate_requires_package_review","","Unknown","Unknown","","""8052530010914"" fireworks | Stellar Jets World Class official fireworks manufacturer","https://usa-fireworks.com/products/missiles-rockets/stellar-jets-4-pack/ | https://ocfireworks.com/stellar-jets-rockets-4pk/ | https://shop.intergalacticfireworks.com/stellar-jets.html","Code 8052530010914 occurs in the retrieved product/source ""Stellar Jets | Pack of 4 Rockets"". Square records ""Stellar Jets (4 sticks)"" / ""Regular""; this is a candidate, not a confirmed retail-package crosswalk. Inspected reference https://usa-fireworks.com/wp-content/uploads/2026/09/original-13.jpg ([400, 400]); its background is opaque and no faithful transparent exact-unit resource was approved.","Provide the exact Rockwall package photograph and readable manufacturer/UPC plus retail count; do not approve by name alone."
"LZUI6FBWEPODZ6FYNPMSTRRG","900007622062","","Stinger Rockets","Stinger Rockets","Unknown","Unknown","Regular","Unknown","Unknown","no_match","No sufficiently specific candidate identified in the two Dynamite catalog files.","Unknown","Manufacturer or UPC/model, exact package/variant and corresponding photo/video.","861","864","864","Items","862","no_verified_identity","","Unknown","Unknown","","""900007622062"" fireworks | Stinger Rockets  fireworks manufacturer","https://www.kaliswari-fireworks.com/profile.html","Code and name/presentation searches did not establish an exact product for Square ""Stinger Rockets"" / ""Regular"" (code 900007622062). No verified manufacturer/package image or exact model was found; generic/store identifiers cannot determine identity.","Provide the exact Rockwall package photograph and readable manufacturer/UPC plus retail count; do not approve by name alone."
"6ORG5JYKG6FPBMH67P7UPR3E","887946003438","","Striking Rainbow","Striking Rainbow","Unknown","Unknown","Regular","Unknown","Unknown","no_match","No sufficiently specific candidate identified in the two Dynamite catalog files.","Unknown","Manufacturer or UPC/model, exact package/variant and corresponding photo/video.","863","866","866","Items","864","no_verified_identity","","Unknown","Unknown","","""887946003438"" fireworks","","Code and name/presentation searches did not establish an exact product for Square ""Striking Rainbow"" / ""Regular"" (code 887946003438). No verified manufacturer/package image or exact model was found; generic/store identifiers cannot determine identity.","Provide the exact Rockwall package photograph and readable manufacturer/UPC plus retail count; do not approve by name alone."
"JHTD4RDJXZMEZNERSG7EXBGP","757201530392","","Sudden Crisis 30 Shot","Sudden Crisis 30 Shot","Unknown","Unknown","Regular","Unknown","30 Shot","no_match","No sufficiently specific candidate identified in the two Dynamite catalog files.","Unknown","Manufacturer or UPC/model, exact package/variant and corresponding photo/video.","866","869","869","Items","867","data_conflict","","Unknown","Unknown","","""757201530392"" fireworks | Sudden Crisis 30 Shot  fireworks manufacturer","","Square explicitly says Sudden Crisis 30 Shot, while the official candidate lists 90 shots. Keep the record pending rather than changing its quantity.","Provide the exact Rockwall package photograph and readable manufacturer/UPC plus retail count; do not approve by name alone."
"WM5U5WA7YOACC752AX5JMVOI","681402053988","","Sugar Skull 6"" Artillery Shells 6 Pack","Sugar Skull 6"" Artillery Shells 6 Pack","Unknown","6 Pack Artillery Shells 5""\, 6""","Sugar Skull","Sugar Skull","6"" | 6 Pack","no_match","No sufficiently specific candidate identified in the two Dynamite catalog files.","Unknown","Manufacturer or UPC/model, exact package/variant and corresponding photo/video.","868","871","871","Items","869","identity_confirmation_needed","","Unknown","Unknown","","""681402053988"" fireworks | Sugar Skull 6"" Artillery Shells 6 Pack Sugar Skull fireworks manufacturer","https://www.redapplefireworks.com/products/sugar-skulls-6-inch-xxl-canister-shells | https://fireworkstore.com/products/skull-crusher-crackling-artillery-shells | https://www.reddit.com/r/fireworks/comments/1e3n84o","Name/presentation research returned candidates (including ""Buy Shop Sugar Skulls® 6 Inch XXL™ Canister Shell Fireworks Online""), but no consulted product page establishes the Square code 681402053988, brand and exact variant together. The Dynamite name candidates remain unconfirmed.","Provide the exact Rockwall package photograph and readable manufacturer/UPC plus retail count; do not approve by name alone."
"TAYKK7F435S57FPDLPJYV3OZ","681402054008","","Sugar Skull 6"" Artillery Shells 6 Pack","Sugar Skull 6"" Artillery Shells 6 Pack","Unknown","6 Pack Artillery Shells 5""\, 6""","Sugar Skull","Sugar Skull","6"" | 6 Pack","no_match","No sufficiently specific candidate identified in the two Dynamite catalog files.","Unknown","Manufacturer or UPC/model, exact package/variant and corresponding photo/video.","869","872","872","Items","870","identity_confirmation_needed","","Unknown","Unknown","","""681402054008"" fireworks | Sugar Skull 6"" Artillery Shells 6 Pack Sugar Skull fireworks manufacturer","https://www.redapplefireworks.com/products/sugar-skulls-6-inch-xxl-canister-shells | https://fireworkstore.com/products/skull-crusher-crackling-artillery-shells | https://www.reddit.com/r/fireworks/comments/1e3n84o","Name/presentation research returned candidates (including ""Buy Shop Sugar Skulls® 6 Inch XXL™ Canister Shell Fireworks Online""), but no consulted product page establishes the Square code 681402054008, brand and exact variant together. The Dynamite name candidates remain unconfirmed.","Provide the exact Rockwall package photograph and readable manufacturer/UPC plus retail count; do not approve by name alone."
"KCBDFWX3QDQK5IQPOL2VZJ7D","681402053971","","Sugar Skull 6"" Artillery Shells 6 Pack","Sugar Skull 6"" Artillery Shells 6 Pack","Unknown","6 Pack Artillery Shells 5""\, 6""","Sugar Skull","Sugar Skull","6"" | 6 Pack","no_match","No sufficiently specific candidate identified in the two Dynamite catalog files.","Unknown","Manufacturer or UPC/model, exact package/variant and corresponding photo/video.","870","873","873","Items","871","identity_confirmation_needed","","Unknown","Unknown","","""681402053971"" fireworks | Sugar Skull 6"" Artillery Shells 6 Pack Sugar Skull fireworks manufacturer","https://www.redapplefireworks.com/products/sugar-skulls-6-inch-xxl-canister-shells | https://fireworkstore.com/products/skull-crusher-crackling-artillery-shells | https://www.reddit.com/r/fireworks/comments/1e3n84o","Name/presentation research returned candidates (including ""Buy Shop Sugar Skulls® 6 Inch XXL™ Canister Shell Fireworks Online""), but no consulted product page establishes the Square code 681402053971, brand and exact variant together. The Dynamite name candidates remain unconfirmed.","Provide the exact Rockwall package photograph and readable manufacturer/UPC plus retail count; do not approve by name alone."
"J3U233NEV6JWQT66GGKT72MN","681402053995","","Sugar Skull 6"" Artillery Shells 6 Pack","Sugar Skull 6"" Artillery Shells 6 Pack","Unknown","6 Pack Artillery Shells 5""\, 6""","Sugar Skull","Sugar Skull","6"" | 6 Pack","no_match","No sufficiently specific candidate identified in the two Dynamite catalog files.","Unknown","Manufacturer or UPC/model, exact package/variant and corresponding photo/video.","871","874","874","Items","872","identity_confirmation_needed","","Unknown","Unknown","","""681402053995"" fireworks | Sugar Skull 6"" Artillery Shells 6 Pack Sugar Skull fireworks manufacturer","https://www.redapplefireworks.com/products/sugar-skulls-6-inch-xxl-canister-shells | https://fireworkstore.com/products/skull-crusher-crackling-artillery-shells | https://www.reddit.com/r/fireworks/comments/1e3n84o","Name/presentation research returned candidates (including ""Buy Shop Sugar Skulls® 6 Inch XXL™ Canister Shell Fireworks Online""), but no consulted product page establishes the Square code 681402053995, brand and exact variant together. The Dynamite name candidates remain unconfirmed.","Provide the exact Rockwall package photograph and readable manufacturer/UPC plus retail count; do not approve by name alone."
"B5TEHG6TB4E35SHGLJC73JTO","816597940212","","Super Jumbo Crackling Balls","Super Jumbo Crackling Balls","Unknown","Unknown","Regular","Unknown","Unknown","no_match","No sufficiently specific candidate identified in the two Dynamite catalog files.","Unknown","Manufacturer or UPC/model, exact package/variant and corresponding photo/video.","873","876","876","Items","874","identity_confirmation_needed","","Unknown","Unknown","","""816597940212"" fireworks | Super Jumbo Crackling Balls  fireworks manufacturer","https://www.spfireworks.com/products_detail_1/765.html | https://www.jakesfireworks.com/firework/crackling-balls-jumbo/ | https://shop.ahlers-pyrotechnik.de/produkt/pyrocentury-jumbo-crackling-balls/ | https://feuerwerk-bunde.de/jumbo-crackling-balls/ | https://elevatedfireworks.com/products/jumbo-crackling-ball-3-pack","Name/presentation research returned candidates (including ""SUPER JUMBO CRACKLING BALLS-Liuyang China Supreme Fireworks Factory""), but no consulted product page establishes the Square code 816597940212, brand and exact variant together. The Dynamite name candidates remain unconfirmed.","Provide the exact Rockwall package photograph and readable manufacturer/UPC plus retail count; do not approve by name alone."
"YSJXWKAANWCTCMQCEY3JQUXK","715244003365","","Super Snap Bogo","Super Snap","Unknown","Unknown","Regular","Unknown","Unknown","no_match","No sufficiently specific candidate identified in the two Dynamite catalog files.","Unknown","Manufacturer or UPC/model, exact package/variant and corresponding photo/video.","875","878","878","Items","876","no_verified_identity","","Unknown","Unknown","","Compared code against official Winco UPC reference | Super Snap Bogo L426@P37: Novelty Items NVBC336B BC Super Snaps - Small (715244003365) fireworks manufacturer","","Code and name/presentation searches did not establish an exact product for Square ""Super Snap Bogo"" / ""Regular"" (code 715244003365). No verified manufacturer/package image or exact model was found; generic/store identifiers cannot determine identity.","Provide the exact Rockwall package photograph and readable manufacturer/UPC plus retail count; do not approve by name alone."
"IUWUWRCHEBGYJ5VIM5ZNCDV3","757202120028","","Super dragon Fountain","Super dragon Fountain","Unknown","Fountains","Regular","Unknown","Unknown","no_match","No sufficiently specific candidate identified in the two Dynamite catalog files.","Unknown","Manufacturer or UPC/model, exact package/variant and corresponding photo/video.","877","880","880","Items","878","no_verified_identity","","Unknown","Unknown","","""757202120028"" fireworks | Super dragon Fountain  fireworks manufacturer","https://en.wikipedia.org/wiki/Dragon_Fountain%2C_Copenhagen | https://en.wikipedia.org/wiki/Whampoa_Dragon_Fountain","Code and name/presentation searches did not establish an exact product for Square ""Super dragon Fountain"" / ""Regular"" (code 757202120028). No verified manufacturer/package image or exact model was found; generic/store identifiers cannot determine identity.","Provide the exact Rockwall package photograph and readable manufacturer/UPC plus retail count; do not approve by name alone."
"J5OIPB6TBG4AKLGTG5BA75KD","757201306010","","Supernova 5"" Artillery Shells 6 Pack","Supernova 5"" Artillery Shells 6 Pack","Unknown","6 Pack Artillery Shells 5""\, 6""","Regular","Unknown","5"" | 6 Pack","no_match","No sufficiently specific candidate identified in the two Dynamite catalog files.","Unknown","Manufacturer or UPC/model, exact package/variant and corresponding photo/video.","878","881","881","Items","879","package_review","","Unknown","Unknown","","""757201306010"" fireworks | Supernova Canister Shells  official fireworks manufacturer","https://thefireworkssuperstore.com/shop/supernova-canister-shells | https://www.boomtownfireworks.com/products/5-super-nova-canister-shells-6p/ | https://www.supernovafireworks.ca/pages/professional-fireworks-displays | https://www.elitefireworks.com/products/raccoon-supernova","The current official Supernova model is RA30601C compact; confirm that generation against the Square code before replacing the legacy six-pack.","Provide the exact Rockwall package photograph and readable manufacturer/UPC plus retail count; do not approve by name alone."
"NZZFXOG2QDEBBJWGNJ4F5T3R","887946041133","","Sword","Sword","Unknown","Unknown","Regular","Unknown","Unknown","no_match","No sufficiently specific candidate identified in the two Dynamite catalog files.","Unknown","Manufacturer or UPC/model, exact package/variant and corresponding photo/video.","879","882","882","Items","880","no_verified_identity","","Unknown","Unknown","","""887946041133"" fireworks | Sword  fireworks manufacturer","https://en.wikipedia.org/wiki/Wilkinson_Sword","Code and name/presentation searches did not establish an exact product for Square ""Sword"" / ""Regular"" (code 887946041133). No verified manufacturer/package image or exact model was found; generic/store identifiers cannot determine identity.","Provide the exact Rockwall package photograph and readable manufacturer/UPC plus retail count; do not approve by name alone."
"CFPGEC7FM3M3FLAT3WK62WEY","705108600335","","THAAD 226 Shot Zipper Cake","THAAD 226 Shot Zipper Cake","Unknown","500 GRAM FINALE > 500 GRAM FINALE ZIPPER CAKES","Regular","Unknown","226 Shot","no_match","No sufficiently specific candidate identified in the two Dynamite catalog files.","Unknown","Manufacturer or UPC/model, exact package/variant and corresponding photo/video.","880","883","883","Items","881","data_conflict","","Unknown","Unknown","","Compared code against official Winco UPC reference | THAAD 226 Shot Zipper Cake L103@P9: 500 Gram Zipper Cakes MEWPP-6003 T.H.A.A.D. (705108600335) fireworks manufacturer","","T.H.A.A.D. has incompatible shot counts: Square 226, current supplier 220, and a photographed label 228. No count is selected arbitrarily.","Provide the exact Rockwall package photograph and readable manufacturer/UPC plus retail count; do not approve by name alone."
"XPKESM4NEB7FD7MA2UGKJXXQ","027736000104","","TNT Bag Assortment","TNT Bag Assortment","Unknown","Unknown","Regular","Unknown","Unknown","no_match","No sufficiently specific candidate identified in the two Dynamite catalog files.","Unknown","Manufacturer or UPC/model, exact package/variant and corresponding photo/video.","881","884","884","Items","882","identity_confirmation_needed","","Unknown","Unknown","","""027736000104"" fireworks | TNT Bag Assortment  fireworks manufacturer","https://www.samsclub.com/ip/tnt-fireworks-freedom-assortment/19981024685","Name/presentation research returned candidates (including ""TNT Fireworks Freedom Assortment - Samsclub.com""), but no consulted product page establishes the Square code 027736000104, brand and exact variant together. The Dynamite name candidates remain unconfirmed.","Provide the exact Rockwall package photograph and readable manufacturer/UPC plus retail count; do not approve by name alone."
"JCZP5TQ5GGDI72GS747HROMU","814527308415","","Taking Care Of Business Family Pk","Taking Care Of Business Family Pk","Unknown","Unknown","Regular","Unknown","Unknown","no_match","No sufficiently specific candidate identified in the two Dynamite catalog files.","Unknown","Manufacturer or UPC/model, exact package/variant and corresponding photo/video.","883","886","886","Items","884","no_verified_identity","","Unknown","Unknown","","""814527308415"" fireworks | Taking Care Of Business Family Pk  fireworks manufacturer","","Code and name/presentation searches did not establish an exact product for Square ""Taking Care Of Business Family Pk"" / ""Regular"" (code 814527308415). No verified manufacturer/package image or exact model was found; generic/store identifiers cannot determine identity.","Provide the exact Rockwall package photograph and readable manufacturer/UPC plus retail count; do not approve by name alone."
"YL45J65Z3E5TR6CTQSL6ACA3","816597934273","","Tank","Tank","Unknown","Unknown","Regular","Unknown","Unknown","probable","Name identifies a candidate only; manufacturer and exact presentation have not been established.","products.json[115] Fish Tank / Winda / /products/fish-tank.png | products.json[181] Tank Busters / Winda / /products/tank-busters.png","Manufacturer or UPC/model, exact package/variant and corresponding photo/video.","884","887","887","Items","885","no_verified_identity","","Unknown","Unknown","","""816597934273"" fireworks | Tank  fireworks manufacturer","","Code and name/presentation searches did not establish an exact product for Square ""Tank"" / ""Regular"" (code 816597934273). No verified manufacturer/package image or exact model was found; generic/store identifiers cannot determine identity.","Provide the exact Rockwall package photograph and readable manufacturer/UPC plus retail count; do not approve by name alone."
"7TEE4O7JK2ZG6OINQEOJJTSV","8145270187210","","Tank","Tank","Unknown","Unknown","Tank","Tank","Unknown","probable","Name identifies a candidate only; manufacturer and exact presentation have not been established.","products.json[115] Fish Tank / Winda / /products/fish-tank.png | products.json[181] Tank Busters / Winda / /products/tank-busters.png","Manufacturer or UPC/model, exact package/variant and corresponding photo/video.","885","888","888","Items","886","no_verified_identity","","Unknown","Unknown","","""8145270187210"" fireworks | Tank Tank fireworks manufacturer","","Code and name/presentation searches did not establish an exact product for Square ""Tank"" / ""Tank"" (code 8145270187210). No verified manufacturer/package image or exact model was found; generic/store identifiers cannot determine identity.","Provide the exact Rockwall package photograph and readable manufacturer/UPC plus retail count; do not approve by name alone."
"2KFDHM7PRJCRUR6NIOPWRUXF","285108243850","","Texas Giant Pop Rocket","Texas Giant Pop Rocket","Unknown","Unknown","Regular","Unknown","Unknown","no_match","No sufficiently specific candidate identified in the two Dynamite catalog files.","Unknown","Manufacturer or UPC/model, exact package/variant and corresponding photo/video.","886","889","889","Items","887","identity_confirmation_needed","","Unknown","Unknown","","""285108243850"" fireworks | Texas Giant Pop Rocket  fireworks manufacturer","https://www.tntfireworks.com/fireworks/cat/rockets-missiles/2836-texas-giant-pop-rocket | https://www.firehawkfireworks.com/ProductDetails/2565 | https://www.shogunvulcan.com/product-detail.php?cid=41&fid=2&id=402 | https://www.spfireworks.com/products_detail_1/600.html | https://www.schneitterfireworks.com/product-page/giant-texas-pop-rockets","Name/presentation research returned candidates (including ""Fireworks | TNT Fireworks | TEXAS GIANT POP ROCKET""), but no consulted product page establishes the Square code 285108243850, brand and exact variant together. The Dynamite name candidates remain unconfirmed.","Provide the exact Rockwall package photograph and readable manufacturer/UPC plus retail count; do not approve by name alone."
"NSQKCL7FFBMVVVFCM4EKI7HF","64883100769","","Texas Pop Rocket","Texas Pop Rocket","Unknown","Unknown","Regular","Unknown","Unknown","no_match","No sufficiently specific candidate identified in the two Dynamite catalog files.","Unknown","Manufacturer or UPC/model, exact package/variant and corresponding photo/video.","887","890","890","Items","888","identity_confirmation_needed","","Unknown","Unknown","","""64883100769"" fireworks | Texas Pop Rocket  fireworks manufacturer","https://www.tntfireworks.com/fireworks/cat/rockets-missiles/2836-texas-giant-pop-rocket | https://www.firehawkfireworks.com/ProductDetails/2565 | https://www.shogunvulcan.com/product-detail.php?cid=41&fid=2&id=402 | https://www.spfireworks.com/products_detail_1/600.html | https://www.schneitterfireworks.com/product-page/giant-texas-pop-rockets","Name/presentation research returned candidates (including ""Fireworks | TNT Fireworks | TEXAS GIANT POP ROCKET""), but no consulted product page establishes the Square code 64883100769, brand and exact variant together. The Dynamite name candidates remain unconfirmed.","Provide the exact Rockwall package photograph and readable manufacturer/UPC plus retail count; do not approve by name alone."
"EOCYSNQTWRFGASZDKP4QENU7","020164900053","","Texas Sledgehammer 60 Gram 6 Inch","Texas Sledgehammer 60 Gram 6 Inch","Unknown","Unknown","Regular","Unknown","60 Gram | 6 Inch","no_match","No sufficiently specific candidate identified in the two Dynamite catalog files.","Unknown","Manufacturer or UPC/model, exact package/variant and corresponding photo/video.","888","891","891","Items","889","no_verified_identity","","Unknown","Unknown","","""020164900053"" fireworks | Texas Sledgehammer 60 Gram 6 Inch  fireworks manufacturer","","Code and name/presentation searches did not establish an exact product for Square ""Texas Sledgehammer 60 Gram 6 Inch"" / ""Regular"" (code 020164900053). No verified manufacturer/package image or exact model was found; generic/store identifiers cannot determine identity.","Provide the exact Rockwall package photograph and readable manufacturer/UPC plus retail count; do not approve by name alone."
"KOTKW2PJDLTQA7NWSJVETPLO","652009001085","","The Godfather","The Godfather","Unknown","Family Pack Assortments","Regular","Unknown","Unknown","no_match","No sufficiently specific candidate identified in the two Dynamite catalog files.","Unknown","Manufacturer or UPC/model, exact package/variant and corresponding photo/video.","891","894","894","Items","892","identity_confirmation_needed","","Unknown","Unknown","","Compared code against official Winco UPC reference | The Godfather L272@P24: Assortments ATGOD The Godfather (652009001085) fireworks manufacturer","https://www.firework-mania.com/fireworks/assortments/godfather/","Name/presentation research returned candidates (including ""The Godfather | Assortments | Firework Mania Superstore""), but no consulted product page establishes the Square code 652009001085, brand and exact variant together. The Dynamite name candidates remain unconfirmed.","Provide the exact Rockwall package photograph and readable manufacturer/UPC plus retail count; do not approve by name alone."
"Z6FPCUDLKJMT6XYLGBPTJAKZ","757201530804","","The Hulk Clap 500 Gram","The Hulk Clap 500 Gram","Unknown","500 GRAM FINALE","Regular","Unknown","500 Gram","no_match","No sufficiently specific candidate identified in the two Dynamite catalog files.","Unknown","Manufacturer or UPC/model, exact package/variant and corresponding photo/video.","892","895","895","Items","893","no_verified_identity","","Unknown","Unknown","","""757201530804"" fireworks | The Hulk Clap 500 Gram  fireworks manufacturer","","Code and name/presentation searches did not establish an exact product for Square ""The Hulk Clap 500 Gram"" / ""Regular"" (code 757201530804). No verified manufacturer/package image or exact model was found; generic/store identifiers cannot determine identity.","Provide the exact Rockwall package photograph and readable manufacturer/UPC plus retail count; do not approve by name alone."
"CIU2NNTHN47VXQHXXKQQ2NBE","8145271620518","","The Jaws 500 Gram 9 Shots","The Jaws 500 Gram 9 Shots","Unknown","Unknown","Regular","Unknown","500 Gram | 9 Shots","no_match","No sufficiently specific candidate identified in the two Dynamite catalog files.","Unknown","Manufacturer or UPC/model, exact package/variant and corresponding photo/video.","893","896","896","Items","894","candidate_requires_package_review","","Unknown","Unknown","","""8145271620518"" fireworks | The Jaws Cutting Edge official fireworks manufacturer","https://usa-fireworks.com/products/aerial-all-cakes/aerial-500-gram-cakes/the-jaws/ | https://beta2024.usa-fireworks.com/products/aerial-all-cakes/aerial-500-gram-cakes/the-jaws/ | https://cuttingedgefireworks.com/fire-product/the-jaws/ | https://www.aahfireworks.com/the-jaws.html | https://fourseasonsfireworks.com/product/the-jaws/","Code 8145271620518 occurs in the retrieved product/source ""The Jaws | 9 Shot Cake"". Square records ""The Jaws 500 Gram 9 Shots"" / ""Regular""; this is a candidate, not a confirmed retail-package crosswalk. Inspected reference https://usa-fireworks.com/wp-content/uploads/2026/09/original-1112.png ([416, 420]); its background is opaque and no faithful transparent exact-unit resource was approved.","Provide the exact Rockwall package photograph and readable manufacturer/UPC plus retail count; do not approve by name alone."
"D6T5FNCTMUTHQSDLYJD2YU3X","8052532451319","","The King Assortment","The King Assortment","Unknown","Family Pack Assortments","Regular","Unknown","Unknown","no_match","No sufficiently specific candidate identified in the two Dynamite catalog files.","Unknown","Manufacturer or UPC/model, exact package/variant and corresponding photo/video.","894","897","897","Items","895","identity_confirmation_needed","","Unknown","Unknown","","""8052532451319"" fireworks | The King Assortment  fireworks manufacturer","https://elevatedfireworks.com/products/the-king-fireworks-assortment | https://www.gogofireworks.com/the-king | https://americanwholesalefireworks.com/the-king-assortment/ | https://coolpyroproducts.wordpress.com/2016/06/27/the-king-assortment-world-class-boomer/ | https://prismfireworks.com/products/assortments/the-king/","Name/presentation research returned candidates (including ""The King Fireworks Assortment – Elevated Fireworks""), but no consulted product page establishes the Square code 8052532451319, brand and exact variant together. The Dynamite name candidates remain unconfirmed.","Provide the exact Rockwall package photograph and readable manufacturer/UPC plus retail count; do not approve by name alone."
"UTZ525RYU5BQ7EIDA555B7E5","014002913268","","The Kraken 4"" Artillery Shells 24 Pack","The Kraken 4"" Artillery Shells 24 Pack","Unknown","24 Pack Artillery Shells 4""","Regular","Unknown","4"" | 24 Pack","no_match","No sufficiently specific candidate identified in the two Dynamite catalog files.","Unknown","Manufacturer or UPC/model, exact package/variant and corresponding photo/video.","896","899","899","Items","897","no_verified_identity","","Unknown","Unknown","","""014002913268"" fireworks | The Kraken 4"" Artillery Shells 24 Pack  fireworks manufacturer","","Code and name/presentation searches did not establish an exact product for Square ""The Kraken 4"" Artillery Shells 24 Pack"" / ""Regular"" (code 014002913268). No verified manufacturer/package image or exact model was found; generic/store identifiers cannot determine identity.","Provide the exact Rockwall package photograph and readable manufacturer/UPC plus retail count; do not approve by name alone."
"MPQFHDSFYWL74TFBGIO233PQ","757205301318","","The Next Big Thing 500 Gram","The Next Big Thing 500 Gram","Unknown","500 GRAM FINALE","Regular","Unknown","500 Gram","no_match","No sufficiently specific candidate identified in the two Dynamite catalog files.","Unknown","Manufacturer or UPC/model, exact package/variant and corresponding photo/video.","897","900","900","Items","898","identity_confirmation_needed","","Unknown","Unknown","","""757205301318"" fireworks","https://www.raccoonfireworksusa.com/product-page/the-next-big-thing","Name/presentation research returned candidates (including ""The Next Big Thing | Raccoon""), but no consulted product page establishes the Square code 757205301318, brand and exact variant together. The Dynamite name candidates remain unconfirmed.","Provide the exact Rockwall package photograph and readable manufacturer/UPC plus retail count; do not approve by name alone."
"DVJJ6D4PS3O75T6GJDQQUVI6","7572015003800","","The Perfect Match","The Perfect Match","Unknown","Unknown","Regular","Unknown","Unknown","no_match","No sufficiently specific candidate identified in the two Dynamite catalog files.","Unknown","Manufacturer or UPC/model, exact package/variant and corresponding photo/video.","898","901","901","Items","899","no_verified_identity","","Unknown","Unknown","","""7572015003800"" fireworks | The Perfect Match  fireworks manufacturer","","Code and name/presentation searches did not establish an exact product for Square ""The Perfect Match"" / ""Regular"" (code 7572015003800). No verified manufacturer/package image or exact model was found; generic/store identifiers cannot determine identity.","Provide the exact Rockwall package photograph and readable manufacturer/UPC plus retail count; do not approve by name alone."
"V5J3HQXPDHVHUAOL4TQYISXE","811451013859","","The wicked Witch","The wicked Witch","Unknown","Unknown","Regular","Unknown","Unknown","no_match","No sufficiently specific candidate identified in the two Dynamite catalog files.","Unknown","Manufacturer or UPC/model, exact package/variant and corresponding photo/video.","901","904","904","Items","902","identity_confirmation_needed","","Unknown","Unknown","","""811451013859"" fireworks | The wicked Witch  fireworks manufacturer","https://www.mysticaldistributing.com/product.htm?pid=313181 | https://pyrowest.com/shop/wicked-witch/ | https://www.reddit.com/r/lightingdesign/comments/1q376ax/was_wickeds_addition_to_the_london_2026_fireworks/ | https://www.reddit.com/r/london/comments/1q0rm1z/was_wickeds_addition_to_the_london_2026_fireworks/","Name/presentation research returned candidates (including ""Wicked Witch | Mystical Distributing Company Ltd.""), but no consulted product page establishes the Square code 811451013859, brand and exact variant together. The Dynamite name candidates remain unconfirmed.","Provide the exact Rockwall package photograph and readable manufacturer/UPC plus retail count; do not approve by name alone."
"IR7XAVEQUTZ3OXRPZRYDJDWS","652009112002","","Thor Missle","Thor Missle","Unknown","Unknown","Regular","Unknown","Unknown","no_match","No sufficiently specific candidate identified in the two Dynamite catalog files.","Unknown","Manufacturer or UPC/model, exact package/variant and corresponding photo/video.","902","905","905","Items","903","candidate_requires_package_review","","Unknown","Unknown","","""652009112002"" fireworks | Thor Missile Zenith Specialties official fireworks manufacturer","https://beta2024.usa-fireworks.com/products/missiles-rockets/thor-missile/ | https://trademarks.justia.com/owners/zenith-specialties-l-p-2545018/","Code 652009112002 occurs in the retrieved product/source ""Thor Missile"". Square records ""Thor Missle"" / ""Regular""; this is a candidate, not a confirmed retail-package crosswalk. Inspected reference https://beta2024.usa-fireworks.com/wp-content/uploads/2022/02/original-694.png ([300, 300]); a transparent file exists, but exact brand, package count or variant is not independently established; it was not published.","Provide the exact Rockwall package photograph and readable manufacturer/UPC plus retail count; do not approve by name alone."
"4NKU22OHLIB7KNREHQGNR5LH","8052530051016","","Thunder Bomb 1000ct Firecracker","Thunder Bomb 1000ct Firecracker","Unknown","Unknown","Regular","Unknown","1000ct","no_match","No sufficiently specific candidate identified in the two Dynamite catalog files.","Unknown","Manufacturer or UPC/model, exact package/variant and corresponding photo/video.","903","906","906","Items","904","candidate_requires_package_review","","Unknown","Unknown","","""8052530051016"" fireworks | Thunder Bomb Firecrackers - 1000 Roll Thunder Bomb official fireworks manufacturer","https://usa-fireworks.com/products/firecrackers/thunder-bomb-firecrackers-1000-roll/ | https://beta2024.usa-fireworks.com/products/firecrackers/1000-roll-boomer/ | https://staging.usa-fireworks.com/products/firecrackers/1000-roll-boomer/","Code 8052530051016 occurs in the retrieved product/source ""Thunder Bomb Firecrackers - 1000 Roll"". Square records ""Thunder Bomb 1000ct Firecracker"" / ""Regular""; this is a candidate, not a confirmed retail-package crosswalk. Inspected reference https://usa-fireworks.com/wp-content/uploads/2026/09/original-520.png ([340, 350]); a transparent file exists, but exact brand, package count or variant is not independently established; it was not published.","Provide the exact Rockwall package photograph and readable manufacturer/UPC plus retail count; do not approve by name alone."
"TXJZDX235E43KSVDG4MP7WO6","8052530052525","","Thunder Bomb 640","Thunder Bomb 640","Unknown","Unknown","Regular","Unknown","Unknown","no_match","No sufficiently specific candidate identified in the two Dynamite catalog files.","Unknown","Manufacturer or UPC/model, exact package/variant and corresponding photo/video.","904","907","907","Items","905","candidate_requires_package_review","","Unknown","Unknown","","""8052530052525"" fireworks | Thunder Bomb Firecrackers - Brick (40/16) Thunder Bomb official fireworks manufacturer","https://usa-fireworks.com/products/firecrackers/thunder-bomb-firecrackers-brick-40-16/ | https://ocfireworks.com/thunder-bomb-firecrackers-40-16-half-brick/","Code 8052530052525 occurs in the retrieved product/source ""Thunder Bomb Firecrackers - Brick (40/16)"". Square records ""Thunder Bomb 640"" / ""Regular""; this is a candidate, not a confirmed retail-package crosswalk. Inspected reference https://usa-fireworks.com/wp-content/uploads/2026/09/original-942.png ([423, 490]); a transparent file exists, but exact brand, package count or variant is not independently established; it was not published.","Provide the exact Rockwall package photograph and readable manufacturer/UPC plus retail count; do not approve by name alone."
"EIY7LEWHON2DQBJR5WYIADRP","847294038032","","Thunderbomb 100ct Firecracker","Thunderbomb 100ct Firecracker","Unknown","Unknown","Regular","Unknown","100ct","no_match","No sufficiently specific candidate identified in the two Dynamite catalog files.","Unknown","Manufacturer or UPC/model, exact package/variant and corresponding photo/video.","905","908","908","Items","906","identity_confirmation_needed","","Unknown","Unknown","","""847294038032"" fireworks","https://doczz.net/doc/3271793/2016-catalog---big-fireworks","Name/presentation research returned candidates (including ""2016 Catalog - Big Fireworks - bracelets""), but no consulted product page establishes the Square code 847294038032, brand and exact variant together. The Dynamite name candidates remain unconfirmed.","Provide the exact Rockwall package photograph and readable manufacturer/UPC plus retail count; do not approve by name alone."
"KZIPK6N3RIIOP7VY7B5KOGHF","757201530651","","Till Death Do Us Part 30 Shot","Till Death Do Us Part 30 Shot","Unknown","Unknown","Regular","Unknown","30 Shot","no_match","No sufficiently specific candidate identified in the two Dynamite catalog files.","Unknown","Manufacturer or UPC/model, exact package/variant and corresponding photo/video.","907","910","910","Items","908","no_verified_identity","","Unknown","Unknown","","""757201530651"" fireworks | Till Death Do Us Part 30 Shot  fireworks manufacturer","","Code and name/presentation searches did not establish an exact product for Square ""Till Death Do Us Part 30 Shot"" / ""Regular"" (code 757201530651). No verified manufacturer/package image or exact model was found; generic/store identifiers cannot determine identity.","Provide the exact Rockwall package photograph and readable manufacturer/UPC plus retail count; do not approve by name alone."
"X5BMZULGHXXAMM4P3Z32O6CZ","705108309726","","Tiny Snow Cone","Tiny Snow Cone","Unknown","Fountains","Regular","Unknown","Unknown","probable","Name identifies a candidate only; manufacturer and exact presentation have not been established.","products.json[114] Snow Cone / Winda / /products/snow-cone.png","Manufacturer or UPC/model, exact package/variant and corresponding photo/video.","908","911","911","Items","909","data_conflict","","Unknown","Unknown","","""705108309726"" fireworks | Snow Cone Jr. Winda official fireworks manufacturer","https://simpsonfireworks.com/FN396-Snow-Cone-Jr-R-PC/ | https://www.superiorfireworks.com/retail/product/cp3097/snow-cone-jr | https://www.elitefireworks.com/products/snow-cone-junior | https://usa-fireworks.com/products/fountains/snow-cone-jr/","The Winda Snow Cone Jr family is known, but the Square names indicate individual/tiny units while reference UPC listings describe a four-variety pack. The exact sale unit and color remain unresolved; the published four-pack must not be duplicated as these two records.","Confirm retail unit/count and UPC/color from Rockwall packaging, then acquire its exact photograph."
"BMUZDH4BBIKV6QQT3EJISDHT","705108309719","","Tiny Snow Cone","Tiny Snow Cone","Unknown","Fountains","Tiny Snowcone","Tiny Snowcone","Unknown","probable","Name identifies a candidate only; manufacturer and exact presentation have not been established.","products.json[114] Snow Cone / Winda / /products/snow-cone.png","Manufacturer or UPC/model, exact package/variant and corresponding photo/video.","909","912","912","Items","910","no_verified_identity","","Unknown","Unknown","","""705108309719"" fireworks | Tiny Snow Cone Tiny Snowcone fireworks manufacturer","https://simpsonfireworks.com/FN396-Snow-Cone-Jr-R-PC/","Code and name/presentation searches did not establish an exact product for Square ""Tiny Snow Cone"" / ""Tiny Snowcone"" (code 705108309719). No verified manufacturer/package image or exact model was found; generic/store identifiers cannot determine identity.","Provide the exact Rockwall package photograph and readable manufacturer/UPC plus retail count; do not approve by name alone."
"YX45DS6EV25H3VDDCVAYS7BG","847294012933","","Tomahawk","Tomahawk","Unknown","Fountains","Regular","Unknown","Unknown","no_match","No sufficiently specific candidate identified in the two Dynamite catalog files.","Unknown","Manufacturer or UPC/model, exact package/variant and corresponding photo/video.","910","913","913","Items","911","identity_confirmation_needed","","Unknown","Unknown","","""847294012933"" fireworks | Tomahawk  fireworks manufacturer","https://www.rtx.com/news/news-center/2026/08/17/rtxs-raytheon-awarded-seven-year-contract-for-tomahawk-cruise-missiles | https://trademarks.justia.com/752/45/tomahawk-75245641.html | https://contactus.tomahawkmfg.com/ | https://en.wikipedia.org/wiki/American_Tomahawk_Company | https://en.wikipedia.org/wiki/Tomahawk_missile","Name/presentation research returned candidates (including ""News | RTX's Raytheon awarded seven-year contract for Tomahawk cruise missiles | RTX""), but no consulted product page establishes the Square code 847294012933, brand and exact variant together. The Dynamite name candidates remain unconfirmed.","Provide the exact Rockwall package photograph and readable manufacturer/UPC plus retail count; do not approve by name alone."
"QIAYT2L3TWLWGTLX3UO4IESI","162109350254","","Tommy Gun","Tommy Gun","Unknown","500 GRAM FINALE > 500 GRAM FINALE ZIPPER CAKES","Regular","Unknown","Unknown","no_match","No sufficiently specific candidate identified in the two Dynamite catalog files.","Unknown","Manufacturer or UPC/model, exact package/variant and corresponding photo/video.","912","915","915","Items","913","no_verified_identity","","Unknown","Unknown","","""162109350254"" fireworks","","Code and name/presentation searches did not establish an exact product for Square ""Tommy Gun"" / ""Regular"" (code 162109350254). No verified manufacturer/package image or exact model was found; generic/store identifiers cannot determine identity.","Provide the exact Rockwall package photograph and readable manufacturer/UPC plus retail count; do not approve by name alone."
"T66IVCSZQXKG2EZT7K2CJZ6N","757205301363","","Tower of Power 500 Gram","Tower of Power 500 Gram","Unknown","500 GRAM FINALE","Regular","Unknown","500 Gram","no_match","No sufficiently specific candidate identified in the two Dynamite catalog files.","Unknown","Manufacturer or UPC/model, exact package/variant and corresponding photo/video.","914","917","917","Items","915","identity_confirmation_needed","","Unknown","Unknown","","""757205301363"" fireworks | Tower of Power 500 Gram  fireworks manufacturer","https://www.bestfireworksstores.com/product-page/truckload-of-fire-250-shot-500-gram-fireworks-finale-by-world-class-fireworks | https://raccoonfireworksusa.com/product/tower-of-power/","Current Raccoon catalog has an exact-name candidate with a clean photograph, but its page does not publish the UPC and further retailer searches did not verify Square code 757205301363. Manufacturer-code digits embedded in a store/export code are not sufficient proof; require the original barcode/package before import.","Provide the exact Rockwall package photograph and readable manufacturer/UPC plus retail count; do not approve by name alone."
"KU3SZ23DSJ3QKFYFOMKZHW5D","757202300017","","Toy Box Backpack Children","Toy Box Backpack Children","Unknown","Family Pack Assortments","Regular","Unknown","Unknown","no_match","No sufficiently specific candidate identified in the two Dynamite catalog files.","Unknown","Manufacturer or UPC/model, exact package/variant and corresponding photo/video.","915","918","918","Items","916","candidate_requires_package_review","","Unknown","Unknown","","""757202300017"" fireworks | Monkey's Pyro Pack Monkey Mania official fireworks manufacturer","https://dosgringosfireworks.com/monkeys-pyro-pack/ | https://www.cpsc.gov/Warnings/2026/CPSC-Warns-Consumers-to-Stop-Using-Monkey-Mania-Nuclear-Bubble-Beretta-Firework-Toys-Immediately-Due-to-Risk-of-Serious-Injury-or-Death-from-Burn-and-Fire-Hazards-Manufactured-by-Raccoon-Fireworks | https://www.fireworksfactorydirect.com/product-page/monkey-s-pyro-pack | https://www.elitefireworks.com/collections/monkey-mania","Code 757202300017 occurs in the retrieved product/source ""Monkey's Pyro Pack"". Square records ""Toy Box Backpack Children"" / ""Regular""; this is a candidate, not a confirmed retail-package crosswalk. Inspected reference https://cdn11.bigcommerce.com/s-6lbg1eq4kz/images/stencil/1280x1280/products/987/1490/706fa0_b6ae861a3b974f65a7199bc6d9d25983mv2__75041.1737908344.jpg?c=1 ([473, 551]); its background is opaque and no faithful transparent exact-unit resource was approved.","Provide the exact Rockwall package photograph and readable manufacturer/UPC plus retail count; do not approve by name alone."
"CLBWCGZC6RNAPWOITX5MVHAY","514677102030","","Tres Amigos","Tres Amigos","Unknown","Fountains","Regular","Unknown","Unknown","no_match","No sufficiently specific candidate identified in the two Dynamite catalog files.","Unknown","Manufacturer or UPC/model, exact package/variant and corresponding photo/video.","916","919","919","Items","917","no_verified_identity","","Unknown","Unknown","","""514677102030"" fireworks","","Code and name/presentation searches did not establish an exact product for Square ""Tres Amigos"" / ""Regular"" (code 514677102030). No verified manufacturer/package image or exact model was found; generic/store identifiers cannot determine identity.","Provide the exact Rockwall package photograph and readable manufacturer/UPC plus retail count; do not approve by name alone."
"MJS4BWTE4RD3SNVJXSBWD7DT","814527304615","","Truck Load Of Fun","Truck Load Of Fun","Unknown","Unknown","Regular","Unknown","Unknown","no_match","No sufficiently specific candidate identified in the two Dynamite catalog files.","Unknown","Manufacturer or UPC/model, exact package/variant and corresponding photo/video.","917","920","920","Items","918","no_verified_identity","","Unknown","Unknown","","""814527304615"" fireworks | Truck Load Of Fun  fireworks manufacturer","https://www.reddit.com/r/FordMaverickTruck/comments/14czzyg/truck_stuff_first_load_from_the_fireworks_farm/","Code and name/presentation searches did not establish an exact product for Square ""Truck Load Of Fun"" / ""Regular"" (code 814527304615). No verified manufacturer/package image or exact model was found; generic/store identifiers cannot determine identity.","Provide the exact Rockwall package photograph and readable manufacturer/UPC plus retail count; do not approve by name alone."
"X2YSWQNHGH422VSAGSM4MDBW","","800882025388","Truckload Of Fire","Truckload Of Fire","Unknown","Unknown","Regular","Unknown","Unknown","no_match","No sufficiently specific candidate identified in the two Dynamite catalog files.","Unknown","Manufacturer or UPC/model, exact package/variant and corresponding photo/video.","918","921","921","Items","919","identity_confirmation_needed","","Unknown","Unknown","","""800882025388"" fireworks | Truckload Of Fire  fireworks manufacturer","https://www.bestfireworksstores.com/product-page/truckload-of-fire-250-shot-500-gram-fireworks-finale-by-world-class-fireworks","Name/presentation research returned candidates (including ""500 Gram Fireworks Finale - Truckload of Fire | Fireworks For Sale Online""), but no consulted product page establishes the Square code 800882025388, brand and exact variant together. The Dynamite name candidates remain unconfirmed.","Provide the exact Rockwall package photograph and readable manufacturer/UPC plus retail count; do not approve by name alone."
"IAUSC7I3MXQSAY2SVUYHJUKJ","","800882025456","Truckload Of Fire","Truckload Of Fire","Unknown","Unknown","Wings of the Brave","Wings of the Brave","Unknown","no_match","No sufficiently specific candidate identified in the two Dynamite catalog files.","Unknown","Manufacturer or UPC/model, exact package/variant and corresponding photo/video.","919","922","922","Items","920","identity_confirmation_needed","","Unknown","Unknown","","""800882025456"" fireworks | Truckload Of Fire Wings of the Brave fireworks manufacturer","https://www.chillicothefireworks.com/products/listing/wings-of-the-brave/ | https://www.bestfireworksstores.com/product-page/truckload-of-fire-250-shot-500-gram-fireworks-finale-by-world-class-fireworks","Name/presentation research returned candidates (including ""Chillicothe Fireworks | Products | Wings of the Brave""), but no consulted product page establishes the Square code 800882025456, brand and exact variant together. The Dynamite name candidates remain unconfirmed.","Provide the exact Rockwall package photograph and readable manufacturer/UPC plus retail count; do not approve by name alone."
"FVQC5I6R3FX2UEIOOYM6DT7Z","","800882025623","Truckload Of Fire","Truckload Of Fire","Unknown","Unknown","Shield of Liberty","Shield of Liberty","Unknown","no_match","No sufficiently specific candidate identified in the two Dynamite catalog files.","Unknown","Manufacturer or UPC/model, exact package/variant and corresponding photo/video.","920","923","923","Items","921","no_verified_identity","","Unknown","Unknown","","""800882025623"" fireworks | Truckload Of Fire Shield of Liberty fireworks manufacturer","","Code and name/presentation searches did not establish an exact product for Square ""Truckload Of Fire"" / ""Shield of Liberty"" (code 800882025623). No verified manufacturer/package image or exact model was found; generic/store identifiers cannot determine identity.","Provide the exact Rockwall package photograph and readable manufacturer/UPC plus retail count; do not approve by name alone."
"WDFIOXLCDTEONEOMV4TJMAGP","","805253438910","Truckload Of Fire","Truckload Of Fire","Unknown","Unknown","Monumental Legacy","Monumental Legacy","Unknown","no_match","No sufficiently specific candidate identified in the two Dynamite catalog files.","Unknown","Manufacturer or UPC/model, exact package/variant and corresponding photo/video.","921","924","924","Items","922","no_verified_identity","","Unknown","Unknown","","""805253438910"" fireworks | Truckload Of Fire Monumental Legacy fireworks manufacturer","https://apnews.com/article/b65af160ad7deb6671d5dcdf0c47710d","Code and name/presentation searches did not establish an exact product for Square ""Truckload Of Fire"" / ""Monumental Legacy"" (code 805253438910). No verified manufacturer/package image or exact model was found; generic/store identifiers cannot determine identity.","Provide the exact Rockwall package photograph and readable manufacturer/UPC plus retail count; do not approve by name alone."
"DMIG3XTQAWN4E7WPYKPDNIUO","","805253438712","Truckload Of Fire","Truckload Of Fire","Unknown","Unknown","Aviation Nation","Aviation Nation","Unknown","no_match","No sufficiently specific candidate identified in the two Dynamite catalog files.","Unknown","Manufacturer or UPC/model, exact package/variant and corresponding photo/video.","922","925","925","Items","923","no_verified_identity","","Unknown","Unknown","","""805253438712"" fireworks | Truckload Of Fire Aviation Nation fireworks manufacturer","","Code and name/presentation searches did not establish an exact product for Square ""Truckload Of Fire"" / ""Aviation Nation"" (code 805253438712). No verified manufacturer/package image or exact model was found; generic/store identifiers cannot determine identity.","Provide the exact Rockwall package photograph and readable manufacturer/UPC plus retail count; do not approve by name alone."
"3IAUJECOLHLP4HEFULWNV7MZ","681402052677","","Turbo roman candle","Turbo roman candle","Unknown","Roman Candles","Regular","Unknown","Unknown","no_match","No sufficiently specific candidate identified in the two Dynamite catalog files.","Unknown","Manufacturer or UPC/model, exact package/variant and corresponding photo/video.","923","926","926","Items","924","identity_confirmation_needed","","Unknown","Unknown","","""681402052677"" fireworks | Turbo roman candle  fireworks manufacturer","https://www.championfireworks.com/Roman-candles/08-inch-8-shots-roman-candle | https://www.redapplefireworks.com/products/f-zero-turbo-5-shots-xl-roman-candles | https://www.broadfireworks.com/application/colour-roman-candle | https://www.polarisfireworks.com/Roman-candle-fireworks | https://en.wikipedia.org/wiki/Roman_candle_%28firework%29","Name/presentation research returned candidates (including ""0.8 Inch 8 Shots Roman Candle, China 0.8 Inch 8 Shots Roman Candle Manufacturers, Suppliers, Factory - Liuyang Champion Fireworks Manufacture Co.,Ltd.""), but no consulted product page establishes the Square code 681402052677, brand and exact variant together. The Dynamite name candidates remain unconfirmed.","Provide the exact Rockwall package photograph and readable manufacturer/UPC plus retail count; do not approve by name alone."
"HFIHZKMFPSJ5AVHXN4OIW6JV","7950165416488","","Turtle 2 Pack","Turtle 2 Pack","Unknown","Unknown","Regular","Unknown","2 Pack","no_match","No sufficiently specific candidate identified in the two Dynamite catalog files.","Unknown","Manufacturer or UPC/model, exact package/variant and corresponding photo/video.","925","928","928","Items","926","no_verified_identity","","Unknown","Unknown","","""7950165416488"" fireworks | Turtle 2 Pack  fireworks manufacturer","","Code and name/presentation searches did not establish an exact product for Square ""Turtle 2 Pack"" / ""Regular"" (code 7950165416488). No verified manufacturer/package image or exact model was found; generic/store identifiers cannot determine identity.","Provide the exact Rockwall package photograph and readable manufacturer/UPC plus retail count; do not approve by name alone."
"4CDHEXAIGFVHBCKYZPZPMEUW","8145270182413","","Two Color Spaceship Bogo","Two Color Spaceship","Unknown","Unknown","Regular","Unknown","Unknown","no_match","No sufficiently specific candidate identified in the two Dynamite catalog files.","Unknown","Manufacturer or UPC/model, exact package/variant and corresponding photo/video.","926","929","929","Items","927","candidate_requires_package_review","","Unknown","Unknown","","""8145270182413"" fireworks | Two Color Spaceship Cutting Edge official fireworks manufacturer","https://usa-fireworks.com/products/wheels-wings/two-color-spaceship/ | https://beta2024.usa-fireworks.com/brands/cutting-edge/page/3/","Code 8145270182413 occurs in the retrieved product/source ""Two Color Spaceship | Single Aerial Spinner"". Square records ""Two Color Spaceship Bogo"" / ""Regular""; this is a candidate, not a confirmed retail-package crosswalk. Inspected reference https://usa-fireworks.com/wp-content/uploads/2026/09/original-576.png ([325, 255]); its background is opaque and no faithful transparent exact-unit resource was approved.","Provide the exact Rockwall package photograph and readable manufacturer/UPC plus retail count; do not approve by name alone."
"VHMJNYOIR3QENJLJWRTRR3KI","064883100165","","USA Arsenal 36 Shells","USA Arsenal 36 Shells","Unknown","Unknown","Regular","Unknown","36 Shells","no_match","No sufficiently specific candidate identified in the two Dynamite catalog files.","Unknown","Manufacturer or UPC/model, exact package/variant and corresponding photo/video.","927","930","930","Items","928","no_verified_identity","","Unknown","Unknown","","""064883100165"" fireworks | USA Arsenal 36 Shells  fireworks manufacturer","","Code and name/presentation searches did not establish an exact product for Square ""USA Arsenal 36 Shells"" / ""Regular"" (code 064883100165). No verified manufacturer/package image or exact model was found; generic/store identifiers cannot determine identity.","Provide the exact Rockwall package photograph and readable manufacturer/UPC plus retail count; do not approve by name alone."
"FUX3VOQTQWK6EUEVVU74CCYG","8052532451418","","USA Family Pack Assortment","USA Family Pack Assortment","Unknown","Family Pack Assortments","Regular","Unknown","Unknown","no_match","No sufficiently specific candidate identified in the two Dynamite catalog files.","Unknown","Manufacturer or UPC/model, exact package/variant and corresponding photo/video.","928","931","933","Items","929","identity_confirmation_needed","","Unknown","Unknown","","""8052532451418"" fireworks | USA Family Pack Assortment  fireworks manufacturer","https://skysongfireworks.com/product-category/consumer-fireworks-usa/assortment-fireworks/ | https://deatonfireworks.com/fireworks/usa-assortment/ | https://www.reddit.com/r/fireworks/comments/1k1w8wu","Name/presentation research returned candidates (including ""Assortment Fireworks USA Archives - Skysong Fireworks""), but no consulted product page establishes the Square code 8052532451418, brand and exact variant together. The Dynamite name candidates remain unconfirmed.","Provide the exact Rockwall package photograph and readable manufacturer/UPC plus retail count; do not approve by name alone."
"E7IZVD5NDQ6BARD5OAHLMR2S","","","USA Large Assortment","USA Large Assortment","Unknown","Unknown","Regular","Unknown","Unknown","no_match","No sufficiently specific candidate identified in the two Dynamite catalog files.","Unknown","Manufacturer or UPC/model, exact package/variant and corresponding photo/video.","929","934","934","Items","930","identity_confirmation_needed","","Unknown","Unknown","","""USA Large Assortment"" fireworks manufacturer | USA Large Assortment  fireworks manufacturer","https://skysongfireworks.com/product-category/consumer-fireworks-usa/assortment-fireworks/ | https://deatonfireworks.com/fireworks/usa-assortment/ | https://www.reddit.com/r/fireworks/comments/1k1w8wu","Name/presentation research returned candidates (including ""Assortment Fireworks USA Archives - Skysong Fireworks""), but no consulted product page establishes the Square code [missing], brand and exact variant together. The Dynamite name candidates remain unconfirmed.","Provide the exact Rockwall package photograph and readable manufacturer/UPC plus retail count; do not approve by name alone."
"OT6A2P62332JPPNLKF4FO6JT","","805253439610","USA Saturn Missile","USA Saturn Missile","Unknown","Unknown","250 Strong USA Saturn Missile","250 Strong USA Saturn Missile","Unknown","probable","Name identifies a candidate only; manufacturer and exact presentation have not been established.","products.json[74] USA Saturn Missile Battery / Brothers / products/usa-saturn-missile-battery.png","Manufacturer or UPC/model, exact package/variant and corresponding photo/video.","930","935","935","Items","931","no_verified_identity","","Unknown","Unknown","","""805253439610"" fireworks | USA Saturn Missile 250 Strong USA Saturn Missile fireworks manufacturer","https://www.redapplefireworks.com/products/25-shot-saturn-missile","Code and name/presentation searches did not establish an exact product for Square ""USA Saturn Missile"" / ""250 Strong USA Saturn Missile"" (code 805253439610). No verified manufacturer/package image or exact model was found; generic/store identifiers cannot determine identity.","Provide the exact Rockwall package photograph and readable manufacturer/UPC plus retail count; do not approve by name alone."
"W4LGRYU54PUUUSUHQXD7Y73Y","","805253433014","Ultimate America","Ultimate America","Unknown","Artillery Packs MultiShell MultiBreaks","Regular","Unknown","Unknown","no_match","No sufficiently specific candidate identified in the two Dynamite catalog files.","Unknown","Manufacturer or UPC/model, exact package/variant and corresponding photo/video.","932","937","937","Items","933","no_verified_identity","","Unknown","Unknown","","""805253433014"" fireworks | Ultimate America  fireworks manufacturer","","Code and name/presentation searches did not establish an exact product for Square ""Ultimate America"" / ""Regular"" (code 805253433014). No verified manufacturer/package image or exact model was found; generic/store identifiers cannot determine identity.","Provide the exact Rockwall package photograph and readable manufacturer/UPC plus retail count; do not approve by name alone."
"SIA2GNQKKWKEMU3PTSRTX5WT","002013220475","","Uncle Sam 500 Gram","Uncle Sam 500 Gram","Unknown","500 GRAM FINALE","Regular","Unknown","500 Gram","no_match","No sufficiently specific candidate identified in the two Dynamite catalog files.","Unknown","Manufacturer or UPC/model, exact package/variant and corresponding photo/video.","933","938","938","Items","934","identity_confirmation_needed","","Unknown","Unknown","","""002013220475"" fireworks | Uncle Sam 500 Gram  fireworks manufacturer","https://www.shogunvulcan.com/product/lbm-226-uncle-sam-s-salute | https://americanwholesalefireworks.com/uncle-sam// | https://www.unclesamfireworks.com/news.html | https://www.unclesamfireworks.com/products.html | https://elevatedfireworks.com/collections/happy-family%C2%AE-fireworks/products/uncle-sam-54-shot-xl-aerial-cake","Name/presentation research returned candidates (including ""LBM-226 UNCLE SAM'S SALUTE - 500gm Cakes - USA Consumer Fireworks - 500gm Cakes - USA Consumer Fireworks - SHOGUN | VULCAN fireworks manufacturer""), but no consulted product page establishes the Square code 002013220475, brand and exact variant together. The Dynamite name candidates remain unconfirmed.","Provide the exact Rockwall package photograph and readable manufacturer/UPC plus retail count; do not approve by name alone."
"BJRI3SFNDFVOQR6YLSYVEQ4X","514677002163","","Unicorn","Unicorn","Unknown","Unknown","Regular","Unknown","Unknown","no_match","No sufficiently specific candidate identified in the two Dynamite catalog files.","Unknown","Manufacturer or UPC/model, exact package/variant and corresponding photo/video.","934","939","939","Items","935","no_verified_identity","","Unknown","Unknown","","Compared code against official Winco UPC reference | Unicorn L371@P33: Fountains FNF216 Unicorn (514677002163) fireworks manufacturer","","Code and name/presentation searches did not establish an exact product for Square ""Unicorn"" / ""Regular"" (code 514677002163). No verified manufacturer/package image or exact model was found; generic/store identifiers cannot determine identity.","Provide the exact Rockwall package photograph and readable manufacturer/UPC plus retail count; do not approve by name alone."
"57HEQD66AGXS3E567TGEGWYE","","805253437517","United States of Awesome","United States of Awesome","Unknown","Unknown","Regular","Unknown","Unknown","no_match","No sufficiently specific candidate identified in the two Dynamite catalog files.","Unknown","Manufacturer or UPC/model, exact package/variant and corresponding photo/video.","936","941","941","Items","937","identity_confirmation_needed","","Unknown","Unknown","","""805253437517"" fireworks | United States of Awesome  fireworks manufacturer","https://www.jakesfireworks.com/firework/united-states-of-awesome/","Name/presentation research returned candidates (including ""Jake's Fireworks""), but no consulted product page establishes the Square code 805253437517, brand and exact variant together. The Dynamite name candidates remain unconfirmed.","Provide the exact Rockwall package photograph and readable manufacturer/UPC plus retail count; do not approve by name alone."
"J4X2GNRP7XNRBVM5HXDI77OZ","687985913206","","Vendoworks","Vendoworks","Unknown","Unknown","Regular","Unknown","Unknown","no_match","No sufficiently specific candidate identified in the two Dynamite catalog files.","Unknown","Manufacturer or UPC/model, exact package/variant and corresponding photo/video.","940","945","945","Items","941","no_verified_identity","","Unknown","Unknown","","""687985913206"" fireworks | Vendoworks  fireworks manufacturer","","Code and name/presentation searches did not establish an exact product for Square ""Vendoworks"" / ""Regular"" (code 687985913206). No verified manufacturer/package image or exact model was found; generic/store identifiers cannot determine identity.","Provide the exact Rockwall package photograph and readable manufacturer/UPC plus retail count; do not approve by name alone."
"AVJ2UNGCOROG46OCAJARWH27","705108700721","","Venomous Snakes","Venomous Snakes","Unknown","Unknown","Regular","Unknown","Unknown","no_match","No sufficiently specific candidate identified in the two Dynamite catalog files.","Unknown","Manufacturer or UPC/model, exact package/variant and corresponding photo/video.","941","946","946","Items","942","no_verified_identity","","Unknown","Unknown","","""705108700721"" fireworks | Venomous Snakes  fireworks manufacturer","https://www.tradeindia.com/products/black-serpents-snakes-4904392.html | https://www.championfireworks.com/Novelties/black-snakes-fireworks","Code and name/presentation searches did not establish an exact product for Square ""Venomous Snakes"" / ""Regular"" (code 705108700721). No verified manufacturer/package image or exact model was found; generic/store identifiers cannot determine identity.","Provide the exact Rockwall package photograph and readable manufacturer/UPC plus retail count; do not approve by name alone."
"2GOV47XBIMZCDNOV72OJDVYL","","805253432918","Victory Vault","Victory Vault","Unknown","Artillery Packs MultiShell MultiBreaks","Regular","Unknown","Unknown","no_match","No sufficiently specific candidate identified in the two Dynamite catalog files.","Unknown","Manufacturer or UPC/model, exact package/variant and corresponding photo/video.","944","949","949","Items","945","no_verified_identity","","Unknown","Unknown","","""805253432918"" fireworks | Victory Vault  fireworks manufacturer","https://www.victoryfireworks.com/downloads.html | https://www.thevictoryfireworks.com/ | https://victoryfireworkswholesale.com/brands/ | https://victoryfireworks.com/downloads.html?download=4%3A2023-description-list | https://www.reddit.com/r/fireworks/comments/14ee96h","Code and name/presentation searches did not establish an exact product for Square ""Victory Vault"" / ""Regular"" (code 805253432918). No verified manufacturer/package image or exact model was found; generic/store identifiers cannot determine identity.","Provide the exact Rockwall package photograph and readable manufacturer/UPC plus retail count; do not approve by name alone."
"QA7RJWR5IABYRYQ4RJTZCVD7","8145270113820","","Violet And Crimson Fountain 6pc","Violet And Crimson Fountain 6pc","Unknown","Fountains","Regular","Unknown","6pc","no_match","No sufficiently specific candidate identified in the two Dynamite catalog files.","Unknown","Manufacturer or UPC/model, exact package/variant and corresponding photo/video.","945","950","950","Items","946","no_verified_identity","","Unknown","Unknown","","""8145270113820"" fireworks | Violet And Crimson Fountain 6pc  fireworks manufacturer","","Code and name/presentation searches did not establish an exact product for Square ""Violet And Crimson Fountain 6pc"" / ""Regular"" (code 8145270113820). No verified manufacturer/package image or exact model was found; generic/store identifiers cannot determine identity.","Provide the exact Rockwall package photograph and readable manufacturer/UPC plus retail count; do not approve by name alone."
"AM2ZXLJ7TEDJQGPX2YZBW72P","757201225045","","Viper Strike","Viper Strike","Unknown","Unknown","Regular","Unknown","Unknown","no_match","No sufficiently specific candidate identified in the two Dynamite catalog files.","Unknown","Manufacturer or UPC/model, exact package/variant and corresponding photo/video.","946","951","951","Items","947","candidate_requires_package_review","","Unknown","Unknown","","""757201225045"" fireworks | Viper Strike Raccoon Fireworks official fireworks manufacturer","https://usa-fireworks.com/products/aerial-all-cakes/aerial-200-gram-cakes/viper-strike/ | https://staging.usa-fireworks.com/products/aerial-all-cakes/aerial-200-gram-cakes/viper-strike/ | https://www.raccoonfireworksusa.com/raccoon-products | https://raccoonfireworksusa.com/contact/ | https://raccoonfireworksusa.com/ | https://www.raccoonfireworksusa.com/product-page/10-thunder-strike | https://501pyro.com/Viper-Strike/","Code 757201225045 occurs in the retrieved product/source ""Viper Strike | 19 Shot Cake"". Square records ""Viper Strike"" / ""Regular""; this is a candidate, not a confirmed retail-package crosswalk. Inspected reference https://usa-fireworks.com/wp-content/uploads/2026/09/original-827.png ([437, 453]); a transparent file exists, but exact brand, package count or variant is not independently established; it was not published.","Provide the exact Rockwall package photograph and readable manufacturer/UPC plus retail count; do not approve by name alone."
"KS5452C734MZW35G2BTO3ZX4","887946005616","","Wall of Flame","Wall of Flame","Unknown","500 GRAM FINALE > 500 GRAM FINALE ZIPPER CAKES","Regular","Unknown","Unknown","no_match","No sufficiently specific candidate identified in the two Dynamite catalog files.","Unknown","Manufacturer or UPC/model, exact package/variant and corresponding photo/video.","950","955","955","Items","951","identity_confirmation_needed","","Unknown","Unknown","","""887946005616"" fireworks | Wall of Flame  fireworks manufacturer","https://helmfireworks.com/products/624-shot-wall-of-fame | https://www.fireworkscentral.ca/products/wall-of-fire-fanned-edition","Name/presentation research returned candidates (including ""Wall of Flame 624 Shots – Helm Fireworks""), but no consulted product page establishes the Square code 887946005616, brand and exact variant together. The Dynamite name candidates remain unconfirmed.","Provide the exact Rockwall package photograph and readable manufacturer/UPC plus retail count; do not approve by name alone."
"6NQCWDXZ7TGFXFDOUC2FN5T7","887946061414","","War Machine","War Machine","Unknown","Unknown","Regular","Unknown","Unknown","no_match","No sufficiently specific candidate identified in the two Dynamite catalog files.","Unknown","Manufacturer or UPC/model, exact package/variant and corresponding photo/video.","952","957","957","Items","953","no_verified_identity","","Unknown","Unknown","","""887946061414"" fireworks","","Code and name/presentation searches did not establish an exact product for Square ""War Machine"" / ""Regular"" (code 887946061414). No verified manufacturer/package image or exact model was found; generic/store identifiers cannot determine identity.","Provide the exact Rockwall package photograph and readable manufacturer/UPC plus retail count; do not approve by name alone."
"VNEIHGVRRDBQAJWZMKFV4C3O","652009906533","","War Machine 156 shots","War Machine 156 shots","Unknown","500 GRAM FINALE > 500 GRAM FINALE ZIPPER CAKES","Regular","Unknown","156 shots","no_match","No sufficiently specific candidate identified in the two Dynamite catalog files.","Unknown","Manufacturer or UPC/model, exact package/variant and corresponding photo/video.","953","958","958","Items","954","data_conflict","","Unknown","Unknown","","Compared code against official Winco UPC reference | War Machine 156 shots L104@P9: 500 Gram Zipper Cakes MEJP-653 War Games (652009906533) fireworks manufacturer","","Square says War Machine 156, while the exact current supplier code names War Game 156. Confirm whether Square contains a naming error or a different item.","Provide the exact Rockwall package photograph and readable manufacturer/UPC plus retail count; do not approve by name alone."
"IS2XWCPIZV7WPJ7BQP3BAPSP","814527200535","","Warning Avalanche Ahead 500 Gram 26 Shot","Warning Avalanche Ahead 500 Gram 26 Shot","Unknown","Unknown","Regular","Unknown","500 Gram | 26 Shot","probable","Name identifies a candidate only; manufacturer and exact presentation have not been established.","products.json[151] Avalanche / Winda / /products/avalanche.png","Manufacturer or UPC/model, exact package/variant and corresponding photo/video.","954","959","959","Items","955","no_verified_identity","","Unknown","Unknown","","""814527200535"" fireworks | Warning Avalanche Ahead 500 Gram 26 Shot  fireworks manufacturer","","Code and name/presentation searches did not establish an exact product for Square ""Warning Avalanche Ahead 500 Gram 26 Shot"" / ""Regular"" (code 814527200535). No verified manufacturer/package image or exact model was found; generic/store identifiers cannot determine identity.","Provide the exact Rockwall package photograph and readable manufacturer/UPC plus retail count; do not approve by name alone."
"CNG6PFTZORZT3VTBUEOOCIHE","","6950165436012","Washinton's Wrath","Washinton's Wrath","Unknown","Unknown","Freedom's Firestorm","Freedom's Firestorm","Unknown","no_match","No sufficiently specific candidate identified in the two Dynamite catalog files.","Unknown","Manufacturer or UPC/model, exact package/variant and corresponding photo/video.","955","960","960","Items","956","identity_confirmation_needed","","Unknown","Unknown","","""6950165436012"" fireworks | Washinton's Wrath Freedom's Firestorm fireworks manufacturer","https://megabangerfireworks.com/product/freedoms-firestorm-washingtons-wrath/","Name/presentation research returned candidates (including ""FREEDOM’S FIRESTORM/WASHINGTON’S WRATH – Megabanger Fireworks""), but no consulted product page establishes the Square code 6950165436012, brand and exact variant together. The Dynamite name candidates remain unconfirmed.","Provide the exact Rockwall package photograph and readable manufacturer/UPC plus retail count; do not approve by name alone."
"6UJAXAORFVM7FYGGLZ67623O","","6950165436128","Washinton's Wrath","Washinton's Wrath","Unknown","Unknown","Regular","Unknown","Unknown","no_match","No sufficiently specific candidate identified in the two Dynamite catalog files.","Unknown","Manufacturer or UPC/model, exact package/variant and corresponding photo/video.","956","961","961","Items","957","identity_confirmation_needed","","Unknown","Unknown","","""6950165436128"" fireworks | Washinton's Wrath  fireworks manufacturer","https://megabangerfireworks.com/product/freedoms-firestorm-washingtons-wrath/","Name/presentation research returned candidates (including ""FREEDOM’S FIRESTORM/WASHINGTON’S WRATH – Megabanger Fireworks""), but no consulted product page establishes the Square code 6950165436128, brand and exact variant together. The Dynamite name candidates remain unconfirmed.","Provide the exact Rockwall package photograph and readable manufacturer/UPC plus retail count; do not approve by name alone."
"TMUMFZK4FJCUWETKB2JNYRTR","814527311712","","Watching You Fountain","Watching You Fountain","Unknown","Fountains","Regular","Unknown","Unknown","no_match","No sufficiently specific candidate identified in the two Dynamite catalog files.","Unknown","Manufacturer or UPC/model, exact package/variant and corresponding photo/video.","957","962","962","Items","958","no_verified_identity","","Unknown","Unknown","","""814527311712"" fireworks | Watching You Fountain  fireworks manufacturer","","Code and name/presentation searches did not establish an exact product for Square ""Watching You Fountain"" / ""Regular"" (code 814527311712). No verified manufacturer/package image or exact model was found; generic/store identifiers cannot determine identity.","Provide the exact Rockwall package photograph and readable manufacturer/UPC plus retail count; do not approve by name alone."
"C44OQMPI7CLCZ5UOQBGPOVY5","","805253438613","We the People","We the People","Unknown","Unknown","Regular","Unknown","Unknown","no_match","No sufficiently specific candidate identified in the two Dynamite catalog files.","Unknown","Manufacturer or UPC/model, exact package/variant and corresponding photo/video.","959","964","964","Items","960","identity_confirmation_needed","","Unknown","Unknown","","""805253438613"" fireworks | We the People  fireworks manufacturer","https://www.jakesfireworks.com/firework/we-the-people/ | https://www.wickedfireworks.com/product/WORLD-CLASS-WE-THE-PEOPLE-LOVE-FIREWORKS-100-SHOTS-500G-AERIAL-REPEATER-3616.aspx | https://www.bestfireworksstores.com/product-page/we-the-people-love-fireworks-500-gram-fireworks-finale | https://dosgringosfireworks.com/we-the-people-donald-trump/","Name/presentation research returned candidates (including ""Jake's Fireworks""), but no consulted product page establishes the Square code 805253438613, brand and exact variant together. The Dynamite name candidates remain unconfirmed.","Provide the exact Rockwall package photograph and readable manufacturer/UPC plus retail count; do not approve by name alone."
"52R2ZXKH7VN6XE22HGIYOY7H","","805253437616","We the People Love Fireworks","We the People Love Fireworks","Unknown","Unknown","Regular","Unknown","Unknown","no_match","No sufficiently specific candidate identified in the two Dynamite catalog files.","Unknown","Manufacturer or UPC/model, exact package/variant and corresponding photo/video.","960","965","965","Items","961","identity_confirmation_needed","","Unknown","Unknown","","""805253437616"" fireworks | We the People Love Fireworks  fireworks manufacturer","https://www.jakesfireworks.com/firework/we-the-people/ | https://www.wickedfireworks.com/product/WORLD-CLASS-WE-THE-PEOPLE-LOVE-FIREWORKS-100-SHOTS-500G-AERIAL-REPEATER-3616.aspx | https://www.bestfireworksstores.com/product-page/we-the-people-love-fireworks-500-gram-fireworks-finale | https://dosgringosfireworks.com/we-the-people-donald-trump/","Name/presentation research returned candidates (including ""Jake's Fireworks""), but no consulted product page establishes the Square code 805253437616, brand and exact variant together. The Dynamite name candidates remain unconfirmed.","Provide the exact Rockwall package photograph and readable manufacturer/UPC plus retail count; do not approve by name alone."
"QSQAXZFLM7YY3WE3XR322PCO","8145270155318","","Weapon Of Choice 36 Shot","Weapon Of Choice 36 Shot","Unknown","Unknown","Regular","Unknown","36 Shot","no_match","No sufficiently specific candidate identified in the two Dynamite catalog files.","Unknown","Manufacturer or UPC/model, exact package/variant and corresponding photo/video.","961","966","966","Items","962","no_verified_identity","","Unknown","Unknown","","""8145270155318"" fireworks | Weapon Of Choice 36 Shot  fireworks manufacturer","","Code and name/presentation searches did not establish an exact product for Square ""Weapon Of Choice 36 Shot"" / ""Regular"" (code 8145270155318). No verified manufacturer/package image or exact model was found; generic/store identifiers cannot determine identity.","Provide the exact Rockwall package photograph and readable manufacturer/UPC plus retail count; do not approve by name alone."
"BNKKQGDEVA5V7GNWV6M7MMU4","887946061681","","Wedding Sparklers No 14 Gold Sparklers 14 Inch 6 Pcs","Wedding Sparklers No 14 Gold Sparklers 14 Inch 6 Pcs","Unknown","Unknown","Regular","Unknown","14 Inch | 6 Pcs","no_match","No sufficiently specific candidate identified in the two Dynamite catalog files.","Unknown","Manufacturer or UPC/model, exact package/variant and corresponding photo/video.","962","967","967","Items","963","identity_confirmation_needed","","Unknown","Unknown","","""887946061681"" fireworks | Wedding Sparklers No 14 Gold Sparklers 14 Inch 6 Pcs  fireworks manufacturer","https://singhsfireworks.co.za/products/view/451/gold-sparklers-14-inch-1-x-6 | https://uswholesalefireworks.com/flat-package-14-gold-electric-sparklers-6-pack/ | https://usa-fireworks.com/products/sparklers/14-gold-sparklers-2/ | https://www.directsparklers.com/shop/wedding-sparklers/wedding-sparklers-gold/ | https://www.clubsparklers.com/20-inch-gold-wire-sparklers-wedding-sparklers/","Name/presentation research returned candidates (including ""Gold Sparklers (14 inch, 1 x 6) | Singh's Fireworks""), but no consulted product page establishes the Square code 887946061681, brand and exact variant together. The Dynamite name candidates remain unconfirmed.","Provide the exact Rockwall package photograph and readable manufacturer/UPC plus retail count; do not approve by name alone."
"XIJVJE2L4HZMIGUUW74YVCDN","680149045133","","Wedding Sparklers-#20 Gold 20 Inch 8 Pcs","Wedding Sparklers-#20 Gold 20 Inch 8 Pcs","Unknown","Unknown","Regular","Unknown","20 Inch | 8 Pcs","no_match","No sufficiently specific candidate identified in the two Dynamite catalog files.","Unknown","Manufacturer or UPC/model, exact package/variant and corresponding photo/video.","963","968","968","Items","964","candidate_requires_package_review","","Unknown","Unknown","","""680149045133"" fireworks | Wedding Sparklers-#20 Gold 20 Inch 8 Pcs  fireworks manufacturer | 20"" Gold Wedding Sparklers  official fireworks manufacturer","https://www.directsparklers.com/shop/wedding-sparklers/wedding-sparklers-gold/ | https://www.clubsparklers.com/20-inch-gold-wire-sparklers-wedding-sparklers/ | https://dominatorfireworks.com/sparklers/DM20NW-20-Gold-Electric-Sparkler-Wedding-Box.html | https://pyrodirect.com/collections/20-inch-wedding-sparklers | https://www.superiorcelebrations.com/product/n-sf14001/20-wedding-sparklers.html | https://www.sparklersrus.com/products/20-inch-sparklers-wedding-package | https://www.superiorfireworks.com/blog/2010/09/20-wedding-sparklers-are-here/ | https://www.directsparklers.com/ | https://singhsfireworks.co.za/products/view/451/gold-sparklers-14-inch-1-x-6","Code 680149045133 occurs in the retrieved product/source ""20"" Gold Wedding Sparklers"". Square records ""Wedding Sparklers-#20 Gold 20 Inch 8 Pcs"" / ""Regular""; this is a candidate, not a confirmed retail-package crosswalk. Inspected reference https://www.directsparklers.com/wp-content/uploads/20-Sparklers_1.webp ([400, 346]); its background is opaque and no faithful transparent exact-unit resource was approved.","Provide the exact Rockwall package photograph and readable manufacturer/UPC plus retail count; do not approve by name alone."
"ZYLKLF2LIQFBMRPYETQMEHPO","211325210436","","Welcome To America","Welcome To America","Unknown","Fountains","Regular","Unknown","Unknown","no_match","No sufficiently specific candidate identified in the two Dynamite catalog files.","Unknown","Manufacturer or UPC/model, exact package/variant and corresponding photo/video.","964","969","969","Items","965","identity_confirmation_needed","","Unknown","Unknown","","""211325210436"" fireworks | Welcome To America  fireworks manufacturer","https://welcomeamerica.com/ | https://www.axios.com/local/philadelphia/2026/06/01/wawa-welcome-america-philly-july-4-concert-fireworks | https://www.axios.com/local/philadelphia/2026/03/16/queen-latifah-dj-jazzy-jeff-among-welcome-america-headliners | https://en.wikipedia.org/wiki/Philadelphia_Welcome_America_Festival","Name/presentation research returned candidates (including ""Home - Welcome America Inc.""), but no consulted product page establishes the Square code 211325210436, brand and exact variant together. The Dynamite name candidates remain unconfirmed.","Provide the exact Rockwall package photograph and readable manufacturer/UPC plus retail count; do not approve by name alone."
"4TIP4COGELAUIDAJ6MST3CFQ","757201536110","","What A Blast","What A Blast","Unknown","Unknown","Regular","Unknown","Unknown","no_match","No sufficiently specific candidate identified in the two Dynamite catalog files.","Unknown","Manufacturer or UPC/model, exact package/variant and corresponding photo/video.","965","970","970","Items","966","identity_confirmation_needed","","Unknown","Unknown","","""757201536110"" fireworks | What A Blast  fireworks manufacturer","https://www.trademarkelite.com/trademark/trademark-detail/75534405/WHAT-A-BLAST","Name/presentation research returned candidates (including ""WHAT A BLAST Trademark (USPTO Serial 75534405) | USPTO Record | TrademarkElite""), but no consulted product page establishes the Square code 757201536110, brand and exact variant together. The Dynamite name candidates remain unconfirmed.","Provide the exact Rockwall package photograph and readable manufacturer/UPC plus retail count; do not approve by name alone."
"42AKSK3AMAWJSVSRY2QX2L4D","200300105164","","Whistling Buster","Whistling Buster","Unknown","Unknown","Regular","Unknown","Unknown","no_match","No sufficiently specific candidate identified in the two Dynamite catalog files.","Unknown","Manufacturer or UPC/model, exact package/variant and corresponding photo/video.","969","974","974","Items","970","identity_confirmation_needed","","Unknown","Unknown","","""200300105164"" fireworks | Whistling Buster  fireworks manufacturer","https://www.shogunvulcan.com/product/sw520-shogun-whistling-buster-assorted | https://www.fireworkchina.com/whistling-buster-product/","Name/presentation research returned candidates (including ""SW520 SHOGUN WHISTLING BUSTER ASSORTED - Reloadable Shells - USA Consumer Fireworks - Reloadable Shells - USA Consumer Fireworks - SHOGUN | VULCAN fireworks manufacturer""), but no consulted product page establishes the Square code 200300105164, brand and exact variant together. The Dynamite name candidates remain unconfirmed.","Provide the exact Rockwall package photograph and readable manufacturer/UPC plus retail count; do not approve by name alone."
"I6JNE43GUTMPUOBCPM36M7QM","705108802760","","Who Runs The World 500g","Who Runs The World 500g","Unknown","Unknown","Regular","Unknown","500g","no_match","No sufficiently specific candidate identified in the two Dynamite catalog files.","Unknown","Manufacturer or UPC/model, exact package/variant and corresponding photo/video.","971","976","976","Items","972","identity_confirmation_needed","","Unknown","Unknown","","""705108802760"" fireworks","https://501pyro.com/who-runs-the-world/","Name/presentation research returned candidates (including ""Who Runs the World""), but no consulted product page establishes the Square code 705108802760, brand and exact variant together. The Dynamite name candidates remain unconfirmed.","Provide the exact Rockwall package photograph and readable manufacturer/UPC plus retail count; do not approve by name alone."
"CV664TCU26NIUFZPF425DRAO","192537002890","","Wild Cat 5"" Artillery Shells 24 pack","Wild Cat 5"" Artillery Shells 24 pack","Unknown","24 Pack Canister Artillery Shells 5 INCH","Regular","Unknown","5"" | 24 pack","no_match","No sufficiently specific candidate identified in the two Dynamite catalog files.","Unknown","Manufacturer or UPC/model, exact package/variant and corresponding photo/video.","972","977","977","Items","973","no_verified_identity","","Unknown","Unknown","","""192537002890"" fireworks | Wild Cat 5"" Artillery Shells 24 pack  fireworks manufacturer","https://elevatedfireworks.com/products/wildcat-cartridges-24-shot-5-in-canister-shells | https://www.cornellierfireworks.com/products/cat/artillery-shells | https://www.reddit.com/r/fireworks/comments/1e6ifzm | https://www.reddit.com/r/fireworks/comments/1497a24","Code and name/presentation searches did not establish an exact product for Square ""Wild Cat 5"" Artillery Shells 24 pack"" / ""Regular"" (code 192537002890). No verified manufacturer/package image or exact model was found; generic/store identifiers cannot determine identity.","Provide the exact Rockwall package photograph and readable manufacturer/UPC plus retail count; do not approve by name alone."
"DZB6A5PJPGHXV3BGZRJYYKJ7","8572015003793","","Wild Hunt 500 G Pack","Wild Hunt 500 G Pack","Unknown","Unknown","Regular","Unknown","500 G","no_match","No sufficiently specific candidate identified in the two Dynamite catalog files.","Unknown","Manufacturer or UPC/model, exact package/variant and corresponding photo/video.","974","979","979","Items","975","no_verified_identity","","Unknown","Unknown","","""8572015003793"" fireworks | Wild Hunt 500 G Pack  fireworks manufacturer","","Code and name/presentation searches did not establish an exact product for Square ""Wild Hunt 500 G Pack"" / ""Regular"" (code 8572015003793). No verified manufacturer/package image or exact model was found; generic/store identifiers cannot determine identity.","Provide the exact Rockwall package photograph and readable manufacturer/UPC plus retail count; do not approve by name alone."
"475TU4CYYUU2N4WBJOEXBVVC","757201536301","","Wine O' Clock","Wine O' Clock","Unknown","Unknown","Regular","Unknown","Unknown","no_match","No sufficiently specific candidate identified in the two Dynamite catalog files.","Unknown","Manufacturer or UPC/model, exact package/variant and corresponding photo/video.","978","983","983","Items","979","package_review","","Unknown","Unknown","","""757201536301"" fireworks | Wine O' Clock  fireworks manufacturer","https://www.fireworks.us/wine-o-clock-p/9628.htm | https://www.adcoteaux.com/realisation/wine-oclock/","Wine O'Clock current official RA53630C is compact; no independent crosswalk confirms the original Square retail package.","Provide the exact Rockwall package photograph and readable manufacturer/UPC plus retail count; do not approve by name alone."
"RDNMIFK5DN5NS47I3G4DFEK3","757205301028","","Wings Of Desire 500 Gram","Wings Of Desire 500 Gram","Unknown","500 GRAM FINALE","Regular","Unknown","500 Gram","no_match","No sufficiently specific candidate identified in the two Dynamite catalog files.","Unknown","Manufacturer or UPC/model, exact package/variant and corresponding photo/video.","979","984","984","Items","980","no_verified_identity","","Unknown","Unknown","","""757205301028"" fireworks | Wings Of Desire 500 Gram  fireworks manufacturer","","Code and name/presentation searches did not establish an exact product for Square ""Wings Of Desire 500 Gram"" / ""Regular"" (code 757205301028). No verified manufacturer/package image or exact model was found; generic/store identifiers cannot determine identity.","Provide the exact Rockwall package photograph and readable manufacturer/UPC plus retail count; do not approve by name alone."
"AYTDVARD6EIZWXGX72EAMDXL","703674274196","","Wireless Lighter Firing System","Wireless Lighter Firing System","Unknown","Unknown","Regular","Unknown","Unknown","no_match","No sufficiently specific candidate identified in the two Dynamite catalog files.","Unknown","Manufacturer or UPC/model, exact package/variant and corresponding photo/video.","980","985","985","Items","981","candidate_requires_package_review","","Unknown","Unknown","","""703674274196"" fireworks | Ignite Lite Firing Module - 6-cue Ignite official fireworks manufacturer","https://dosgringosfireworks.com/FS304-R-PC/ | https://blackkatpyro.com/ignite-lite-6-cue-module/ | https://skylinefireworksllc.com/FS304-R-PC/ | https://76fireworks.com/ignite-lite/ | https://ignitefiringsystems.co.uk/product/ignite-lite-6-channel-firing-system/ | https://help.ignitefiringsystems.com/hc/en-us/articles/8665139898523-What-is-a-Cue | https://www.hexfireworks.co.uk/products/ignite-firing-systems-ignite-lite | https://play.google.com/store/apps/details?hl=en_CA&id=com.ignite.lite","Code 703674274196 occurs in the retrieved product/source ""Ignite Lite Firing Module - 6-cue"". Square records ""Wireless Lighter Firing System"" / ""Regular""; this is a candidate, not a confirmed retail-package crosswalk. Inspected reference https://cdn11.bigcommerce.com/s-6lbg1eq4kz/images/stencil/1280x1280/products/373/742/9988__50964.1736440474.png?c=1 ([500, 500]); its background is opaque and no faithful transparent exact-unit resource was approved.","Provide the exact Rockwall package photograph and readable manufacturer/UPC plus retail count; do not approve by name alone."
"JYPTK3SJCOV73CE4NJUGOT6J","814527318216","","Wolves","Wolves","Unknown","Unknown","Regular","Unknown","Unknown","no_match","No sufficiently specific candidate identified in the two Dynamite catalog files.","Unknown","Manufacturer or UPC/model, exact package/variant and corresponding photo/video.","981","986","986","Items","982","no_verified_identity","","Unknown","Unknown","","""814527318216"" fireworks | Wolves  fireworks manufacturer","","Code and name/presentation searches did not establish an exact product for Square ""Wolves"" / ""Regular"" (code 814527318216). No verified manufacturer/package image or exact model was found; generic/store identifiers cannot determine identity.","Provide the exact Rockwall package photograph and readable manufacturer/UPC plus retail count; do not approve by name alone."
"CPEIQZMDOBTZ3F24F6U4ST5F","680149047755","","X Wing Missle","X Wing Missle","Unknown","Unknown","Regular","Unknown","Unknown","no_match","No sufficiently specific candidate identified in the two Dynamite catalog files.","Unknown","Manufacturer or UPC/model, exact package/variant and corresponding photo/video.","983","988","988","Items","984","identity_confirmation_needed","","Unknown","Unknown","","""680149047755"" fireworks","https://usa-fireworks.com/products/missiles-rockets/x-wing-missile/","Name/presentation research returned candidates (including ""X-Wing Missile | 6"" Missile - USA Fireworks!""), but no consulted product page establishes the Square code 680149047755, brand and exact variant together. The Dynamite name candidates remain unconfirmed.","Provide the exact Rockwall package photograph and readable manufacturer/UPC plus retail count; do not approve by name alone."
"JW2FSPRKWWSE6UIL2JIGPHNB","757201312011","","Xtra Large 5"" Artillery Shells 12 pack","Xtra Large 5"" Artillery Shells 12 pack","Unknown","12/16 Pack Artillery Shells 1.75"" RDX\, 4"" Pyro\, 5"" Xtra Lg","Regular","Unknown","5"" | 12 pack","no_match","No sufficiently specific candidate identified in the two Dynamite catalog files.","Unknown","Manufacturer or UPC/model, exact package/variant and corresponding photo/video.","984","989","989","Items","985","candidate_requires_package_review","","Unknown","Unknown","","""757201312011"" fireworks | Xtra Large 5"" Canister Shell Raccoon Fireworks  official fireworks manufacturer","https://beta2024.usa-fireworks.com/products/artillery-shells/xtra-large-5-canister-shell/ | https://usa-fireworks.com/products/artillery-shells/xtra-large-5-canister-shell/ | https://elevatedfireworks.com/products/xtra-large-12-shot-5-in-canister-shells","Code 757201312011 occurs in the retrieved product/source ""Xtra Large 5"" Canister Shell"". Square records ""Xtra Large 5"" Artillery Shells 12 pack"" / ""Regular""; this is a candidate, not a confirmed retail-package crosswalk. Inspected reference https://beta2024.usa-fireworks.com/wp-content/uploads/2022/04/original-244.png ([400, 359]); its background is opaque and no faithful transparent exact-unit resource was approved.","Provide the exact Rockwall package photograph and readable manufacturer/UPC plus retail count; do not approve by name alone."
"KTQONGUQYENKCXK6T2CHPF4P","h33887946030311","","Zangers","Zangers","Unknown","Unknown","Regular","Unknown","Unknown","no_match","No sufficiently specific candidate identified in the two Dynamite catalog files.","Unknown","Manufacturer or UPC/model, exact package/variant and corresponding photo/video.","985","990","990","Items","986","no_verified_identity","","Unknown","Unknown","","""h33887946030311"" fireworks | Zangers  fireworks manufacturer","","Code and name/presentation searches did not establish an exact product for Square ""Zangers"" / ""Regular"" (code h33887946030311). No verified manufacturer/package image or exact model was found; generic/store identifiers cannot determine identity.","Provide the exact Rockwall package photograph and readable manufacturer/UPC plus retail count; do not approve by name alone."
"SCYFUPEUZPM64WQU4QBY6NKC","887946030311","","Zangers BOGO","Zangers","Unknown","Unknown","Regular","Unknown","Unknown","no_match","No sufficiently specific candidate identified in the two Dynamite catalog files.","Unknown","Manufacturer or UPC/model, exact package/variant and corresponding photo/video.","986","991","991","Items","987","no_verified_identity","","Unknown","Unknown","","""887946030311"" fireworks | Zangers  fireworks manufacturer","","Code and name/presentation searches did not establish an exact product for Square ""Zangers BOGO"" / ""Regular"" (code 887946030311). No verified manufacturer/package image or exact model was found; generic/store identifiers cannot determine identity.","Provide the exact Rockwall package photograph and readable manufacturer/UPC plus retail count; do not approve by name alone."
"ABSSOYGSF5XAJ7T3RPHZ6GUX","8052530147214","","Zeus Artillery 24 Shells/36 Breaks","Zeus Artillery 24 Shells/36 Breaks","Unknown","Artillery Packs MultiShell MultiBreaks","Regular","Unknown","24 Shells | 36 Breaks","no_match","No sufficiently specific candidate identified in the two Dynamite catalog files.","Unknown","Manufacturer or UPC/model, exact package/variant and corresponding photo/video.","987","992","992","Items","988","candidate_requires_package_review","","Unknown","Unknown","","""8052530147214"" fireworks | Zeus World Class official fireworks manufacturer","https://usa-fireworks.com/products/artillery-shells/zeus/ | https://thefireworkssuperstore.com/shop/zeus-artillery-shells | https://www.pyromart.com/index.php?category_id=380&company_id=223&dispatch=companies.products&page=23&sort_by=timestamp&sort_order=asc | https://www.globalzeus.com/en/sub/company/history.asp","Code 8052530147214 occurs in the retrieved product/source ""Zeus | 24 Shots | 36 Total Breaks"". Square records ""Zeus Artillery 24 Shells/36 Breaks"" / ""Regular""; this is a candidate, not a confirmed retail-package crosswalk. Inspected reference https://usa-fireworks.com/wp-content/uploads/2026/09/original-52.png ([366, 820]); its background is opaque and no faithful transparent exact-unit resource was approved.","Provide the exact Rockwall package photograph and readable manufacturer/UPC plus retail count; do not approve by name alone."
"K4U6AWT3ZSCB7UMQSFTHNS2T","69400360","","Zing. BOGO","Zing.","Unknown","Unknown","Regular","Unknown","Unknown","no_match","No sufficiently specific candidate identified in the two Dynamite catalog files.","Unknown","Manufacturer or UPC/model, exact package/variant and corresponding photo/video.","988","993","993","Items","989","no_verified_identity","","Unknown","Unknown","","Compared code against official Winco UPC reference | Zing. BOGO L555@P48: Wings NVGP401 Zing!!! (69400360) fireworks manufacturer","","Code and name/presentation searches did not establish an exact product for Square ""Zing. BOGO"" / ""Regular"" (code 69400360). No verified manufacturer/package image or exact model was found; generic/store identifiers cannot determine identity.","Provide the exact Rockwall package photograph and readable manufacturer/UPC plus retail count; do not approve by name alone."
"TBUBQKGLIPZ3YZ7ACJLUPCHR","601020003035","","Zippers 6pc","Zippers 6pc","Unknown","Unknown","Regular","Unknown","6pc","no_match","No sufficiently specific candidate identified in the two Dynamite catalog files.","Unknown","Manufacturer or UPC/model, exact package/variant and corresponding photo/video.","989","994","994","Items","990","no_verified_identity","","Unknown","Unknown","","""601020003035"" fireworks | Zippers 6pc  fireworks manufacturer","https://www.elitefireworks.com/products/zippers","Code and name/presentation searches did not establish an exact product for Square ""Zippers 6pc"" / ""Regular"" (code 601020003035). No verified manufacturer/package image or exact model was found; generic/store identifiers cannot determine identity.","Provide the exact Rockwall package photograph and readable manufacturer/UPC plus retail count; do not approve by name alone."
"MLRBPIXQ3OWSYIEEJFU5UA6F","211491323473","","Zombie Killer 5"" Artillery Shells 24 pack","Zombie Killer 5"" Artillery Shells 24 pack","Unknown","24 Pack Canister Artillery Shells 5 INCH","Regular","Unknown","5"" | 24 pack","probable","Name identifies a candidate only; manufacturer and exact presentation have not been established.","products.json[30] Zombie / Monkey Mania / /products/zombie.png","Manufacturer or UPC/model, exact package/variant and corresponding photo/video.","990","995","995","Items","991","no_verified_identity","","Unknown","Unknown","","""211491323473"" fireworks | Zombie Killer 5"" Artillery Shells 24 pack  fireworks manufacturer","https://blog.jakesfireworks.com/blog/product-spotlight-growler-5-canister-artillery-shells | https://store29579316.company.site/OUT-OF-THIS-WORLD-5-CANISTER-SHELLS-24-Pack-4-4-6-p496443436 | https://www.redrhinofireworks.com/firework/the-assassin-of-artillery-5-shell/ | https://elevatedfireworks.com/products/tie-dye-24-shot-5-in-canister-shells | https://www.reddit.com/r/fireworks/comments/1497a24","Code and name/presentation searches did not establish an exact product for Square ""Zombie Killer 5"" Artillery Shells 24 pack"" / ""Regular"" (code 211491323473). No verified manufacturer/package image or exact model was found; generic/store identifiers cannot determine identity.","Provide the exact Rockwall package photograph and readable manufacturer/UPC plus retail count; do not approve by name alone."
"C4H5ALVI5ANGSTY6KKEOP2YJ","6950165423067","","Zombied 9 Shots","Zombied 9 Shots","Unknown","Unknown","Regular","Unknown","9 Shots","probable","Name identifies a candidate only; manufacturer and exact presentation have not been established.","products.json[30] Zombie / Monkey Mania / /products/zombie.png","Manufacturer or UPC/model, exact package/variant and corresponding photo/video.","991","996","996","Items","992","no_verified_identity","","Unknown","Unknown","","""6950165423067"" fireworks | Zombied 9 Shots  fireworks manufacturer","https://megabangerfireworks.com/product/zombied/ | https://www.feuerwerk.com/shop/zombie-3-9-schuss-feuerwerksbatterie/","Code and name/presentation searches did not establish an exact product for Square ""Zombied 9 Shots"" / ""Regular"" (code 6950165423067). No verified manufacturer/package image or exact model was found; generic/store identifiers cannot determine identity.","Provide the exact Rockwall package photograph and readable manufacturer/UPC plus retail count; do not approve by name alone."
"ZMSLCMXFLVZU2T7HTZ32QRD5","214345008014","","alien chaser","alien chaser","Unknown","Unknown","Regular","Unknown","Unknown","no_match","No sufficiently specific candidate identified in the two Dynamite catalog files.","Unknown","Manufacturer or UPC/model, exact package/variant and corresponding photo/video.","992","997","997","Items","993","no_verified_identity","","Unknown","Unknown","","Compared code against official Winco UPC reference | alien chaser L535@P46: Spinners SPWPP-801 Alien Chaser (214345008014) fireworks manufacturer","","Code and name/presentation searches did not establish an exact product for Square ""alien chaser"" / ""Regular"" (code 214345008014). No verified manufacturer/package image or exact model was found; generic/store identifiers cannot determine identity.","Provide the exact Rockwall package photograph and readable manufacturer/UPC plus retail count; do not approve by name alone."
"FY34EGC4CU3KPIDESMEXQUM6","","674662513897","americas thunderbombs 1000 firecrackers","americas thunderbombs 1000 firecrackers","Unknown","Unknown","Regular","Unknown","Unknown","no_match","No sufficiently specific candidate identified in the two Dynamite catalog files.","Unknown","Manufacturer or UPC/model, exact package/variant and corresponding photo/video.","993","998","998","Items","994","no_verified_identity","","Unknown","Unknown","","""674662513897"" fireworks | americas thunderbombs 1000 firecrackers  fireworks manufacturer","https://staging.usa-fireworks.com/products/firecrackers/1000-roll-boomer/","Code and name/presentation searches did not establish an exact product for Square ""americas thunderbombs 1000 firecrackers"" / ""Regular"" (code 674662513897). No verified manufacturer/package image or exact model was found; generic/store identifiers cannot determine identity.","Provide the exact Rockwall package photograph and readable manufacturer/UPC plus retail count; do not approve by name alone."
"L5C5YKYKI6P6RTTUFZUQAN67","100000100226","","artificial satellite","artificial satellite","Unknown","Unknown","Regular","Unknown","Unknown","no_match","No sufficiently specific candidate identified in the two Dynamite catalog files.","Unknown","Manufacturer or UPC/model, exact package/variant and corresponding photo/video.","994","999","999","Items","995","no_verified_identity","","Unknown","Unknown","","""100000100226"" fireworks | artificial satellite  fireworks manufacturer","","Code and name/presentation searches did not establish an exact product for Square ""artificial satellite"" / ""Regular"" (code 100000100226). No verified manufacturer/package image or exact model was found; generic/store identifiers cannot determine identity.","Provide the exact Rockwall package photograph and readable manufacturer/UPC plus retail count; do not approve by name alone."
"CYOD2EG37BSGJSX2PMIA745V","816597943091","","big mudder trucker","big mudder trucker","Unknown","Unknown","Regular","Unknown","Unknown","no_match","No sufficiently specific candidate identified in the two Dynamite catalog files.","Unknown","Manufacturer or UPC/model, exact package/variant and corresponding photo/video.","996","1001","1001","Items","997","no_verified_identity","","Unknown","Unknown","","""816597943091"" fireworks | big mudder trucker  fireworks manufacturer","","Code and name/presentation searches did not establish an exact product for Square ""big mudder trucker"" / ""Regular"" (code 816597943091). No verified manufacturer/package image or exact model was found; generic/store identifiers cannot determine identity.","Provide the exact Rockwall package photograph and readable manufacturer/UPC plus retail count; do not approve by name alone."
"FWD36HGV7A4TLSAPI2MAT4HL","687985430819","","cat calls","cat calls","Unknown","Fountains","Regular","Unknown","Unknown","no_match","No sufficiently specific candidate identified in the two Dynamite catalog files.","Unknown","Manufacturer or UPC/model, exact package/variant and corresponding photo/video.","999","1004","1004","Items","1000","no_verified_identity","","Unknown","Unknown","","""687985430819"" fireworks | cat calls  fireworks manufacturer","https://www.tntfireworks.com/fireworks/cat/california/2773-asst-color-snake | https://blackcatfireworks.com/fireworks/novelties/assorted-snakes/","Code and name/presentation searches did not establish an exact product for Square ""cat calls"" / ""Regular"" (code 687985430819). No verified manufacturer/package image or exact model was found; generic/store identifiers cannot determine identity.","Provide the exact Rockwall package photograph and readable manufacturer/UPC plus retail count; do not approve by name alone."
"ESLZA7PGFA42ZX5QDNW7DNQS","715244033447","","colored snakes","colored snakes","Unknown","Unknown","Regular","Unknown","Unknown","no_match","No sufficiently specific candidate identified in the two Dynamite catalog files.","Unknown","Manufacturer or UPC/model, exact package/variant and corresponding photo/video.","1000","1005","1005","Items","1001","identity_confirmation_needed","","Unknown","Unknown","","""715244033447"" fireworks | colored snakes  fireworks manufacturer","https://goldfieldfireworks.com/index.php/our-fireworks/product/1219-colored-snakes | https://blackcatfireworks.com/fireworks/novelties/assorted-snakes/ | https://www.wildwillysfireworks.com/products/snake-assortment | https://www.tradeindia.com/products/black-serpents-snakes-4904392.html | https://www.shogunvulcan.com/product/snov2046-pulling-color-smoke-grenade","Name/presentation research returned candidates (including ""Goldfield Fireworks - Goldfield, Nevada - Colored Snakes""), but no consulted product page establishes the Square code 715244033447, brand and exact variant together. The Dynamite name candidates remain unconfirmed.","Provide the exact Rockwall package photograph and readable manufacturer/UPC plus retail count; do not approve by name alone."
"ZBY55IANNELVIVADDGQEEIVP","715244020140","","cuckoo","cuckoo","Unknown","Unknown","Regular","Unknown","Unknown","no_match","No sufficiently specific candidate identified in the two Dynamite catalog files.","Unknown","Manufacturer or UPC/model, exact package/variant and corresponding photo/video.","1002","1007","1007","Items","1003","no_verified_identity","","Unknown","Unknown","","""715244020140"" fireworks","","Code and name/presentation searches did not establish an exact product for Square ""cuckoo"" / ""Regular"" (code 715244020140). No verified manufacturer/package image or exact model was found; generic/store identifiers cannot determine identity.","Provide the exact Rockwall package photograph and readable manufacturer/UPC plus retail count; do not approve by name alone."
"CVAUNE4ODRI6N6BCYCLHK4WS","841527110298","","dino bomb","dino bomb","Unknown","Unknown","Regular","Unknown","Unknown","no_match","No sufficiently specific candidate identified in the two Dynamite catalog files.","Unknown","Manufacturer or UPC/model, exact package/variant and corresponding photo/video.","1004","1009","1009","Items","1005","candidate_requires_package_review","","Unknown","Unknown","","""841527110298"" fireworks | Dino Bomb T-Sky Fireworks official fireworks manufacturer","https://usa-fireworks.com/products/firecrackers-salutes/dino-bomb/ | https://staging.usa-fireworks.com/products/firecrackers-salutes/dino-bomb/ | https://www.t-skyfireworks.com/products/dino-bomb/ | https://www.elitefireworks.com/products/dino-bomb","Code 841527110298 occurs in the retrieved product/source ""Dino Bomb | Pack of 5"". Square records ""dino bomb"" / ""Regular""; this is a candidate, not a confirmed retail-package crosswalk. Inspected reference https://usa-fireworks.com/wp-content/uploads/2026/09/original-963.png ([250, 363]); its background is opaque and no faithful transparent exact-unit resource was approved.","Provide the exact Rockwall package photograph and readable manufacturer/UPC plus retail count; do not approve by name alone."
"YAR54WJZVKSVXZJB6WIGGNJ7","112233000259","","dragon artillery shell","dragon artillery shell","Unknown","Unknown","Regular","Unknown","Unknown","no_match","No sufficiently specific candidate identified in the two Dynamite catalog files.","Unknown","Manufacturer or UPC/model, exact package/variant and corresponding photo/video.","1005","1010","1010","Items","1006","identity_confirmation_needed","","Unknown","Unknown","","""112233000259"" fireworks | dragon artillery shell  fireworks manufacturer","https://www.libertyfireworks.us/products/artillery-shell-crackling-12-units-wholesale | https://www.reddit.com/r/fireworks/comments/h9h2vf","Name/presentation research returned candidates (including ""CRACKLING ARTILLERY SHELL - Item # M-W518A – Liberty Fireworks""), but no consulted product page establishes the Square code 112233000259, brand and exact variant together. The Dynamite name candidates remain unconfirmed.","Provide the exact Rockwall package photograph and readable manufacturer/UPC plus retail count; do not approve by name alone."
"6QO63UPD5GZPJBJPTPD76VNT","112233000242","","dragon artillery shell","dragon artillery shell","Unknown","Unknown","Dragon Artillery Shell","Dragon Artillery Shell","Unknown","no_match","No sufficiently specific candidate identified in the two Dynamite catalog files.","Unknown","Manufacturer or UPC/model, exact package/variant and corresponding photo/video.","1006","1011","1011","Items","1007","identity_confirmation_needed","","Unknown","Unknown","","""112233000242"" fireworks | dragon artillery shell Dragon Artillery Shell fireworks manufacturer","https://www.libertyfireworks.us/products/artillery-shell-crackling-12-units-wholesale | https://www.reddit.com/r/fireworks/comments/h9h2vf","Name/presentation research returned candidates (including ""CRACKLING ARTILLERY SHELL - Item # M-W518A – Liberty Fireworks""), but no consulted product page establishes the Square code 112233000242, brand and exact variant together. The Dynamite name candidates remain unconfirmed.","Provide the exact Rockwall package photograph and readable manufacturer/UPC plus retail count; do not approve by name alone."
"RLY2XMX3UEEYIBZHJTFOND6V","811451011763","","dragon artillery shell","dragon artillery shell","Unknown","Unknown","Dragon Artillery Shell","Dragon Artillery Shell","Unknown","no_match","No sufficiently specific candidate identified in the two Dynamite catalog files.","Unknown","Manufacturer or UPC/model, exact package/variant and corresponding photo/video.","1007","1012","1012","Items","1008","identity_confirmation_needed","","Unknown","Unknown","","""811451011763"" fireworks | dragon artillery shell Dragon Artillery Shell fireworks manufacturer","https://www.libertyfireworks.us/products/artillery-shell-crackling-12-units-wholesale | https://borderlinefireworks.myshopify.com/products/0adfd74a-15f9-11e7-fa42-c71b75ce6b58 | https://www.boomtownfireworks.com/products/dragon-strobe-smash-artillery-shells/ | https://usa-fireworks.com/products/artillery-shells/dragon-artillery-6-shots/","Name/presentation research returned candidates (including ""CRACKLING ARTILLERY SHELL - Item # M-W518A – Liberty Fireworks""), but no consulted product page establishes the Square code 811451011763, brand and exact variant together. The Dynamite name candidates remain unconfirmed.","Provide the exact Rockwall package photograph and readable manufacturer/UPC plus retail count; do not approve by name alone."
"T52ZOHQ6LBMGDIOFIZ22YDPN","811451013422","","dragon artillery shell","dragon artillery shell","Unknown","Unknown","Dragon Artillery Shell","Dragon Artillery Shell","Unknown","no_match","No sufficiently specific candidate identified in the two Dynamite catalog files.","Unknown","Manufacturer or UPC/model, exact package/variant and corresponding photo/video.","1008","1013","1013","Items","1009","identity_confirmation_needed","","Unknown","Unknown","","""811451013422"" fireworks | dragon artillery shell Dragon Artillery Shell fireworks manufacturer","https://www.libertyfireworks.us/products/artillery-shell-crackling-12-units-wholesale | https://borderlinefireworks.myshopify.com/products/0adfd74a-15f9-11e7-fa42-c71b75ce6b58 | https://www.boomtownfireworks.com/products/dragon-strobe-smash-artillery-shells/ | https://usa-fireworks.com/products/artillery-shells/dragon-artillery-6-shots/","Name/presentation research returned candidates (including ""CRACKLING ARTILLERY SHELL - Item # M-W518A – Liberty Fireworks""), but no consulted product page establishes the Square code 811451013422, brand and exact variant together. The Dynamite name candidates remain unconfirmed.","Provide the exact Rockwall package photograph and readable manufacturer/UPC plus retail count; do not approve by name alone."
"EU6L6PVTJT2WVTO3IXNXKD4T","715244064694","","fiesta grande 216 shot","fiesta grande 216 shot","Unknown","Unknown","Regular","Unknown","216 shot","no_match","No sufficiently specific candidate identified in the two Dynamite catalog files.","Unknown","Manufacturer or UPC/model, exact package/variant and corresponding photo/video.","1009","1014","1014","Items","1010","candidate_requires_package_review","","Unknown","Unknown","","""715244064694"" fireworks | Fiesta Grande Black Cat official fireworks manufacturer","https://usa-fireworks.com/products/aerial-all-cakes/aerial-500-gram-cakes/fiesta-grande-216-shot-cake/ | https://blackcatfireworks.com/fireworks/novelties/ground-mine/ | https://www.blackcatfireworks.co.uk/about/about-us/ | https://www.scbfireworks.com/product/fiesta-grande-216s/","Code 715244064694 occurs in the retrieved product/source ""Fiesta Grande | 216 Shot Cake"". Square records ""fiesta grande 216 shot"" / ""Regular""; this is a candidate, not a confirmed retail-package crosswalk. Inspected reference https://usa-fireworks.com/wp-content/uploads/2026/09/original-262.jpeg ([378, 228]); its background is opaque and no faithful transparent exact-unit resource was approved.","Provide the exact Rockwall package photograph and readable manufacturer/UPC plus retail count; do not approve by name alone."
"M4YZJHNICGF76SSOFNVQBUVQ","022210013236","","game on","game on","Unknown","Fountains","Regular","Unknown","Unknown","no_match","No sufficiently specific candidate identified in the two Dynamite catalog files.","Unknown","Manufacturer or UPC/model, exact package/variant and corresponding photo/video.","1013","1018","1018","Items","1014","identity_confirmation_needed","","Unknown","Unknown","","""022210013236"" fireworks | game on  fireworks manufacturer","https://www.tntfireworks.com/fireworks/cat/multi-aerials/3004-game-on | https://www.reddit.com/r/BaseBuildingGames/comments/1rxpg43/we_are_working_on_a_game_where_you_build_a/ | https://www.brotherspyrotechnics.com/fdetail/8306 | https://en.wikipedia.org/wiki/Fireworks_%28video_game%29 | https://www.reddit.com/r/tycoon/comments/1sagbf2/i_make_a_fireworks_factory_game_but_you_are_candle/","Name/presentation research returned candidates (including ""Fireworks | TNT Fireworks | Game On""), but no consulted product page establishes the Square code 022210013236, brand and exact variant together. The Dynamite name candidates remain unconfirmed.","Provide the exact Rockwall package photograph and readable manufacturer/UPC plus retail count; do not approve by name alone."
"MCBS7WIPTOROQZQTI2VDVBOC","688130233668","","glow pops BOGO","glow pops","Unknown","Unknown","Regular","Unknown","Unknown","no_match","No sufficiently specific candidate identified in the two Dynamite catalog files.","Unknown","Manufacturer or UPC/model, exact package/variant and corresponding photo/video.","1014","1019","1019","Items","1015","no_verified_identity","","Unknown","Unknown","","""688130233668"" fireworks | glow pops  fireworks manufacturer","https://www.reddit.com/r/HelpMeFind/comments/1vypius/please_help_me_find_these_alien_glow_pops/","Code and name/presentation searches did not establish an exact product for Square ""glow pops BOGO"" / ""Regular"" (code 688130233668). No verified manufacturer/package image or exact model was found; generic/store identifiers cannot determine identity.","Provide the exact Rockwall package photograph and readable manufacturer/UPC plus retail count; do not approve by name alone."
"I2Z6MQ67VGNRLP3ESDV4GHX4","681402052691","","gumball barrage","gumball barrage","Unknown","Unknown","Regular","Unknown","Unknown","no_match","No sufficiently specific candidate identified in the two Dynamite catalog files.","Unknown","Manufacturer or UPC/model, exact package/variant and corresponding photo/video.","1016","1021","1021","Items","1017","no_verified_identity","","Unknown","Unknown","","""681402052691"" fireworks | gumball barrage  fireworks manufacturer","","Code and name/presentation searches did not establish an exact product for Square ""gumball barrage"" / ""Regular"" (code 681402052691). No verified manufacturer/package image or exact model was found; generic/store identifiers cannot determine identity.","Provide the exact Rockwall package photograph and readable manufacturer/UPC plus retail count; do not approve by name alone."
"Q3FVGPX5GRZZUNS42RW7JQQJ","077021322923","","happy 16 shot","happy 16 shot","Unknown","Unknown","Regular","Unknown","16 shot","no_match","No sufficiently specific candidate identified in the two Dynamite catalog files.","Unknown","Manufacturer or UPC/model, exact package/variant and corresponding photo/video.","1017","1022","1022","Items","1018","identity_confirmation_needed","","Unknown","Unknown","","""077021322923"" fireworks | happy 16 shot  fireworks manufacturer","https://www.shogunvulcan.com/product/ssm7702b-happy-firework-16-shots | https://blackcatfireworks.com/fireworks/aerials-200-gram/happy-16s/ | https://www.archangelfireworks.com/happy-16-shot.html | https://ocfireworks.com/16-shot-happy/ | https://garrettsfireworks.com/products/gpc2037","Name/presentation research returned candidates (including ""SSM7702B HAPPY FIREWORK 16 SHOTS - 200gm Cakes - USA Consumer Fireworks - 200gm Cakes - USA Consumer Fireworks - SHOGUN | VULCAN fireworks manufacturer""), but no consulted product page establishes the Square code 077021322923, brand and exact variant together. The Dynamite name candidates remain unconfirmed.","Provide the exact Rockwall package photograph and readable manufacturer/UPC plus retail count; do not approve by name alone."
"PGK3TNKD3K42HUIFSRTEXDRZ","177021322944","","happy 36 shot","happy 36 shot","Unknown","Unknown","Regular","Unknown","36 shot","no_match","No sufficiently specific candidate identified in the two Dynamite catalog files.","Unknown","Manufacturer or UPC/model, exact package/variant and corresponding photo/video.","1018","1023","1023","Items","1019","identity_confirmation_needed","","Unknown","Unknown","","""177021322944"" fireworks | happy 36 shot  fireworks manufacturer","https://www.spfireworks.com/products_detail_1/684.html | https://www.libertyfireworks.us/products/happy-36-shot | https://dominatorfireworks.com/200G/DM-K7702A-36-Shot-Happy.html | https://millerfireworks.com/product/happy-36-shot-suns/ | https://www.shogunvulcan.com/product/ssm7702b-happy-firework-16-shots","Name/presentation research returned candidates (including ""36 SHOT HAPPY-Liuyang China Supreme Fireworks Factory""), but no consulted product page establishes the Square code 177021322944, brand and exact variant together. The Dynamite name candidates remain unconfirmed.","Provide the exact Rockwall package photograph and readable manufacturer/UPC plus retail count; do not approve by name alone."
"S7H4K7C6I5R4F5NP7HHUWFBX","676821059819","","home run","home run","Unknown","Unknown","Regular","Unknown","Unknown","no_match","No sufficiently specific candidate identified in the two Dynamite catalog files.","Unknown","Manufacturer or UPC/model, exact package/variant and corresponding photo/video.","1019","1024","1024","Items","1020","no_verified_identity","","Unknown","Unknown","","""676821059819"" fireworks | home run  fireworks manufacturer","https://www.reddit.com/r/malaysia/comments/1i799p1","Code and name/presentation searches did not establish an exact product for Square ""home run"" / ""Regular"" (code 676821059819). No verified manufacturer/package image or exact model was found; generic/store identifiers cannot determine identity.","Provide the exact Rockwall package photograph and readable manufacturer/UPC plus retail count; do not approve by name alone."
"O5NCK6FZ4MGSKN2QNW6ZPXSA","019471322627","","ice cream","ice cream","Unknown","Fountains","Regular","Unknown","Unknown","no_match","No sufficiently specific candidate identified in the two Dynamite catalog files.","Unknown","Manufacturer or UPC/model, exact package/variant and corresponding photo/video.","1021","1026","1026","Items","1022","identity_confirmation_needed","","Unknown","Unknown","","""019471322627"" fireworks | ice cream  fireworks manufacturer","https://www.graeters.com/blogs/posts/cue-the-fireworks-graeter-s-ice-cream-celebrates-america-s-250th-birthday-with-latest-summer-bonus-flavor-cherry-sparkler | https://en.wikipedia.org/wiki/The_Magnum_Ice_Cream_Company | https://www.chinesefireworks.net/","Name/presentation research returned candidates (including ""Graeter’s Celebrates America’s 250th Birthday with Cherry Sparkler Ice""), but no consulted product page establishes the Square code 019471322627, brand and exact variant together. The Dynamite name candidates remain unconfirmed.","Provide the exact Rockwall package photograph and readable manufacturer/UPC plus retail count; do not approve by name alone."
"LGRKTS64MSYDTY5XMOR7KCXT","616612189141","","its a Texas thing","its a Texas thing","Unknown","Unknown","Regular","Unknown","Unknown","no_match","No sufficiently specific candidate identified in the two Dynamite catalog files.","Unknown","Manufacturer or UPC/model, exact package/variant and corresponding photo/video.","1022","1027","1027","Items","1023","no_verified_identity","","Unknown","Unknown","","""616612189141"" fireworks | its a Texas thing  fireworks manufacturer","","Code and name/presentation searches did not establish an exact product for Square ""its a Texas thing"" / ""Regular"" (code 616612189141). No verified manufacturer/package image or exact model was found; generic/store identifiers cannot determine identity.","Provide the exact Rockwall package photograph and readable manufacturer/UPC plus retail count; do not approve by name alone."
"OZBSOY3CHLT2YRYKF2N5V3XT","193936959136","","jack in tall box","jack in tall box","Unknown","Fountains","Regular","Unknown","Unknown","no_match","No sufficiently specific candidate identified in the two Dynamite catalog files.","Unknown","Manufacturer or UPC/model, exact package/variant and corresponding photo/video.","1023","1028","1028","Items","1024","identity_confirmation_needed","","Unknown","Unknown","","""193936959136"" fireworks | jack in tall box  fireworks manufacturer","https://cncfireworks.com/products/GXRXUMRDPYRAGWT5TP5O6IXE | https://www.lowpricefireworks.co.uk/fireworks-detail.php?item=193","Name/presentation research returned candidates (including ""Jack In Tall Box #L91701 | C-N-C Fireworks""), but no consulted product page establishes the Square code 193936959136, brand and exact variant together. The Dynamite name candidates remain unconfirmed.","Provide the exact Rockwall package photograph and readable manufacturer/UPC plus retail count; do not approve by name alone."
"Q2YEM7OLG2QINNCEQZ3JAB3Z","020162001004","","jurrasic pack","jurrasic pack","Unknown","Unknown","Regular","Unknown","Unknown","no_match","No sufficiently specific candidate identified in the two Dynamite catalog files.","Unknown","Manufacturer or UPC/model, exact package/variant and corresponding photo/video.","1024","1029","1029","Items","1025","no_verified_identity","","Unknown","Unknown","","""020162001004"" fireworks | jurrasic pack  fireworks manufacturer","","Code and name/presentation searches did not establish an exact product for Square ""jurrasic pack"" / ""Regular"" (code 020162001004). No verified manufacturer/package image or exact model was found; generic/store identifiers cannot determine identity.","Provide the exact Rockwall package photograph and readable manufacturer/UPC plus retail count; do not approve by name alone."
"MU54DYAZM5S7JB6NWNK4MI7R","020162001028","","jurrasic pack","jurrasic pack","Unknown","Unknown","Jurassic Pack","Jurassic Pack","Unknown","no_match","No sufficiently specific candidate identified in the two Dynamite catalog files.","Unknown","Manufacturer or UPC/model, exact package/variant and corresponding photo/video.","1025","1030","1030","Items","1026","no_verified_identity","","Unknown","Unknown","","""020162001028"" fireworks | jurrasic pack Jurassic Pack fireworks manufacturer","https://jurassicfireworks.com/ | https://www.reddit.com/r/PlayMaestroGame/comments/1qwi1y9/jurassic_pack/ | https://shop.thetoyfactory.biz/media/toy_factory/default/dwn_2019_toyfactory_catalog_weblr.pdf | https://marukatsusp.com/descargar.php?f=catalogo-pbp-2026.pdf","Code and name/presentation searches did not establish an exact product for Square ""jurrasic pack"" / ""Jurassic Pack"" (code 020162001028). No verified manufacturer/package image or exact model was found; generic/store identifiers cannot determine identity.","Provide the exact Rockwall package photograph and readable manufacturer/UPC plus retail count; do not approve by name alone."
"MJMGOCFCGNQDJHMU55JEXXLY","020162001011","","jurrasic pack","jurrasic pack","Unknown","Unknown","Jurassic Pack","Jurassic Pack","Unknown","no_match","No sufficiently specific candidate identified in the two Dynamite catalog files.","Unknown","Manufacturer or UPC/model, exact package/variant and corresponding photo/video.","1026","1031","1031","Items","1027","no_verified_identity","","Unknown","Unknown","","""020162001011"" fireworks | jurrasic pack Jurassic Pack fireworks manufacturer","https://jurassicfireworks.com/ | https://www.reddit.com/r/PlayMaestroGame/comments/1qwi1y9/jurassic_pack/ | https://shop.thetoyfactory.biz/media/toy_factory/default/dwn_2019_toyfactory_catalog_weblr.pdf | https://marukatsusp.com/descargar.php?f=catalogo-pbp-2026.pdf","Code and name/presentation searches did not establish an exact product for Square ""jurrasic pack"" / ""Jurassic Pack"" (code 020162001011). No verified manufacturer/package image or exact model was found; generic/store identifiers cannot determine identity.","Provide the exact Rockwall package photograph and readable manufacturer/UPC plus retail count; do not approve by name alone."
"D6KC2VBTV4GXBX33BTY3XCEK","688130232920","","ka kaw","ka kaw","Unknown","Unknown","Regular","Unknown","Unknown","no_match","No sufficiently specific candidate identified in the two Dynamite catalog files.","Unknown","Manufacturer or UPC/model, exact package/variant and corresponding photo/video.","1027","1032","1032","Items","1028","no_verified_identity","","Unknown","Unknown","","""688130232920"" fireworks | ka kaw  fireworks manufacturer","","Code and name/presentation searches did not establish an exact product for Square ""ka kaw"" / ""Regular"" (code 688130232920). No verified manufacturer/package image or exact model was found; generic/store identifiers cannot determine identity.","Provide the exact Rockwall package photograph and readable manufacturer/UPC plus retail count; do not approve by name alone."
"3YRUR4A6SXEFR6QHEBZ666DA","715244020157","","killer bees bc","killer bees bc","Unknown","Unknown","Regular","Unknown","Unknown","no_match","No sufficiently specific candidate identified in the two Dynamite catalog files.","Unknown","Manufacturer or UPC/model, exact package/variant and corresponding photo/video.","1028","1033","1033","Items","1029","no_verified_identity","","Unknown","Unknown","","""715244020157"" fireworks","","Code and name/presentation searches did not establish an exact product for Square ""killer bees bc"" / ""Regular"" (code 715244020157). No verified manufacturer/package image or exact model was found; generic/store identifiers cannot determine identity.","Provide the exact Rockwall package photograph and readable manufacturer/UPC plus retail count; do not approve by name alone."
"UD6CLHKRDFQGYA4FZA3XQSKP","805253401013","","let's go brandon","let's go brandon","Unknown","Unknown","Regular","Unknown","Unknown","no_match","No sufficiently specific candidate identified in the two Dynamite catalog files.","Unknown","Manufacturer or UPC/model, exact package/variant and corresponding photo/video.","1029","1034","1034","Items","1030","identity_confirmation_needed","","Unknown","Unknown","","""805253401013"" fireworks | let's go brandon  fireworks manufacturer","https://uspto.report/TM/97069780/APP20211015081244/ | https://en.wikipedia.org/wiki/Let%27s_Go_Brandon | https://ru.wikipedia.org/wiki/Let%E2%80%99s_Go_Brandon | https://es.wikipedia.org/wiki/Let%27s_Go_Brandon | https://en.wikipedia.org/wiki/Let%27s_Go_Brandon_%28song%29","Name/presentation research returned candidates (including ""Application for Let's Go Brandon""), but no consulted product page establishes the Square code 805253401013, brand and exact variant together. The Dynamite name candidates remain unconfirmed.","Provide the exact Rockwall package photograph and readable manufacturer/UPC plus retail count; do not approve by name alone."
"FSQXUREBL7AO6TFFDCHCHLLN","847294000510","","magic whip backpack","magic whip backpack","Unknown","Unknown","Regular","Unknown","Unknown","no_match","No sufficiently specific candidate identified in the two Dynamite catalog files.","Unknown","Manufacturer or UPC/model, exact package/variant and corresponding photo/video.","1030","1035","1035","Items","1031","identity_confirmation_needed","","Unknown","Unknown","","""847294000510"" fireworks","https://doczz.net/doc/3271793/2016-catalog---big-fireworks","Name/presentation research returned candidates (including ""2016 Catalog - Big Fireworks - bracelets""), but no consulted product page establishes the Square code 847294000510, brand and exact variant together. The Dynamite name candidates remain unconfirmed.","Provide the exact Rockwall package photograph and readable manufacturer/UPC plus retail count; do not approve by name alone."
"OTTYNEVXAQXMAOLNIB6I3DVW","8145270102718","","mighty cracker","mighty cracker","Unknown","Unknown","Regular","Unknown","Unknown","no_match","No sufficiently specific candidate identified in the two Dynamite catalog files.","Unknown","Manufacturer or UPC/model, exact package/variant and corresponding photo/video.","1031","1036","1036","Items","1032","data_conflict","","Unknown","Unknown","","""8145270102718"" fireworks | Mighty Cracker  official fireworks manufacturer","https://thefireworkssuperstore.com/shop/mighty-cracker","The Mighty Cracker code in this row points to Cutting Edge, while the retailer photograph shows World-Class. Do not reuse the image from the other brand.","Provide the exact Rockwall package photograph and readable manufacturer/UPC plus retail count; do not approve by name alone."
"TFA6F7IDN346GXHIFJMRO3O7","821200018257","","monster crusher","monster crusher","Unknown","Fountains","Regular","Unknown","Unknown","no_match","No sufficiently specific candidate identified in the two Dynamite catalog files.","Unknown","Manufacturer or UPC/model, exact package/variant and corresponding photo/video.","1033","1038","1038","Items","1034","no_verified_identity","","Unknown","Unknown","","""821200018257"" fireworks | monster crusher  fireworks manufacturer","https://rkmfireworks.net/crusher-truck-1-1/ | https://monsterfireworks.co.uk/ | https://en.wikipedia.org/wiki/Carolina_Crusher | https://www.myfloridacfo.com/docs-sf/state-fire-marshal-libraries/sfm-documents/bfp/approved-sparklers-list/2007-sparklers-list.pdf?sfvrsn=b01884df_5","Code and name/presentation searches did not establish an exact product for Square ""monster crusher"" / ""Regular"" (code 821200018257). No verified manufacturer/package image or exact model was found; generic/store identifiers cannot determine identity.","Provide the exact Rockwall package photograph and readable manufacturer/UPC plus retail count; do not approve by name alone."
"WL3IO2FYENLAKA7Q3QLLT2IM","","630128918309","neon 5"" canister artillery shells","neon 5"" canister artillery shells","Unknown","Unknown","Regular","Unknown","5""","no_match","No sufficiently specific candidate identified in the two Dynamite catalog files.","Unknown","Manufacturer or UPC/model, exact package/variant and corresponding photo/video.","1035","1040","1040","Items","1036","candidate_requires_package_review","","Unknown","Unknown","","""630128918309"" fireworks | neon 5"" canister artillery shells BW2026 Boom Wow Fireworks official fireworks manufacturer","https://americanwholesalefireworks.com/neon-canisters-5/ | https://www.tntfireworks.com/fireworks/cat/reloadables/3535-tnt-5-neon-canister | https://www.boomwowfireworks.com/canister-shells/BW2026%20-%20%205.html","Code 630128918309 occurs in the retrieved product/source ""Neon Canister Shells 5"" - Boom Wow Fireworks"". Square records ""neon 5"" canister artillery shells"" / ""Regular""; this is a candidate, not a confirmed retail-package crosswalk. Inspected reference https://cdn11.bigcommerce.com/s-2n33n5vm38/images/stencil/500x500/products/3039/9341/Add_a_little_bit_of_body_text_-_2024-07-25T160519.036__00658.1721937934.png?c=2 ([500, 500]); its background is opaque and no faithful transparent exact-unit resource was approved.","Provide the exact Rockwall package photograph and readable manufacturer/UPC plus retail count; do not approve by name alone."
"UMEMVODOJHAOQS33WJIBL5QB","","805253332515","night saber","night saber","Unknown","Unknown","Regular","Unknown","Unknown","no_match","No sufficiently specific candidate identified in the two Dynamite catalog files.","Unknown","Manufacturer or UPC/model, exact package/variant and corresponding photo/video.","1037","1042","1042","Items","1038","candidate_requires_package_review","","Unknown","Unknown","","""805253332515"" fireworks | Night Saber World Class official fireworks manufacturer","https://beta2024.usa-fireworks.com/products/fountains/fountains-200-gram/night-saber-2/ | https://www.nightsaber.co.uk/page/terms-conditions","Code 805253332515 occurs in the retrieved product/source ""Night Saber"". Square records ""night saber"" / ""Regular""; this is a candidate, not a confirmed retail-package crosswalk. Inspected reference https://beta2024.usa-fireworks.com/wp-content/uploads/2022/02/original-9.jpeg ([650, 551]); its background is opaque and no faithful transparent exact-unit resource was approved.","Provide the exact Rockwall package photograph and readable manufacturer/UPC plus retail count; do not approve by name alone."
"62NZGL7IH4FIILNOQNQQQOYU","651137423813","","og kush 150 shot","og kush 150 shot","Unknown","Unknown","Regular","Unknown","150 shot","no_match","No sufficiently specific candidate identified in the two Dynamite catalog files.","Unknown","Manufacturer or UPC/model, exact package/variant and corresponding photo/video.","1038","1043","1043","Items","1039","identity_confirmation_needed","","Unknown","Unknown","","""651137423813"" fireworks | og kush 150 shot  fireworks manufacturer","https://elevatedfireworks.com/products/og-kush-150-shot-standard-aerial-finale-set","Name/presentation research returned candidates (including ""OG Kush® 150-Shots Standard Aerial Finale Set® – Elevated Fireworks""), but no consulted product page establishes the Square code 651137423813, brand and exact variant together. The Dynamite name candidates remain unconfirmed.","Provide the exact Rockwall package photograph and readable manufacturer/UPC plus retail count; do not approve by name alone."
"5WQT32QXFG6ARL7YBA6ND6NF","705108502165","","overload burger","overload burger","Unknown","Fountains","Regular","Unknown","Unknown","no_match","No sufficiently specific candidate identified in the two Dynamite catalog files.","Unknown","Manufacturer or UPC/model, exact package/variant and corresponding photo/video.","1039","1044","1044","Items","1040","identity_confirmation_needed","","Unknown","Unknown","","""705108502165"" fireworks | overload burger  fireworks manufacturer","https://www.elitefireworks.com/products/overload-burger | https://www.bldiscountfireworks.com/product-page/overload-burger-fountain-bright-star | https://twistedthunder.com/shop/brand/winda/overload-burger/ | https://overloadfireworks.com/ | https://www.hcfarver.dk/overload-11-164-skuds-fyrvaerkerishow-nr.-103-103/","Name/presentation research returned candidates (including ""Overload Burger | Standard Shower Fountain Spurt™ at Elite Fireworks – ELITE FIREWORKS®""), but no consulted product page establishes the Square code 705108502165, brand and exact variant together. The Dynamite name candidates remain unconfirmed.","Provide the exact Rockwall package photograph and readable manufacturer/UPC plus retail count; do not approve by name alone."
"C4AV5GYQO3IGFIS46EKOJHON","821700020231","","pikachu","pikachu","Unknown","Fountains","Regular","Unknown","Unknown","no_match","No sufficiently specific candidate identified in the two Dynamite catalog files.","Unknown","Manufacturer or UPC/model, exact package/variant and corresponding photo/video.","1043","1048","1048","Items","1044","identity_confirmation_needed","","Unknown","Unknown","","""821700020231"" fireworks | pikachu  fireworks manufacturer","https://www.getdistributors.com/distributors/pdetail/pikachu-fireworks-89260.html | https://en.wikipedia.org/wiki/Pikachu | https://www.reddit.com/r/MemeVideos/comments/vrmz2j","Name/presentation research returned candidates (including ""Pikachu Fireworks | Wholesale Dealers""), but no consulted product page establishes the Square code 821700020231, brand and exact variant together. The Dynamite name candidates remain unconfirmed.","Provide the exact Rockwall package photograph and readable manufacturer/UPC plus retail count; do not approve by name alone."
"Y6MI6RAGXGJYOLDXHW5XZHNL","020162000014","","rebel yell","rebel yell","Unknown","Unknown","Regular","Unknown","Unknown","no_match","No sufficiently specific candidate identified in the two Dynamite catalog files.","Unknown","Manufacturer or UPC/model, exact package/variant and corresponding photo/video.","1045","1050","1050","Items","1046","identity_confirmation_needed","","Unknown","Unknown","","""020162000014"" fireworks | rebel yell  fireworks manufacturer","https://chicoshop.eu/nl/rebel-yell | https://www.nord-feuerwerk.de/albert-rebel-yell | https://www.hallmarkfireworks.co.uk/shop/barrages/rebel-yell/ | https://epicfireworks.com/products/rebel-yell-36-shot | https://en.wikipedia.org/wiki/Rebel_%28bourbon%29","Name/presentation research returned candidates (including ""Rebel Yell van Albert Feuerwerk""), but no consulted product page establishes the Square code 020162000014, brand and exact variant together. The Dynamite name candidates remain unconfirmed.","Provide the exact Rockwall package photograph and readable manufacturer/UPC plus retail count; do not approve by name alone."
"3VIAP3SJEY55A36QYXXCBVQ2","821700020705","","rubber duck","rubber duck","Unknown","Fountains","Regular","Unknown","Unknown","no_match","No sufficiently specific candidate identified in the two Dynamite catalog files.","Unknown","Manufacturer or UPC/model, exact package/variant and corresponding photo/video.","1046","1051","1051","Items","1047","identity_confirmation_needed","","Unknown","Unknown","","""821700020705"" fireworks | rubber duck  fireworks manufacturer","https://transcendinfra.com/rubber-duck/ | https://www.whattaduck.com/ | https://lzengo.com/gaming-rubber-duck/ | https://view.publitas.com/81324/2841211/pdfs/43e5c8a0-bf66-4492-bdc3-fdcb9a21d980.pdf?response-content-disposition=attachment%3B+filename%2A%3DUTF-8%27%27Philip%2520David%2520Company%2520-%2520Impact%2520Duckie%2520Catalog%25202026-price%2520reduced.pdf | https://en.wikipedia.org/wiki/Rubber_duck","Name/presentation research returned candidates (including ""TDG | Rubber Duck""), but no consulted product page establishes the Square code 821700020705, brand and exact variant together. The Dynamite name candidates remain unconfirmed.","Provide the exact Rockwall package photograph and readable manufacturer/UPC plus retail count; do not approve by name alone."
"ZE4FE7QJPUKGI2BXBCDRUTYE","849107066034","","rwb Coated Sparklers","rwb Coated Sparklers","Unknown","Unknown","Regular","Unknown","Unknown","no_match","No sufficiently specific candidate identified in the two Dynamite catalog files.","Unknown","Manufacturer or UPC/model, exact package/variant and corresponding photo/video.","1047","1052","1052","Items","1048","no_verified_identity","","Unknown","Unknown","","""849107066034"" fireworks | rwb Coated Sparklers  fireworks manufacturer","","Code and name/presentation searches did not establish an exact product for Square ""rwb Coated Sparklers"" / ""Regular"" (code 849107066034). No verified manufacturer/package image or exact model was found; generic/store identifiers cannot determine identity.","Provide the exact Rockwall package photograph and readable manufacturer/UPC plus retail count; do not approve by name alone."
"C2NFT2NRLE754AUOXI7TKD3Q","674662508152","","sky latern","sky latern","Unknown","Unknown","Regular","Unknown","Unknown","no_match","No sufficiently specific candidate identified in the two Dynamite catalog files.","Unknown","Manufacturer or UPC/model, exact package/variant and corresponding photo/video.","1048","1053","1053","Items","1049","no_verified_identity","","Unknown","Unknown","","""674662508152"" fireworks | sky latern  fireworks manufacturer","","Code and name/presentation searches did not establish an exact product for Square ""sky latern"" / ""Regular"" (code 674662508152). No verified manufacturer/package image or exact model was found; generic/store identifiers cannot determine identity.","Provide the exact Rockwall package photograph and readable manufacturer/UPC plus retail count; do not approve by name alone."
"6TBSZ3NSH4TUPQG4DCAMUEZO","","715244023448","snakes","snakes","Unknown","Unknown","Regular","Unknown","Unknown","probable","Name identifies a candidate only; manufacturer and exact presentation have not been established.","products.json[139] Assorted Snakes / Black Cat / /products/assorted-snakes.png","Manufacturer or UPC/model, exact package/variant and corresponding photo/video.","1050","1055","1055","Items","1051","identity_confirmation_needed","","Unknown","Unknown","","""715244023448"" fireworks | snakes  fireworks manufacturer","https://www.shogunvulcan.com/product-detail.php?cid=57&fid=2&id=675 | https://www.championfireworks.com/Novelties/black-snakes-fireworks | https://www.tradeindia.com/products/black-serpents-snakes-4904392.html | https://flashingfireworks.com/collections/snakes | https://ocfireworks.com/snakes/","Name/presentation research returned candidates (including ""SNOV2070 MAMMOTH SMOKE - Smoke & Snakes - USA Consumer Fireworks - Smoke & Snakes - USA Consumer Fireworks - SHOGUN | VULCAN fireworks manufacturer""), but no consulted product page establishes the Square code 715244023448, brand and exact variant together. The Dynamite name candidates remain unconfirmed.","Provide the exact Rockwall package photograph and readable manufacturer/UPC plus retail count; do not approve by name alone."
"IRVHL3P2ISRPTNGSOEKIU34M","715244013449","","snakes","snakes","Unknown","Unknown","Regular","Unknown","Unknown","probable","Name identifies a candidate only; manufacturer and exact presentation have not been established.","products.json[139] Assorted Snakes / Black Cat / /products/assorted-snakes.png","Manufacturer or UPC/model, exact package/variant and corresponding photo/video.","1051","1056","1056","Items","1052","identity_confirmation_needed","","Unknown","Unknown","","""715244013449"" fireworks | snakes  fireworks manufacturer","https://www.shogunvulcan.com/product-detail.php?cid=57&fid=2&id=675 | https://www.championfireworks.com/Novelties/black-snakes-fireworks | https://www.tradeindia.com/products/black-serpents-snakes-4904392.html | https://flashingfireworks.com/collections/snakes | https://ocfireworks.com/snakes/","Name/presentation research returned candidates (including ""SNOV2070 MAMMOTH SMOKE - Smoke & Snakes - USA Consumer Fireworks - Smoke & Snakes - USA Consumer Fireworks - SHOGUN | VULCAN fireworks manufacturer""), but no consulted product page establishes the Square code 715244013449, brand and exact variant together. The Dynamite name candidates remain unconfirmed.","Provide the exact Rockwall package photograph and readable manufacturer/UPC plus retail count; do not approve by name alone."
"NDEHHITUQAUEJKUOJNMFS5HR","687985908899","","the max assortment","the max assortment","Unknown","Unknown","Regular","Unknown","Unknown","no_match","No sufficiently specific candidate identified in the two Dynamite catalog files.","Unknown","Manufacturer or UPC/model, exact package/variant and corresponding photo/video.","1054","1059","1059","Items","1055","candidate_requires_package_review","","Unknown","Unknown","","""687985908899"" fireworks | The Max Assortment Brothers official fireworks manufacturer","https://elevatedfireworks.com/products/the-max-assortment | https://dosgringosfireworks.com/AT273-The-Max-Assortment-R-PC/ | https://76fireworkstore.com/AT273-The-Max-Assortment | https://76fireworkstore.com/AT273-The-Max-Assortment-R-PC | https://www.brotherspyrotechnics.com/ProductDetails/932 | https://captainjimsfireworks.com/AT273-The-Max-Assortment/ | https://fireworks.com/products/assortments/aerial-assortments/the-max-assortment | https://www.ronsfireworks.com/products/assortments/the-max/","Code 687985908899 occurs in the retrieved product/source ""The Max Firework Assortment"". Square records ""the max assortment"" / ""Regular""; this is a candidate, not a confirmed retail-package crosswalk. Inspected reference https://elevatedfireworks.com/cdn/shop/files/image_22602952-e420-4bf9-8ffe-22cc4223be38.png?v=1751322162&width=1920 ([600, 600]); its background is opaque and no faithful transparent exact-unit resource was approved.","Provide the exact Rockwall package photograph and readable manufacturer/UPC plus retail count; do not approve by name alone."
"DS2LOLMZJR6IDEHXFFHGCYWG","821711120692","","tim","tim","Unknown","Fountains","Regular","Unknown","Unknown","no_match","No sufficiently specific candidate identified in the two Dynamite catalog files.","Unknown","Manufacturer or UPC/model, exact package/variant and corresponding photo/video.","1055","1060","1060","Items","1056","no_verified_identity","","Unknown","Unknown","","""821711120692"" fireworks | tim  fireworks manufacturer","","Code and name/presentation searches did not establish an exact product for Square ""tim"" / ""Regular"" (code 821711120692). No verified manufacturer/package image or exact model was found; generic/store identifiers cannot determine identity.","Provide the exact Rockwall package photograph and readable manufacturer/UPC plus retail count; do not approve by name alone."
"G2V6V67KQKVUJQFAKAF6VVH3","687985152315","","topsy turvy","topsy turvy","Unknown","Unknown","Regular","Unknown","Unknown","no_match","No sufficiently specific candidate identified in the two Dynamite catalog files.","Unknown","Manufacturer or UPC/model, exact package/variant and corresponding photo/video.","1056","1061","1061","Items","1057","candidate_requires_package_review","","Unknown","Unknown","","""687985152315"" fireworks | Topsy Turvy 30 shots  official fireworks manufacturer","https://georgiasbestfireworks.com/product/topsy-turvy-30-shots/ | https://reiglefamilyfireworks.com/MS693-Topsy-Turvy-FB2805-R-PC/","Code 687985152315 occurs in the retrieved product/source ""Topsy Turvy 30 shots"". Square records ""topsy turvy"" / ""Regular""; this is a candidate, not a confirmed retail-package crosswalk. Inspected reference https://georgiasbestfireworks.com/wp-content/uploads/2026/05/Topsy-Turvy-30-shots.png ([1600, 1600]); its background is opaque and no faithful transparent exact-unit resource was approved.","Provide the exact Rockwall package photograph and readable manufacturer/UPC plus retail count; do not approve by name alone."
"S3KO4A6HCLBITFYFPLZJUXHS","715244019304","","uav","uav","Unknown","Unknown","Regular","Unknown","Unknown","no_match","No sufficiently specific candidate identified in the two Dynamite catalog files.","Unknown","Manufacturer or UPC/model, exact package/variant and corresponding photo/video.","1058","1063","1063","Items","1059","identity_confirmation_needed","","Unknown","Unknown","","""715244019304"" fireworks | uav  fireworks manufacturer","https://international.ttaviation.com/ | https://cpsmedia.oss-cn-shenzhen.aliyuncs.com/china-drone.com.cn/2023hk.pdf | https://skytechuav.com/wp-content/uploads/2025/02/2025-Catalog-of-Skytech-UAV-Models.pdf | https://www.reddit.com/r/u_Dapeng-Drone-show/comments/lrxehg","Name/presentation research returned candidates (including ""Beijing TT Aviation Technology Co.Ltd | Professional UAV System Manufacturer""), but no consulted product page establishes the Square code 715244019304, brand and exact variant together. The Dynamite name candidates remain unconfirmed.","Provide the exact Rockwall package photograph and readable manufacturer/UPC plus retail count; do not approve by name alone."
"HLPJXNKPP5GGLLNGHTQTVE73","705108955626","","wingspan","wingspan","Unknown","Unknown","Regular","Unknown","Unknown","no_match","No sufficiently specific candidate identified in the two Dynamite catalog files.","Unknown","Manufacturer or UPC/model, exact package/variant and corresponding photo/video.","1061","1066","1066","Items","1062","identity_confirmation_needed","","Unknown","Unknown","","""705108955626"" fireworks | wingspan  fireworks manufacturer","https://rgsbrandfireworks.com/products/fountains/wingspan/","Name/presentation research returned candidates (including ""Wingspan | RGS Brand Fireworks""), but no consulted product page establishes the Square code 705108955626, brand and exact variant together. The Dynamite name candidates remain unconfirmed.","Provide the exact Rockwall package photograph and readable manufacturer/UPC plus retail count; do not approve by name alone."
