"square_token","square_sku","gtin","original_name","normalized_name","brand","square_category","original_variation","presentation","specifications_in_original_name","pending_group","reason","dynamite_candidates","missing_information_or_resources","csv_row","csv_line_start","csv_line_end","xlsx_sheet","xlsx_row","research_status","product_id","verified_brand","manufacturer_code","verified_video","research_query","research_sources","research_reason","required_next_step"
"4EEEP37RJXP5AXHKDI7YX772","943100700084","","#10 Color Sparklers-8 Count","#10 Color Sparklers-8 Count","Unknown","Unknown","#10 Metal Color Sparklers 8 Pcs. BOGO","#10 Metal Color Sparklers 8 Pcs. BOGO","Unknown","no_match","No sufficiently specific candidate identified in the two Dynamite catalog files.","Unknown","Manufacturer or UPC/model, exact package/variant and corresponding photo/video.","2","2","2","Items","3","no_verified_identity","","Unknown","Unknown","","""943100700084"" fireworks","","No verified product identity from the searched code/name. Generic names and store SKUs are insufficient to assign a photo.","Verify manufacturer/model and exact retail package; inspect and acquire its authentic photo. Video is optional."
"MO7U7N23MCPWFMSUO6F7KPX5","887946060578","","#10 Colored Sparklers 12pk","#10 Colored Sparklers 12pk","Unknown","Unknown","Regular","Unknown","Unknown","no_match","No sufficiently specific candidate identified in the two Dynamite catalog files.","Unknown","Manufacturer or UPC/model, exact package/variant and corresponding photo/video.","3","3","3","Items","4","no_verified_identity","","Unknown","Unknown","","""887946060578"" fireworks","","No verified product identity from the searched code/name. Generic names and store SKUs are insufficient to assign a photo.","Verify manufacturer/model and exact retail package; inspect and acquire its authentic photo. Video is optional."
"NPHHBP5U244PDNHQCP2QKIFW","813559000335","","#20 Wedding Sparklers","#20 Wedding Sparklers","Unknown","Unknown","Regular","Unknown","Unknown","no_match","No sufficiently specific candidate identified in the two Dynamite catalog files.","Unknown","Manufacturer or UPC/model, exact package/variant and corresponding photo/video.","4","4","4","Items","5","candidate_requires_package_review","","Unknown","Unknown","","""813559000335"" fireworks","https://usa-fireworks.com/products/sparklers/20-gold-sparklers/","Code found in public source; package/brand/image and any conflicts still need individual verification.","Verify manufacturer/model and exact retail package; inspect and acquire its authentic photo. Video is optional."
"TIP5YHEU5ZKBTV7XQE3XCN4Z","8145270110119","","#3 Cone","#3 Cone","Unknown","CONES","Regular","Unknown","Unknown","probable","Name identifies a candidate only; manufacturer and exact presentation have not been established.","products.json[39] No. 3 Cone Fountain / Monkey Mania / /products/no3-cone-fountain.png","Manufacturer or UPC/model, exact package/variant and corresponding photo/video.","5","5","5","Items","6","no_verified_identity","","Unknown","Unknown","","""8145270110119"" fireworks","","No verified product identity from the searched code/name. Generic names and store SKUs are insufficient to assign a photo.","Verify manufacturer/model and exact retail package; inspect and acquire its authentic photo. Video is optional."
"OJQE63ODOA5VPD3QCXH5T5YC","","757201000062","#3 Cone","#3 Cone","Unknown","CONES","n3 cone 2 pack","n3 cone 2 pack","Unknown","probable","Name identifies a candidate only; manufacturer and exact presentation have not been established.","products.json[39] No. 3 Cone Fountain / Monkey Mania / /products/no3-cone-fountain.png","Manufacturer or UPC/model, exact package/variant and corresponding photo/video.","6","6","6","Items","7","candidate_requires_package_review","","Unknown","Unknown","","""757201000062"" fireworks","https://www.raccoonfireworksusa.com/product-page/no-3-cone-fountain","Code found in public source; package/brand/image and any conflicts still need individual verification.","Verify manufacturer/model and exact retail package; inspect and acquire its authentic photo. Video is optional."
"3PH6F5MR6FJAYXJ2USJNAAR2","8145270110317","","#3 Cone","#3 Cone","Unknown","CONES","Regular","Unknown","Unknown","probable","Name identifies a candidate only; manufacturer and exact presentation have not been established.","products.json[39] No. 3 Cone Fountain / Monkey Mania / /products/no3-cone-fountain.png","Manufacturer or UPC/model, exact package/variant and corresponding photo/video.","7","7","7","Items","8","no_verified_identity","","Unknown","Unknown","","""8145270110317"" fireworks","","No verified product identity from the searched code/name. Generic names and store SKUs are insufficient to assign a photo.","Verify manufacturer/model and exact retail package; inspect and acquire its authentic photo. Video is optional."
"LVWCVY2ZMETIEEFYQ2IMJELD","8145270110218","","#3 Cone (Cutting Edge)","#3 Cone (Cutting Edge)","Unknown","CONES","Regular","Unknown","Unknown","no_match","No sufficiently specific candidate identified in the two Dynamite catalog files.","Unknown","Manufacturer or UPC/model, exact package/variant and corresponding photo/video.","8","8","8","Items","9","no_verified_identity","","Unknown","Unknown","","""8145270110218"" fireworks","","No verified product identity from the searched code/name. Generic names and store SKUs are insufficient to assign a photo.","Verify manufacturer/model and exact retail package; inspect and acquire its authentic photo. Video is optional."
"CDGWKPGVVZ4K54TBJPCZ4AV4","813559002230","","#3 Cone (Megabanger)","#3 Cone (Megabanger)","Unknown","CONES","Regular","Unknown","Unknown","no_match","No sufficiently specific candidate identified in the two Dynamite catalog files.","Unknown","Manufacturer or UPC/model, exact package/variant and corresponding photo/video.","9","9","9","Items","10","no_verified_identity","","Unknown","Unknown","","""813559002230"" fireworks","","No verified product identity from the searched code/name. Generic names and store SKUs are insufficient to assign a photo.","Verify manufacturer/model and exact retail package; inspect and acquire its authentic photo. Video is optional."
"GW2BANHVFZKPULG4Y2RIAFNB","705108404957","","#3 Cone (Shogun)","#3 Cone (Shogun)","Unknown","CONES","Regular","Unknown","Unknown","no_match","No sufficiently specific candidate identified in the two Dynamite catalog files.","Unknown","Manufacturer or UPC/model, exact package/variant and corresponding photo/video.","10","10","10","Items","11","no_verified_identity","","Unknown","Unknown","","""705108404957"" fireworks","","No verified product identity from the searched code/name. Generic names and store SKUs are insufficient to assign a photo.","Verify manufacturer/model and exact retail package; inspect and acquire its authentic photo. Video is optional."
"VVMQPHPHLHQ5PLBD2WW6R5N7","816597933849","","#3 Mini Cones 12pc","#3 Mini Cones 12pc","Unknown","CONES","Regular","Unknown","12pc","no_match","No sufficiently specific candidate identified in the two Dynamite catalog files.","Unknown","Manufacturer or UPC/model, exact package/variant and corresponding photo/video.","11","11","11","Items","12","no_verified_identity","","Unknown","Unknown","","""816597933849"" fireworks","","No verified product identity from the searched code/name. Generic names and store SKUs are insufficient to assign a photo.","Verify manufacturer/model and exact retail package; inspect and acquire its authentic photo. Video is optional."
"HPCVXOYT2OFAXABHQZESYK6X","715244102884","","#3 Solar Flare (BC)","#3 Solar Flare (BC)","Unknown","CONES","Regular","Unknown","Unknown","no_match","No sufficiently specific candidate identified in the two Dynamite catalog files.","Unknown","Manufacturer or UPC/model, exact package/variant and corresponding photo/video.","12","12","12","Items","13","candidate_requires_package_review","","Unknown","Unknown","","Compared code against official Winco UPC reference","https://www.wincofireworks.com/wp-content/uploads/2022/03/UPC-Excel-List_3.25.2022_r2.pdf","Code found in public source; package/brand/image and any conflicts still need individual verification.","Verify manufacturer/model and exact retail package; inspect and acquire its authentic photo. Video is optional."
"AL7PJVDQO5U7GMSPD7J3WPPL","715244002887","","#3 Solar Wave (BC)","#3 Solar Wave (BC)","Unknown","CONES","Regular","Unknown","Unknown","no_match","No sufficiently specific candidate identified in the two Dynamite catalog files.","Unknown","Manufacturer or UPC/model, exact package/variant and corresponding photo/video.","13","13","13","Items","14","no_verified_identity","","Unknown","Unknown","","""715244002887"" fireworks","","No verified product identity from the searched code/name. Generic names and store SKUs are insufficient to assign a photo.","Verify manufacturer/model and exact retail package; inspect and acquire its authentic photo. Video is optional."
"JYBDBSLRM7MBJD7YNRW5Z5LJ","821600011094","","#4 Cone","#4 Cone","Unknown","CONES","#4 Cone (Suns)","#4 Cone (Suns)","Unknown","no_match","No sufficiently specific candidate identified in the two Dynamite catalog files.","Unknown","Manufacturer or UPC/model, exact package/variant and corresponding photo/video.","14","14","14","Items","15","no_verified_identity","","Unknown","Unknown","","""821600011094"" fireworks","","No verified product identity from the searched code/name. Generic names and store SKUs are insufficient to assign a photo.","Verify manufacturer/model and exact retail package; inspect and acquire its authentic photo. Video is optional."
"2ZRYMSNE7SUXC3BUQPGZSS6L","715244002894","","#4 Cone","#4 Cone","Unknown","CONES","#4 Turbo Flash (Black Cat)","#4 Turbo Flash (Black Cat)","Unknown","no_match","No sufficiently specific candidate identified in the two Dynamite catalog files.","Unknown","Manufacturer or UPC/model, exact package/variant and corresponding photo/video.","15","15","15","Items","16","candidate_requires_package_review","","Unknown","Unknown","","Compared code against official Winco UPC reference","https://www.wincofireworks.com/wp-content/uploads/2022/03/UPC-Excel-List_3.25.2022_r2.pdf","Code found in public source; package/brand/image and any conflicts still need individual verification.","Verify manufacturer/model and exact retail package; inspect and acquire its authentic photo. Video is optional."
"XJKWJ2QUGHLISY77XDUXPQP6","064883500156","","#4 Texas Giant Cone","#4 Texas Giant Cone","Unknown","CONES","Regular","Unknown","Unknown","no_match","No sufficiently specific candidate identified in the two Dynamite catalog files.","Unknown","Manufacturer or UPC/model, exact package/variant and corresponding photo/video.","16","16","16","Items","17","no_verified_identity","","Unknown","Unknown","","""064883500156"" fireworks","","No verified product identity from the searched code/name. Generic names and store SKUs are insufficient to assign a photo.","Verify manufacturer/model and exact retail package; inspect and acquire its authentic photo. Video is optional."
"TRIEBHHYA5DFR35IA2XFLZID","8145270170519","","#6 Rocket","#6 Rocket","Unknown","Unknown","Regular","Unknown","Unknown","no_match","No sufficiently specific candidate identified in the two Dynamite catalog files.","Unknown","Manufacturer or UPC/model, exact package/variant and corresponding photo/video.","17","17","17","Items","18","no_verified_identity","","Unknown","Unknown","","""8145270170519"" fireworks","","No verified product identity from the searched code/name. Generic names and store SKUs are insufficient to assign a photo.","Verify manufacturer/model and exact retail package; inspect and acquire its authentic photo. Video is optional."
"F6EIOAIYFBSGWP3PKEN7SVCD","","8145270111215","#8 Cone","#8 Cone","Unknown","CONES","Regular","Unknown","Unknown","no_match","No sufficiently specific candidate identified in the two Dynamite catalog files.","Unknown","Manufacturer or UPC/model, exact package/variant and corresponding photo/video.","18","18","18","Items","19","candidate_requires_package_review","","Unknown","Unknown","","""8145270111215"" fireworks","https://staging.usa-fireworks.com/products/fountains/fountains-200-gram/8-cone-ce-3/","Code found in public source; package/brand/image and any conflicts still need individual verification.","Verify manufacturer/model and exact retail package; inspect and acquire its authentic photo. Video is optional."
"OP4I2X2T6BKOCAUYTPAZ6CLJ","8145270111116","","#8 Cone","#8 Cone","Unknown","CONES","Regular","Unknown","Unknown","no_match","No sufficiently specific candidate identified in the two Dynamite catalog files.","Unknown","Manufacturer or UPC/model, exact package/variant and corresponding photo/video.","19","19","19","Items","20","no_verified_identity","","Unknown","Unknown","","""8145270111116"" fireworks","","No verified product identity from the searched code/name. Generic names and store SKUs are insufficient to assign a photo.","Verify manufacturer/model and exact retail package; inspect and acquire its authentic photo. Video is optional."
"P3MQGK5WIZM5YW7SIK4CC3YZ","8145270111314","","#8 Cone","#8 Cone","Unknown","CONES","#8 Cone Generic #1","#8 Cone Generic #1","Unknown","no_match","No sufficiently specific candidate identified in the two Dynamite catalog files.","Unknown","Manufacturer or UPC/model, exact package/variant and corresponding photo/video.","20","20","20","Items","21","no_verified_identity","","Unknown","Unknown","","""8145270111314"" fireworks","","No verified product identity from the searched code/name. Generic names and store SKUs are insufficient to assign a photo.","Verify manufacturer/model and exact retail package; inspect and acquire its authentic photo. Video is optional."
"UQ2NKDQND4Y44GQ4K36F7HFF","8145270111215","","#8 Cone","#8 Cone","Unknown","CONES","#8 Cone Generic #2","#8 Cone Generic #2","Unknown","no_match","No sufficiently specific candidate identified in the two Dynamite catalog files.","Unknown","Manufacturer or UPC/model, exact package/variant and corresponding photo/video.","21","21","21","Items","22","candidate_requires_package_review","","Unknown","Unknown","","""8145270111215"" fireworks","https://staging.usa-fireworks.com/products/fountains/fountains-200-gram/8-cone-ce-3/","Code found in public source; package/brand/image and any conflicts still need individual verification.","Verify manufacturer/model and exact retail package; inspect and acquire its authentic photo. Video is optional."
"M3SQAVSS5EO5RBMNDWIOKUA2","8145270181119","","#8 Golden Sparkler 6 Pcs-BOGO","#8 Golden Sparkler 6 Pcs","Unknown","Unknown","Regular","Unknown","6 Pcs","no_match","No sufficiently specific candidate identified in the two Dynamite catalog files.","Unknown","Manufacturer or UPC/model, exact package/variant and corresponding photo/video.","22","22","22","Items","23","no_verified_identity","","Unknown","Unknown","","""8145270181119"" fireworks","","No verified product identity from the searched code/name. Generic names and store SKUs are insufficient to assign a photo.","Verify manufacturer/model and exact retail package; inspect and acquire its authentic photo. Video is optional."
"OIJ7TSC5JP2IUVH2VMHIEGIM","715244002900","","#8 Pharaoh's Treasure (BC)","#8 Pharaoh's Treasure (BC)","Unknown","CONES","Regular","Unknown","Unknown","no_match","No sufficiently specific candidate identified in the two Dynamite catalog files.","Unknown","Manufacturer or UPC/model, exact package/variant and corresponding photo/video.","23","23","23","Items","24","candidate_requires_package_review","","Unknown","Unknown","","Compared code against official Winco UPC reference","https://www.wincofireworks.com/wp-content/uploads/2022/03/UPC-Excel-List_3.25.2022_r2.pdf","Code found in public source; package/brand/image and any conflicts still need individual verification.","Verify manufacturer/model and exact retail package; inspect and acquire its authentic photo. Video is optional."
"6AOFMZL7Z7QDPXT3DX7Y3D2M","8145270170700","","#8 Rocket","#8 Rocket","Unknown","Unknown","Regular","Unknown","Unknown","no_match","No sufficiently specific candidate identified in the two Dynamite catalog files.","Unknown","Manufacturer or UPC/model, exact package/variant and corresponding photo/video.","24","24","24","Items","25","candidate_requires_package_review","","Unknown","Unknown","","""8145270170700"" fireworks","https://shop.intergalacticfireworks.com/8-oz-rocket.html","Code found in public source; package/brand/image and any conflicts still need individual verification.","Verify manufacturer/model and exact retail package; inspect and acquire its authentic photo. Video is optional."
"OU3CLDPZSKPLLSYKQYLJU6RV","8145270170717","","#8 Rockets","#8 Rockets","Unknown","Unknown","Regular","Unknown","Unknown","no_match","No sufficiently specific candidate identified in the two Dynamite catalog files.","Unknown","Manufacturer or UPC/model, exact package/variant and corresponding photo/video.","25","25","25","Items","26","no_verified_identity","","Unknown","Unknown","","""8145270170717"" fireworks","","No verified product identity from the searched code/name. Generic names and store SKUs are insufficient to assign a photo.","Verify manufacturer/model and exact retail package; inspect and acquire its authentic photo. Video is optional."
"TBCIHOLYIDHKDKTJC663NQNF","064883100851","","#8 Texas Giant Cone","#8 Texas Giant Cone","Unknown","CONES","Regular","Unknown","Unknown","no_match","No sufficiently specific candidate identified in the two Dynamite catalog files.","Unknown","Manufacturer or UPC/model, exact package/variant and corresponding photo/video.","26","26","26","Items","27","no_verified_identity","","Unknown","Unknown","","""064883100851"" fireworks","","No verified product identity from the searched code/name. Generic names and store SKUs are insufficient to assign a photo.","Verify manufacturer/model and exact retail package; inspect and acquire its authentic photo. Video is optional."
"3WJMCMYZKMPO5XDMP5N3BO3H","8145270261118","","1"" Mini Artillery Balls (CE 12 pcs) (Orange Box)","1"" Mini Artillery Balls (CE 12 pcs) (Orange Box)","Unknown","Artillery/Festival Balls","Regular","Unknown","1"" | 12 pcs","no_match","No sufficiently specific candidate identified in the two Dynamite catalog files.","Unknown","Manufacturer or UPC/model, exact package/variant and corresponding photo/video.","27","27","27","Items","28","no_verified_identity","","Unknown","Unknown","","""8145270261118"" fireworks","","No verified product identity from the searched code/name. Generic names and store SKUs are insufficient to assign a photo.","Verify manufacturer/model and exact retail package; inspect and acquire its authentic photo. Video is optional."
"WX7GBZIXZKXMZNUV7AGQX36N","8145270161111","","1"" Mini Artillery Shells 12 pcs","1"" Mini Artillery Shells 12 pcs","Unknown","Unknown","Regular","Unknown","1"" | 12 pcs","no_match","No sufficiently specific candidate identified in the two Dynamite catalog files.","Unknown","Manufacturer or UPC/model, exact package/variant and corresponding photo/video.","28","28","28","Items","29","candidate_requires_package_review","","Unknown","Unknown","","""8145270161111"" fireworks","https://thefireworkssuperstore.com/shop/1in-mini-artillery-shells-12-pack","Code found in public source; package/brand/image and any conflicts still need individual verification.","Verify manufacturer/model and exact retail package; inspect and acquire its authentic photo. Video is optional."
"HY6JRS42XJTAXSJTLKOJFUQE","8145270121917","","10 Ball Assortment Pack","10 Ball Assortment Pack","Unknown","Unknown","Regular","Unknown","Unknown","no_match","No sufficiently specific candidate identified in the two Dynamite catalog files.","Unknown","Manufacturer or UPC/model, exact package/variant and corresponding photo/video.","29","29","29","Items","30","no_verified_identity","","Unknown","Unknown","","""8145270121917"" fireworks","","No verified product identity from the searched code/name. Generic names and store SKUs are insufficient to assign a photo.","Verify manufacturer/model and exact retail package; inspect and acquire its authentic photo. Video is optional."
"HNBYE6I6SH7A4UHRXRRAFJUH","680149054579","","10 Min White Smoke","10 Min White Smoke","Unknown","Unknown","Regular","Unknown","Unknown","no_match","No sufficiently specific candidate identified in the two Dynamite catalog files.","Unknown","Manufacturer or UPC/model, exact package/variant and corresponding photo/video.","30","30","30","Items","31","no_verified_identity","","Unknown","Unknown","","""680149054579"" fireworks","","No verified product identity from the searched code/name. Generic names and store SKUs are insufficient to assign a photo.","Verify manufacturer/model and exact retail package; inspect and acquire its authentic photo. Video is optional."
"YIPN5KCTMVDGIH33DXXZID6U","887946003155","","100 Shot Barrage","100 Shot Barrage","Unknown","Unknown","Regular","Unknown","100 Shot","no_match","No sufficiently specific candidate identified in the two Dynamite catalog files.","Unknown","Manufacturer or UPC/model, exact package/variant and corresponding photo/video.","31","31","31","Items","32","no_verified_identity","","Unknown","Unknown","","""887946003155"" fireworks","","No verified product identity from the searched code/name. Generic names and store SKUs are insufficient to assign a photo.","Verify manufacturer/model and exact retail package; inspect and acquire its authentic photo. Video is optional."
"DJGW2P764RZFK2JCOQD7IJSZ","693965000354","","100 Shot Magical Barrage","100 Shot Magical Barrage","Unknown","Unknown","Regular","Unknown","100 Shot","no_match","No sufficiently specific candidate identified in the two Dynamite catalog files.","Unknown","Manufacturer or UPC/model, exact package/variant and corresponding photo/video.","32","32","33","Items","33","no_verified_identity","","Unknown","Unknown","","""693965000354"" fireworks","","No verified product identity from the searched code/name. Generic names and store SKUs are insufficient to assign a photo.","Verify manufacturer/model and exact retail package; inspect and acquire its authentic photo. Video is optional."
"N52HRIF24SHJ6W5XI2UTRROS","8052530130919","","100 Shot Magical Shot Barrage","100 Shot Magical Shot Barrage","Unknown","Unknown","Regular","Unknown","100 Shot","no_match","No sufficiently specific candidate identified in the two Dynamite catalog files.","Unknown","Manufacturer or UPC/model, exact package/variant and corresponding photo/video.","33","34","34","Items","34","candidate_requires_package_review","","Unknown","Unknown","","""8052530130919"" fireworks","https://usa-fireworks.com/products/aerial-all-cakes/aerial-200-gram-cakes/100-shot-magical-barrage-2/ | https://beta2024.usa-fireworks.com/products/aerial-all-cakes/aerial-200-gram-cakes/product-163480-variation-2/","Code found in public source; package/brand/image and any conflicts still need individual verification.","Verify manufacturer/model and exact retail package; inspect and acquire its authentic photo. Video is optional."
"VOJNDZJPMSFCCTEVC3SUOTZC","725272730799","","100 Shot Magical Shot Barrage","100 Shot Magical Shot Barrage","Unknown","Unknown","100 Shot Barrage Old","100 Shot Barrage Old","100 Shot","no_match","No sufficiently specific candidate identified in the two Dynamite catalog files.","Unknown","Manufacturer or UPC/model, exact package/variant and corresponding photo/video.","34","35","35","Items","35","no_verified_identity","","Unknown","Unknown","","""725272730799"" fireworks","","No verified product identity from the searched code/name. Generic names and store SKUs are insufficient to assign a photo.","Verify manufacturer/model and exact retail package; inspect and acquire its authentic photo. Video is optional."
"UFZR2ZDV7SEVEGE4QLRUZXKU","805253353718","","100 Shot Missle","100 Shot Missle","Unknown","Unknown","Regular","Unknown","100 Shot","no_match","No sufficiently specific candidate identified in the two Dynamite catalog files.","Unknown","Manufacturer or UPC/model, exact package/variant and corresponding photo/video.","35","36","36","Items","36","no_verified_identity","","Unknown","Unknown","","""805253353718"" fireworks","","No verified product identity from the searched code/name. Generic names and store SKUs are insufficient to assign a photo.","Verify manufacturer/model and exact retail package; inspect and acquire its authentic photo. Video is optional."
"I2K2S2XEXLGV6H2IBNPKGHL2","700000014280","","100 Shot Saturn Missle","100 Shot Saturn Missle","Unknown","Unknown","Regular","Unknown","100 Shot","probable","Name identifies a candidate only; manufacturer and exact presentation have not been established.","products.json[46] Saturn Missile Battery 100's / Monkey Mania / /products/saturn-missile-battery-100.png","Manufacturer or UPC/model, exact package/variant and corresponding photo/video.","36","37","37","Items","37","no_verified_identity","","Unknown","Unknown","","""700000014280"" fireworks","","No verified product identity from the searched code/name. Generic names and store SKUs are insufficient to assign a photo.","Verify manufacturer/model and exact retail package; inspect and acquire its authentic photo. Video is optional."
"CVQPQGAEURDRAKP55EZVIL6Z","900003471343","","1000 Roll Fire car","1000 Roll Fire car","Unknown","Unknown","Regular","Unknown","Unknown","no_match","No sufficiently specific candidate identified in the two Dynamite catalog files.","Unknown","Manufacturer or UPC/model, exact package/variant and corresponding photo/video.","37","38","38","Items","38","no_verified_identity","","Unknown","Unknown","","""900003471343"" fireworks","","No verified product identity from the searched code/name. Generic names and store SKUs are insufficient to assign a photo.","Verify manufacturer/model and exact retail package; inspect and acquire its authentic photo. Video is optional."
"3SUE26Q6F6HMGVWFT4GG4SSM","715244964017","","1000 gram display","1000 gram display","Unknown","Unknown","Regular","Unknown","1000 gram","no_match","No sufficiently specific candidate identified in the two Dynamite catalog files.","Unknown","Manufacturer or UPC/model, exact package/variant and corresponding photo/video.","38","39","39","Items","39","candidate_requires_package_review","","Unknown","Unknown","","Compared code against official Winco UPC reference","https://www.wincofireworks.com/wp-content/uploads/2022/03/UPC-Excel-List_3.25.2022_r2.pdf","Code found in public source; package/brand/image and any conflicts still need individual verification.","Verify manufacturer/model and exact retail package; inspect and acquire its authentic photo. Video is optional."
"GKWFBV6MPTRMRUG3PHSI67NB","715244010714","","10000 Bkk Cat FireCrk","10000 Bkk Cat FireCrk","Unknown","Unknown","Regular","Unknown","Unknown","no_match","No sufficiently specific candidate identified in the two Dynamite catalog files.","Unknown","Manufacturer or UPC/model, exact package/variant and corresponding photo/video.","39","40","40","Items","40","candidate_requires_package_review","","Unknown","Unknown","","""715244010714"" fireworks","https://bettendorf.crossroadsfireworks.com/fireworks/black-cat-firecrackers-10000-roll/ | https://waterloo.crossroadsfireworks.com/fireworks/black-cat-firecrackers-10000-roll/","Code found in public source; package/brand/image and any conflicts still need individual verification.","Verify manufacturer/model and exact retail package; inspect and acquire its authentic photo. Video is optional."
"T5SHAX3H2SLYWZ3VFB2WBPEK","8052530052518","","12 Firecrackers Bogo","12 Firecrackers","Unknown","Unknown","Regular","Unknown","Unknown","no_match","No sufficiently specific candidate identified in the two Dynamite catalog files.","Unknown","Manufacturer or UPC/model, exact package/variant and corresponding photo/video.","40","41","41","Items","41","no_verified_identity","","Unknown","Unknown","","""8052530052518"" fireworks","","No verified product identity from the searched code/name. Generic names and store SKUs are insufficient to assign a photo.","Verify manufacturer/model and exact retail package; inspect and acquire its authentic photo. Video is optional."
"ETMPUX6C7EPHRP4US5GCM5JQ","185108243105","","12 Inch Missile","12 Inch Missile","Unknown","Unknown","Regular","Unknown","12 Inch","no_match","No sufficiently specific candidate identified in the two Dynamite catalog files.","Unknown","Manufacturer or UPC/model, exact package/variant and corresponding photo/video.","41","42","42","Items","42","no_verified_identity","","Unknown","Unknown","","""185108243105"" fireworks","","No verified product identity from the searched code/name. Generic names and store SKUs are insufficient to assign a photo.","Verify manufacturer/model and exact retail package; inspect and acquire its authentic photo. Video is optional."
"YVHIF5R4TWUQ4TVDXZZYOO4R","816597923741","","12 Inch Missile","12 Inch Missile","Unknown","Unknown","Regular","Unknown","12 Inch","no_match","No sufficiently specific candidate identified in the two Dynamite catalog files.","Unknown","Manufacturer or UPC/model, exact package/variant and corresponding photo/video.","42","43","43","Items","43","candidate_requires_package_review","","Unknown","Unknown","","""816597923741"" fireworks","https://simpsonfireworks.com/ME100-Sky-Bacon-Missile-R-PC/","Code found in public source; package/brand/image and any conflicts still need individual verification.","Verify manufacturer/model and exact retail package; inspect and acquire its authentic photo. Video is optional."
"2XKEDNBW4SB5HAFPD74TWCQU","100000566015","","12 Pc Big Huge Burst","12 Pc Big Huge Burst","Unknown","Unknown","Regular","Unknown","12 Pc","no_match","No sufficiently specific candidate identified in the two Dynamite catalog files.","Unknown","Manufacturer or UPC/model, exact package/variant and corresponding photo/video.","43","44","44","Items","44","no_verified_identity","","Unknown","Unknown","","""100000566015"" fireworks","","No verified product identity from the searched code/name. Generic names and store SKUs are insufficient to assign a photo.","Verify manufacturer/model and exact retail package; inspect and acquire its authentic photo. Video is optional."
"6W2PMFHVVSUEMCAZEM7CC6FO","680149047670","","12 Pk Neon Smoke Balls","12 Pk Neon Smoke Balls","Unknown","Unknown","Regular","Unknown","Unknown","no_match","No sufficiently specific candidate identified in the two Dynamite catalog files.","Unknown","Manufacturer or UPC/model, exact package/variant and corresponding photo/video.","44","45","45","Items","45","no_verified_identity","","Unknown","Unknown","","""680149047670"" fireworks","","No verified product identity from the searched code/name. Generic names and store SKUs are insufficient to assign a photo.","Verify manufacturer/model and exact retail package; inspect and acquire its authentic photo. Video is optional."
"6FFX6S2ZDLIQKFSCCQF57TK7","813559007389","","12 pk magical shots","12 pk magical shots","Unknown","Unknown","Regular","Unknown","Unknown","no_match","No sufficiently specific candidate identified in the two Dynamite catalog files.","Unknown","Manufacturer or UPC/model, exact package/variant and corresponding photo/video.","45","46","46","Items","46","no_verified_identity","","Unknown","Unknown","","""813559007389"" fireworks","","No verified product identity from the searched code/name. Generic names and store SKUs are insufficient to assign a photo.","Verify manufacturer/model and exact retail package; inspect and acquire its authentic photo. Video is optional."
"KBT3SVWZVERXSJWAFP5AQ6OG","705834210266","","12"" XXI Missile","12"" XXI Missile","Unknown","Unknown","Regular","Unknown","12""","no_match","No sufficiently specific candidate identified in the two Dynamite catalog files.","Unknown","Manufacturer or UPC/model, exact package/variant and corresponding photo/video.","46","47","47","Items","47","no_verified_identity","","Unknown","Unknown","","""705834210266"" fireworks","","No verified product identity from the searched code/name. Generic names and store SKUs are insufficient to assign a photo.","Verify manufacturer/model and exact retail package; inspect and acquire its authentic photo. Video is optional."
"KE6KVYP7DAHPX7TFVFIKUJL7","100000103012","","12"" XXI Missile","12"" XXI Missile","Unknown","Unknown","12 Missile","12 Missile","12""","no_match","No sufficiently specific candidate identified in the two Dynamite catalog files.","Unknown","Manufacturer or UPC/model, exact package/variant and corresponding photo/video.","47","48","48","Items","48","no_verified_identity","","Unknown","Unknown","","""100000103012"" fireworks","","No verified product identity from the searched code/name. Generic names and store SKUs are insufficient to assign a photo.","Verify manufacturer/model and exact retail package; inspect and acquire its authentic photo. Video is optional."
"D3QREITLNP6XJ5AOMNWFP3Y7","821600005031","","12"" XXI Missile","12"" XXI Missile","Unknown","Unknown","12"" Star Shooter","12"" Star Shooter","12""","no_match","No sufficiently specific candidate identified in the two Dynamite catalog files.","Unknown","Manufacturer or UPC/model, exact package/variant and corresponding photo/video.","48","49","49","Items","49","no_verified_identity","","Unknown","Unknown","","""821600005031"" fireworks","","No verified product identity from the searched code/name. Generic names and store SKUs are insufficient to assign a photo.","Verify manufacturer/model and exact retail package; inspect and acquire its authentic photo. Video is optional."
"45N4PAZ53P7YTNQENWTOP3XJ","652009905109","","120 Shot Camp Pk","120 Shot Camp Pk","Unknown","Unknown","Regular","Unknown","120 Shot","no_match","No sufficiently specific candidate identified in the two Dynamite catalog files.","Unknown","Manufacturer or UPC/model, exact package/variant and corresponding photo/video.","49","50","50","Items","50","candidate_requires_package_review","","Unknown","Unknown","","Compared code against official Winco UPC reference","https://www.wincofireworks.com/wp-content/uploads/2022/03/UPC-Excel-List_3.25.2022_r2.pdf","Code found in public source; package/brand/image and any conflicts still need individual verification.","Verify manufacturer/model and exact retail package; inspect and acquire its authentic photo. Video is optional."
"QYAXPQDE2TYNMB7YTYR6PER7","813559006061","","12pc No.10 Gold Sparklers","12pc No.10 Gold Sparklers","Unknown","Unknown","Regular","Unknown","12pc","no_match","No sufficiently specific candidate identified in the two Dynamite catalog files.","Unknown","Manufacturer or UPC/model, exact package/variant and corresponding photo/video.","50","51","51","Items","51","no_verified_identity","","Unknown","Unknown","","""813559006061"" fireworks","","No verified product identity from the searched code/name. Generic names and store SKUs are insufficient to assign a photo.","Verify manufacturer/model and exact retail package; inspect and acquire its authentic photo. Video is optional."
"QXPW5W7TIS6F73NQR2KAHZKR","887946060400","","14"" Morning Glorys- Red Box","14"" Morning Glorys- Red Box","Unknown","Unknown","Regular","Unknown","14""","no_match","No sufficiently specific candidate identified in the two Dynamite catalog files.","Unknown","Manufacturer or UPC/model, exact package/variant and corresponding photo/video.","51","52","52","Items","52","no_verified_identity","","Unknown","Unknown","","""887946060400"" fireworks","","No verified product identity from the searched code/name. Generic names and store SKUs are insufficient to assign a photo.","Verify manufacturer/model and exact retail package; inspect and acquire its authentic photo. Video is optional."
"6N3R23DAT7C5HMLM4GSIPQUL","8145270101612","","16000 Firecracker","16000 Firecracker","Unknown","Unknown","Regular","Unknown","Unknown","no_match","No sufficiently specific candidate identified in the two Dynamite catalog files.","Unknown","Manufacturer or UPC/model, exact package/variant and corresponding photo/video.","52","53","53","Items","53","candidate_requires_package_review","","Unknown","Unknown","","""8145270101612"" fireworks","https://americanwholesalefireworks.com/strip-of-16-000-flash-cracker/","Code found in public source; package/brand/image and any conflicts still need individual verification.","Verify manufacturer/model and exact retail package; inspect and acquire its authentic photo. Video is optional."
"TAOG6BC2S6VLWKSKNKOUQG2N","821600001149","","16000 Thunder Bomb Crackert","16000 Thunder Bomb Crackert","Unknown","Unknown","Regular","Unknown","Unknown","no_match","No sufficiently specific candidate identified in the two Dynamite catalog files.","Unknown","Manufacturer or UPC/model, exact package/variant and corresponding photo/video.","53","54","54","Items","54","no_verified_identity","","Unknown","Unknown","","""821600001149"" fireworks","","No verified product identity from the searched code/name. Generic names and store SKUs are insufficient to assign a photo.","Verify manufacturer/model and exact retail package; inspect and acquire its authentic photo. Video is optional."
"SU6AOYSN2DG4RQ4GOPTHS2CW","821600014309","","198 Shot Saturn Missle","198 Shot Saturn Missle","Unknown","Unknown","Regular","Unknown","198 Shot","no_match","No sufficiently specific candidate identified in the two Dynamite catalog files.","Unknown","Manufacturer or UPC/model, exact package/variant and corresponding photo/video.","54","55","55","Items","55","no_verified_identity","","Unknown","Unknown","","""821600014309"" fireworks","","No verified product identity from the searched code/name. Generic names and store SKUs are insufficient to assign a photo.","Verify manufacturer/model and exact retail package; inspect and acquire its authentic photo. Video is optional."
"EVMEMWULGO5FFPZTIZK4RDJJ","887946031059","","2 Color Space Ship 3 Pack","2 Color Space Ship 3 Pack","Unknown","Unknown","Regular","Unknown","3 Pack","no_match","No sufficiently specific candidate identified in the two Dynamite catalog files.","Unknown","Manufacturer or UPC/model, exact package/variant and corresponding photo/video.","55","56","56","Items","56","no_verified_identity","","Unknown","Unknown","","""887946031059"" fireworks","","No verified product identity from the searched code/name. Generic names and store SKUs are insufficient to assign a photo.","Verify manufacturer/model and exact retail package; inspect and acquire its authentic photo. Video is optional."
"IWBOGXXV5RRGXSNCIMCONMYJ","8052530220917","","2 Color Spaceship","2 Color Spaceship","Unknown","Unknown","Regular","Unknown","Unknown","no_match","No sufficiently specific candidate identified in the two Dynamite catalog files.","Unknown","Manufacturer or UPC/model, exact package/variant and corresponding photo/video.","56","57","57","Items","57","candidate_requires_package_review","","Unknown","Unknown","","""8052530220917"" fireworks","https://beta2024.usa-fireworks.com/products/website-coupons/two-color-space-ship-boomer-2/","Code found in public source; package/brand/image and any conflicts still need individual verification.","Verify manufacturer/model and exact retail package; inspect and acquire its authentic photo. Video is optional."
"O6KNWSDF2BMIHQ37TUXZZLJJ","","","2 Color Spaceship BOGO","2 Color Spaceship","Unknown","Unknown","Regular","Unknown","Unknown","no_match","No sufficiently specific candidate identified in the two Dynamite catalog files.","Unknown","Manufacturer or UPC/model, exact package/variant and corresponding photo/video.","57","58","58","Items","58","no_verified_identity","","Unknown","Unknown","","""2 Color Spaceship BOGO"" fireworks manufacturer","","No verified product identity from the searched code/name. Generic names and store SKUs are insufficient to assign a photo.","Verify manufacturer/model and exact retail package; inspect and acquire its authentic photo. Video is optional."
"T3AVLYCRGWAKT6BREUWYYAAL","887946004213","","2 Min Extravaganza","2 Min Extravaganza","Unknown","Unknown","Regular","Unknown","Unknown","no_match","No sufficiently specific candidate identified in the two Dynamite catalog files.","Unknown","Manufacturer or UPC/model, exact package/variant and corresponding photo/video.","58","59","59","Items","59","candidate_requires_package_review","","Unknown","Unknown","","""887946004213"" fireworks","https://www.tntfireworks.com/fireworks/cat/multi-aerials/4100-2-minutes-extravaganza | https://fliphtml5.com/oyvgf/jwia/Fireworks_and_Special_Effects%3A_A_Selection_Guide/22/","Code found in public source; package/brand/image and any conflicts still need individual verification.","Verify manufacturer/model and exact retail package; inspect and acquire its authentic photo. Video is optional."
"K5DWDAJDWJNG6DTWEO5DGLHG","757205302599","","2 Minute Bomb","2 Minute Bomb","Unknown","Unknown","Regular","Unknown","2 Minute","no_match","No sufficiently specific candidate identified in the two Dynamite catalog files.","Unknown","Manufacturer or UPC/model, exact package/variant and corresponding photo/video.","59","60","60","Items","60","candidate_requires_package_review","","Unknown","Unknown","","""757205302599"" fireworks","https://dosgringosfireworks.com/2-minute-bomb/ | https://www.raccoonfireworksusa.com/product-page/2-minute-bomb","Code found in public source; package/brand/image and any conflicts still need individual verification.","Verify manufacturer/model and exact retail package; inspect and acquire its authentic photo. Video is optional."
"GXTEUEIENPDZQX225VYUZXIE","","010901322156","2 Minute Finale 500 Gram","2 Minute Finale 500 Gram","Unknown","500 GRAM FINALE","Regular","Unknown","2 Minute | 500 Gram","no_match","No sufficiently specific candidate identified in the two Dynamite catalog files.","Unknown","Manufacturer or UPC/model, exact package/variant and corresponding photo/video.","60","61","61","Items","61","no_verified_identity","","Unknown","Unknown","","""010901322156"" fireworks","","No verified product identity from the searched code/name. Generic names and store SKUs are insufficient to assign a photo.","Verify manufacturer/model and exact retail package; inspect and acquire its authentic photo. Video is optional."
"2FCJSUCY2M7JKMLZIKJUWXLJ","050050513210","","2 Minute Finale 500 Gram","2 Minute Finale 500 Gram","Unknown","500 GRAM FINALE","Regular","Unknown","2 Minute | 500 Gram","no_match","No sufficiently specific candidate identified in the two Dynamite catalog files.","Unknown","Manufacturer or UPC/model, exact package/variant and corresponding photo/video.","61","62","62","Items","62","no_verified_identity","","Unknown","Unknown","","""050050513210"" fireworks","","No verified product identity from the searched code/name. Generic names and store SKUs are insufficient to assign a photo.","Verify manufacturer/model and exact retail package; inspect and acquire its authentic photo. Video is optional."
"NPIALSN4V63R3R64QQOCWAML","","757205302599","2 minute bomb","2 minute bomb","Unknown","Unknown","Regular","Unknown","2 minute","no_match","No sufficiently specific candidate identified in the two Dynamite catalog files.","Unknown","Manufacturer or UPC/model, exact package/variant and corresponding photo/video.","62","63","63","Items","63","candidate_requires_package_review","","Unknown","Unknown","","""757205302599"" fireworks","https://dosgringosfireworks.com/2-minute-bomb/ | https://www.raccoonfireworksusa.com/product-page/2-minute-bomb","Code found in public source; package/brand/image and any conflicts still need individual verification.","Verify manufacturer/model and exact retail package; inspect and acquire its authentic photo. Video is optional."
"WCBZ5V4BLD2KB7C52VNMEQE2","757201530675","","20 Alarm Fire","20 Alarm Fire","Unknown","Unknown","Regular","Unknown","Unknown","no_match","No sufficiently specific candidate identified in the two Dynamite catalog files.","Unknown","Manufacturer or UPC/model, exact package/variant and corresponding photo/video.","63","64","64","Items","64","no_verified_identity","","Unknown","Unknown","","""757201530675"" fireworks","","No verified product identity from the searched code/name. Generic names and store SKUs are insufficient to assign a photo.","Verify manufacturer/model and exact retail package; inspect and acquire its authentic photo. Video is optional."
"GS5Y7ZP4PE7LE5FGYNR5O2YI","705669335523","","20 Clip On Lighters","20 Clip On Lighters","Unknown","Unknown","Regular","Unknown","Unknown","no_match","No sufficiently specific candidate identified in the two Dynamite catalog files.","Unknown","Manufacturer or UPC/model, exact package/variant and corresponding photo/video.","64","65","65","Items","65","candidate_requires_package_review","","Unknown","Unknown","","""705669335523"" fireworks","https://americanwholesalefireworks.com/ignite-clip-on-ignitors-2-meter-6-5-foot/","Code found in public source; package/brand/image and any conflicts still need individual verification.","Verify manufacturer/model and exact retail package; inspect and acquire its authentic photo. Video is optional."
"PHBTZYIQ3GDXQH5VRHBKTPWF","715244120000","","2000 Blk Cat Fire Crk Roll","2000 Blk Cat Fire Crk Roll","Unknown","Unknown","Regular","Unknown","Unknown","no_match","No sufficiently specific candidate identified in the two Dynamite catalog files.","Unknown","Manufacturer or UPC/model, exact package/variant and corresponding photo/video.","65","66","66","Items","66","candidate_requires_package_review","","Unknown","Unknown","","Compared code against official Winco UPC reference","https://www.wincofireworks.com/wp-content/uploads/2022/03/UPC-Excel-List_3.25.2022_r2.pdf","Code found in public source; package/brand/image and any conflicts still need individual verification.","Verify manufacturer/model and exact retail package; inspect and acquire its authentic photo. Video is optional."
"KLGDXTOQZJLOLLWXZYP77NBO","8052530057117","","2000 Special Firecrackers","2000 Special Firecrackers","Unknown","Unknown","Regular","Unknown","Unknown","no_match","No sufficiently specific candidate identified in the two Dynamite catalog files.","Unknown","Manufacturer or UPC/model, exact package/variant and corresponding photo/video.","66","67","67","Items","67","candidate_requires_package_review","","Unknown","Unknown","","""8052530057117"" fireworks","https://ocfireworks.com/2000-shot-special-firecrackers/ | https://usa-fireworks.com/products/firecrackers/world-class-firecrackers-2000-roll/ | https://thefireworkssuperstore.com/shop/2000-special-firecrackers","Code found in public source; package/brand/image and any conflicts still need individual verification.","Verify manufacturer/model and exact retail package; inspect and acquire its authentic photo. Video is optional."
"55OSMECG4FX4FDJNAIZNJLGL","821600001118","","2000 Thunder Bomb Cracker","2000 Thunder Bomb Cracker","Unknown","Unknown","Regular","Unknown","Unknown","no_match","No sufficiently specific candidate identified in the two Dynamite catalog files.","Unknown","Manufacturer or UPC/model, exact package/variant and corresponding photo/video.","67","68","68","Items","68","no_verified_identity","","Unknown","Unknown","","""821600001118"" fireworks","","No verified product identity from the searched code/name. Generic names and store SKUs are insufficient to assign a photo.","Verify manufacturer/model and exact retail package; inspect and acquire its authentic photo. Video is optional."
"Y3IFH74XUWEC2U3KZXSXVPQ2","821600000098","","24 Pack Roman Candles","24 Pack Roman Candles","Unknown","Unknown","Regular","Unknown","24 Pack","no_match","No sufficiently specific candidate identified in the two Dynamite catalog files.","Unknown","Manufacturer or UPC/model, exact package/variant and corresponding photo/video.","68","69","69","Items","69","no_verified_identity","","Unknown","Unknown","","""821600000098"" fireworks","","No verified product identity from the searched code/name. Generic names and store SKUs are insufficient to assign a photo.","Verify manufacturer/model and exact retail package; inspect and acquire its authentic photo. Video is optional."
"QEODFH2T6BC2CTTMDFAN3ILS","805253354814","","25 Shot Sasturn Missiles","25 Shot Sasturn Missiles","Unknown","Unknown","Regular","Unknown","25 Shot","no_match","No sufficiently specific candidate identified in the two Dynamite catalog files.","Unknown","Manufacturer or UPC/model, exact package/variant and corresponding photo/video.","69","70","70","Items","70","candidate_requires_package_review","","Unknown","Unknown","","""805253354814"" fireworks","https://bigdaddyksfireworksoutlet.com/product/25-shot-saturn-missile-plastic/","Code found in public source; package/brand/image and any conflicts still need individual verification.","Verify manufacturer/model and exact retail package; inspect and acquire its authentic photo. Video is optional."
"C6GOME5OVCZJNCJAW7LZPB3A","612005006798","","25 Shot Saturn Missile","25 Shot Saturn Missile","Unknown","Unknown","Regular","Unknown","25 Shot","no_match","No sufficiently specific candidate identified in the two Dynamite catalog files.","Unknown","Manufacturer or UPC/model, exact package/variant and corresponding photo/video.","70","71","71","Items","71","no_verified_identity","","Unknown","Unknown","","""612005006798"" fireworks","","No verified product identity from the searched code/name. Generic names and store SKUs are insufficient to assign a photo.","Verify manufacturer/model and exact retail package; inspect and acquire its authentic photo. Video is optional."
"W6SWRAF35UJN34Q2XJAD7F7V","688397661891","","25 shot cake assortment","25 shot cake assortment","Unknown","Unknown","Regular","Unknown","25 shot","no_match","No sufficiently specific candidate identified in the two Dynamite catalog files.","Unknown","Manufacturer or UPC/model, exact package/variant and corresponding photo/video.","71","72","72","Items","72","no_verified_identity","","Unknown","Unknown","","""688397661891"" fireworks","","No verified product identity from the searched code/name. Generic names and store SKUs are insufficient to assign a photo.","Verify manufacturer/model and exact retail package; inspect and acquire its authentic photo. Video is optional."
"4HWFFPKQHZTJ2Q7APAMG44QB","705108561407","","250 Paratroopers","250 Paratroopers","Unknown","Unknown","Regular","Unknown","Unknown","no_match","No sufficiently specific candidate identified in the two Dynamite catalog files.","Unknown","Manufacturer or UPC/model, exact package/variant and corresponding photo/video.","72","73","73","Items","73","candidate_requires_package_review","","Unknown","Unknown","","""705108561407"" fireworks","https://www.getwinda.com/product-page/250-paratroopers","Code found in public source; package/brand/image and any conflicts still need individual verification.","Verify manufacturer/model and exact retail package; inspect and acquire its authentic photo. Video is optional."
"KDP4F2VSPPZOAWWNZM2FQ3EY","825272730758","","3 Artillery Box Deal","3 Artillery Box Deal","Unknown","Unknown","Festival Balla","Festival Balla","Unknown","no_match","No sufficiently specific candidate identified in the two Dynamite catalog files.","Unknown","Manufacturer or UPC/model, exact package/variant and corresponding photo/video.","73","74","74","Items","74","no_verified_identity","","Unknown","Unknown","","""825272730758"" fireworks","","No verified product identity from the searched code/name. Generic names and store SKUs are insufficient to assign a photo.","Verify manufacturer/model and exact retail package; inspect and acquire its authentic photo. Video is optional."
"P3CCHOLOIHGZVDYAXTMIOVS2","821600018185","","3 Minute Fireworks Barrage","3 Minute Fireworks Barrage","Unknown","Unknown","Regular","Unknown","3 Minute","no_match","No sufficiently specific candidate identified in the two Dynamite catalog files.","Unknown","Manufacturer or UPC/model, exact package/variant and corresponding photo/video.","74","75","75","Items","75","no_verified_identity","","Unknown","Unknown","","""821600018185"" fireworks","","No verified product identity from the searched code/name. Generic names and store SKUs are insufficient to assign a photo.","Verify manufacturer/model and exact retail package; inspect and acquire its authentic photo. Video is optional."
"O4WED6SQAOYEZX67SYZ7HGIO","700000014327","","300 Saturn Missile","300 Saturn Missile","Unknown","Unknown","Regular","Unknown","Unknown","no_match","No sufficiently specific candidate identified in the two Dynamite catalog files.","Unknown","Manufacturer or UPC/model, exact package/variant and corresponding photo/video.","76","77","77","Items","77","no_verified_identity","","Unknown","Unknown","","""700000014327"" fireworks","","No verified product identity from the searched code/name. Generic names and store SKUs are insufficient to assign a photo.","Verify manufacturer/model and exact retail package; inspect and acquire its authentic photo. Video is optional."
"3P62TB7PDFUGMV5XKWM4SPVM","849107066089","","36 "" Gold Sparklers","36 "" Gold Sparklers","Unknown","Unknown","Regular","Unknown","36 ""","no_match","No sufficiently specific candidate identified in the two Dynamite catalog files.","Unknown","Manufacturer or UPC/model, exact package/variant and corresponding photo/video.","77","78","78","Items","78","no_verified_identity","","Unknown","Unknown","","""849107066089"" fireworks","","No verified product identity from the searched code/name. Generic names and store SKUs are insufficient to assign a photo.","Verify manufacturer/model and exact retail package; inspect and acquire its authentic photo. Video is optional."
"IV3BJZUIFVT2PF6ZZBU334X3","821600003136","","36 Inch Wedding Sparklers","36 Inch Wedding Sparklers","Unknown","Unknown","Regular","Unknown","36 Inch","no_match","No sufficiently specific candidate identified in the two Dynamite catalog files.","Unknown","Manufacturer or UPC/model, exact package/variant and corresponding photo/video.","78","79","79","Items","79","no_verified_identity","","Unknown","Unknown","","""821600003136"" fireworks","","No verified product identity from the searched code/name. Generic names and store SKUs are insufficient to assign a photo.","Verify manufacturer/model and exact retail package; inspect and acquire its authentic photo. Video is optional."
"3BDVG5QR2QCQYDOZXHCWB2KF","705108900510","","36"" Gold Sparklers","36"" Gold Sparklers","Unknown","Unknown","Regular","Unknown","36""","no_match","No sufficiently specific candidate identified in the two Dynamite catalog files.","Unknown","Manufacturer or UPC/model, exact package/variant and corresponding photo/video.","79","80","80","Items","80","candidate_requires_package_review","","Unknown","Unknown","","""705108900510"" fireworks","https://georgiasbestfireworks.com/product/36-gold-sparklers/","Code found in public source; package/brand/image and any conflicts still need individual verification.","Verify manufacturer/model and exact retail package; inspect and acquire its authentic photo. Video is optional."
"KIIXD2PHKQRWSEL2DVRTHH3R","816597924441","","36"" Morning Glory","36"" Morning Glory","Unknown","Unknown","Regular","Unknown","36""","no_match","No sufficiently specific candidate identified in the two Dynamite catalog files.","Unknown","Manufacturer or UPC/model, exact package/variant and corresponding photo/video.","80","81","81","Items","81","candidate_requires_package_review","","Unknown","Unknown","","""816597924441"" fireworks","https://pyromaniapyro.com/morning-glory-36/ | https://dosgringosfireworks.com/SP174-36-Morning-Glory-966-R-PC/ | https://backyardheroesfireworks.com/product/36-inch-morning-glory/ | https://76fireworkstore.com/SP174-36-Morning-Glory-966-R-PC | https://fireworkconnection.com/product/36-morning-glory-sparkler/","Code found in public source; package/brand/image and any conflicts still need individual verification.","Verify manufacturer/model and exact retail package; inspect and acquire its authentic photo. Video is optional."
"26PMZRVOBXZHMDNDBZNLSSG4","705108900336","","36"" Morning Glorys","36"" Morning Glorys","Unknown","Unknown","Regular","Unknown","36""","no_match","No sufficiently specific candidate identified in the two Dynamite catalog files.","Unknown","Manufacturer or UPC/model, exact package/variant and corresponding photo/video.","81","82","82","Items","82","no_verified_identity","","Unknown","Unknown","","""705108900336"" fireworks","","No verified product identity from the searched code/name. Generic names and store SKUs are insufficient to assign a photo.","Verify manufacturer/model and exact retail package; inspect and acquire its authentic photo. Video is optional."
"FSLILKVUEZUCBWTLHGZ7G3DC","813559000403","","36' Gold Sparklers","36' Gold Sparklers","Unknown","Unknown","Regular","Unknown","Unknown","no_match","No sufficiently specific candidate identified in the two Dynamite catalog files.","Unknown","Manufacturer or UPC/model, exact package/variant and corresponding photo/video.","82","83","83","Items","83","no_verified_identity","","Unknown","Unknown","","""813559000403"" fireworks","","No verified product identity from the searched code/name. Generic names and store SKUs are insufficient to assign a photo.","Verify manufacturer/model and exact retail package; inspect and acquire its authentic photo. Video is optional."
"FVAI2736O6VVNLFZFUR5OMO6","705108900503","","36' Gold Sparklers","36' Gold Sparklers","Unknown","Unknown","36 Inch Gold Sparklers","36 Inch Gold Sparklers","Unknown","no_match","No sufficiently specific candidate identified in the two Dynamite catalog files.","Unknown","Manufacturer or UPC/model, exact package/variant and corresponding photo/video.","83","84","84","Items","84","no_verified_identity","","Unknown","Unknown","","""705108900503"" fireworks","","No verified product identity from the searched code/name. Generic names and store SKUs are insufficient to assign a photo.","Verify manufacturer/model and exact retail package; inspect and acquire its authentic photo. Video is optional."
"6XG66I5GX3TNWFSJGITBLXWB","8145270122723","","4 Assort Effect 10 Ball 12 Pack","4 Assort Effect 10 Ball 12 Pack","Unknown","Unknown","Regular","Unknown","12 Pack","no_match","No sufficiently specific candidate identified in the two Dynamite catalog files.","Unknown","Manufacturer or UPC/model, exact package/variant and corresponding photo/video.","84","85","85","Items","85","candidate_requires_package_review","","Unknown","Unknown","","""8145270122723"" fireworks","https://usa-fireworks.com/products/roman-candles/10-ball-roman-candle-assortment/","Code found in public source; package/brand/image and any conflicts still need individual verification.","Verify manufacturer/model and exact retail package; inspect and acquire its authentic photo. Video is optional."
"5O66QKT6BJQUWDBZEA64YIJ4","705108309702","","4 Pk Mini Snow Cones","4 Pk Mini Snow Cones","Unknown","Fountains","Regular","Unknown","Unknown","probable","Name identifies a candidate only; manufacturer and exact presentation have not been established.","products.json[114] Snow Cone / Winda / /products/snow-cone.png","Manufacturer or UPC/model, exact package/variant and corresponding photo/video.","85","86","86","Items","86","identified_missing_image","","Winda","P3097","","Compared code against official Winco UPC reference","https://www.getwinda.com/product-page/snow-cone-jr","Exact Square code 705108309702 matches Snow Cone Jr. Retail presentation is four cones (case 18/4). Existing local Snow Cone photo is full-size P3088; handheld display is another product.","Obtain authorized authentic photograph of P3097 four-piece retail presentation. Winda image downloads were denied; no workaround attempted."
"UJB7SIMZIOZNZYMFLLYRB6ZH","8052530170717","","40"" Mammoth Day Parachute","40"" Mammoth Day Parachute","Unknown","Unknown","Regular","Unknown","40""","no_match","No sufficiently specific candidate identified in the two Dynamite catalog files.","Unknown","Manufacturer or UPC/model, exact package/variant and corresponding photo/video.","86","87","87","Items","87","candidate_requires_package_review","","Unknown","Unknown","","""8052530170717"" fireworks","https://staging.usa-fireworks.com/products/parachutes/40-mammoth-day-parachute/","Code found in public source; package/brand/image and any conflicts still need individual verification.","Verify manufacturer/model and exact retail package; inspect and acquire its authentic photo. Video is optional."
"6PNXNZLUJTEFB4LXCTIWWKE5","8145270113721","","4pc Assortments 9"" Fountain","4pc Assortments 9"" Fountain","Unknown","Fountains","Regular","Unknown","4pc | 9""","no_match","No sufficiently specific candidate identified in the two Dynamite catalog files.","Unknown","Manufacturer or UPC/model, exact package/variant and corresponding photo/video.","87","88","88","Items","88","no_verified_identity","","Unknown","Unknown","","""8145270113721"" fireworks","","No verified product identity from the searched code/name. Generic names and store SKUs are insufficient to assign a photo.","Verify manufacturer/model and exact retail package; inspect and acquire its authentic photo. Video is optional."
"GYJNBMUQGW2TG3B67MHZX6RI","8052530170724","","4pk Parachute","4pk Parachute","Unknown","Unknown","Regular","Unknown","Unknown","no_match","No sufficiently specific candidate identified in the two Dynamite catalog files.","Unknown","Manufacturer or UPC/model, exact package/variant and corresponding photo/video.","88","89","89","Items","89","candidate_requires_package_review","","Unknown","Unknown","","""8052530170724"" fireworks","https://ocfireworks.com/mammoth-day-parachute-4pk/","Code found in public source; package/brand/image and any conflicts still need individual verification.","Verify manufacturer/model and exact retail package; inspect and acquire its authentic photo. Video is optional."
"H5K3WTYZMTO4M7553I3M5UYE","705108002306","","4th Of July Backpack","4th Of July Backpack","Unknown","Family Pack Assortments","Regular","Unknown","Unknown","no_match","No sufficiently specific candidate identified in the two Dynamite catalog files.","Unknown","Manufacturer or UPC/model, exact package/variant and corresponding photo/video.","89","90","90","Items","90","candidate_requires_package_review","","Unknown","Unknown","","""705108002306"" fireworks","https://www.getwinda.com/product-page/4th-of-july-backpack | https://americanfireworks.com/4th-of-july-backpack/ | https://americanwholesalefireworks.com/4th-of-july-backpack/","Code found in public source; package/brand/image and any conflicts still need individual verification.","Verify manufacturer/model and exact retail package; inspect and acquire its authentic photo. Video is optional."
"A5YBHLDEGL7OUC573GBEWPRD","705108300020","","4th of July Pack","4th of July Pack","Unknown","Unknown","Regular","Unknown","Unknown","no_match","No sufficiently specific candidate identified in the two Dynamite catalog files.","Unknown","Manufacturer or UPC/model, exact package/variant and corresponding photo/video.","90","91","91","Items","91","no_verified_identity","","Unknown","Unknown","","""705108300020"" fireworks","","No verified product identity from the searched code/name. Generic names and store SKUs are insufficient to assign a photo.","Verify manufacturer/model and exact retail package; inspect and acquire its authentic photo. Video is optional."
"QGRX3L4LF562QHPZHUWFHRV5","887946060226","","4x 3157/3156 High Power 7W Turn Signal Tail Brake Stop Car LED Bulbs (Amber/Yellow)","4x 3157/3156 High Power 7W Turn Signal Tail Brake Stop Car LED Bulbs (Amber/Yellow)","Unknown","Roman Candles","Regular","Unknown","Unknown","conflict","Item name describes automotive LED bulbs but Square category says Roman Candles; identity is corrupt, do not publish.","Unknown","Manufacturer or UPC/model, exact package/variant and corresponding photo/video.","91","92","92","Items","92","no_verified_identity","","Unknown","Unknown","","""887946060226"" fireworks","","No verified product identity from the searched code/name. Generic names and store SKUs are insufficient to assign a photo.","Verify manufacturer/model and exact retail package; inspect and acquire its authentic photo. Video is optional."
"4TA643RIR37SKN2TGQC4TVAG","800000002000","800000002000","4x 3157/3156 High Power 7W Turn Signal Tail Brake Stop Car LED Bulbs (Amber/Yellow)","4x 3157/3156 High Power 7W Turn Signal Tail Brake Stop Car LED Bulbs (Amber/Yellow)","Unknown","Roman Candles","12/10 ball roman candle","12/10 ball roman candle","Unknown","conflict","Automotive LED-bulb item name conflicts with roman-candle variation and category; identity requires correction.","Unknown","Manufacturer or UPC/model, exact package/variant and corresponding photo/video.","92","93","93","Items","93","no_verified_identity","","Unknown","Unknown","","""800000002000"" fireworks","","No verified product identity from the searched code/name. Generic names and store SKUs are insufficient to assign a photo.","Verify manufacturer/model and exact retail package; inspect and acquire its authentic photo. Video is optional."
"6LV6YJMXWXIGBPXYPBYYMKIK","6950165423661","","5 Inch Megabanger Professional Shells","5 Inch Megabanger Professional Shells","Unknown","Unknown","Regular","Unknown","5 Inch","no_match","No sufficiently specific candidate identified in the two Dynamite catalog files.","Unknown","Manufacturer or UPC/model, exact package/variant and corresponding photo/video.","93","94","94","Items","94","no_verified_identity","","Unknown","Unknown","","""6950165423661"" fireworks","","No verified product identity from the searched code/name. Generic names and store SKUs are insufficient to assign a photo.","Verify manufacturer/model and exact retail package; inspect and acquire its authentic photo. Video is optional."
"A6IN5BBRQ524DUHM5XIK22KD","887946004268","","6 3"" Parachutes","6 3"" Parachutes","Unknown","Unknown","Regular","Unknown","3""","no_match","No sufficiently specific candidate identified in the two Dynamite catalog files.","Unknown","Manufacturer or UPC/model, exact package/variant and corresponding photo/video.","94","95","95","Items","95","no_verified_identity","","Unknown","Unknown","","""887946004268"" fireworks","","No verified product identity from the searched code/name. Generic names and store SKUs are insufficient to assign a photo.","Verify manufacturer/model and exact retail package; inspect and acquire its authentic photo. Video is optional."
"ARNCHSF72M2PGKYULV37DMUW","","841527101241","6 pc Artillery Shells Assorted","6 pc Artillery Shells Assorted","Unknown","Unknown","Regular","Unknown","6 pc","no_match","No sufficiently specific candidate identified in the two Dynamite catalog files.","Unknown","Manufacturer or UPC/model, exact package/variant and corresponding photo/video.","95","96","96","Items","96","candidate_requires_package_review","","Unknown","Unknown","","""841527101241"" fireworks","https://usa-fireworks.com/products/artillery-shells/dragon-artillery-6-shots/","Code found in public source; package/brand/image and any conflicts still need individual verification.","Verify manufacturer/model and exact retail package; inspect and acquire its authentic photo. Video is optional."
"ZX3TJ5FTJU4TSBNYYZ25OE5P","841527101258","","6 pc Artillery Shells Assorted","6 pc Artillery Shells Assorted","Unknown","Unknown","Whistling Buster","Whistling Buster","6 pc","no_match","No sufficiently specific candidate identified in the two Dynamite catalog files.","Unknown","Manufacturer or UPC/model, exact package/variant and corresponding photo/video.","96","97","97","Items","97","candidate_requires_package_review","","Unknown","Unknown","","""841527101258"" fireworks","https://usa-fireworks.com/products/artillery-shells/whistling-buster-6-shots/","Code found in public source; package/brand/image and any conflicts still need individual verification.","Verify manufacturer/model and exact retail package; inspect and acquire its authentic photo. Video is optional."
"DEGTDLAZWR5MFPTCN24C5MYW","811273010029","","6 pc Artillery Shells Assorted","6 pc Artillery Shells Assorted","Unknown","Unknown","Crackling","Crackling","6 pc","no_match","No sufficiently specific candidate identified in the two Dynamite catalog files.","Unknown","Manufacturer or UPC/model, exact package/variant and corresponding photo/video.","97","98","98","Items","98","no_verified_identity","","Unknown","Unknown","","""811273010029"" fireworks","","No verified product identity from the searched code/name. Generic names and store SKUs are insufficient to assign a photo.","Verify manufacturer/model and exact retail package; inspect and acquire its authentic photo. Video is optional."
"6LYJJH3ROCZPE5B25EYQFT2X","757201525176","","60 Infinity","60 Infinity","Unknown","Unknown","Regular","Unknown","Unknown","no_match","No sufficiently specific candidate identified in the two Dynamite catalog files.","Unknown","Manufacturer or UPC/model, exact package/variant and corresponding photo/video.","98","99","99","Items","99","candidate_requires_package_review","","Unknown","Unknown","","""757201525176"" fireworks","https://whitenightsfireworks.com/product/608/ | https://www.raccoonfireworksusa.com/product-page/608 | https://ocfireworks.com/608-roman-candle-cake/ | https://dynamitefireworkswarehouse.com/products/608-608S-p604725672","Code found in public source; package/brand/image and any conflicts still need individual verification.","Verify manufacturer/model and exact retail package; inspect and acquire its authentic photo. Video is optional."
"G4RPL673CZVIZPHF3JQIYTAV","064883100769","","6ct Texas Size Rocket","6ct Texas Size Rocket","Unknown","Unknown","Regular","Unknown","6ct","no_match","No sufficiently specific candidate identified in the two Dynamite catalog files.","Unknown","Manufacturer or UPC/model, exact package/variant and corresponding photo/video.","99","100","100","Items","100","no_verified_identity","","Unknown","Unknown","","""064883100769"" fireworks","","No verified product identity from the searched code/name. Generic names and store SKUs are insufficient to assign a photo.","Verify manufacturer/model and exact retail package; inspect and acquire its authentic photo. Video is optional."
"WWS64AP47VXXTHHYX3D2E5Z2","","705108402311","6pc 10 ball roman candle","6pc 10 ball roman candle","Unknown","Unknown","Regular","Unknown","6pc","no_match","No sufficiently specific candidate identified in the two Dynamite catalog files.","Unknown","Manufacturer or UPC/model, exact package/variant and corresponding photo/video.","100","101","101","Items","101","no_verified_identity","","Unknown","Unknown","","""705108402311"" fireworks","","No verified product identity from the searched code/name. Generic names and store SKUs are insufficient to assign a photo.","Verify manufacturer/model and exact retail package; inspect and acquire its authentic photo. Video is optional."
"IV465BAKK2EAWD5TK3S32FRX","805253414235","","6pc Artillery Shells: Huge Color Bursts","6pc Artillery Shells: Huge Color Bursts","Unknown","Unknown","Regular","Unknown","6pc","no_match","No sufficiently specific candidate identified in the two Dynamite catalog files.","Unknown","Manufacturer or UPC/model, exact package/variant and corresponding photo/video.","101","102","102","Items","102","candidate_requires_package_review","","Unknown","Unknown","","""805253414235"" fireworks","https://usa-fireworks.com/products/artillery-shells/huge-artillery-shells/ | https://beta2024.usa-fireworks.com/products/artillery-shells/huge-artillery-shells/","Code found in public source; package/brand/image and any conflicts still need individual verification.","Verify manufacturer/model and exact retail package; inspect and acquire its authentic photo. Video is optional."
"67Q5FTM7ANPDPMG4XUHW74DF","703674274226","","7 Disposable Lighters","7 Disposable Lighters","Unknown","Unknown","Regular","Unknown","Unknown","no_match","No sufficiently specific candidate identified in the two Dynamite catalog files.","Unknown","Manufacturer or UPC/model, exact package/variant and corresponding photo/video.","102","103","103","Items","103","no_verified_identity","","Unknown","Unknown","","""703674274226"" fireworks","","No verified product identity from the searched code/name. Generic names and store SKUs are insufficient to assign a photo.","Verify manufacturer/model and exact retail package; inspect and acquire its authentic photo. Video is optional."
"PAYQMSSER3UY2TBKFB63PVI7","887946070027","","7"" Defender Missile","7"" Defender Missile","Unknown","Unknown","Regular","Unknown","7""","no_match","No sufficiently specific candidate identified in the two Dynamite catalog files.","Unknown","Manufacturer or UPC/model, exact package/variant and corresponding photo/video.","103","104","104","Items","104","no_verified_identity","","Unknown","Unknown","","""887946070027"" fireworks","","No verified product identity from the searched code/name. Generic names and store SKUs are insufficient to assign a photo.","Verify manufacturer/model and exact retail package; inspect and acquire its authentic photo. Video is optional."
"XPH7RXILMQOK6PZWGNZX3SL5","888011307505","","750s Saturn Missile Battery","750s Saturn Missile Battery","Unknown","Unknown","Regular","Unknown","Unknown","no_match","No sufficiently specific candidate identified in the two Dynamite catalog files.","Unknown","Manufacturer or UPC/model, exact package/variant and corresponding photo/video.","104","105","105","Items","105","no_verified_identity","","Unknown","Unknown","","""888011307505"" fireworks","","No verified product identity from the searched code/name. Generic names and store SKUs are insufficient to assign a photo.","Verify manufacturer/model and exact retail package; inspect and acquire its authentic photo. Video is optional."
"CJQNGWS3JU5HZJQ2XSK62B43","887946000499","","750s Saturn Missile Battery","750s Saturn Missile Battery","Unknown","Unknown","750 Shot","750 Shot","Unknown","no_match","No sufficiently specific candidate identified in the two Dynamite catalog files.","Unknown","Manufacturer or UPC/model, exact package/variant and corresponding photo/video.","105","106","106","Items","106","no_verified_identity","","Unknown","Unknown","","""887946000499"" fireworks","","No verified product identity from the searched code/name. Generic names and store SKUs are insufficient to assign a photo.","Verify manufacturer/model and exact retail package; inspect and acquire its authentic photo. Video is optional."
"XDY67L6KGJ3UDL576VIBRNUO","821600005017","","8 Inch Missle","8 Inch Missle","Unknown","Unknown","Regular","Unknown","8 Inch","no_match","No sufficiently specific candidate identified in the two Dynamite catalog files.","Unknown","Manufacturer or UPC/model, exact package/variant and corresponding photo/video.","106","107","107","Items","107","no_verified_identity","","Unknown","Unknown","","""821600005017"" fireworks","","No verified product identity from the searched code/name. Generic names and store SKUs are insufficient to assign a photo.","Verify manufacturer/model and exact retail package; inspect and acquire its authentic photo. Video is optional."
"KVJM6GNGZVNLT2VHSMPTYOEQ","705108074006","","8"" color sparklers","8"" color sparklers","Unknown","Unknown","Regular","Unknown","8""","no_match","No sufficiently specific candidate identified in the two Dynamite catalog files.","Unknown","Manufacturer or UPC/model, exact package/variant and corresponding photo/video.","107","108","108","Items","108","no_verified_identity","","Unknown","Unknown","","""705108074006"" fireworks","","No verified product identity from the searched code/name. Generic names and store SKUs are insufficient to assign a photo.","Verify manufacturer/model and exact retail package; inspect and acquire its authentic photo. Video is optional."
"H5ODOFIVBLH5KHPX3NEZ6ROR","821600001132","","8000 Thunder Bomb Cracker","8000 Thunder Bomb Cracker","Unknown","Unknown","Regular","Unknown","Unknown","no_match","No sufficiently specific candidate identified in the two Dynamite catalog files.","Unknown","Manufacturer or UPC/model, exact package/variant and corresponding photo/video.","108","109","109","Items","109","no_verified_identity","","Unknown","Unknown","","""821600001132"" fireworks","","No verified product identity from the searched code/name. Generic names and store SKUs are insufficient to assign a photo.","Verify manufacturer/model and exact retail package; inspect and acquire its authentic photo. Video is optional."
"BXB6IDEAWPODTC7JWB3OGSL2","821600025213","","96 Shot Color Pearl","96 Shot Color Pearl","Unknown","Unknown","Regular","Unknown","96 Shot","no_match","No sufficiently specific candidate identified in the two Dynamite catalog files.","Unknown","Manufacturer or UPC/model, exact package/variant and corresponding photo/video.","109","110","110","Items","110","no_verified_identity","","Unknown","Unknown","","""821600025213"" fireworks","","No verified product identity from the searched code/name. Generic names and store SKUs are insufficient to assign a photo.","Verify manufacturer/model and exact retail package; inspect and acquire its authentic photo. Video is optional."
"PI4EHRNLTIX3BTAGFZUATH7S","674662533833","","A Legacy Of Liberty 250 Years 500g","A Legacy Of Liberty 250 Years 500g","Unknown","Unknown","Regular","Unknown","500g","no_match","No sufficiently specific candidate identified in the two Dynamite catalog files.","Unknown","Manufacturer or UPC/model, exact package/variant and corresponding photo/video.","110","111","111","Items","111","no_verified_identity","","Unknown","Unknown","","""674662533833"" fireworks","","No verified product identity from the searched code/name. Generic names and store SKUs are insufficient to assign a photo.","Verify manufacturer/model and exact retail package; inspect and acquire its authentic photo. Video is optional."
"YFAWGJZFEI4UUOC7GCETC7FX","872421130013","","A Million Missles","A Million Missles","Unknown","Unknown","Regular","Unknown","Unknown","no_match","No sufficiently specific candidate identified in the two Dynamite catalog files.","Unknown","Manufacturer or UPC/model, exact package/variant and corresponding photo/video.","111","112","112","Items","112","no_verified_identity","","Unknown","Unknown","","""872421130013"" fireworks","","No verified product identity from the searched code/name. Generic names and store SKUs are insufficient to assign a photo.","Verify manufacturer/model and exact retail package; inspect and acquire its authentic photo. Video is optional."
"VP5CG67K35FAOWJPZ7IWO4KN","197031322116","","AK-47 FOUNTAIN","AK-47 FOUNTAIN","Unknown","Fountains","Regular","Unknown","Unknown","no_match","No sufficiently specific candidate identified in the two Dynamite catalog files.","Unknown","Manufacturer or UPC/model, exact package/variant and corresponding photo/video.","112","113","113","Items","113","no_verified_identity","","Unknown","Unknown","","""197031322116"" fireworks","","No verified product identity from the searched code/name. Generic names and store SKUs are insufficient to assign a photo.","Verify manufacturer/model and exact retail package; inspect and acquire its authentic photo. Video is optional."
"4CG65TCNMRJDOS6ZNDPNVF2L","875330032508","","AK-47 Fountain","AK-47 Fountain","Unknown","Fountains","Regular","Unknown","Unknown","no_match","No sufficiently specific candidate identified in the two Dynamite catalog files.","Unknown","Manufacturer or UPC/model, exact package/variant and corresponding photo/video.","113","114","114","Items","114","candidate_requires_package_review","","Unknown","Unknown","","""875330032508"" fireworks","https://americanwholesalefireworks.com/ak-47-miracle//","Code found in public source; package/brand/image and any conflicts still need individual verification.","Verify manufacturer/model and exact retail package; inspect and acquire its authentic photo. Video is optional."
"DJGH4MOSEAF477EDNI4PRQ4O","","652009200020","Above The Law Family Pack BC","Above The Law Family Pack BC","Unknown","Family Pack Assortments","Regular","Unknown","Unknown","no_match","No sufficiently specific candidate identified in the two Dynamite catalog files.","Unknown","Manufacturer or UPC/model, exact package/variant and corresponding photo/video.","114","115","115","Items","115","candidate_requires_package_review","","Unknown","Unknown","","Compared code against official Winco UPC reference","https://www.wincofireworks.com/wp-content/uploads/2022/03/UPC-Excel-List_3.25.2022_r2.pdf","Code found in public source; package/brand/image and any conflicts still need individual verification.","Verify manufacturer/model and exact retail package; inspect and acquire its authentic photo. Video is optional."
"A3TTFCDNXBESWGPAC4RVRVLA","652009906540","","Absolute Pyro","Absolute Pyro","Unknown","500 GRAM FINALE > 500 GRAM FINALE ZIPPER CAKES","Regular","Unknown","Unknown","no_match","No sufficiently specific candidate identified in the two Dynamite catalog files.","Unknown","Manufacturer or UPC/model, exact package/variant and corresponding photo/video.","115","116","116","Items","116","candidate_requires_package_review","","Unknown","Unknown","","Compared code against official Winco UPC reference","https://www.wincofireworks.com/wp-content/uploads/2022/03/UPC-Excel-List_3.25.2022_r2.pdf","Code found in public source; package/brand/image and any conflicts still need individual verification.","Verify manufacturer/model and exact retail package; inspect and acquire its authentic photo. Video is optional."
"GPZVXC3S5TOL4YDFTGF2GZYP","849107002148","","Adult Snaps Bogo","Adult Snaps","Unknown","Unknown","Regular","Unknown","Unknown","no_match","No sufficiently specific candidate identified in the two Dynamite catalog files.","Unknown","Manufacturer or UPC/model, exact package/variant and corresponding photo/video.","117","118","118","Items","118","no_verified_identity","","Unknown","Unknown","","""849107002148"" fireworks","","No verified product identity from the searched code/name. Generic names and store SKUs are insufficient to assign a photo.","Verify manufacturer/model and exact retail package; inspect and acquire its authentic photo. Video is optional."
"YJIFUP2KPQJDBACJJP43G5SD","680149054289","","Aerojet (4 sticks)","Aerojet (4 sticks)","Unknown","Stick Rockets","Regular","Unknown","4 sticks","no_match","No sufficiently specific candidate identified in the two Dynamite catalog files.","Unknown","Manufacturer or UPC/model, exact package/variant and corresponding photo/video.","118","119","119","Items","119","no_verified_identity","","Unknown","Unknown","","""680149054289"" fireworks","","No verified product identity from the searched code/name. Generic names and store SKUs are insufficient to assign a photo.","Verify manufacturer/model and exact retail package; inspect and acquire its authentic photo. Video is optional."
"SRP2KXXSRJ5ZLRYNRYPEYTA3","757201220071","","Aggression","Aggression","Unknown","Unknown","Regular","Unknown","Unknown","no_match","No sufficiently specific candidate identified in the two Dynamite catalog files.","Unknown","Manufacturer or UPC/model, exact package/variant and corresponding photo/video.","119","120","120","Items","120","candidate_requires_package_review","","Unknown","Unknown","","""757201220071"" fireworks","https://americanwholesalefireworks.com/aggression/","Code found in public source; package/brand/image and any conflicts still need individual verification.","Verify manufacturer/model and exact retail package; inspect and acquire its authentic photo. Video is optional."
"4334FNRTII6SMFRXQN7MAUHA","687985102822","","Air Force One Rocket (5 sticks)","Air Force One Rocket (5 sticks)","Unknown","Stick Rockets","Regular","Unknown","5 sticks","no_match","No sufficiently specific candidate identified in the two Dynamite catalog files.","Unknown","Manufacturer or UPC/model, exact package/variant and corresponding photo/video.","120","121","121","Items","121","candidate_requires_package_review","","Unknown","Unknown","","""687985102822"" fireworks","https://americanwholesalefireworks.com/air-force-one//","Code found in public source; package/brand/image and any conflicts still need individual verification.","Verify manufacturer/model and exact retail package; inspect and acquire its authentic photo. Video is optional."
"ASHLE2YBKFSZNM63ILNCUD23","202013250018","","Air Power 5"" Artillery Shells 24 pack","Air Power 5"" Artillery Shells 24 pack","Unknown","24 Pack Canister Artillery Shells 5 INCH","Regular","Unknown","5"" | 24 pack","no_match","No sufficiently specific candidate identified in the two Dynamite catalog files.","Unknown","Manufacturer or UPC/model, exact package/variant and corresponding photo/video.","121","122","122","Items","122","candidate_requires_package_review","","Unknown","Unknown","","""202013250018"" fireworks","https://americanwholesalefireworks.com/air-power/","Code found in public source; package/brand/image and any conflicts still need individual verification.","Verify manufacturer/model and exact retail package; inspect and acquire its authentic photo. Video is optional."
"M5WL2GWBEX24UFCMOYR2IV5P","052301913206","","Alien Attack 500 Gram","Alien Attack 500 Gram","Unknown","500 GRAM FINALE","Regular","Unknown","500 Gram","no_match","No sufficiently specific candidate identified in the two Dynamite catalog files.","Unknown","Manufacturer or UPC/model, exact package/variant and corresponding photo/video.","122","123","123","Items","123","no_verified_identity","","Unknown","Unknown","","""052301913206"" fireworks","","No verified product identity from the searched code/name. Generic names and store SKUs are insufficient to assign a photo.","Verify manufacturer/model and exact retail package; inspect and acquire its authentic photo. Video is optional."
"WCIPTN2Z22OBJCOSXXECSVFO","6011401913206","","Alien Attack 500 Gram","Alien Attack 500 Gram","Unknown","500 GRAM FINALE","Regular","Unknown","500 Gram","no_match","No sufficiently specific candidate identified in the two Dynamite catalog files.","Unknown","Manufacturer or UPC/model, exact package/variant and corresponding photo/video.","123","124","124","Items","124","no_verified_identity","","Unknown","Unknown","","""6011401913206"" fireworks","","No verified product identity from the searched code/name. Generic names and store SKUs are insufficient to assign a photo.","Verify manufacturer/model and exact retail package; inspect and acquire its authentic photo. Video is optional."
"V6MU7TUWULGKPYU6OK3YD6HQ","816597943671","","Alien Invasion 6"" Artillery Shells 24 Pack","Alien Invasion 6"" Artillery Shells 24 Pack","Unknown","24 Pack Artillery Shells 6""","Regular","Unknown","6"" | 24 Pack","no_match","No sufficiently specific candidate identified in the two Dynamite catalog files.","Unknown","Manufacturer or UPC/model, exact package/variant and corresponding photo/video.","124","125","125","Items","125","candidate_requires_package_review","","Unknown","Unknown","","""816597943671"" fireworks","https://blackkatpyro.com/RL338-Alien-Invasion-R-PC/","Code found in public source; package/brand/image and any conflicts still need individual verification.","Verify manufacturer/model and exact retail package; inspect and acquire its authentic photo. Video is optional."
"XYXKR3DJY6RHOJASSPK5TYT5","8052530043813","","All Star Pack","All Star Pack","Unknown","Unknown","Regular","Unknown","Unknown","no_match","No sufficiently specific candidate identified in the two Dynamite catalog files.","Unknown","Manufacturer or UPC/model, exact package/variant and corresponding photo/video.","125","126","126","Items","126","no_verified_identity","","Unknown","Unknown","","""8052530043813"" fireworks","","No verified product identity from the searched code/name. Generic names and store SKUs are insufficient to assign a photo.","Verify manufacturer/model and exact retail package; inspect and acquire its authentic photo. Video is optional."
"XDBTTK6XNQUZN7Y5OLEMK7P4","514677961026","","Always Remember","Always Remember","Unknown","Unknown","Regular","Unknown","Unknown","no_match","No sufficiently specific candidate identified in the two Dynamite catalog files.","Unknown","Manufacturer or UPC/model, exact package/variant and corresponding photo/video.","126","127","127","Items","127","no_verified_identity","","Unknown","Unknown","","""514677961026"" fireworks","","No verified product identity from the searched code/name. Generic names and store SKUs are insufficient to assign a photo.","Verify manufacturer/model and exact retail package; inspect and acquire its authentic photo. Video is optional."
"P4V5UWFOA4QKR7HDTQ2Y7NTA","192537122338","","America Enduring ","America Enduring","Unknown","Unknown","Regular","Unknown","Unknown","no_match","No sufficiently specific candidate identified in the two Dynamite catalog files.","Unknown","Manufacturer or UPC/model, exact package/variant and corresponding photo/video.","127","128","128","Items","128","candidate_requires_package_review","","Unknown","Unknown","","""192537122338"" fireworks","https://dosgringosfireworks.com/FN144-America-Enduring-R-PC/ | https://killervfireworks.com/FN144-America-Enduring-R-PC/ | https://fireworkconnection.com/product/america-enduring/ | https://76fireworkstore.com/FN144-America-Enduring-R-PC","Code found in public source; package/brand/image and any conflicts still need individual verification.","Verify manufacturer/model and exact retail package; inspect and acquire its authentic photo. Video is optional."
"OV5PX3WTPYLU7UAQX5H6BZWS","800000125037","","America Forever","America Forever","Unknown","Unknown","Regular","Unknown","Unknown","no_match","No sufficiently specific candidate identified in the two Dynamite catalog files.","Unknown","Manufacturer or UPC/model, exact package/variant and corresponding photo/video.","129","130","130","Items","130","candidate_requires_package_review","","Unknown","Unknown","","""800000125037"" fireworks","https://fireworkconnection.com/product/america-forever/","Code found in public source; package/brand/image and any conflicts still need individual verification.","Verify manufacturer/model and exact retail package; inspect and acquire its authentic photo. Video is optional."
"NX53FTYFRKZQY6WLTR2DY3WJ","757201572187","","American Anthem","American Anthem","Unknown","9-SHOT 500 GRAM RACKS","Regular","Unknown","Unknown","no_match","No sufficiently specific candidate identified in the two Dynamite catalog files.","Unknown","Manufacturer or UPC/model, exact package/variant and corresponding photo/video.","130","131","131","Items","131","candidate_requires_package_review","","Unknown","Unknown","","""757201572187"" fireworks","https://americanwholesalefireworks.com/american-anthem/ | https://www.raccoonfireworksusa.com/product-page/american-anthem","Code found in public source; package/brand/image and any conflicts still need individual verification.","Verify manufacturer/model and exact retail package; inspect and acquire its authentic photo. Video is optional."
"MUGZGXIY22XE4VAAZZ7DVGMW","757202118070","","American Celebration Fountain","American Celebration Fountain","Unknown","Fountains","Regular","Unknown","Unknown","no_match","No sufficiently specific candidate identified in the two Dynamite catalog files.","Unknown","Manufacturer or UPC/model, exact package/variant and corresponding photo/video.","131","132","132","Items","132","no_verified_identity","","Unknown","Unknown","","""757202118070"" fireworks","","No verified product identity from the searched code/name. Generic names and store SKUs are insufficient to assign a photo.","Verify manufacturer/model and exact retail package; inspect and acquire its authentic photo. Video is optional."
"F4VHERHXUEKP2V34SZ4UB66R","715244965298","","American Freedom Train ","American Freedom Train","Unknown","Unknown","Regular","Unknown","Unknown","no_match","No sufficiently specific candidate identified in the two Dynamite catalog files.","Unknown","Manufacturer or UPC/model, exact package/variant and corresponding photo/video.","132","133","133","Items","133","no_verified_identity","","Unknown","Unknown","","""715244965298"" fireworks","","No verified product identity from the searched code/name. Generic names and store SKUs are insufficient to assign a photo.","Verify manufacturer/model and exact retail package; inspect and acquire its authentic photo. Video is optional."
"EJ67OI6GG3MOJJGKU6K6YPHX","805253311817","","American Pride Fountain","American Pride Fountain","Unknown","Fountains","Regular","Unknown","Unknown","no_match","No sufficiently specific candidate identified in the two Dynamite catalog files.","Unknown","Manufacturer or UPC/model, exact package/variant and corresponding photo/video.","133","134","134","Items","134","candidate_requires_package_review","","Unknown","Unknown","","""805253311817"" fireworks","https://beta2024.usa-fireworks.com/products/fountains/fountains-200-gram/american-pride/","Code found in public source; package/brand/image and any conflicts still need individual verification.","Verify manufacturer/model and exact retail package; inspect and acquire its authentic photo. Video is optional."
"LXNCB5NMJNLAI6CU2C6JBNAC","","841527105072","American Spirit Show","American Spirit Show","Unknown","Unknown","Regular","Unknown","Unknown","no_match","No sufficiently specific candidate identified in the two Dynamite catalog files.","Unknown","Manufacturer or UPC/model, exact package/variant and corresponding photo/video.","134","135","135","Items","135","no_verified_identity","","Unknown","Unknown","","""841527105072"" fireworks","","No verified product identity from the searched code/name. Generic names and store SKUs are insufficient to assign a photo.","Verify manufacturer/model and exact retail package; inspect and acquire its authentic photo. Video is optional."
"QF4SJO5A26QPFJ3INJVAWKZB","687985961214","","American Wildcard 200G","American Wildcard 200G","Unknown","Unknown","Regular","Unknown","200G","no_match","No sufficiently specific candidate identified in the two Dynamite catalog files.","Unknown","Manufacturer or UPC/model, exact package/variant and corresponding photo/video.","135","136","136","Items","136","candidate_requires_package_review","","Unknown","Unknown","","""687985961214"" fireworks","https://usa-fireworks.com/products/new-products/american-wildcard-49-shot-cake/ | https://76fireworkstore.com/MS590US-American-Wildcard-R-PC/","Code found in public source; package/brand/image and any conflicts still need individual verification.","Verify manufacturer/model and exact retail package; inspect and acquire its authentic photo. Video is optional."
"LDTQWSGU6QA5LY4GLQ53WWQY","757205301271","","Americana 500 Gram","Americana 500 Gram","Unknown","500 GRAM FINALE","Regular","Unknown","500 Gram","no_match","No sufficiently specific candidate identified in the two Dynamite catalog files.","Unknown","Manufacturer or UPC/model, exact package/variant and corresponding photo/video.","136","137","137","Items","137","no_verified_identity","","Unknown","Unknown","","""757205301271"" fireworks","","No verified product identity from the searched code/name. Generic names and store SKUs are insufficient to assign a photo.","Verify manufacturer/model and exact retail package; inspect and acquire its authentic photo. Video is optional."
"CP7RE6RLLTS5YYWJJ5KWFDGD","816597941578","","Americas best snappers","Americas best snappers","Unknown","Unknown","Regular","Unknown","Unknown","no_match","No sufficiently specific candidate identified in the two Dynamite catalog files.","Unknown","Manufacturer or UPC/model, exact package/variant and corresponding photo/video.","137","138","138","Items","138","candidate_requires_package_review","","Unknown","Unknown","","""816597941578"" fireworks","https://centraliowafireworks.com/SN109-Americas-Best-Snappers-RWB-R-PC/ | https://nbfireworks.com/SN109-Americas-Best-Snappers-RWB-R-PC/","Code found in public source; package/brand/image and any conflicts still need individual verification.","Verify manufacturer/model and exact retail package; inspect and acquire its authentic photo. Video is optional."
"XEHFK3MLUWNJO53ONKR3COLJ","757205301677","","Ant Chant","Ant Chant","Unknown","500 GRAM FINALE > 500 GRAM FINALE ZIPPER CAKES","Regular","Unknown","Unknown","probable","Name identifies a candidate only; manufacturer and exact presentation have not been established.","products.json[17] Ant Chant / Raccoon / /products/ant-chant.png","Manufacturer or UPC/model, exact package/variant and corresponding photo/video.","138","139","139","Items","139","identified_missing_image","","Raccoon","RA530167","","""757205301677"" fireworks","https://www.raccoonfireworksusa.com/product-page/ant-chant","Exact UPC 757205301677, Ant Chant, RA530167 and 180 shots agree with the manufacturer. The local low-resolution image includes an opaque rectangular background unsuitable for the hover/photo treatment.","Acquire a high-quality exact-package photo with faithful transparency."
"MYCY5YAXU47YAWMJR6OTMGPJ","8145270114612","","Armadillo Fountain","Armadillo Fountain","Unknown","Fountains","Regular","Unknown","Unknown","no_match","No sufficiently specific candidate identified in the two Dynamite catalog files.","Unknown","Manufacturer or UPC/model, exact package/variant and corresponding photo/video.","139","140","140","Items","140","candidate_requires_package_review","","Unknown","Unknown","","""8145270114612"" fireworks","https://ocfireworks.com/armadillo-fountain/ | https://staging.usa-fireworks.com/products/fountains/fountains-200-gram/armadillo/","Code found in public source; package/brand/image and any conflicts still need individual verification.","Verify manufacturer/model and exact retail package; inspect and acquire its authentic photo. Video is optional."
"P4ESCHPHWPNNEQAO7CBR4SHE","805253310254","","Armed Forces 2.0","Armed Forces 2.0","Unknown","Unknown","Regular","Unknown","Unknown","conflict","Armed Forces generation/pack differs or is unspecified; source metadata says Raccoon but photographed branding says World Class. Do not conflate 2.0–6.0 or a three-pack.","products.json[13] Armed forces / Raccoon / /products/armed-forces.png","Manufacturer or UPC/model, exact package/variant and corresponding photo/video.","140","141","141","Items","141","no_verified_identity","","Unknown","Unknown","","""805253310254"" fireworks","","No verified product identity from the searched code/name. Generic names and store SKUs are insufficient to assign a photo.","Verify manufacturer/model and exact retail package; inspect and acquire its authentic photo. Video is optional."
"MZZ52RLGSBVYWVGTZBM3WP3A","805253310216","","Armed Forces 3.0","Armed Forces 3.0","Unknown","Unknown","Regular","Unknown","Unknown","conflict","Armed Forces generation/pack differs or is unspecified; source metadata says Raccoon but photographed branding says World Class. Do not conflate 2.0–6.0 or a three-pack.","products.json[13] Armed forces / Raccoon / /products/armed-forces.png","Manufacturer or UPC/model, exact package/variant and corresponding photo/video.","141","142","142","Items","142","no_verified_identity","","Unknown","Unknown","","""805253310216"" fireworks","","No verified product identity from the searched code/name. Generic names and store SKUs are insufficient to assign a photo.","Verify manufacturer/model and exact retail package; inspect and acquire its authentic photo. Video is optional."
"VW3Z4UDV6D74A3TIQ7L7S2PY","805253310261","","Armed Forces 4.0","Armed Forces 4.0","Unknown","Unknown","Regular","Unknown","Unknown","conflict","Armed Forces generation/pack differs or is unspecified; source metadata says Raccoon but photographed branding says World Class. Do not conflate 2.0–6.0 or a three-pack.","products.json[13] Armed forces / Raccoon / /products/armed-forces.png","Manufacturer or UPC/model, exact package/variant and corresponding photo/video.","142","143","143","Items","143","no_verified_identity","","Unknown","Unknown","","""805253310261"" fireworks","","No verified product identity from the searched code/name. Generic names and store SKUs are insufficient to assign a photo.","Verify manufacturer/model and exact retail package; inspect and acquire its authentic photo. Video is optional."
"4XFR7CLMTWG34WHO72ZRFLRW","805253310230","","Armed Forces 5.0","Armed Forces 5.0","Unknown","Unknown","Regular","Unknown","Unknown","conflict","Armed Forces generation/pack differs or is unspecified; source metadata says Raccoon but photographed branding says World Class. Do not conflate 2.0–6.0 or a three-pack.","products.json[13] Armed forces / Raccoon / /products/armed-forces.png","Manufacturer or UPC/model, exact package/variant and corresponding photo/video.","143","144","144","Items","144","no_verified_identity","","Unknown","Unknown","","""805253310230"" fireworks","","No verified product identity from the searched code/name. Generic names and store SKUs are insufficient to assign a photo.","Verify manufacturer/model and exact retail package; inspect and acquire its authentic photo. Video is optional."
"SMSO6AXTYFGVVTIJOT2FOHFG","805253310223","","Armed Forces 500 G","Armed Forces 500 G","Unknown","Unknown","Regular","Unknown","500 G","conflict","Armed Forces generation/pack differs or is unspecified; source metadata says Raccoon but photographed branding says World Class. Do not conflate 2.0–6.0 or a three-pack.","products.json[13] Armed forces / Raccoon / /products/armed-forces.png","Manufacturer or UPC/model, exact package/variant and corresponding photo/video.","144","145","145","Items","145","no_verified_identity","","Unknown","Unknown","","""805253310223"" fireworks","","No verified product identity from the searched code/name. Generic names and store SKUs are insufficient to assign a photo.","Verify manufacturer/model and exact retail package; inspect and acquire its authentic photo. Video is optional."
"TLWMARRYOFXJBZJWZIHCNGBA","805253310247","","Armed Forces 6.0","Armed Forces 6.0","Unknown","Unknown","Regular","Unknown","Unknown","conflict","Armed Forces generation/pack differs or is unspecified; source metadata says Raccoon but photographed branding says World Class. Do not conflate 2.0–6.0 or a three-pack.","products.json[13] Armed forces / Raccoon / /products/armed-forces.png","Manufacturer or UPC/model, exact package/variant and corresponding photo/video.","145","146","146","Items","146","no_verified_identity","","Unknown","Unknown","","""805253310247"" fireworks","","No verified product identity from the searched code/name. Generic names and store SKUs are insufficient to assign a photo.","Verify manufacturer/model and exact retail package; inspect and acquire its authentic photo. Video is optional."
"Y4SXCZVSAVHO2GCBJYKJPQZO","757201116015","","Arms Depot 4"" Artillery Shells 16 pack","Arms Depot 4"" Artillery Shells 16 pack","Unknown","12/16 Pack Artillery Shells 1.75"" RDX\, 4"" Pyro\, 5"" Xtra Lg","Regular","Unknown","4"" | 16 pack","no_match","No sufficiently specific candidate identified in the two Dynamite catalog files.","Unknown","Manufacturer or UPC/model, exact package/variant and corresponding photo/video.","146","147","147","Items","147","candidate_requires_package_review","","Unknown","Unknown","","""757201116015"" fireworks","https://beta2024.usa-fireworks.com/products/artillery-shells/arms-depot/ | https://www.raccoonfireworksusa.com/product-page/arms-depot","Code found in public source; package/brand/image and any conflicts still need individual verification.","Verify manufacturer/model and exact retail package; inspect and acquire its authentic photo. Video is optional."
"5XZWDB3GDSY4KFRZGEOLUX2U","695071404002","","Army Issue Grenades","Army Issue Grenades","Unknown","Unknown","Regular","Unknown","Unknown","no_match","No sufficiently specific candidate identified in the two Dynamite catalog files.","Unknown","Manufacturer or UPC/model, exact package/variant and corresponding photo/video.","147","148","148","Items","148","no_verified_identity","","Unknown","Unknown","","""695071404002"" fireworks","","No verified product identity from the searched code/name. Generic names and store SKUs are insufficient to assign a photo.","Verify manufacturer/model and exact retail package; inspect and acquire its authentic photo. Video is optional."
"T625WGBZWWYVCCKWJQXTUQAZ","943100700022","","Artificial Satellite 12 Ct","Artificial Satellite 12 Ct","Unknown","Unknown","Regular","Unknown","12 Ct","no_match","No sufficiently specific candidate identified in the two Dynamite catalog files.","Unknown","Manufacturer or UPC/model, exact package/variant and corresponding photo/video.","148","149","149","Items","149","no_verified_identity","","Unknown","Unknown","","""943100700022"" fireworks","","No verified product identity from the searched code/name. Generic names and store SKUs are insufficient to assign a photo.","Verify manufacturer/model and exact retail package; inspect and acquire its authentic photo. Video is optional."
"TTQLPUHZV4KBK3ZBZYTFFCOS","705108204281","","Artificial Satellites Bogo","Artificial Satellites","Unknown","Unknown","Regular","Unknown","Unknown","no_match","No sufficiently specific candidate identified in the two Dynamite catalog files.","Unknown","Manufacturer or UPC/model, exact package/variant and corresponding photo/video.","149","150","150","Items","150","no_verified_identity","","Unknown","Unknown","","""705108204281"" fireworks","","No verified product identity from the searched code/name. Generic names and store SKUs are insufficient to assign a photo.","Verify manufacturer/model and exact retail package; inspect and acquire its authentic photo. Video is optional."
"PFM347B2GJEBEXQEMR545CKS","821611115156","","Artillery Shell","Artillery Shell","Unknown","Unknown","Regular","Unknown","Unknown","no_match","No sufficiently specific candidate identified in the two Dynamite catalog files.","Unknown","Manufacturer or UPC/model, exact package/variant and corresponding photo/video.","150","151","151","Items","151","no_verified_identity","","Unknown","Unknown","","""821611115156"" fireworks","","No verified product identity from the searched code/name. Generic names and store SKUs are insufficient to assign a photo.","Verify manufacturer/model and exact retail package; inspect and acquire its authentic photo. Video is optional."
"JKA7CKPRGWO7RXNGENDKELON","757202000085","","Artillery Shells (Boomer 6 pcs) (Black Box)","Artillery Shells (Boomer 6 pcs) (Black Box)","Boomer","Artillery/Festival Balls","Regular","Unknown","6 pcs","no_match","No sufficiently specific candidate identified in the two Dynamite catalog files.","Unknown","Manufacturer or UPC/model, exact package/variant and corresponding photo/video.","151","152","152","Items","152","no_verified_identity","","Unknown","Unknown","","""757202000085"" fireworks","","No verified product identity from the searched code/name. Generic names and store SKUs are insufficient to assign a photo.","Verify manufacturer/model and exact retail package; inspect and acquire its authentic photo. Video is optional."
"DTIZFT2E72RKGH2NKDOLRBDD","757202015157","","Artillery Shells (MM 6 pcs) (Black Box)","Artillery Shells (MM 6 pcs) (Black Box)","Unknown","Artillery/Festival Balls","Regular","Unknown","6 pcs","no_match","No sufficiently specific candidate identified in the two Dynamite catalog files.","Unknown","Manufacturer or UPC/model, exact package/variant and corresponding photo/video.","152","153","153","Items","153","no_verified_identity","","Unknown","Unknown","","""757202015157"" fireworks","","No verified product identity from the searched code/name. Generic names and store SKUs are insufficient to assign a photo.","Verify manufacturer/model and exact retail package; inspect and acquire its authentic photo. Video is optional."
"KS3WIQC7PRDYQQCOWJTAGXZ5","064883101070","","Assorted Fountain I","Assorted Fountain I","Unknown","Fountains","Regular","Unknown","Unknown","no_match","No sufficiently specific candidate identified in the two Dynamite catalog files.","Unknown","Manufacturer or UPC/model, exact package/variant and corresponding photo/video.","153","154","154","Items","154","no_verified_identity","","Unknown","Unknown","","""064883101070"" fireworks","","No verified product identity from the searched code/name. Generic names and store SKUs are insufficient to assign a photo.","Verify manufacturer/model and exact retail package; inspect and acquire its authentic photo. Video is optional."
"DNIEAW7XOSEWEYTAS775EKEY","064883101087","","Assorted Fountain II","Assorted Fountain II","Unknown","Fountains","Regular","Unknown","Unknown","no_match","No sufficiently specific candidate identified in the two Dynamite catalog files.","Unknown","Manufacturer or UPC/model, exact package/variant and corresponding photo/video.","154","155","155","Items","155","no_verified_identity","","Unknown","Unknown","","""064883101087"" fireworks","","No verified product identity from the searched code/name. Generic names and store SKUs are insufficient to assign a photo.","Verify manufacturer/model and exact retail package; inspect and acquire its authentic photo. Video is optional."
"2U44ZS5P6EKYO7OV7MODRTLK","064883101056","","Assorted Fountain III","Assorted Fountain III","Unknown","Unknown","Regular","Unknown","Unknown","no_match","No sufficiently specific candidate identified in the two Dynamite catalog files.","Unknown","Manufacturer or UPC/model, exact package/variant and corresponding photo/video.","155","156","156","Items","156","no_verified_identity","","Unknown","Unknown","","""064883101056"" fireworks","","No verified product identity from the searched code/name. Generic names and store SKUs are insufficient to assign a photo.","Verify manufacturer/model and exact retail package; inspect and acquire its authentic photo. Video is optional."
"7LUO3VYYP77HCIOYYFIT3BYA","064883101063","","Assorted Fountain IV","Assorted Fountain IV","Unknown","Fountains","Regular","Unknown","Unknown","no_match","No sufficiently specific candidate identified in the two Dynamite catalog files.","Unknown","Manufacturer or UPC/model, exact package/variant and corresponding photo/video.","156","157","157","Items","157","no_verified_identity","","Unknown","Unknown","","""064883101063"" fireworks","","No verified product identity from the searched code/name. Generic names and store SKUs are insufficient to assign a photo.","Verify manufacturer/model and exact retail package; inspect and acquire its authentic photo. Video is optional."
"22UELNC5XMR2TK3DDX6EWAAO","816597938257","","Assorted Smoke 4 Pieces Colo","Assorted Smoke 4 Pieces Colo","Unknown","Unknown","Regular","Unknown","Unknown","no_match","No sufficiently specific candidate identified in the two Dynamite catalog files.","Unknown","Manufacturer or UPC/model, exact package/variant and corresponding photo/video.","157","158","158","Items","158","no_verified_identity","","Unknown","Unknown","","""816597938257"" fireworks","","No verified product identity from the searched code/name. Generic names and store SKUs are insufficient to assign a photo.","Verify manufacturer/model and exact retail package; inspect and acquire its authentic photo. Video is optional."
"2EMXWPZ26FAUW5BA65KVXUKS","285108243102","","Atlantic Liftoff 4 Pack","Atlantic Liftoff 4 Pack","Unknown","Unknown","Regular","Unknown","4 Pack","no_match","No sufficiently specific candidate identified in the two Dynamite catalog files.","Unknown","Manufacturer or UPC/model, exact package/variant and corresponding photo/video.","158","159","159","Items","159","candidate_requires_package_review","","Unknown","Unknown","","""285108243102"" fireworks","https://johnnyrocketsfireworks.com/products/02e60bb7-8de6-11ea-f4c2-62e2c45e533c","Code found in public source; package/brand/image and any conflicts still need individual verification.","Verify manufacturer/model and exact retail package; inspect and acquire its authentic photo. Video is optional."
"5FGW7K44ZLKLWCCNLF46GVBU","687985901319","","Atom Bomb","Atom Bomb","Unknown","Unknown","Regular","Unknown","Unknown","no_match","No sufficiently specific candidate identified in the two Dynamite catalog files.","Unknown","Manufacturer or UPC/model, exact package/variant and corresponding photo/video.","159","160","160","Items","160","candidate_requires_package_review","","Unknown","Unknown","","Compared code against official Winco UPC reference","https://www.wincofireworks.com/wp-content/uploads/2022/03/UPC-Excel-List_3.25.2022_r2.pdf","Code found in public source; package/brand/image and any conflicts still need individual verification.","Verify manufacturer/model and exact retail package; inspect and acquire its authentic photo. Video is optional."
"WY6IKUMGETEASD73VPPZ7MW4","814527200252","","Atomic Fireball 500 Gram 51 Shot","Atomic Fireball 500 Gram 51 Shot","Unknown","Unknown","Regular","Unknown","500 Gram | 51 Shot","no_match","No sufficiently specific candidate identified in the two Dynamite catalog files.","Unknown","Manufacturer or UPC/model, exact package/variant and corresponding photo/video.","160","161","161","Items","161","candidate_requires_package_review","","Unknown","Unknown","","""814527200252"" fireworks","https://ocfireworks.com/atomic-fireball/ | https://usa-fireworks.com/products/aerial-all-cakes/aerial-500-gram-cakes/atomic-fireball/ | https://beta2024.usa-fireworks.com/products/aerial-all-cakes/aerial-500-gram-cakes/atomic-fireball/ | https://staging.usa-fireworks.com/products/aerial-all-cakes/aerial-500-gram-cakes/atomic-fireball/","Code found in public source; package/brand/image and any conflicts still need individual verification.","Verify manufacturer/model and exact retail package; inspect and acquire its authentic photo. Video is optional."
"WEQRBF4GHTPAJWQGHPHFFC5J","715244211104","","BC 1000 Firecracker Roll RWB BOGO","BC 1000 Firecracker Roll RWB","Unknown","Unknown","Regular","Unknown","Unknown","no_match","No sufficiently specific candidate identified in the two Dynamite catalog files.","Unknown","Manufacturer or UPC/model, exact package/variant and corresponding photo/video.","162","163","163","Items","163","no_verified_identity","","Unknown","Unknown","","""715244211104"" fireworks","","No verified product identity from the searched code/name. Generic names and store SKUs are insufficient to assign a photo.","Verify manufacturer/model and exact retail package; inspect and acquire its authentic photo. Video is optional."
"6CSS3ISX42RRXQQ2MENLSZC6","715244101085","","BC 8000 Firecracker","BC 8000 Firecracker","Unknown","Unknown","Regular","Unknown","Unknown","no_match","No sufficiently specific candidate identified in the two Dynamite catalog files.","Unknown","Manufacturer or UPC/model, exact package/variant and corresponding photo/video.","163","164","164","Items","164","candidate_requires_package_review","","Unknown","Unknown","","Compared code against official Winco UPC reference","https://www.wincofireworks.com/wp-content/uploads/2022/03/UPC-Excel-List_3.25.2022_r2.pdf","Code found in public source; package/brand/image and any conflicts still need individual verification.","Verify manufacturer/model and exact retail package; inspect and acquire its authentic photo. Video is optional."
"FOCSC6IBOIVACCWHZTLBLZQT","715244101054","","BC Little Dynamite RWB BOGO","BC Little Dynamite RWB","Unknown","Unknown","Regular","Unknown","Unknown","no_match","No sufficiently specific candidate identified in the two Dynamite catalog files.","Unknown","Manufacturer or UPC/model, exact package/variant and corresponding photo/video.","164","165","165","Items","165","no_verified_identity","","Unknown","Unknown","","""715244101054"" fireworks","","No verified product identity from the searched code/name. Generic names and store SKUs are insufficient to assign a photo.","Verify manufacturer/model and exact retail package; inspect and acquire its authentic photo. Video is optional."
"U3PPF3HY5PVYEJ3EA2TQTIWV","715244006809","","BC Missile Base 100 Shot","BC Missile Base 100 Shot","Unknown","Unknown","Regular","Unknown","100 Shot","no_match","No sufficiently specific candidate identified in the two Dynamite catalog files.","Unknown","Manufacturer or UPC/model, exact package/variant and corresponding photo/video.","165","166","166","Items","166","candidate_requires_package_review","","Unknown","Unknown","","Compared code against official Winco UPC reference","https://www.wincofireworks.com/wp-content/uploads/2022/03/UPC-Excel-List_3.25.2022_r2.pdf","Code found in public source; package/brand/image and any conflicts still need individual verification.","Verify manufacturer/model and exact retail package; inspect and acquire its authentic photo. Video is optional."
"K7LGOK3VETTHC3B4FVUAAFDY","715244065431","","BC Pro 8"" XXL Canister Shells 24ct","BC Pro 8"" XXL Canister Shells 24ct","Unknown","Unknown","Regular","Unknown","8"" | 24ct","no_match","No sufficiently specific candidate identified in the two Dynamite catalog files.","Unknown","Manufacturer or UPC/model, exact package/variant and corresponding photo/video.","166","167","167","Items","167","candidate_requires_package_review","","Unknown","Unknown","","""715244065431"" fireworks","https://dosgringosfireworks.com/pro-8-canister-shells/","Code found in public source; package/brand/image and any conflicts still need individual verification.","Verify manufacturer/model and exact retail package; inspect and acquire its authentic photo. Video is optional."
"YDY6DLZFEDXO5ONL2ZCVMVQB","887946004398","","Baby Boy 12 Shots--Blue","Baby Boy 12 Shots--Blue","Unknown","Unknown","Regular","Unknown","12 Shots","no_match","No sufficiently specific candidate identified in the two Dynamite catalog files.","Unknown","Manufacturer or UPC/model, exact package/variant and corresponding photo/video.","167","168","168","Items","168","no_verified_identity","","Unknown","Unknown","","""887946004398"" fireworks","","No verified product identity from the searched code/name. Generic names and store SKUs are insufficient to assign a photo.","Verify manufacturer/model and exact retail package; inspect and acquire its authentic photo. Video is optional."
"64B7IEPPO6WBABC24VSHNYKB","887946004404","","Baby Girl 12 Shots-Pink","Baby Girl 12 Shots-Pink","Unknown","Unknown","Regular","Unknown","12 Shots","no_match","No sufficiently specific candidate identified in the two Dynamite catalog files.","Unknown","Manufacturer or UPC/model, exact package/variant and corresponding photo/video.","168","169","169","Items","169","no_verified_identity","","Unknown","Unknown","","""887946004404"" fireworks","","No verified product identity from the searched code/name. Generic names and store SKUs are insufficient to assign a photo.","Verify manufacturer/model and exact retail package; inspect and acquire its authentic photo. Video is optional."
"SZDGLTRVCWG4HBUU3DVAIC43","8145270148617","","Back Off 200 Gram 16 Shot","Back Off 200 Gram 16 Shot","Unknown","Unknown","Regular","Unknown","200 Gram | 16 Shot","no_match","No sufficiently specific candidate identified in the two Dynamite catalog files.","Unknown","Manufacturer or UPC/model, exact package/variant and corresponding photo/video.","169","170","170","Items","170","candidate_requires_package_review","","Unknown","Unknown","","""8145270148617"" fireworks","https://ocfireworks.com/back-off/","Code found in public source; package/brand/image and any conflicts still need individual verification.","Verify manufacturer/model and exact retail package; inspect and acquire its authentic photo. Video is optional."
"2BR2UEEEH65IBA7ISTM7J27E","705108308507","","Ballerina Ball","Ballerina Ball","Unknown","Unknown","Regular","Unknown","Unknown","no_match","No sufficiently specific candidate identified in the two Dynamite catalog files.","Unknown","Manufacturer or UPC/model, exact package/variant and corresponding photo/video.","170","171","171","Items","171","candidate_requires_package_review","","Unknown","Unknown","","""705108308507"" fireworks","https://www.getwinda.com/product-page/ballerina-s-ball | https://americanfireworks.com/ballerinas-ball/","Code found in public source; package/brand/image and any conflicts still need individual verification.","Verify manufacturer/model and exact retail package; inspect and acquire its authentic photo. Video is optional."
"AREZ7BUJBZVK2OEMOVNEZLRN","687985245512","","Bamboozle 500 Gram","Bamboozle 500 Gram","Unknown","500 GRAM FINALE","Regular","Unknown","500 Gram","no_match","No sufficiently specific candidate identified in the two Dynamite catalog files.","Unknown","Manufacturer or UPC/model, exact package/variant and corresponding photo/video.","171","172","172","Items","172","candidate_requires_package_review","","Unknown","Unknown","","Compared code against official Winco UPC reference","https://www.wincofireworks.com/wp-content/uploads/2022/03/UPC-Excel-List_3.25.2022_r2.pdf","Code found in public source; package/brand/image and any conflicts still need individual verification.","Verify manufacturer/model and exact retail package; inspect and acquire its authentic photo. Video is optional."
"57DECKRO7MDG7677XMRI6MNV","757202300178","","Banana Cracko Assortment Pack","Banana Cracko Assortment Pack","Unknown","Unknown","Regular","Unknown","Unknown","no_match","No sufficiently specific candidate identified in the two Dynamite catalog files.","Unknown","Manufacturer or UPC/model, exact package/variant and corresponding photo/video.","172","173","173","Items","173","candidate_requires_package_review","","Unknown","Unknown","","""757202300178"" fireworks","https://www.raccoonfireworksusa.com/product-page/monkey-mayhem-cracker","Code found in public source; package/brand/image and any conflicts still need individual verification.","Verify manufacturer/model and exact retail package; inspect and acquire its authentic photo. Video is optional."
"5WOBUE3YYS4WYVYLWDNIR7WP","757201536530","","Band Of Brothers","Band Of Brothers","Brothers","Unknown","Regular","Unknown","Unknown","no_match","No sufficiently specific candidate identified in the two Dynamite catalog files.","Unknown","Manufacturer or UPC/model, exact package/variant and corresponding photo/video.","173","174","174","Items","174","candidate_requires_package_review","","Unknown","Unknown","","""757201536530"" fireworks","https://www.raccoonfireworksusa.com/product-page/band-of-brothers","Code found in public source; package/brand/image and any conflicts still need individual verification.","Verify manufacturer/model and exact retail package; inspect and acquire its authentic photo. Video is optional."
"C2C7EL6NNRTZWJT3IFXTDJMD","757201530781","","Bang Bros","Bang Bros","Unknown","Unknown","Regular","Unknown","Unknown","no_match","No sufficiently specific candidate identified in the two Dynamite catalog files.","Unknown","Manufacturer or UPC/model, exact package/variant and corresponding photo/video.","174","175","175","Items","175","candidate_requires_package_review","","Unknown","Unknown","","""757201530781"" fireworks","https://americanwholesalefireworks.com/bang-bros/","Code found in public source; package/brand/image and any conflicts still need individual verification.","Verify manufacturer/model and exact retail package; inspect and acquire its authentic photo. Video is optional."
"TCFS7DODQT6FOX5OZPYXNCX3","757201572033","","Battle Cry","Battle Cry","Unknown","9-SHOT 500 GRAM RACKS","Regular","Unknown","Unknown","no_match","No sufficiently specific candidate identified in the two Dynamite catalog files.","Unknown","Manufacturer or UPC/model, exact package/variant and corresponding photo/video.","175","176","176","Items","176","candidate_requires_package_review","","Unknown","Unknown","","""757201572033"" fireworks","https://georgiasbestfireworks.com/product/battle-cry/","Code found in public source; package/brand/image and any conflicts still need individual verification.","Verify manufacturer/model and exact retail package; inspect and acquire its authentic photo. Video is optional."
"OXROLOESSRJH2XC6XMZC7UJ3","757205301721","","Beware 500 Gram","Beware 500 Gram","Unknown","500 GRAM FINALE","Regular","Unknown","500 Gram","no_match","No sufficiently specific candidate identified in the two Dynamite catalog files.","Unknown","Manufacturer or UPC/model, exact package/variant and corresponding photo/video.","176","177","177","Items","177","no_verified_identity","","Unknown","Unknown","","""757205301721"" fireworks","","No verified product identity from the searched code/name. Generic names and store SKUs are insufficient to assign a photo.","Verify manufacturer/model and exact retail package; inspect and acquire its authentic photo. Video is optional."
"ALYGOFAKRFQEAIMKXDLUL3Y7","875650100550","","Big Brother Family Pack 825 Shots","Big Brother Family Pack 825 Shots","Unknown","Family Pack Assortments","Regular","Unknown","825 Shots","no_match","No sufficiently specific candidate identified in the two Dynamite catalog files.","Unknown","Manufacturer or UPC/model, exact package/variant and corresponding photo/video.","177","178","178","Items","178","no_verified_identity","","Unknown","Unknown","","""875650100550"" fireworks","","No verified product identity from the searched code/name. Generic names and store SKUs are insufficient to assign a photo.","Verify manufacturer/model and exact retail package; inspect and acquire its authentic photo. Video is optional."
"4UDECG7T6TXR37II5JLGEPWG","652009001092","","Big City Display Family Pack","Big City Display Family Pack","Unknown","Family Pack Assortments","Regular","Unknown","Unknown","no_match","No sufficiently specific candidate identified in the two Dynamite catalog files.","Unknown","Manufacturer or UPC/model, exact package/variant and corresponding photo/video.","178","179","179","Items","179","candidate_requires_package_review","","Unknown","Unknown","","Compared code against official Winco UPC reference","https://www.wincofireworks.com/wp-content/uploads/2022/03/UPC-Excel-List_3.25.2022_r2.pdf","Code found in public source; package/brand/image and any conflicts still need individual verification.","Verify manufacturer/model and exact retail package; inspect and acquire its authentic photo. Video is optional."
"QNJZYSS4LXEZ7GZZTMHYM6MT","847294088396","","Big Gun","Big Gun","Unknown","Unknown","Regular","Unknown","Unknown","no_match","No sufficiently specific candidate identified in the two Dynamite catalog files.","Unknown","Manufacturer or UPC/model, exact package/variant and corresponding photo/video.","179","180","180","Items","180","no_verified_identity","","Unknown","Unknown","","""847294088396"" fireworks","","No verified product identity from the searched code/name. Generic names and store SKUs are insufficient to assign a photo.","Verify manufacturer/model and exact retail package; inspect and acquire its authentic photo. Video is optional."
"DDPQ6MPSO2E3DLTPJTFGMOWN","","6950165427560","Big Mudder","Big Mudder","Unknown","Unknown","Regular","Unknown","Unknown","no_match","No sufficiently specific candidate identified in the two Dynamite catalog files.","Unknown","Manufacturer or UPC/model, exact package/variant and corresponding photo/video.","180","181","181","Items","181","no_verified_identity","","Unknown","Unknown","","""6950165427560"" fireworks","","No verified product identity from the searched code/name. Generic names and store SKUs are insufficient to assign a photo.","Verify manufacturer/model and exact retail package; inspect and acquire its authentic photo. Video is optional."
"4TH237NF56TPMUBWACH7JUXN","715244004768","","Big N Bad (6 sticks)","Big N Bad (6 sticks)","Unknown","Stick Rockets","Regular","Unknown","6 sticks","no_match","No sufficiently specific candidate identified in the two Dynamite catalog files.","Unknown","Manufacturer or UPC/model, exact package/variant and corresponding photo/video.","181","182","182","Items","182","candidate_requires_package_review","","Unknown","Unknown","","Compared code against official Winco UPC reference","https://www.wincofireworks.com/wp-content/uploads/2022/03/UPC-Excel-List_3.25.2022_r2.pdf","Code found in public source; package/brand/image and any conflicts still need individual verification.","Verify manufacturer/model and exact retail package; inspect and acquire its authentic photo. Video is optional."
"BNWVUD62G4H3RHAG6WM5WJ7D","687985203512","","Big Top","Big Top","Unknown","Unknown","Regular","Unknown","Unknown","probable","Name identifies a candidate only; manufacturer and exact presentation have not been established.","products.json[70] Big Top / Brothers / products/big-top.png","Manufacturer or UPC/model, exact package/variant and corresponding photo/video.","182","183","183","Items","183","data_conflict","","Brothers","BP2035","","""687985203512"" fireworks","https://www.brotherspyrotechnics.com/CoverDetail/41?page=18","UPC maps to Big Top. Current manufacturer listing says 145 shots, while local packaging and retail listings indicate 42 shots; cannot assume the same production variant.","Verify Rockwall package/photo and correct shot count before publishing."
"YWUCGQYY4FAJPWF6EZQKVZZM","757205301752","","Big Win","Big Win","Unknown","Unknown","Regular","Unknown","Unknown","no_match","No sufficiently specific candidate identified in the two Dynamite catalog files.","Unknown","Manufacturer or UPC/model, exact package/variant and corresponding photo/video.","183","184","184","Items","184","no_verified_identity","","Unknown","Unknown","","""757205301752"" fireworks","","No verified product identity from the searched code/name. Generic names and store SKUs are insufficient to assign a photo.","Verify manufacturer/model and exact retail package; inspect and acquire its authentic photo. Video is optional."
"EVDWR5AUPPHH6HMALH6YPL7H","725272730768","","Biker (Small)","Biker (Small)","Unknown","Unknown","Regular","Unknown","Unknown","no_match","No sufficiently specific candidate identified in the two Dynamite catalog files.","Unknown","Manufacturer or UPC/model, exact package/variant and corresponding photo/video.","184","185","185","Items","185","no_verified_identity","","Unknown","Unknown","","""725272730768"" fireworks","","No verified product identity from the searched code/name. Generic names and store SKUs are insufficient to assign a photo.","Verify manufacturer/model and exact retail package; inspect and acquire its authentic photo. Video is optional."
"BUMXMJPSJYVZURKWZNIUYRFH","695071403340","","Billy's Big Blast-78 Shots","Billy's Big Blast-78 Shots","Unknown","Unknown","Regular","Unknown","78 Shots","no_match","No sufficiently specific candidate identified in the two Dynamite catalog files.","Unknown","Manufacturer or UPC/model, exact package/variant and corresponding photo/video.","185","186","186","Items","186","no_verified_identity","","Unknown","Unknown","","""695071403340"" fireworks","","No verified product identity from the searched code/name. Generic names and store SKUs are insufficient to assign a photo.","Verify manufacturer/model and exact retail package; inspect and acquire its authentic photo. Video is optional."
"63W6GHULIGTKDUDEOJI2ATNP","715244111107","","Black Cat 1000ct Firecracker","Black Cat 1000ct Firecracker","Black Cat","Unknown","Regular","Unknown","1000ct","no_match","No sufficiently specific candidate identified in the two Dynamite catalog files.","Unknown","Manufacturer or UPC/model, exact package/variant and corresponding photo/video.","186","187","187","Items","187","candidate_requires_package_review","","Unknown","Unknown","","Compared code against official Winco UPC reference","https://www.wincofireworks.com/wp-content/uploads/2022/03/UPC-Excel-List_3.25.2022_r2.pdf","Code found in public source; package/brand/image and any conflicts still need individual verification.","Verify manufacturer/model and exact retail package; inspect and acquire its authentic photo. Video is optional."
"HPRUK354SRZV3EBF6JC7ZQ3N","715244101009","","Black Cat 100ct BOGO","Black Cat 100ct","Black Cat","Unknown","Regular","Unknown","100ct","no_match","No sufficiently specific candidate identified in the two Dynamite catalog files.","Unknown","Manufacturer or UPC/model, exact package/variant and corresponding photo/video.","187","188","188","Items","188","candidate_requires_package_review","","Unknown","Unknown","","Compared code against official Winco UPC reference","https://www.wincofireworks.com/wp-content/uploads/2022/03/UPC-Excel-List_3.25.2022_r2.pdf","Code found in public source; package/brand/image and any conflicts still need individual verification.","Verify manufacturer/model and exact retail package; inspect and acquire its authentic photo. Video is optional."
"XVLRJSMAMPAD5I2SPFLPZBDH","715244111008","","Black Cat 100ct BOGO","Black Cat 100ct","Black Cat","Unknown","Brick","Brick","100ct","no_match","No sufficiently specific candidate identified in the two Dynamite catalog files.","Unknown","Manufacturer or UPC/model, exact package/variant and corresponding photo/video.","188","189","189","Items","189","candidate_requires_package_review","","Unknown","Unknown","","Compared code against official Winco UPC reference","https://www.wincofireworks.com/wp-content/uploads/2022/03/UPC-Excel-List_3.25.2022_r2.pdf","Code found in public source; package/brand/image and any conflicts still need individual verification.","Verify manufacturer/model and exact retail package; inspect and acquire its authentic photo. Video is optional."
"TFRD5P7HBFY2P3RJRCMINLOG","715244016716","","Black Cat 16000 Roll","Black Cat 16000 Roll","Black Cat","Unknown","Regular","Unknown","Unknown","no_match","No sufficiently specific candidate identified in the two Dynamite catalog files.","Unknown","Manufacturer or UPC/model, exact package/variant and corresponding photo/video.","189","190","190","Items","190","candidate_requires_package_review","","Unknown","Unknown","","""715244016716"" fireworks","https://usa-fireworks.com/products/firecrackers/black-cat-firecrackers-16000-roll/","Code found in public source; package/brand/image and any conflicts still need individual verification.","Verify manufacturer/model and exact retail package; inspect and acquire its authentic photo. Video is optional."
"FGFX64NVIPVVGVKKJOLPICWS","715244103010","","Black Cat 300 Count BOGO","Black Cat 300 Count","Black Cat","Unknown","Regular","Unknown","Unknown","no_match","No sufficiently specific candidate identified in the two Dynamite catalog files.","Unknown","Manufacturer or UPC/model, exact package/variant and corresponding photo/video.","190","191","191","Items","191","candidate_requires_package_review","","Unknown","Unknown","","Compared code against official Winco UPC reference","https://www.wincofireworks.com/wp-content/uploads/2022/03/UPC-Excel-List_3.25.2022_r2.pdf","Code found in public source; package/brand/image and any conflicts still need individual verification.","Verify manufacturer/model and exact retail package; inspect and acquire its authentic photo. Video is optional."
"EZEGN4ZQNUKUAOTPHA7TRQOD","715244103003","","Black Cat 300 Count BOGO","Black Cat 300 Count","Black Cat","Unknown","300","300","Unknown","no_match","No sufficiently specific candidate identified in the two Dynamite catalog files.","Unknown","Manufacturer or UPC/model, exact package/variant and corresponding photo/video.","191","192","192","Items","192","no_verified_identity","","Unknown","Unknown","","""715244103003"" fireworks","","No verified product identity from the searched code/name. Generic names and store SKUs are insufficient to assign a photo.","Verify manufacturer/model and exact retail package; inspect and acquire its authentic photo. Video is optional."
"PJKIMAXNIM5ZCOSCTTQD3UFL","715244154005","","Black Cat 400 count firecracker","Black Cat 400 count firecracker","Black Cat","Unknown","Regular","Unknown","Unknown","no_match","No sufficiently specific candidate identified in the two Dynamite catalog files.","Unknown","Manufacturer or UPC/model, exact package/variant and corresponding photo/video.","192","193","193","Items","193","candidate_requires_package_review","","Unknown","Unknown","","Compared code against official Winco UPC reference","https://www.wincofireworks.com/wp-content/uploads/2022/03/UPC-Excel-List_3.25.2022_r2.pdf","Code found in public source; package/brand/image and any conflicts still need individual verification.","Verify manufacturer/model and exact retail package; inspect and acquire its authentic photo. Video is optional."
"YSCA5EM7QBGQ26342HWEVWIJ","715244140008","","Black Cat 4000","Black Cat 4000","Black Cat","Unknown","Regular","Unknown","Unknown","no_match","No sufficiently specific candidate identified in the two Dynamite catalog files.","Unknown","Manufacturer or UPC/model, exact package/variant and corresponding photo/video.","193","194","194","Items","194","candidate_requires_package_review","","Unknown","Unknown","","Compared code against official Winco UPC reference","https://www.wincofireworks.com/wp-content/uploads/2022/03/UPC-Excel-List_3.25.2022_r2.pdf","Code found in public source; package/brand/image and any conflicts still need individual verification.","Verify manufacturer/model and exact retail package; inspect and acquire its authentic photo. Video is optional."
"WE4BJSDDQ2RUISDGUILR7WWQ","715244020454","","Black Cat 4ct Fountain","Black Cat 4ct Fountain","Black Cat","Fountains","Regular","Unknown","4ct","no_match","No sufficiently specific candidate identified in the two Dynamite catalog files.","Unknown","Manufacturer or UPC/model, exact package/variant and corresponding photo/video.","194","195","195","Items","195","candidate_requires_package_review","","Unknown","Unknown","","Compared code against official Winco UPC reference","https://www.wincofireworks.com/wp-content/uploads/2022/03/UPC-Excel-List_3.25.2022_r2.pdf","Code found in public source; package/brand/image and any conflicts still need individual verification.","Verify manufacturer/model and exact retail package; inspect and acquire its authentic photo. Video is optional."
"VXHKPOAYSSTE6SOAD6R25KBA","715244204519","","Black Cat 4ct Fountain","Black Cat 4ct Fountain","Black Cat","Fountains","Peach Tree","Peach Tree","4ct","no_match","No sufficiently specific candidate identified in the two Dynamite catalog files.","Unknown","Manufacturer or UPC/model, exact package/variant and corresponding photo/video.","195","196","196","Items","196","no_verified_identity","","Unknown","Unknown","","""715244204519"" fireworks","","No verified product identity from the searched code/name. Generic names and store SKUs are insufficient to assign a photo.","Verify manufacturer/model and exact retail package; inspect and acquire its authentic photo. Video is optional."
"7MTLDJ3YMV2C7PZJXGG3ABI5","715244204526","","Black Cat 4ct Fountain","Black Cat 4ct Fountain","Black Cat","Fountains","Gold & Silver","Gold & Silver","4ct","no_match","No sufficiently specific candidate identified in the two Dynamite catalog files.","Unknown","Manufacturer or UPC/model, exact package/variant and corresponding photo/video.","196","197","197","Items","197","candidate_requires_package_review","","Unknown","Unknown","","""715244204526"" fireworks","https://usa-fireworks.com/products/fountains/fountains-200-gram/9-blackcat-fountain-gold-silver-treasures/ | https://staging.usa-fireworks.com/products/fountains/fountains-200-gram/9-blackcat-fountain-gold-silver-treasures/","Code found in public source; package/brand/image and any conflicts still need individual verification.","Verify manufacturer/model and exact retail package; inspect and acquire its authentic photo. Video is optional."
"XRRJMRH6BO7MXAGCWIFAMRR2","715244204540","","Black Cat 4ct Fountain","Black Cat 4ct Fountain","Black Cat","Fountains","Blue Ice","Blue Ice","4ct","no_match","No sufficiently specific candidate identified in the two Dynamite catalog files.","Unknown","Manufacturer or UPC/model, exact package/variant and corresponding photo/video.","197","198","198","Items","198","candidate_requires_package_review","","Unknown","Unknown","","""715244204540"" fireworks","https://bigdaddyksfireworksoutlet.com/product/blue-ice/","Code found in public source; package/brand/image and any conflicts still need individual verification.","Verify manufacturer/model and exact retail package; inspect and acquire its authentic photo. Video is optional."
"KEJ65JHKO6PDZGY3TF5HPABB","715244204533","","Black Cat 4ct Fountain","Black Cat 4ct Fountain","Black Cat","Fountains","Green Garden","Green Garden","4ct","no_match","No sufficiently specific candidate identified in the two Dynamite catalog files.","Unknown","Manufacturer or UPC/model, exact package/variant and corresponding photo/video.","198","199","199","Items","199","no_verified_identity","","Unknown","Unknown","","""715244204533"" fireworks","","No verified product identity from the searched code/name. Generic names and store SKUs are insufficient to assign a photo.","Verify manufacturer/model and exact retail package; inspect and acquire its authentic photo. Video is optional."
"SZ5GTVLHSQZHQZF36S76IXVT","715244200115","","Black Cat 4ct Fountain","Black Cat 4ct Fountain","Black Cat","Fountains","Black Cat 6 In Fountain","Black Cat 6 In Fountain","4ct","no_match","No sufficiently specific candidate identified in the two Dynamite catalog files.","Unknown","Manufacturer or UPC/model, exact package/variant and corresponding photo/video.","199","200","200","Items","200","candidate_requires_package_review","","Unknown","Unknown","","Compared code against official Winco UPC reference","https://www.wincofireworks.com/wp-content/uploads/2022/03/UPC-Excel-List_3.25.2022_r2.pdf","Code found in public source; package/brand/image and any conflicts still need individual verification.","Verify manufacturer/model and exact retail package; inspect and acquire its authentic photo. Video is optional."
"OLNNUWLN4NHN3YLZG3GE2IL2","715244064403","","Black Cat 5"" Artillery Shells 24 pack","Black Cat 5"" Artillery Shells 24 pack","Black Cat","24 Pack Canister Artillery Shells 5 INCH","Regular","Unknown","5"" | 24 pack","no_match","No sufficiently specific candidate identified in the two Dynamite catalog files.","Unknown","Manufacturer or UPC/model, exact package/variant and corresponding photo/video.","200","201","201","Items","201","candidate_requires_package_review","","Unknown","Unknown","","Compared code against official Winco UPC reference","https://www.wincofireworks.com/wp-content/uploads/2022/03/UPC-Excel-List_3.25.2022_r2.pdf","Code found in public source; package/brand/image and any conflicts still need individual verification.","Verify manufacturer/model and exact retail package; inspect and acquire its authentic photo. Video is optional."
"OHKV5B66T3AXTW7D5M5EMGGO","715244105007","","Black Cat 500ct Firecracker","Black Cat 500ct Firecracker","Black Cat","Unknown","Regular","Unknown","500ct","no_match","No sufficiently specific candidate identified in the two Dynamite catalog files.","Unknown","Manufacturer or UPC/model, exact package/variant and corresponding photo/video.","201","202","202","Items","202","candidate_requires_package_review","","Unknown","Unknown","","Compared code against official Winco UPC reference","https://www.wincofireworks.com/wp-content/uploads/2022/03/UPC-Excel-List_3.25.2022_r2.pdf","Code found in public source; package/brand/image and any conflicts still need individual verification.","Verify manufacturer/model and exact retail package; inspect and acquire its authentic photo. Video is optional."
"QQYB6NNR36NTVUWQKAVKSFLH","715244101504","","Black Cat 50ct BOGO","Black Cat 50ct","Black Cat","Unknown","Regular","Unknown","50ct","no_match","No sufficiently specific candidate identified in the two Dynamite catalog files.","Unknown","Manufacturer or UPC/model, exact package/variant and corresponding photo/video.","202","203","203","Items","203","candidate_requires_package_review","","Unknown","Unknown","","""715244101504"" fireworks","https://usa-fireworks.com/products/firecrackers/black-cat-firecrackers-pack-of-50/ | https://beta2024.usa-fireworks.com/products/firecrackers/product-177-variation-1/","Code found in public source; package/brand/image and any conflicts still need individual verification.","Verify manufacturer/model and exact retail package; inspect and acquire its authentic photo. Video is optional."
"HMO2P2U3P7TTHFJPMZIWTUIM","715244313068","","Black Cat 72 ct morning glory hole","Black Cat 72 ct morning glory hole","Black Cat","Unknown","Regular","Unknown","72 ct","no_match","No sufficiently specific candidate identified in the two Dynamite catalog files.","Unknown","Manufacturer or UPC/model, exact package/variant and corresponding photo/video.","203","204","204","Items","204","candidate_requires_package_review","","Unknown","Unknown","","Compared code against official Winco UPC reference","https://www.wincofireworks.com/wp-content/uploads/2022/03/UPC-Excel-List_3.25.2022_r2.pdf","Code found in public source; package/brand/image and any conflicts still need individual verification.","Verify manufacturer/model and exact retail package; inspect and acquire its authentic photo. Video is optional."
"ZJCPCWGRIODBVZMR7O2VBAP7","715244084203","","Black Cat Cat Eyes- Spinners","Black Cat Cat Eyes- Spinners","Black Cat","Unknown","Regular","Unknown","Unknown","no_match","No sufficiently specific candidate identified in the two Dynamite catalog files.","Unknown","Manufacturer or UPC/model, exact package/variant and corresponding photo/video.","204","205","205","Items","205","candidate_requires_package_review","","Unknown","Unknown","","Compared code against official Winco UPC reference","https://www.wincofireworks.com/wp-content/uploads/2022/03/UPC-Excel-List_3.25.2022_r2.pdf","Code found in public source; package/brand/image and any conflicts still need individual verification.","Verify manufacturer/model and exact retail package; inspect and acquire its authentic photo. Video is optional."
"UXME6WAPLY5YYCNEMRWPYOG2","715244800025","","Black Cat Celebrate America","Black Cat Celebrate America","Black Cat","Unknown","Regular","Unknown","Unknown","no_match","No sufficiently specific candidate identified in the two Dynamite catalog files.","Unknown","Manufacturer or UPC/model, exact package/variant and corresponding photo/video.","205","206","206","Items","206","candidate_requires_package_review","","Unknown","Unknown","","Compared code against official Winco UPC reference","https://www.wincofireworks.com/wp-content/uploads/2022/03/UPC-Excel-List_3.25.2022_r2.pdf","Code found in public source; package/brand/image and any conflicts still need individual verification.","Verify manufacturer/model and exact retail package; inspect and acquire its authentic photo. Video is optional."
"IMSHHADLXVKXXU4KWSCGVL7P","715244102006","","Black Cat Firecracker 200ct BOGO","Black Cat Firecracker 200ct","Black Cat","Unknown","Regular","Unknown","200ct","no_match","No sufficiently specific candidate identified in the two Dynamite catalog files.","Unknown","Manufacturer or UPC/model, exact package/variant and corresponding photo/video.","207","208","208","Items","208","candidate_requires_package_review","","Unknown","Unknown","","""715244102006"" fireworks","https://usa-fireworks.com/products/firecrackers/black-cat-firecrackers-pack-of-200/","Code found in public source; package/brand/image and any conflicts still need individual verification.","Verify manufacturer/model and exact retail package; inspect and acquire its authentic photo. Video is optional."
"OQJ3UJAOXFEFEAN2NRWD3BCT","715244064496","","Black Cat Firework Fiesta-96 Shots","Black Cat Firework Fiesta-96 Shots","Black Cat","Unknown","Regular","Unknown","96 Shots","no_match","No sufficiently specific candidate identified in the two Dynamite catalog files.","Unknown","Manufacturer or UPC/model, exact package/variant and corresponding photo/video.","208","209","209","Items","209","candidate_requires_package_review","","Unknown","Unknown","","Compared code against official Winco UPC reference","https://www.wincofireworks.com/wp-content/uploads/2022/03/UPC-Excel-List_3.25.2022_r2.pdf","Code found in public source; package/brand/image and any conflicts still need individual verification.","Verify manufacturer/model and exact retail package; inspect and acquire its authentic photo. Video is optional."
"2CAQEPKBJEJ3RLNNXOSPI2WJ","715244021741","","Black Cat Fountain","Black Cat Fountain","Black Cat","Fountains","Regular","Unknown","Unknown","no_match","No sufficiently specific candidate identified in the two Dynamite catalog files.","Unknown","Manufacturer or UPC/model, exact package/variant and corresponding photo/video.","209","210","210","Items","210","candidate_requires_package_review","","Unknown","Unknown","","Compared code against official Winco UPC reference","https://www.wincofireworks.com/wp-content/uploads/2022/03/UPC-Excel-List_3.25.2022_r2.pdf","Code found in public source; package/brand/image and any conflicts still need individual verification.","Verify manufacturer/model and exact retail package; inspect and acquire its authentic photo. Video is optional."
"Z42WT7QYMWVQSGSLZELGXT3L","715244201921","","Black Cat Fountain Assortment","Black Cat Fountain Assortment","Black Cat","Fountains","Regular","Unknown","Unknown","no_match","No sufficiently specific candidate identified in the two Dynamite catalog files.","Unknown","Manufacturer or UPC/model, exact package/variant and corresponding photo/video.","210","211","211","Items","211","candidate_requires_package_review","","Unknown","Unknown","","Compared code against official Winco UPC reference","https://www.wincofireworks.com/wp-content/uploads/2022/03/UPC-Excel-List_3.25.2022_r2.pdf","Code found in public source; package/brand/image and any conflicts still need individual verification.","Verify manufacturer/model and exact retail package; inspect and acquire its authentic photo. Video is optional."
"N6QN4FBEXWHAXX7QJIWZPTS3","","514675400015","Black Cat Gold EditionFamily Pack","Black Cat Gold EditionFamily Pack","Black Cat","Family Pack Assortments","Regular","Unknown","Unknown","no_match","No sufficiently specific candidate identified in the two Dynamite catalog files.","Unknown","Manufacturer or UPC/model, exact package/variant and corresponding photo/video.","211","212","212","Items","212","candidate_requires_package_review","","Unknown","Unknown","","Compared code against official Winco UPC reference","https://www.wincofireworks.com/wp-content/uploads/2022/03/UPC-Excel-List_3.25.2022_r2.pdf","Code found in public source; package/brand/image and any conflicts still need individual verification.","Verify manufacturer/model and exact retail package; inspect and acquire its authentic photo. Video is optional."
"JIYCGITHI56QQJBAUNYZA4EJ","715244800018","","Black Cat Heritage","Black Cat Heritage","Black Cat","Unknown","Regular","Unknown","Unknown","no_match","No sufficiently specific candidate identified in the two Dynamite catalog files.","Unknown","Manufacturer or UPC/model, exact package/variant and corresponding photo/video.","212","213","213","Items","213","candidate_requires_package_review","","Unknown","Unknown","","Compared code against official Winco UPC reference","https://www.wincofireworks.com/wp-content/uploads/2022/03/UPC-Excel-List_3.25.2022_r2.pdf","Code found in public source; package/brand/image and any conflicts still need individual verification.","Verify manufacturer/model and exact retail package; inspect and acquire its authentic photo. Video is optional."
"FKOTG65DY2KEAIG72E6ZQNZX","715244001057","","Black Cat Little Dynamite 100ct BOGO","Black Cat Little Dynamite 100ct","Black Cat","Unknown","Regular","Unknown","100ct","no_match","No sufficiently specific candidate identified in the two Dynamite catalog files.","Unknown","Manufacturer or UPC/model, exact package/variant and corresponding photo/video.","213","214","214","Items","214","candidate_requires_package_review","","Unknown","Unknown","","Compared code against official Winco UPC reference","https://www.wincofireworks.com/wp-content/uploads/2022/03/UPC-Excel-List_3.25.2022_r2.pdf","Code found in public source; package/brand/image and any conflicts still need individual verification.","Verify manufacturer/model and exact retail package; inspect and acquire its authentic photo. Video is optional."
"2KTUHO3OXXDII2FN5JZYRHC5","715244064458","","Black Cat Neon Diablo 5"" Artillery Shells 6 Pack","Black Cat Neon Diablo 5"" Artillery Shells 6 Pack","Black Cat","6 Pack Artillery Shells 5""\, 6""","Regular","Unknown","5"" | 6 Pack","conflict","Square Neon Diablo is a 6-pack; source is a 24-pack. A matching 6-pack image is needed.","Unknown","Manufacturer or UPC/model, exact package/variant and corresponding photo/video.","215","216","216","Items","216","candidate_requires_package_review","","Unknown","Unknown","","Compared code against official Winco UPC reference","https://www.wincofireworks.com/wp-content/uploads/2022/03/UPC-Excel-List_3.25.2022_r2.pdf","Code found in public source; package/brand/image and any conflicts still need individual verification.","Verify manufacturer/model and exact retail package; inspect and acquire its authentic photo. Video is optional."
"HJGHH3DSBQ3WC6ZCQID7J7VX","715244313136","","Black Cat Neon Sparkler Special 5 Ct","Black Cat Neon Sparkler Special 5 Ct","Black Cat","Unknown","Regular","Unknown","5 Ct","no_match","No sufficiently specific candidate identified in the two Dynamite catalog files.","Unknown","Manufacturer or UPC/model, exact package/variant and corresponding photo/video.","216","217","217","Items","217","candidate_requires_package_review","","Unknown","Unknown","","Compared code against official Winco UPC reference","https://www.wincofireworks.com/wp-content/uploads/2022/03/UPC-Excel-List_3.25.2022_r2.pdf","Code found in public source; package/brand/image and any conflicts still need individual verification.","Verify manufacturer/model and exact retail package; inspect and acquire its authentic photo. Video is optional."
"IGYZ3FSCVEQTCHU556SVQHRY","715244313129","","Black Cat Neon Sparkler Special 5 Ct","Black Cat Neon Sparkler Special 5 Ct","Black Cat","Unknown","Black Cat Neon Sparklers- Waterfall","Black Cat Neon Sparklers- Waterfall","5 Ct","no_match","No sufficiently specific candidate identified in the two Dynamite catalog files.","Unknown","Manufacturer or UPC/model, exact package/variant and corresponding photo/video.","217","218","218","Items","218","candidate_requires_package_review","","Unknown","Unknown","","""715244313129"" fireworks","https://usa-fireworks.com/products/sparklers/neon-sparklers-bc/ | https://www.wincofireworks.com/wp-content/uploads/2022/02/Pyro-Scan-UPC-ITEM-Database-February-2022-Sorted-By-Item-Name.pdf","Code found in public source; package/brand/image and any conflicts still need individual verification.","Verify manufacturer/model and exact retail package; inspect and acquire its authentic photo. Video is optional."
"TT2SFUZFZHFHXAQHVH2RAWZM","715244000012","","Black Cat Night Display","Black Cat Night Display","Black Cat","Family Pack Assortments","Regular","Unknown","Unknown","no_match","No sufficiently specific candidate identified in the two Dynamite catalog files.","Unknown","Manufacturer or UPC/model, exact package/variant and corresponding photo/video.","218","219","219","Items","219","candidate_requires_package_review","","Unknown","Unknown","","Compared code against official Winco UPC reference","https://www.wincofireworks.com/wp-content/uploads/2022/03/UPC-Excel-List_3.25.2022_r2.pdf","Code found in public source; package/brand/image and any conflicts still need individual verification.","Verify manufacturer/model and exact retail package; inspect and acquire its authentic photo. Video is optional."
"EROQU5GO4XDUEGIESZCKSHZE","l","715244001002","Black Cat Party Pack 4 Family Pack","Black Cat Party Pack 4 Family Pack","Black Cat","Family Pack Assortments","Regular","Unknown","Unknown","no_match","No sufficiently specific candidate identified in the two Dynamite catalog files.","Unknown","Manufacturer or UPC/model, exact package/variant and corresponding photo/video.","219","220","220","Items","220","candidate_requires_package_review","","Unknown","Unknown","","Compared code against official Winco UPC reference","https://www.wincofireworks.com/wp-content/uploads/2022/03/UPC-Excel-List_3.25.2022_r2.pdf","Code found in public source; package/brand/image and any conflicts still need individual verification.","Verify manufacturer/model and exact retail package; inspect and acquire its authentic photo. Video is optional."
"C7MGH6L5OBMU2I7P6XRLCCYG","715244963935","","Black Cat combo Cakes","Black Cat combo Cakes","Black Cat","Unknown","Regular","Unknown","Unknown","no_match","No sufficiently specific candidate identified in the two Dynamite catalog files.","Unknown","Manufacturer or UPC/model, exact package/variant and corresponding photo/video.","221","222","222","Items","222","candidate_requires_package_review","","Unknown","Unknown","","Compared code against official Winco UPC reference","https://www.wincofireworks.com/wp-content/uploads/2022/03/UPC-Excel-List_3.25.2022_r2.pdf","Code found in public source; package/brand/image and any conflicts still need individual verification.","Verify manufacturer/model and exact retail package; inspect and acquire its authentic photo. Video is optional."
"BZQJPONZCT2MQBG76DYRMSJE","757205301585","","Black Hole 500 Gram","Black Hole 500 Gram","Unknown","500 GRAM FINALE","Regular","Unknown","500 Gram","no_match","No sufficiently specific candidate identified in the two Dynamite catalog files.","Unknown","Manufacturer or UPC/model, exact package/variant and corresponding photo/video.","222","223","223","Items","223","no_verified_identity","","Unknown","Unknown","","""757205301585"" fireworks","","No verified product identity from the searched code/name. Generic names and store SKUs are insufficient to assign a photo.","Verify manufacturer/model and exact retail package; inspect and acquire its authentic photo. Video is optional."
"W4JMTKXNQYUCIQGHZXDJTKTO","887946010375","","Black Panther Artillery Shell","Black Panther Artillery Shell","Unknown","Unknown","Regular","Unknown","Unknown","no_match","No sufficiently specific candidate identified in the two Dynamite catalog files.","Unknown","Manufacturer or UPC/model, exact package/variant and corresponding photo/video.","223","224","224","Items","224","no_verified_identity","","Unknown","Unknown","","""887946010375"" fireworks","","No verified product identity from the searched code/name. Generic names and store SKUs are insufficient to assign a photo.","Verify manufacturer/model and exact retail package; inspect and acquire its authentic photo. Video is optional."
"6DL57LCVLHNNTMKWBBIYB6Z5","8145270185919","","Black Snakes BOGO","Black Snakes","Unknown","Unknown","Regular","Unknown","Unknown","no_match","No sufficiently specific candidate identified in the two Dynamite catalog files.","Unknown","Manufacturer or UPC/model, exact package/variant and corresponding photo/video.","224","225","225","Items","225","no_verified_identity","","Unknown","Unknown","","""8145270185919"" fireworks","","No verified product identity from the searched code/name. Generic names and store SKUs are insufficient to assign a photo.","Verify manufacturer/model and exact retail package; inspect and acquire its authentic photo. Video is optional."
"EKGYPF5RGKPY6227FPL5HPLT","715244022243","","Blackcat 3 For 1","Blackcat 3 For 1","Unknown","Unknown","Regular","Unknown","Unknown","no_match","No sufficiently specific candidate identified in the two Dynamite catalog files.","Unknown","Manufacturer or UPC/model, exact package/variant and corresponding photo/video.","225","226","226","Items","226","candidate_requires_package_review","","Unknown","Unknown","","Compared code against official Winco UPC reference","https://www.wincofireworks.com/wp-content/uploads/2022/03/UPC-Excel-List_3.25.2022_r2.pdf","Code found in public source; package/brand/image and any conflicts still need individual verification.","Verify manufacturer/model and exact retail package; inspect and acquire its authentic photo. Video is optional."
"XLO7UDEHBHTQYPEROBAO3RV4","687985909032","","Blood Money","Blood Money","Unknown","Unknown","Regular","Unknown","Unknown","no_match","No sufficiently specific candidate identified in the two Dynamite catalog files.","Unknown","Manufacturer or UPC/model, exact package/variant and corresponding photo/video.","226","227","227","Items","227","candidate_requires_package_review","","Unknown","Unknown","","Compared code against official Winco UPC reference","https://www.wincofireworks.com/wp-content/uploads/2022/03/UPC-Excel-List_3.25.2022_r2.pdf","Code found in public source; package/brand/image and any conflicts still need individual verification.","Verify manufacturer/model and exact retail package; inspect and acquire its authentic photo. Video is optional."
"ETH2MEGPLHKWN4TS6CS66Q62","8145270182727","","Bloom Flower","Bloom Flower","Unknown","Unknown","Regular","Unknown","Unknown","probable","Name identifies a candidate only; manufacturer and exact presentation have not been established.","products.json[61] Ground Bloom Flower / Monkey Mania / /products/ground-bloom-flower.png","Manufacturer or UPC/model, exact package/variant and corresponding photo/video.","227","228","228","Items","228","no_verified_identity","","Unknown","Unknown","","""8145270182727"" fireworks","","No verified product identity from the searched code/name. Generic names and store SKUs are insufficient to assign a photo.","Verify manufacturer/model and exact retail package; inspect and acquire its authentic photo. Video is optional."
"UX7ODRUBPQVD2EVNWRTBHVVI","681402052189","","Bombas De LA Muerte 6"" Artillery Shells","Bombas De LA Muerte 6"" Artillery Shells","Unknown","24 Pack Artillery Shells 6""","Regular","Unknown","6""","no_match","No sufficiently specific candidate identified in the two Dynamite catalog files.","Unknown","Manufacturer or UPC/model, exact package/variant and corresponding photo/video.","228","229","229","Items","229","no_verified_identity","","Unknown","Unknown","","""681402052189"" fireworks","","No verified product identity from the searched code/name. Generic names and store SKUs are insufficient to assign a photo.","Verify manufacturer/model and exact retail package; inspect and acquire its authentic photo. Video is optional."
"YNSK72CWCAZMY3Q742YZ2IA7","8052530220412","","Bomber BOGO","Bomber","Unknown","Unknown","Regular","Unknown","Unknown","no_match","No sufficiently specific candidate identified in the two Dynamite catalog files.","Unknown","Manufacturer or UPC/model, exact package/variant and corresponding photo/video.","229","230","230","Items","230","no_verified_identity","","Unknown","Unknown","","""8052530220412"" fireworks","","No verified product identity from the searched code/name. Generic names and store SKUs are insufficient to assign a photo.","Verify manufacturer/model and exact retail package; inspect and acquire its authentic photo. Video is optional."
"IWVVH23KXDAYSNRMLFAU5XK2","887946003711","","Bombing Mission 200g","Bombing Mission 200g","Unknown","Unknown","Regular","Unknown","200g","no_match","No sufficiently specific candidate identified in the two Dynamite catalog files.","Unknown","Manufacturer or UPC/model, exact package/variant and corresponding photo/video.","230","231","231","Items","231","no_verified_identity","","Unknown","Unknown","","""887946003711"" fireworks","","No verified product identity from the searched code/name. Generic names and store SKUs are insufficient to assign a photo.","Verify manufacturer/model and exact retail package; inspect and acquire its authentic photo. Video is optional."
"6GOZMNTKVUSLC6RHAW33N3KD","","","Bones","Bones","Unknown","Unknown","Regular","Unknown","Unknown","no_match","No sufficiently specific candidate identified in the two Dynamite catalog files.","Unknown","Manufacturer or UPC/model, exact package/variant and corresponding photo/video.","231","232","232","Items","232","no_verified_identity","","Unknown","Unknown","","""Bones"" fireworks manufacturer","","No verified product identity from the searched code/name. Generic names and store SKUs are insufficient to assign a photo.","Verify manufacturer/model and exact retail package; inspect and acquire its authentic photo. Video is optional."
"Q342ESYA7XRFLJBOFQWVWPAM","211321323222","","Bones \ Skull","Bones \ Skull","Unknown","Fountains","Regular","Unknown","Unknown","no_match","No sufficiently specific candidate identified in the two Dynamite catalog files.","Unknown","Manufacturer or UPC/model, exact package/variant and corresponding photo/video.","232","233","233","Items","233","no_verified_identity","","Unknown","Unknown","","""211321323222"" fireworks","","No verified product identity from the searched code/name. Generic names and store SKUs are insufficient to assign a photo.","Verify manufacturer/model and exact retail package; inspect and acquire its authentic photo. Video is optional."
"NNYMAKIN6Z6PSP5AUYS4DUXN","816597942988","","Bones \ Skull","Bones \ Skull","Unknown","Fountains","Skull Fountain","Skull Fountain","Unknown","no_match","No sufficiently specific candidate identified in the two Dynamite catalog files.","Unknown","Manufacturer or UPC/model, exact package/variant and corresponding photo/video.","233","234","234","Items","234","no_verified_identity","","Unknown","Unknown","","""816597942988"" fireworks","","No verified product identity from the searched code/name. Generic names and store SKUs are insufficient to assign a photo.","Verify manufacturer/model and exact retail package; inspect and acquire its authentic photo. Video is optional."
"IGG6JYTEMGHDBF5V5HAML3QY","705108955992","","Born Leaders","Born Leaders","Unknown","Unknown","Regular","Unknown","Unknown","no_match","No sufficiently specific candidate identified in the two Dynamite catalog files.","Unknown","Manufacturer or UPC/model, exact package/variant and corresponding photo/video.","234","235","235","Items","235","candidate_requires_package_review","","Unknown","Unknown","","""705108955992"" fireworks","https://www.getwinda.com/product-page/born-leaders-757-s","Code found in public source; package/brand/image and any conflicts still need individual verification.","Verify manufacturer/model and exact retail package; inspect and acquire its authentic photo. Video is optional."
"65OBLYIPE2NFJEMIMLWNUB7C","705108550609","","Boy Or Girl","Boy Or Girl","Unknown","Unknown","Regular","Unknown","Unknown","probable","Name identifies a candidate only; manufacturer and exact presentation have not been established.","gender-reveal.json[3] Boy or Girl / Unknown / /products/boy-or-girl.png","Manufacturer or UPC/model, exact package/variant and corresponding photo/video.","235","236","236","Items","236","candidate_requires_package_review","","Unknown","Unknown","","""705108550609"" fireworks","https://georgiasbestfireworks.com/product/0af7b240-ab8c-11e8-eddc-e4765392563c/ | https://americanwholesalefireworks.com/gender-reveal-boy-or-girl-25s-winda-blue/","Code found in public source; package/brand/image and any conflicts still need individual verification.","Verify manufacturer/model and exact retail package; inspect and acquire its authentic photo. Video is optional."
"GUHP7YBGQBP6QBDGNRLZD6PI","705108320806","","Brave Eagle","Brave Eagle","Unknown","Fountains","Regular","Unknown","Unknown","no_match","No sufficiently specific candidate identified in the two Dynamite catalog files.","Unknown","Manufacturer or UPC/model, exact package/variant and corresponding photo/video.","236","237","237","Items","237","no_verified_identity","","Unknown","Unknown","","""705108320806"" fireworks","","No verified product identity from the searched code/name. Generic names and store SKUs are insufficient to assign a photo.","Verify manufacturer/model and exact retail package; inspect and acquire its authentic photo. Video is optional."
"B3H4JUEABU6IQNEHHP3NSP7B","705108401505","","Break Of Dawn Roman Candles (4 Pk/5 Big Shots)","Break Of Dawn Roman Candles (4 Pk/5 Big Shots)","Unknown","Roman Candles","Regular","Unknown","Unknown","no_match","No sufficiently specific candidate identified in the two Dynamite catalog files.","Unknown","Manufacturer or UPC/model, exact package/variant and corresponding photo/video.","237","238","238","Items","238","candidate_requires_package_review","","Unknown","Unknown","","""705108401505"" fireworks","https://www.getwinda.com/product-page/break-of-dawn","Code found in public source; package/brand/image and any conflicts still need individual verification.","Verify manufacturer/model and exact retail package; inspect and acquire its authentic photo. Video is optional."
"LC3DT2FV6CELZXJO3R6PA5GY","757201606011","","Break The Rules 6"" Artillery Shells 6 Pack","Break The Rules 6"" Artillery Shells 6 Pack","Unknown","6 Pack Artillery Shells 5""\, 6""","Regular","Unknown","6"" | 6 Pack","no_match","No sufficiently specific candidate identified in the two Dynamite catalog files.","Unknown","Manufacturer or UPC/model, exact package/variant and corresponding photo/video.","238","239","239","Items","239","no_verified_identity","","Unknown","Unknown","","""757201606011"" fireworks","","No verified product identity from the searched code/name. Generic names and store SKUs are insufficient to assign a photo.","Verify manufacturer/model and exact retail package; inspect and acquire its authentic photo. Video is optional."
"7M2D3I5NCBOZXHSWT4EKOIEH","","","Brothers Container Load","Brothers Container Load","Brothers","Family Pack Assortments","Regular","Unknown","Unknown","no_match","No sufficiently specific candidate identified in the two Dynamite catalog files.","Unknown","Manufacturer or UPC/model, exact package/variant and corresponding photo/video.","239","240","240","Items","240","no_verified_identity","","Unknown","Unknown","","""Brothers Container Load"" fireworks manufacturer","","No verified product identity from the searched code/name. Generic names and store SKUs are insufficient to assign a photo.","Verify manufacturer/model and exact retail package; inspect and acquire its authentic photo. Video is optional."
"4RRYVZ5ZPMQBRZZ3G5LM7S6L","705108321704","","Bucket Of Fun Family Pack","Bucket Of Fun Family Pack","Unknown","Family Pack Assortments","Regular","Unknown","Unknown","no_match","No sufficiently specific candidate identified in the two Dynamite catalog files.","Unknown","Manufacturer or UPC/model, exact package/variant and corresponding photo/video.","240","241","241","Items","241","candidate_requires_package_review","","Unknown","Unknown","","""705108321704"" fireworks","https://www.getwinda.com/product-page/bucket-of-fun","Code found in public source; package/brand/image and any conflicts still need individual verification.","Verify manufacturer/model and exact retail package; inspect and acquire its authentic photo. Video is optional."
"CGWOHHQGU7JBE2J5CGXROKAI","715244110063","","Bucket o Fun Assortment","Bucket o Fun Assortment","Unknown","Family Pack Assortments, Fountains","Regular","Unknown","Unknown","no_match","No sufficiently specific candidate identified in the two Dynamite catalog files.","Unknown","Manufacturer or UPC/model, exact package/variant and corresponding photo/video.","241","242","242","Items","242","no_verified_identity","","Unknown","Unknown","","""715244110063"" fireworks","","No verified product identity from the searched code/name. Generic names and store SKUs are insufficient to assign a photo.","Verify manufacturer/model and exact retail package; inspect and acquire its authentic photo. Video is optional."
"GD57R3MMQSLWM4HWGJGAKPWL","887946030656","","Bumble Bees","Bumble Bees","Unknown","Unknown","Regular","Unknown","Unknown","no_match","No sufficiently specific candidate identified in the two Dynamite catalog files.","Unknown","Manufacturer or UPC/model, exact package/variant and corresponding photo/video.","242","243","243","Items","243","no_verified_identity","","Unknown","Unknown","","""887946030656"" fireworks","","No verified product identity from the searched code/name. Generic names and store SKUs are insufficient to assign a photo.","Verify manufacturer/model and exact retail package; inspect and acquire its authentic photo. Video is optional."
"IY6MWRW7CYTAK7UCS62P2V47","757201530798","","Bumpin Trumpin 500 Gram 42 Shots","Bumpin Trumpin 500 Gram 42 Shots","Unknown","500 GRAM FINALE","Regular","Unknown","500 Gram | 42 Shots","no_match","No sufficiently specific candidate identified in the two Dynamite catalog files.","Unknown","Manufacturer or UPC/model, exact package/variant and corresponding photo/video.","243","244","244","Items","244","no_verified_identity","","Unknown","Unknown","","""757201530798"" fireworks","","No verified product identity from the searched code/name. Generic names and store SKUs are insufficient to assign a photo.","Verify manufacturer/model and exact retail package; inspect and acquire its authentic photo. Video is optional."
"NVV6Y56O2YNTT3EEODY3VB6U","6942037750050","","Bustin Balls","Bustin Balls","Unknown","Unknown","Regular","Unknown","Unknown","no_match","No sufficiently specific candidate identified in the two Dynamite catalog files.","Unknown","Manufacturer or UPC/model, exact package/variant and corresponding photo/video.","244","245","245","Items","245","candidate_requires_package_review","","Unknown","Unknown","","""6942037750050"" fireworks","https://neumann-feuerwerk.de/srpyro-big-boom-5-stueck-single-shots-30mm","Code found in public source; package/brand/image and any conflicts still need individual verification.","Verify manufacturer/model and exact retail package; inspect and acquire its authentic photo. Video is optional."
"VO47WF5A2JD5HOT74KZ743W4","8145270155912","","CE 100","CE 100","Unknown","Unknown","Regular","Unknown","Unknown","no_match","No sufficiently specific candidate identified in the two Dynamite catalog files.","Unknown","Manufacturer or UPC/model, exact package/variant and corresponding photo/video.","245","246","246","Items","246","candidate_requires_package_review","","Unknown","Unknown","","""8145270155912"" fireworks","https://usa-fireworks.com/products/aerial-all-cakes/aerial-500-gram-cakes/ce100/","Code found in public source; package/brand/image and any conflicts still need individual verification.","Verify manufacturer/model and exact retail package; inspect and acquire its authentic photo. Video is optional."
"PNEATVLI5R2PZV4VZYILIJRB","8145271620211","","CE-DC 500 Gram 30 Shot","CE-DC 500 Gram 30 Shot","Unknown","Unknown","Regular","Unknown","500 Gram | 30 Shot","no_match","No sufficiently specific candidate identified in the two Dynamite catalog files.","Unknown","Manufacturer or UPC/model, exact package/variant and corresponding photo/video.","246","247","247","Items","247","candidate_requires_package_review","","Unknown","Unknown","","""8145271620211"" fireworks","https://beta2024.usa-fireworks.com/products/aerial-all-cakes/aerial-500-gram-cakes/ce-dc/","Code found in public source; package/brand/image and any conflicts still need individual verification.","Verify manufacturer/model and exact retail package; inspect and acquire its authentic photo. Video is optional."
"EEB6GYW6OKUONPAP7CIMSVUX","705108003907","","CEO Family Pack Assortment","CEO Family Pack Assortment","Unknown","Family Pack Assortments","Regular","Unknown","Unknown","no_match","No sufficiently specific candidate identified in the two Dynamite catalog files.","Unknown","Manufacturer or UPC/model, exact package/variant and corresponding photo/video.","247","248","248","Items","248","candidate_requires_package_review","","Unknown","Unknown","","""705108003907"" fireworks","https://www.getwinda.com/product-page/ceo-of-assortments | https://littlejsfireworks.com/product/ceo-of-assortments/ | https://nbfireworks.com/ceo-of-assortments-a-b-case/","Code found in public source; package/brand/image and any conflicts still need individual verification.","Verify manufacturer/model and exact retail package; inspect and acquire its authentic photo. Video is optional."
"YBTSQXW5MJG6UTYHOSOYIBRG","715244165100","","Call The Cops 200G","Call The Cops 200G","Unknown","Unknown","Regular","Unknown","200G","no_match","No sufficiently specific candidate identified in the two Dynamite catalog files.","Unknown","Manufacturer or UPC/model, exact package/variant and corresponding photo/video.","248","249","249","Items","249","candidate_requires_package_review","","Unknown","Unknown","","""715244165100"" fireworks","https://www.wincofireworks.com/product/call-the-cops/","Code found in public source; package/brand/image and any conflicts still need individual verification.","Verify manufacturer/model and exact retail package; inspect and acquire its authentic photo. Video is optional."
"7KHVOFXS6SBVFD3SWNDZTBNE","","705108805006","Cameleon 5"" Artillery Shells 24 pack","Cameleon 5"" Artillery Shells 24 pack","Unknown","24 Pack Canister Artillery Shells 5 INCH","Regular","Unknown","5"" | 24 pack","no_match","No sufficiently specific candidate identified in the two Dynamite catalog files.","Unknown","Manufacturer or UPC/model, exact package/variant and corresponding photo/video.","249","250","250","Items","250","candidate_requires_package_review","","Unknown","Unknown","","""705108805006"" fireworks","https://501pyro.com/chameleon-shells/ | https://www.getwinda.com/product-page/chameleon-shells-5-inch","Code found in public source; package/brand/image and any conflicts still need individual verification.","Verify manufacturer/model and exact retail package; inspect and acquire its authentic photo. Video is optional."
"Y7JONQCQHQJOPPQHB5DNKGSE","757201024013","","Camo Blast 4"" Artillery Shells 24 Pack","Camo Blast 4"" Artillery Shells 24 Pack","Unknown","24 Pack Artillery Shells 4""","Regular","Unknown","4"" | 24 Pack","no_match","No sufficiently specific candidate identified in the two Dynamite catalog files.","Unknown","Manufacturer or UPC/model, exact package/variant and corresponding photo/video.","250","251","251","Items","251","candidate_requires_package_review","","Unknown","Unknown","","""757201024013"" fireworks","https://www.raccoonfireworksusa.com/product-page/camo-blast | https://americanwholesalefireworks.com/camo-blast-compact/","Code found in public source; package/brand/image and any conflicts still need individual verification.","Verify manufacturer/model and exact retail package; inspect and acquire its authentic photo. Video is optional."
"YQ5XSAV4O7JC4DVQKJAPRWIR","652009001757","","Camo Smoke","Camo Smoke","Unknown","Unknown","Regular","Unknown","Unknown","no_match","No sufficiently specific candidate identified in the two Dynamite catalog files.","Unknown","Manufacturer or UPC/model, exact package/variant and corresponding photo/video.","251","252","252","Items","252","candidate_requires_package_review","","Unknown","Unknown","","Compared code against official Winco UPC reference","https://www.wincofireworks.com/wp-content/uploads/2022/03/UPC-Excel-List_3.25.2022_r2.pdf","Code found in public source; package/brand/image and any conflicts still need individual verification.","Verify manufacturer/model and exact retail package; inspect and acquire its authentic photo. Video is optional."
"BZM75VLS7V57JD3765BT6ND4","687985908417","","Canopus","Canopus","Unknown","Unknown","Regular","Unknown","Unknown","no_match","No sufficiently specific candidate identified in the two Dynamite catalog files.","Unknown","Manufacturer or UPC/model, exact package/variant and corresponding photo/video.","252","253","253","Items","253","candidate_requires_package_review","","Unknown","Unknown","","""687985908417"" fireworks","https://georgiasbestfireworks.com/product/canopus/","Code found in public source; package/brand/image and any conflicts still need individual verification.","Verify manufacturer/model and exact retail package; inspect and acquire its authentic photo. Video is optional."
"RGD7OXT4MUNLMZKZWWNOE6YH","687985908448","","Capella","Capella","Unknown","Unknown","Regular","Unknown","Unknown","no_match","No sufficiently specific candidate identified in the two Dynamite catalog files.","Unknown","Manufacturer or UPC/model, exact package/variant and corresponding photo/video.","253","254","254","Items","254","candidate_requires_package_review","","Unknown","Unknown","","""687985908448"" fireworks","https://georgiasbestfireworks.com/product/capellastars48shot/","Code found in public source; package/brand/image and any conflicts still need individual verification.","Verify manufacturer/model and exact retail package; inspect and acquire its authentic photo. Video is optional."
"4BECHQGPMIFJ2I3VL7Q6BJWV","687985222810","","Captain Sam 500 Gram","Captain Sam 500 Gram","Unknown","500 GRAM FINALE","Regular","Unknown","500 Gram","no_match","No sufficiently specific candidate identified in the two Dynamite catalog files.","Unknown","Manufacturer or UPC/model, exact package/variant and corresponding photo/video.","254","255","255","Items","255","candidate_requires_package_review","","Unknown","Unknown","","""687985222810"" fireworks","https://lowcountryfireworks.com/PC121-Captain-Sam-formerly-Captain-America-R-PC/ | https://whitelightningfireworks.com/PC121-Captain-Sam-formerly-Captain-America-R-PC/ | https://76fireworkstore.com/PC121-Captain-Sam-formerly-Captain-America-R-PC","Code found in public source; package/brand/image and any conflicts still need individual verification.","Verify manufacturer/model and exact retail package; inspect and acquire its authentic photo. Video is optional."
"AQNB2RNRDBP7KRY6KJDU52TF","8145270204917","","Castaway 500 Gram 36 Shots","Castaway 500 Gram 36 Shots","Unknown","Unknown","Regular","Unknown","500 Gram | 36 Shots","no_match","No sufficiently specific candidate identified in the two Dynamite catalog files.","Unknown","Manufacturer or UPC/model, exact package/variant and corresponding photo/video.","255","256","256","Items","256","candidate_requires_package_review","","Unknown","Unknown","","""8145270204917"" fireworks","https://beta2024.usa-fireworks.com/products/aerial-all-cakes/aerial-500-gram-cakes/castaway/ | https://usa-fireworks.com/products/aerial-all-cakes/aerial-500-gram-cakes/castaway/","Code found in public source; package/brand/image and any conflicts still need individual verification.","Verify manufacturer/model and exact retail package; inspect and acquire its authentic photo. Video is optional."
"2E2Q275KE2HTKEBVXFMTTI3B","705108001316","","Celebration","Celebration","Unknown","Unknown","Regular","Unknown","Unknown","no_match","No sufficiently specific candidate identified in the two Dynamite catalog files.","Unknown","Manufacturer or UPC/model, exact package/variant and corresponding photo/video.","256","257","257","Items","257","no_verified_identity","","Unknown","Unknown","","""705108001316"" fireworks","","No verified product identity from the searched code/name. Generic names and store SKUs are insufficient to assign a photo.","Verify manufacturer/model and exact retail package; inspect and acquire its authentic photo. Video is optional."
"5SOYZ27LJ73CYTCXGVI6XIJN","687985908424","","Centauri","Centauri","Unknown","Unknown","Regular","Unknown","Unknown","no_match","No sufficiently specific candidate identified in the two Dynamite catalog files.","Unknown","Manufacturer or UPC/model, exact package/variant and corresponding photo/video.","257","258","258","Items","258","candidate_requires_package_review","","Unknown","Unknown","","""687985908424"" fireworks","https://georgiasbestfireworks.com/product/centauri/","Code found in public source; package/brand/image and any conflicts still need individual verification.","Verify manufacturer/model and exact retail package; inspect and acquire its authentic photo. Video is optional."
"LYFTBDX6SYEMIV5CPX2ISXGE","757202120073","","Charm Fountain","Charm Fountain","Unknown","Fountains","Regular","Unknown","Unknown","no_match","No sufficiently specific candidate identified in the two Dynamite catalog files.","Unknown","Manufacturer or UPC/model, exact package/variant and corresponding photo/video.","258","259","259","Items","259","no_verified_identity","","Unknown","Unknown","","""757202120073"" fireworks","","No verified product identity from the searched code/name. Generic names and store SKUs are insufficient to assign a photo.","Verify manufacturer/model and exact retail package; inspect and acquire its authentic photo. Video is optional."
"HD3E2RE4OCT4P6HVCZ6EKZLJ","8052530203620","","Chick Stick Pink Smoke","Chick Stick Pink Smoke","Unknown","Unknown","Regular","Unknown","Unknown","no_match","No sufficiently specific candidate identified in the two Dynamite catalog files.","Unknown","Manufacturer or UPC/model, exact package/variant and corresponding photo/video.","259","260","260","Items","260","candidate_requires_package_review","","Unknown","Unknown","","""8052530203620"" fireworks","https://thefireworkssuperstore.com/shop/chick-stick-smoke","Code found in public source; package/brand/image and any conflicts still need individual verification.","Verify manufacturer/model and exact retail package; inspect and acquire its authentic photo. Video is optional."
"CKV2SHWIY7BXZPYD5Q3VLVYA","887946050135","","Chicken Balloon Bogo","Chicken Balloon","Unknown","Unknown","Regular","Unknown","Unknown","no_match","No sufficiently specific candidate identified in the two Dynamite catalog files.","Unknown","Manufacturer or UPC/model, exact package/variant and corresponding photo/video.","260","261","261","Items","261","no_verified_identity","","Unknown","Unknown","","""887946050135"" fireworks","","No verified product identity from the searched code/name. Generic names and store SKUs are insufficient to assign a photo.","Verify manufacturer/model and exact retail package; inspect and acquire its authentic photo. Video is optional."
"AIC5CSUHVVWXD4F72WXLHJ3H","946050135","","Chicken Blowing Balloon","Chicken Blowing Balloon","Unknown","Unknown","Regular","Unknown","Unknown","no_match","No sufficiently specific candidate identified in the two Dynamite catalog files.","Unknown","Manufacturer or UPC/model, exact package/variant and corresponding photo/video.","261","262","262","Items","262","no_verified_identity","","Unknown","Unknown","","""946050135"" fireworks","","No verified product identity from the searched code/name. Generic names and store SKUs are insufficient to assign a photo.","Verify manufacturer/model and exact retail package; inspect and acquire its authentic photo. Video is optional."
"WYIBDCIU4Z4PGWURAOWBDH5P","8052530161814","","Chickens","Chickens","Unknown","Unknown","Regular","Unknown","Unknown","no_match","No sufficiently specific candidate identified in the two Dynamite catalog files.","Unknown","Manufacturer or UPC/model, exact package/variant and corresponding photo/video.","262","263","263","Items","263","no_verified_identity","","Unknown","Unknown","","""8052530161814"" fireworks","","No verified product identity from the searched code/name. Generic names and store SKUs are insufficient to assign a photo.","Verify manufacturer/model and exact retail package; inspect and acquire its authentic photo. Video is optional."
"3SVJF54LTIL4K57W6IBPJABW","022203132166","","Christmas Tree","Christmas Tree","Unknown","Unknown","Regular","Unknown","Unknown","no_match","No sufficiently specific candidate identified in the two Dynamite catalog files.","Unknown","Manufacturer or UPC/model, exact package/variant and corresponding photo/video.","263","264","264","Items","264","no_verified_identity","","Unknown","Unknown","","""022203132166"" fireworks","","No verified product identity from the searched code/name. Generic names and store SKUs are insufficient to assign a photo.","Verify manufacturer/model and exact retail package; inspect and acquire its authentic photo. Video is optional."
"6B5C73FKXNOL5YTMSMOAEQTT","6942037705210","","Christmas Tree","Christmas Tree","Unknown","Unknown","Regular","Unknown","Unknown","no_match","No sufficiently specific candidate identified in the two Dynamite catalog files.","Unknown","Manufacturer or UPC/model, exact package/variant and corresponding photo/video.","264","265","265","Items","265","no_verified_identity","","Unknown","Unknown","","""6942037705210"" fireworks","","No verified product identity from the searched code/name. Generic names and store SKUs are insufficient to assign a photo.","Verify manufacturer/model and exact retail package; inspect and acquire its authentic photo. Video is optional."
"VRQIDYXEMI2KTKYQZJHB2FAD","6942037705210","","Christmas Trees","Christmas Trees","Unknown","Unknown","Regular","Unknown","Unknown","no_match","No sufficiently specific candidate identified in the two Dynamite catalog files.","Unknown","Manufacturer or UPC/model, exact package/variant and corresponding photo/video.","265","266","266","Items","266","no_verified_identity","","Unknown","Unknown","","""6942037705210"" fireworks","","No verified product identity from the searched code/name. Generic names and store SKUs are insufficient to assign a photo.","Verify manufacturer/model and exact retail package; inspect and acquire its authentic photo. Video is optional."
"MT72I3FPXV4NP3IIIIYL4FJJ","683318813915","","Chroma 5"" Artillery Shells 24 pack","Chroma 5"" Artillery Shells 24 pack","Unknown","24 Pack Canister Artillery Shells 5 INCH","Regular","Unknown","5"" | 24 pack","no_match","No sufficiently specific candidate identified in the two Dynamite catalog files.","Unknown","Manufacturer or UPC/model, exact package/variant and corresponding photo/video.","266","267","267","Items","267","no_verified_identity","","Unknown","Unknown","","""683318813915"" fireworks","","No verified product identity from the searched code/name. Generic names and store SKUs are insufficient to assign a photo.","Verify manufacturer/model and exact retail package; inspect and acquire its authentic photo. Video is optional."
"BDRHRJ7HW3ZEOVHORHON5YRU","715244022236","","Citrus Fountain","Citrus Fountain","Unknown","Fountains","Regular","Unknown","Unknown","no_match","No sufficiently specific candidate identified in the two Dynamite catalog files.","Unknown","Manufacturer or UPC/model, exact package/variant and corresponding photo/video.","267","268","268","Items","268","candidate_requires_package_review","","Unknown","Unknown","","""715244022236"" fireworks","https://usa-fireworks.com/products/fountains/fountains-200-gram/citrus/ | https://www.wincofireworks.com/wp-content/uploads/2022/02/Pyro-Scan-UPC-ITEM-Database-February-2022-Sorted-By-Item-Name.pdf","Code found in public source; package/brand/image and any conflicts still need individual verification.","Verify manufacturer/model and exact retail package; inspect and acquire its authentic photo. Video is optional."
"JV4RAMJ3YYQSBMJGOV3LQC7H","8052530052310","","Class Crackers 50ct BOGO","Class Crackers 50ct","Unknown","Unknown","Regular","Unknown","50ct","no_match","No sufficiently specific candidate identified in the two Dynamite catalog files.","Unknown","Manufacturer or UPC/model, exact package/variant and corresponding photo/video.","268","269","269","Items","269","no_verified_identity","","Unknown","Unknown","","""8052530052310"" fireworks","","No verified product identity from the searched code/name. Generic names and store SKUs are insufficient to assign a photo.","Verify manufacturer/model and exact retail package; inspect and acquire its authentic photo. Video is optional."
"SMZBAID5XZCSLQEYFZV5WJUQ","8052530051917","","Classic Crackers","Classic Crackers","Unknown","Unknown","Regular","Unknown","Unknown","no_match","No sufficiently specific candidate identified in the two Dynamite catalog files.","Unknown","Manufacturer or UPC/model, exact package/variant and corresponding photo/video.","269","270","270","Items","270","no_verified_identity","","Unknown","Unknown","","""8052530051917"" fireworks","","No verified product identity from the searched code/name. Generic names and store SKUs are insufficient to assign a photo.","Verify manufacturer/model and exact retail package; inspect and acquire its authentic photo. Video is optional."
"JZIJYSNHXZB5STADOAZ57JXD","680149047069","","Close Combat","Close Combat","Unknown","Unknown","Regular","Unknown","Unknown","no_match","No sufficiently specific candidate identified in the two Dynamite catalog files.","Unknown","Manufacturer or UPC/model, exact package/variant and corresponding photo/video.","270","271","271","Items","271","no_verified_identity","","Unknown","Unknown","","""680149047069"" fireworks","","No verified product identity from the searched code/name. Generic names and store SKUs are insufficient to assign a photo.","Verify manufacturer/model and exact retail package; inspect and acquire its authentic photo. Video is optional."
"ILCUK2NMBSHM2346N44FLBD4","757205301196","","Cluster Bomb 500 Gram","Cluster Bomb 500 Gram","Unknown","500 GRAM FINALE","Regular","Unknown","500 Gram","no_match","No sufficiently specific candidate identified in the two Dynamite catalog files.","Unknown","Manufacturer or UPC/model, exact package/variant and corresponding photo/video.","271","272","272","Items","272","candidate_requires_package_review","","Unknown","Unknown","","""757205301196"" fireworks","https://americanwholesalefireworks.com/cluster-bomb/ | https://www.raccoonfireworksusa.com/product-page/cluster-bomb","Code found in public source; package/brand/image and any conflicts still need individual verification.","Verify manufacturer/model and exact retail package; inspect and acquire its authentic photo. Video is optional."
"MGK6SZ2H563SI4HJP3OBSS5U","687985901340","","Cobalt Bomb","Cobalt Bomb","Unknown","Unknown","Regular","Unknown","Unknown","no_match","No sufficiently specific candidate identified in the two Dynamite catalog files.","Unknown","Manufacturer or UPC/model, exact package/variant and corresponding photo/video.","272","273","273","Items","273","candidate_requires_package_review","","Unknown","Unknown","","Compared code against official Winco UPC reference","https://www.wincofireworks.com/wp-content/uploads/2022/03/UPC-Excel-List_3.25.2022_r2.pdf","Code found in public source; package/brand/image and any conflicts still need individual verification.","Verify manufacturer/model and exact retail package; inspect and acquire its authentic photo. Video is optional."
"66TOMKXWMPIFHL57L3PU6WDD","875330252111","","Color Pearl 96 Shot","Color Pearl 96 Shot","Unknown","Unknown","Regular","Unknown","96 Shot","no_match","No sufficiently specific candidate identified in the two Dynamite catalog files.","Unknown","Manufacturer or UPC/model, exact package/variant and corresponding photo/video.","273","274","274","Items","274","no_verified_identity","","Unknown","Unknown","","""875330252111"" fireworks","","No verified product identity from the searched code/name. Generic names and store SKUs are insufficient to assign a photo.","Verify manufacturer/model and exact retail package; inspect and acquire its authentic photo. Video is optional."
"D2T55XL6ZRDLB5FBDSPK7ZXR","8145270121719","","Color Pearl Roman Candle","Color Pearl Roman Candle","Unknown","Roman Candles","Regular","Unknown","Unknown","no_match","No sufficiently specific candidate identified in the two Dynamite catalog files.","Unknown","Manufacturer or UPC/model, exact package/variant and corresponding photo/video.","274","275","275","Items","275","no_verified_identity","","Unknown","Unknown","","""8145270121719"" fireworks","","No verified product identity from the searched code/name. Generic names and store SKUs are insufficient to assign a photo.","Verify manufacturer/model and exact retail package; inspect and acquire its authentic photo. Video is optional."
"AHWAKFTGBPF373W5QDDGRP75","8145270121726","","Color Pearl Roman Candles BOGO","Color Pearl Roman Candles","Unknown","Roman Candles","Regular","Unknown","Unknown","no_match","No sufficiently specific candidate identified in the two Dynamite catalog files.","Unknown","Manufacturer or UPC/model, exact package/variant and corresponding photo/video.","275","276","276","Items","276","no_verified_identity","","Unknown","Unknown","","""8145270121726"" fireworks","","No verified product identity from the searched code/name. Generic names and store SKUs are insufficient to assign a photo.","Verify manufacturer/model and exact retail package; inspect and acquire its authentic photo. Video is optional."
"COXDJRGHTJG3HD2HXGP232WI","8052530180426","","Color Pearl With Bang Boomer-10 Ball BOGO","Color Pearl With Bang Boomer-10 Ball","Boomer","Roman Candles","Regular","Unknown","Unknown","no_match","No sufficiently specific candidate identified in the two Dynamite catalog files.","Unknown","Manufacturer or UPC/model, exact package/variant and corresponding photo/video.","276","277","277","Items","277","candidate_requires_package_review","","Unknown","Unknown","","""8052530180426"" fireworks","https://usa-fireworks.com/products/roman-candles/10-ball-bang-roman-candle/","Code found in public source; package/brand/image and any conflicts still need individual verification.","Verify manufacturer/model and exact retail package; inspect and acquire its authentic photo. Video is optional."
"47HJ4LUC2CLMGPTPX4I2RA2M","8052530180419","","Color Pearl With Bang Boomer-10 Ball BOGO","Color Pearl With Bang Boomer-10 Ball","Boomer","Roman Candles","Color Pearl Boomer With Bang-10 Ball","Color Pearl Boomer With Bang-10 Ball","Unknown","no_match","No sufficiently specific candidate identified in the two Dynamite catalog files.","Unknown","Manufacturer or UPC/model, exact package/variant and corresponding photo/video.","277","278","278","Items","278","no_verified_identity","","Unknown","Unknown","","""8052530180419"" fireworks","","No verified product identity from the searched code/name. Generic names and store SKUs are insufficient to assign a photo.","Verify manufacturer/model and exact retail package; inspect and acquire its authentic photo. Video is optional."
"5TX5WRF6MO5NFJHE43HO4GRQ","821600025077","","Color Pearls","Color Pearls","Unknown","Unknown","Regular","Unknown","Unknown","probable","Name identifies a candidate only; manufacturer and exact presentation have not been established.","products.json[49] 10 Ball Color Pearls / Monkey Mania / /products/10-ball-color-pearls.png","Manufacturer or UPC/model, exact package/variant and corresponding photo/video.","278","279","279","Items","279","no_verified_identity","","Unknown","Unknown","","""821600025077"" fireworks","","No verified product identity from the searched code/name. Generic names and store SKUs are insufficient to assign a photo.","Verify manufacturer/model and exact retail package; inspect and acquire its authentic photo. Video is optional."
"OYEEC66PCRJITCFCS4FL5RUP","757202018066","","Color Pearls 6 Count 10 Shot","Color Pearls 6 Count 10 Shot","Unknown","Roman Candles","Regular","Unknown","10 Shot","no_match","No sufficiently specific candidate identified in the two Dynamite catalog files.","Unknown","Manufacturer or UPC/model, exact package/variant and corresponding photo/video.","279","280","280","Items","280","no_verified_identity","","Unknown","Unknown","","""757202018066"" fireworks","","No verified product identity from the searched code/name. Generic names and store SKUs are insufficient to assign a photo.","Verify manufacturer/model and exact retail package; inspect and acquire its authentic photo. Video is optional."
"VLK3AKYITHQA2VRQ2QD7MWRS","757201530729","","Color Rage","Color Rage","Unknown","Unknown","Regular","Unknown","Unknown","no_match","No sufficiently specific candidate identified in the two Dynamite catalog files.","Unknown","Manufacturer or UPC/model, exact package/variant and corresponding photo/video.","280","281","281","Items","281","candidate_requires_package_review","","Unknown","Unknown","","""757201530729"" fireworks","https://staging.usa-fireworks.com/products/aerial-all-cakes/aerial-500-gram-cakes/color-rage/ | https://americanwholesalefireworks.com/color-rage/","Code found in public source; package/brand/image and any conflicts still need individual verification.","Verify manufacturer/model and exact retail package; inspect and acquire its authentic photo. Video is optional."
"TCVY46WIOJRSRTJX242W266K","8145270185216","","Color Smoke Ball 6 Pc","Color Smoke Ball 6 Pc","Unknown","Unknown","Regular","Unknown","6 Pc","no_match","No sufficiently specific candidate identified in the two Dynamite catalog files.","Unknown","Manufacturer or UPC/model, exact package/variant and corresponding photo/video.","281","282","282","Items","282","no_verified_identity","","Unknown","Unknown","","""8145270185216"" fireworks","","No verified product identity from the searched code/name. Generic names and store SKUs are insufficient to assign a photo.","Verify manufacturer/model and exact retail package; inspect and acquire its authentic photo. Video is optional."
"3MVMFOQG4D2LVDZ6CG42453F","887946021029","","Color Smoke Balls","Color Smoke Balls","Unknown","Unknown","Regular","Unknown","Unknown","no_match","No sufficiently specific candidate identified in the two Dynamite catalog files.","Unknown","Manufacturer or UPC/model, exact package/variant and corresponding photo/video.","282","283","283","Items","283","candidate_requires_package_review","","Unknown","Unknown","","""887946021029"" fireworks","https://www.pyromart.com/mob-scene-fireworks/musk-smoke-balls/ | https://www.pyromart.com/mobscenefireworks/?page=9&sort_by=price&sort_order=desc | https://www.pyromart.com/mob-scene-fireworks/page-4/?layout=short_list&sort_by=null&sort_order=asc","Code found in public source; package/brand/image and any conflicts still need individual verification.","Verify manufacturer/model and exact retail package; inspect and acquire its authentic photo. Video is optional."
"X55AAZNJ5H4A3WYATQWHUJC6","705108260256","","Color Smoke Grenade","Color Smoke Grenade","Unknown","Unknown","Regular","Unknown","Unknown","no_match","No sufficiently specific candidate identified in the two Dynamite catalog files.","Unknown","Manufacturer or UPC/model, exact package/variant and corresponding photo/video.","283","284","284","Items","284","candidate_requires_package_review","","Unknown","Unknown","","Compared code against official Winco UPC reference","https://www.wincofireworks.com/wp-content/uploads/2022/03/UPC-Excel-List_3.25.2022_r2.pdf","Code found in public source; package/brand/image and any conflicts still need individual verification.","Verify manufacturer/model and exact retail package; inspect and acquire its authentic photo. Video is optional."
"HEQRXJPC54BDZL3AERGXQY7Y","715244007028","","Color Smokeballs","Color Smokeballs","Unknown","Unknown","Regular","Unknown","Unknown","no_match","No sufficiently specific candidate identified in the two Dynamite catalog files.","Unknown","Manufacturer or UPC/model, exact package/variant and corresponding photo/video.","284","285","285","Items","285","candidate_requires_package_review","","Unknown","Unknown","","Compared code against official Winco UPC reference","https://www.wincofireworks.com/wp-content/uploads/2022/03/UPC-Excel-List_3.25.2022_r2.pdf","Code found in public source; package/brand/image and any conflicts still need individual verification.","Verify manufacturer/model and exact retail package; inspect and acquire its authentic photo. Video is optional."
"CNOC2VMJH3XFZJMHJI4N5R45","043100700074","","Color Sparklers #10","Color Sparklers #10","Unknown","Unknown","Sparklers","Sparklers","Unknown","no_match","No sufficiently specific candidate identified in the two Dynamite catalog files.","Unknown","Manufacturer or UPC/model, exact package/variant and corresponding photo/video.","285","286","286","Items","286","no_verified_identity","","Unknown","Unknown","","""043100700074"" fireworks","","No verified product identity from the searched code/name. Generic names and store SKUs are insufficient to assign a photo.","Verify manufacturer/model and exact retail package; inspect and acquire its authentic photo. Video is optional."
"7URDOO5AVQK3XPYBFVZG3BCI","757201220033","","Colorful Skies","Colorful Skies","Unknown","Unknown","Regular","Unknown","Unknown","no_match","No sufficiently specific candidate identified in the two Dynamite catalog files.","Unknown","Manufacturer or UPC/model, exact package/variant and corresponding photo/video.","286","287","287","Items","287","candidate_requires_package_review","","Unknown","Unknown","","""757201220033"" fireworks","https://ocfireworks.com/colorful-skies/ | https://www.raccoonfireworksusa.com/product-page/colorful-skies | https://gbfireworks.com/products/colorful-skies | https://americanwholesalefireworks.com/colorful-skies-raccoon/","Code found in public source; package/brand/image and any conflicts still need individual verification.","Verify manufacturer/model and exact retail package; inspect and acquire its authentic photo. Video is optional."
"2UXYY5LMMJRHVZCVIFAAOUXN","849107065013","","Comet Cannon","Comet Cannon","Unknown","Roman Candles","Regular","Unknown","Unknown","no_match","No sufficiently specific candidate identified in the two Dynamite catalog files.","Unknown","Manufacturer or UPC/model, exact package/variant and corresponding photo/video.","287","288","288","Items","288","no_verified_identity","","Unknown","Unknown","","""849107065013"" fireworks","","No verified product identity from the searched code/name. Generic names and store SKUs are insufficient to assign a photo.","Verify manufacturer/model and exact retail package; inspect and acquire its authentic photo. Video is optional."
"ZYEQGHWQMW24XASSI2XV3ECG","777319994121","","Confetti Blaster","Confetti Blaster","Unknown","Unknown","Regular","Unknown","Unknown","no_match","No sufficiently specific candidate identified in the two Dynamite catalog files.","Unknown","Manufacturer or UPC/model, exact package/variant and corresponding photo/video.","288","289","289","Items","289","candidate_requires_package_review","","Unknown","Unknown","","Compared code against official Winco UPC reference","https://www.wincofireworks.com/wp-content/uploads/2022/03/UPC-Excel-List_3.25.2022_r2.pdf","Code found in public source; package/brand/image and any conflicts still need individual verification.","Verify manufacturer/model and exact retail package; inspect and acquire its authentic photo. Video is optional."
"54J2U37QPJAWUQCUXQONKKAM","687985121427","","Corona (6 sitcks)","Corona (6 sitcks)","Unknown","Stick Rockets","Regular","Unknown","Unknown","no_match","No sufficiently specific candidate identified in the two Dynamite catalog files.","Unknown","Manufacturer or UPC/model, exact package/variant and corresponding photo/video.","289","290","290","Items","290","candidate_requires_package_review","","Unknown","Unknown","","""687985121427"" fireworks","https://ocfireworks.com/corona-rockets-6pk/ | https://americanwholesalefireworks.com/corona-rocket/ | https://americanwholesalefireworks.com/corona-rocket//","Code found in public source; package/brand/image and any conflicts still need individual verification.","Verify manufacturer/model and exact retail package; inspect and acquire its authentic photo. Video is optional."
"YOI6577F23QO7PGR4CUPKEPI","715244004867","","Cowboy Rockets (9 sticks)","Cowboy Rockets (9 sticks)","Unknown","Stick Rockets","Regular","Unknown","9 sticks","no_match","No sufficiently specific candidate identified in the two Dynamite catalog files.","Unknown","Manufacturer or UPC/model, exact package/variant and corresponding photo/video.","290","291","291","Items","291","no_verified_identity","","Unknown","Unknown","","""715244004867"" fireworks","","No verified product identity from the searched code/name. Generic names and store SKUs are insufficient to assign a photo.","Verify manufacturer/model and exact retail package; inspect and acquire its authentic photo. Video is optional."
"RNY5C7YANLXHN4FDUF6G7SDX","649762148126","","Coyote Sam 500g","Coyote Sam 500g","Unknown","Unknown","Regular","Unknown","500g","no_match","No sufficiently specific candidate identified in the two Dynamite catalog files.","Unknown","Manufacturer or UPC/model, exact package/variant and corresponding photo/video.","291","292","292","Items","292","candidate_requires_package_review","","Unknown","Unknown","","""649762148126"" fireworks","https://arfireworks.com/GM1117-Coyote-Sam-R-PC/","Code found in public source; package/brand/image and any conflicts still need individual verification.","Verify manufacturer/model and exact retail package; inspect and acquire its authentic photo. Video is optional."
"ODY4X5F35PDVTDU6QVKBRWBZ","715244003402","","Cracker Balls","Cracker Balls","Unknown","Unknown","Regular","Unknown","Unknown","no_match","No sufficiently specific candidate identified in the two Dynamite catalog files.","Unknown","Manufacturer or UPC/model, exact package/variant and corresponding photo/video.","292","293","293","Items","293","candidate_requires_package_review","","Unknown","Unknown","","Compared code against official Winco UPC reference","https://www.wincofireworks.com/wp-content/uploads/2022/03/UPC-Excel-List_3.25.2022_r2.pdf","Code found in public source; package/brand/image and any conflicts still need individual verification.","Verify manufacturer/model and exact retail package; inspect and acquire its authentic photo. Video is optional."
"LKBNUIDOVUHJUQVVRHSX2VM3","715244001187","","Cracker Bomb","Cracker Bomb","Unknown","Unknown","Regular","Unknown","Unknown","no_match","No sufficiently specific candidate identified in the two Dynamite catalog files.","Unknown","Manufacturer or UPC/model, exact package/variant and corresponding photo/video.","293","294","294","Items","294","candidate_requires_package_review","","Unknown","Unknown","","Compared code against official Winco UPC reference","https://www.wincofireworks.com/wp-content/uploads/2022/03/UPC-Excel-List_3.25.2022_r2.pdf","Code found in public source; package/brand/image and any conflicts still need individual verification.","Verify manufacturer/model and exact retail package; inspect and acquire its authentic photo. Video is optional."
"YPFHO6DMTAZG42ZDDG6C6PTV","715244063383","","Cracking Color Palms X 200 Gram 19 Shot","Cracking Color Palms X 200 Gram 19 Shot","Unknown","Unknown","Regular","Unknown","200 Gram | 19 Shot","no_match","No sufficiently specific candidate identified in the two Dynamite catalog files.","Unknown","Manufacturer or UPC/model, exact package/variant and corresponding photo/video.","294","295","295","Items","295","candidate_requires_package_review","","Unknown","Unknown","","""715244063383"" fireworks","https://www.wincofireworks.com/wp-content/uploads/2022/02/Pyro-Scan-UPC-ITEM-Database-February-2022-Sorted-By-Item-Name.pdf","Code found in public source; package/brand/image and any conflicts still need individual verification.","Verify manufacturer/model and exact retail package; inspect and acquire its authentic photo. Video is optional."
"CARIESHRS7Z7SZK7NJTLEP7M","8145270182611","","Crackling Ball 6pc Bogo.","Crackling Ball 6pc .","Unknown","Unknown","Regular","Unknown","6pc","no_match","No sufficiently specific candidate identified in the two Dynamite catalog files.","Unknown","Manufacturer or UPC/model, exact package/variant and corresponding photo/video.","295","296","296","Items","296","candidate_requires_package_review","","Unknown","Unknown","","""8145270182611"" fireworks","https://usa-fireworks.com/products/novelty/crackling-balls/","Code found in public source; package/brand/image and any conflicts still need individual verification.","Verify manufacturer/model and exact retail package; inspect and acquire its authentic photo. Video is optional."
"LT3UDBGRPQLI6X7TTOIMN4YO","688397661778","","Crash 25 Shot 200G","Crash 25 Shot 200G","Unknown","Unknown","Regular","Unknown","25 Shot | 200G","no_match","No sufficiently specific candidate identified in the two Dynamite catalog files.","Unknown","Manufacturer or UPC/model, exact package/variant and corresponding photo/video.","296","297","297","Items","297","no_verified_identity","","Unknown","Unknown","","""688397661778"" fireworks","","No verified product identity from the searched code/name. Generic names and store SKUs are insufficient to assign a photo.","Verify manufacturer/model and exact retail package; inspect and acquire its authentic photo. Video is optional."
"2KHQJPY6XSLI3ELDKJ2OMW6C","688397661754","","Crash 25 Shot 200G","Crash 25 Shot 200G","Unknown","Unknown","bazinga 25 shot 200G","bazinga 25 shot 200G","25 Shot | 200G","no_match","No sufficiently specific candidate identified in the two Dynamite catalog files.","Unknown","Manufacturer or UPC/model, exact package/variant and corresponding photo/video.","297","298","298","Items","298","no_verified_identity","","Unknown","Unknown","","""688397661754"" fireworks","","No verified product identity from the searched code/name. Generic names and store SKUs are insufficient to assign a photo.","Verify manufacturer/model and exact retail package; inspect and acquire its authentic photo. Video is optional."
"SLEB37QVCY2KFTUVOS3QP3JN","688397661761","","Crash 25 Shot 200G","Crash 25 Shot 200G","Unknown","Unknown","krunch 25 shot 200G","krunch 25 shot 200G","25 Shot | 200G","no_match","No sufficiently specific candidate identified in the two Dynamite catalog files.","Unknown","Manufacturer or UPC/model, exact package/variant and corresponding photo/video.","298","299","299","Items","299","no_verified_identity","","Unknown","Unknown","","""688397661761"" fireworks","","No verified product identity from the searched code/name. Generic names and store SKUs are insufficient to assign a photo.","Verify manufacturer/model and exact retail package; inspect and acquire its authentic photo. Video is optional."
"FIGJUNTJBEP3OSIX7BI6A6DZ","847294012131","","Crazy Chicken","Crazy Chicken","Unknown","Unknown","Regular","Unknown","Unknown","no_match","No sufficiently specific candidate identified in the two Dynamite catalog files.","Unknown","Manufacturer or UPC/model, exact package/variant and corresponding photo/video.","299","300","300","Items","300","no_verified_identity","","Unknown","Unknown","","""847294012131"" fireworks","","No verified product identity from the searched code/name. Generic names and store SKUs are insufficient to assign a photo.","Verify manufacturer/model and exact retail package; inspect and acquire its authentic photo. Video is optional."
"GFUHBZGQTVWBTZPNL5L4BB4L","687985909018","","Crime Scene","Crime Scene","Unknown","Unknown","Regular","Unknown","Unknown","no_match","No sufficiently specific candidate identified in the two Dynamite catalog files.","Unknown","Manufacturer or UPC/model, exact package/variant and corresponding photo/video.","300","301","301","Items","301","candidate_requires_package_review","","Unknown","Unknown","","Compared code against official Winco UPC reference","https://www.wincofireworks.com/wp-content/uploads/2022/03/UPC-Excel-List_3.25.2022_r2.pdf","Code found in public source; package/brand/image and any conflicts still need individual verification.","Verify manufacturer/model and exact retail package; inspect and acquire its authentic photo. Video is optional."
"ACH7X3F3TFHIS7RQSF7MTIEM","8145270150115","","Cruelty Devil 500 Gram 33 Shots","Cruelty Devil 500 Gram 33 Shots","Unknown","Unknown","Regular","Unknown","500 Gram | 33 Shots","no_match","No sufficiently specific candidate identified in the two Dynamite catalog files.","Unknown","Manufacturer or UPC/model, exact package/variant and corresponding photo/video.","301","302","302","Items","302","no_verified_identity","","Unknown","Unknown","","""8145270150115"" fireworks","","No verified product identity from the searched code/name. Generic names and store SKUs are insufficient to assign a photo.","Verify manufacturer/model and exact retail package; inspect and acquire its authentic photo. Video is optional."
"FJT7BZ4ZU7GAW6WHFWBJ3JBT","887946041485","","Cuckoo BOGO","Cuckoo","Unknown","Unknown","Regular","Unknown","Unknown","no_match","No sufficiently specific candidate identified in the two Dynamite catalog files.","Unknown","Manufacturer or UPC/model, exact package/variant and corresponding photo/video.","302","303","303","Items","303","no_verified_identity","","Unknown","Unknown","","""887946041485"" fireworks","","No verified product identity from the searched code/name. Generic names and store SKUs are insufficient to assign a photo.","Verify manufacturer/model and exact retail package; inspect and acquire its authentic photo. Video is optional."
"OG3TJTR7VFJSVHKTSYLMUMWX","887946041423","","Cuckoo BOGO","Cuckoo","Unknown","Unknown","Cuckoo 6 Pack","Cuckoo 6 Pack","Unknown","no_match","No sufficiently specific candidate identified in the two Dynamite catalog files.","Unknown","Manufacturer or UPC/model, exact package/variant and corresponding photo/video.","303","304","304","Items","304","no_verified_identity","","Unknown","Unknown","","""887946041423"" fireworks","","No verified product identity from the searched code/name. Generic names and store SKUs are insufficient to assign a photo.","Verify manufacturer/model and exact retail package; inspect and acquire its authentic photo. Video is optional."
"GY7QHO54XRO6QWTAUGPDIZH3","612005106221","","Cuckoo/killer Bees","Cuckoo/killer Bees","Unknown","Unknown","Regular","Unknown","Unknown","no_match","No sufficiently specific candidate identified in the two Dynamite catalog files.","Unknown","Manufacturer or UPC/model, exact package/variant and corresponding photo/video.","304","305","305","Items","305","no_verified_identity","","Unknown","Unknown","","""612005106221"" fireworks","","No verified product identity from the searched code/name. Generic names and store SKUs are insufficient to assign a photo.","Verify manufacturer/model and exact retail package; inspect and acquire its authentic photo. Video is optional."
"PVA6PRTMEZGNEUVU222I6IMV","8145270155219","","Customary Enforcer 500 Gram 75 Shots","Customary Enforcer 500 Gram 75 Shots","Unknown","Unknown","Regular","Unknown","500 Gram | 75 Shots","no_match","No sufficiently specific candidate identified in the two Dynamite catalog files.","Unknown","Manufacturer or UPC/model, exact package/variant and corresponding photo/video.","305","306","306","Items","306","no_verified_identity","","Unknown","Unknown","","""8145270155219"" fireworks","","No verified product identity from the searched code/name. Generic names and store SKUs are insufficient to assign a photo.","Verify manufacturer/model and exact retail package; inspect and acquire its authentic photo. Video is optional."
"UCX3BSP3MEKX5BYC5OVIKUFY","8145270101216","","Cutting Edge 1000 Ct Firecracker","Cutting Edge 1000 Ct Firecracker","Unknown","Unknown","Regular","Unknown","1000 Ct","no_match","No sufficiently specific candidate identified in the two Dynamite catalog files.","Unknown","Manufacturer or UPC/model, exact package/variant and corresponding photo/video.","306","307","307","Items","307","candidate_requires_package_review","","Unknown","Unknown","","""8145270101216"" fireworks","https://usa-fireworks.com/products/firecrackers/cutting-edge-firecrackers-1000-roll/","Code found in public source; package/brand/image and any conflicts still need individual verification.","Verify manufacturer/model and exact retail package; inspect and acquire its authentic photo. Video is optional."
"Y4LB5KXKEDFKQKP2GNQGEF4F","8145270161715","","Cutting Edge Artillery Shells","Cutting Edge Artillery Shells","Unknown","Artillery/Festival Balls","Regular","Unknown","Unknown","no_match","No sufficiently specific candidate identified in the two Dynamite catalog files.","Unknown","Manufacturer or UPC/model, exact package/variant and corresponding photo/video.","307","308","308","Items","308","no_verified_identity","","Unknown","Unknown","","""8145270161715"" fireworks","","No verified product identity from the searched code/name. Generic names and store SKUs are insufficient to assign a photo.","Verify manufacturer/model and exact retail package; inspect and acquire its authentic photo. Video is optional."
"LYTQRC7FSGFBEKFPO6JB4QR6","8145270100813","","Cutting Edge Firecrackers 200ct BOGO","Cutting Edge Firecrackers 200ct","Unknown","Unknown","Regular","Unknown","200ct","no_match","No sufficiently specific candidate identified in the two Dynamite catalog files.","Unknown","Manufacturer or UPC/model, exact package/variant and corresponding photo/video.","308","309","309","Items","309","no_verified_identity","","Unknown","Unknown","","""8145270100813"" fireworks","","No verified product identity from the searched code/name. Generic names and store SKUs are insufficient to assign a photo.","Verify manufacturer/model and exact retail package; inspect and acquire its authentic photo. Video is optional."
"J6SLR7ZFLS7GBVRMGAEKIT4T","","687985211517","Daffodil 200 Gram","Daffodil 200 Gram","Unknown","Unknown","Regular","Unknown","200 Gram","no_match","No sufficiently specific candidate identified in the two Dynamite catalog files.","Unknown","Manufacturer or UPC/model, exact package/variant and corresponding photo/video.","309","310","310","Items","310","candidate_requires_package_review","","Unknown","Unknown","","""687985211517"" fireworks","https://americanwholesalefireworks.com/daffodil/","Code found in public source; package/brand/image and any conflicts still need individual verification.","Verify manufacturer/model and exact retail package; inspect and acquire its authentic photo. Video is optional."
"US6AED6QGLESYW7FW7TOXD47","705108115518","","Dagger","Dagger","Unknown","Unknown","Regular","Unknown","Unknown","no_match","No sufficiently specific candidate identified in the two Dynamite catalog files.","Unknown","Manufacturer or UPC/model, exact package/variant and corresponding photo/video.","310","311","311","Items","311","no_verified_identity","","Unknown","Unknown","","""705108115518"" fireworks","","No verified product identity from the searched code/name. Generic names and store SKUs are insufficient to assign a photo.","Verify manufacturer/model and exact retail package; inspect and acquire its authentic photo. Video is optional."
"TPBOMNN4CK7ETI3SUSVUTQZ7","757205301462","","Dance In The Rain 500 Gram","Dance In The Rain 500 Gram","Unknown","500 GRAM FINALE","Regular","Unknown","500 Gram","no_match","No sufficiently specific candidate identified in the two Dynamite catalog files.","Unknown","Manufacturer or UPC/model, exact package/variant and corresponding photo/video.","311","312","312","Items","312","candidate_requires_package_review","","Unknown","Unknown","","""757205301462"" fireworks","https://gbfireworks.com/products/dance-in-the-rain | https://www.raccoonfireworksusa.com/product-page/dance-in-the-rain","Code found in public source; package/brand/image and any conflicts still need individual verification.","Verify manufacturer/model and exact retail package; inspect and acquire its authentic photo. Video is optional."
"SAEDDBA2AX5RXVFM64AUJRUU","943100700060","","Dancing Butterfly Fountain 6 Pk","Dancing Butterfly Fountain 6 Pk","Unknown","Fountains","Regular","Unknown","Unknown","no_match","No sufficiently specific candidate identified in the two Dynamite catalog files.","Unknown","Manufacturer or UPC/model, exact package/variant and corresponding photo/video.","312","313","313","Items","313","no_verified_identity","","Unknown","Unknown","","""943100700060"" fireworks","","No verified product identity from the searched code/name. Generic names and store SKUs are insufficient to assign a photo.","Verify manufacturer/model and exact retail package; inspect and acquire its authentic photo. Video is optional."
"GOIVSX5DISLUFTWXVSAEYSUG","705108146932","","Daytime Gender Reveal 16 Shot 200G","Daytime Gender Reveal 16 Shot 200G","Unknown","Unknown","Regular","Unknown","16 Shot | 200G","probable","Name identifies a candidate only; manufacturer and exact presentation have not been established.","gender-reveal.json[2] Gender Reveal / Unknown / /products/gender-reveal.png","Manufacturer or UPC/model, exact package/variant and corresponding photo/video.","313","314","314","Items","314","candidate_requires_package_review","","Unknown","Unknown","","""705108146932"" fireworks","https://usa-fireworks.com/products/gender-reveal/daytime-reveal-pink/ | https://reiglefamilyfireworks.com/MS469P-Daytime-Reveal-Pink-R-PC/","Code found in public source; package/brand/image and any conflicts still need individual verification.","Verify manufacturer/model and exact retail package; inspect and acquire its authentic photo. Video is optional."
"XES5VOPMCWFHSSS2Z36CIXHS","687985908592","","Deadly Dozen","Deadly Dozen","Unknown","Unknown","Regular","Unknown","Unknown","no_match","No sufficiently specific candidate identified in the two Dynamite catalog files.","Unknown","Manufacturer or UPC/model, exact package/variant and corresponding photo/video.","314","315","315","Items","315","candidate_requires_package_review","","Unknown","Unknown","","""687985908592"" fireworks","https://shop.midnightmadnessfireworks.com/MS499-The-Deadly-Dozen/ | https://killervfireworks.com/MS499-The-Deadly-Dozen/ | https://blackkatpyro.com/MS499-The-Deadly-Dozen/ | https://bigdaddyksfireworksoutlet.com/product/the-deadly-dozen/ | https://www.lastchancefireworks.com/shop/c/p/The-Deadly-Dozen-12-cake-assortment-x63066822.htm","Code found in public source; package/brand/image and any conflicts still need individual verification.","Verify manufacturer/model and exact retail package; inspect and acquire its authentic photo. Video is optional."
"7IRY6HSNH4VNPLT6PXWZKT75","814527301416","","Death Craze 500 Gram 25 Shots","Death Craze 500 Gram 25 Shots","Unknown","Unknown","Regular","Unknown","500 Gram | 25 Shots","no_match","No sufficiently specific candidate identified in the two Dynamite catalog files.","Unknown","Manufacturer or UPC/model, exact package/variant and corresponding photo/video.","315","316","316","Items","316","no_verified_identity","","Unknown","Unknown","","""814527301416"" fireworks","","No verified product identity from the searched code/name. Generic names and store SKUs are insufficient to assign a photo.","Verify manufacturer/model and exact retail package; inspect and acquire its authentic photo. Video is optional."
"FOBFNTFXNE7QORSE2A2AI7BT","8145270144916","","Death Rattle 200 Gram 25 Shot","Death Rattle 200 Gram 25 Shot","Unknown","Unknown","Regular","Unknown","200 Gram | 25 Shot","no_match","No sufficiently specific candidate identified in the two Dynamite catalog files.","Unknown","Manufacturer or UPC/model, exact package/variant and corresponding photo/video.","316","317","317","Items","317","candidate_requires_package_review","","Unknown","Unknown","","""8145270144916"" fireworks","https://ocfireworks.com/death-rattle/","Code found in public source; package/brand/image and any conflicts still need individual verification.","Verify manufacturer/model and exact retail package; inspect and acquire its authentic photo. Video is optional."
"YQF53NHFFBFUSMKF35LBA6VG","400141322120","","Demon Shells","Demon Shells","Unknown","Unknown","Regular","Unknown","Unknown","no_match","No sufficiently specific candidate identified in the two Dynamite catalog files.","Unknown","Manufacturer or UPC/model, exact package/variant and corresponding photo/video.","317","318","318","Items","318","no_verified_identity","","Unknown","Unknown","","""400141322120"" fireworks","","No verified product identity from the searched code/name. Generic names and store SKUs are insufficient to assign a photo.","Verify manufacturer/model and exact retail package; inspect and acquire its authentic photo. Video is optional."
"HOJWUIDUTAOYK255JGDXN7E5","757201525183","","Demon Stinger 500 Gram","Demon Stinger 500 Gram","Unknown","500 GRAM FINALE","Regular","Unknown","500 Gram","no_match","No sufficiently specific candidate identified in the two Dynamite catalog files.","Unknown","Manufacturer or UPC/model, exact package/variant and corresponding photo/video.","318","319","319","Items","319","no_verified_identity","","Unknown","Unknown","","""757201525183"" fireworks","","No verified product identity from the searched code/name. Generic names and store SKUs are insufficient to assign a photo.","Verify manufacturer/model and exact retail package; inspect and acquire its authentic photo. Video is optional."
"XF6HKHESS6PH3D2OUJFBXNAH","037226808134","","Depth Charge","Depth Charge","Unknown","Unknown","Regular","Unknown","Unknown","no_match","No sufficiently specific candidate identified in the two Dynamite catalog files.","Unknown","Manufacturer or UPC/model, exact package/variant and corresponding photo/video.","319","320","320","Items","320","no_verified_identity","","Unknown","Unknown","","""037226808134"" fireworks","","No verified product identity from the searched code/name. Generic names and store SKUs are insufficient to assign a photo.","Verify manufacturer/model and exact retail package; inspect and acquire its authentic photo. Video is optional."
"4NC6DX6Y2QALM2DXWI2KTDPX","821600009305","","Desert At Night Fountain","Desert At Night Fountain","Unknown","Fountains","Regular","Unknown","Unknown","no_match","No sufficiently specific candidate identified in the two Dynamite catalog files.","Unknown","Manufacturer or UPC/model, exact package/variant and corresponding photo/video.","320","321","321","Items","321","no_verified_identity","","Unknown","Unknown","","""821600009305"" fireworks","","No verified product identity from the searched code/name. Generic names and store SKUs are insufficient to assign a photo.","Verify manufacturer/model and exact retail package; inspect and acquire its authentic photo. Video is optional."
"XKO5S6U3AXIMVMIH2DN4FUOH","887946003407","","Desert Eagle 9 Shots","Desert Eagle 9 Shots","Unknown","Unknown","Regular","Unknown","9 Shots","no_match","No sufficiently specific candidate identified in the two Dynamite catalog files.","Unknown","Manufacturer or UPC/model, exact package/variant and corresponding photo/video.","321","322","322","Items","322","no_verified_identity","","Unknown","Unknown","","""887946003407"" fireworks","","No verified product identity from the searched code/name. Generic names and store SKUs are insufficient to assign a photo.","Verify manufacturer/model and exact retail package; inspect and acquire its authentic photo. Video is optional."
"4MNGOKBOL3IPGMHAVCPUY6MW","8052530200513","","Desert Smoke","Desert Smoke","Unknown","Unknown","Regular","Unknown","Unknown","no_match","No sufficiently specific candidate identified in the two Dynamite catalog files.","Unknown","Manufacturer or UPC/model, exact package/variant and corresponding photo/video.","322","323","323","Items","323","no_verified_identity","","Unknown","Unknown","","""8052530200513"" fireworks","","No verified product identity from the searched code/name. Generic names and store SKUs are insufficient to assign a photo.","Verify manufacturer/model and exact retail package; inspect and acquire its authentic photo. Video is optional."
"MUWPARNM5IHEUEY3Q3TOSK5C","687985905201","","Desperado 108 Breaks","Desperado 108 Breaks","Unknown","Unknown","Regular","Unknown","108 Breaks","no_match","No sufficiently specific candidate identified in the two Dynamite catalog files.","Unknown","Manufacturer or UPC/model, exact package/variant and corresponding photo/video.","323","324","324","Items","324","no_verified_identity","","Unknown","Unknown","","""687985905201"" fireworks","","No verified product identity from the searched code/name. Generic names and store SKUs are insufficient to assign a photo.","Verify manufacturer/model and exact retail package; inspect and acquire its authentic photo. Video is optional."
"NH3YFLWYGENMILFCAQSJMENN","757202300161","","Dino Eggsplosion Assortment Pack","Dino Eggsplosion Assortment Pack","Unknown","Unknown","Regular","Unknown","Unknown","probable","Name identifies a candidate only; manufacturer and exact presentation have not been established.","products.json[35] Dino Eggsplosion / Monkey Mania / /products/dino-eggsplosion.png","Manufacturer or UPC/model, exact package/variant and corresponding photo/video.","324","325","325","Items","325","package_review","","Monkey Mania","MM30016","","""757202300161"" fireworks","https://www.raccoonfireworksusa.com/product-page/dino-eggsplosion","Exact UPC 757202300161 identifies Dino Eggsplosion. Local photo shows three egg color variants plus unpacked contents. It does not establish that all three eggs are sold together.","Verify one-egg retail contents and obtain a photo that does not imply a three-egg assortment."
"XDAMKKBGUSBTYTB3QTKXU5RN","705108097807","","Diwali Dazzler","Diwali Dazzler","Unknown","Unknown","Regular","Unknown","Unknown","probable","Two Square tokens have the same Diwali Dazzler name but different SKUs. Source cannot distinguish their presentations; do not merge.","products.json[149] Diwali Dazzler / Winda / /products/diwali-dazzler.png","Manufacturer or UPC/model, exact package/variant and corresponding photo/video.","325","326","326","Items","326","identity_review","","Unknown","Unknown","","""705108097807"" fireworks","https://www.getwinda.com/product-page/diwali-dazzler","This Diwali Dazzler uses 705108097807, unlike verified Winda P0038 unit UPC 705108003808 on row 326. No silent merge.","Identify alternate UPC/presentation with package evidence."
"EOL2XMCH6ACC23AV2DB3TJRG","649762148690","","Doge This 200 G","Doge This 200 G","Unknown","Unknown","Regular","Unknown","200 G","no_match","No sufficiently specific candidate identified in the two Dynamite catalog files.","Unknown","Manufacturer or UPC/model, exact package/variant and corresponding photo/video.","327","328","328","Items","328","no_verified_identity","","Unknown","Unknown","","""649762148690"" fireworks","","No verified product identity from the searched code/name. Generic names and store SKUs are insufficient to assign a photo.","Verify manufacturer/model and exact retail package; inspect and acquire its authentic photo. Video is optional."
"5TD5X4FLPVCTVQF7BHYK32IN","757205301738","","Dont Tread On Me 500 Gram","Dont Tread On Me 500 Gram","Unknown","500 GRAM FINALE","Regular","Unknown","500 Gram","no_match","No sufficiently specific candidate identified in the two Dynamite catalog files.","Unknown","Manufacturer or UPC/model, exact package/variant and corresponding photo/video.","328","329","329","Items","329","no_verified_identity","","Unknown","Unknown","","""757205301738"" fireworks","","No verified product identity from the searched code/name. Generic names and store SKUs are insufficient to assign a photo.","Verify manufacturer/model and exact retail package; inspect and acquire its authentic photo. Video is optional."
"LKGFXCZ2K7OWM7KUC65CNSR2","821600012121","","Double Break Artillery Shells","Double Break Artillery Shells","Unknown","Unknown","Regular","Unknown","Unknown","no_match","No sufficiently specific candidate identified in the two Dynamite catalog files.","Unknown","Manufacturer or UPC/model, exact package/variant and corresponding photo/video.","329","330","330","Items","330","no_verified_identity","","Unknown","Unknown","","""821600012121"" fireworks","","No verified product identity from the searched code/name. Generic names and store SKUs are insufficient to assign a photo.","Verify manufacturer/model and exact retail package; inspect and acquire its authentic photo. Video is optional."
"LBTCKAS2RFQS5ZCE3YWQ2ECX","887946003315","","Double Knight Paraschutes","Double Knight Paraschutes","Unknown","Unknown","Regular","Unknown","Unknown","no_match","No sufficiently specific candidate identified in the two Dynamite catalog files.","Unknown","Manufacturer or UPC/model, exact package/variant and corresponding photo/video.","331","332","332","Items","332","candidate_requires_package_review","","Unknown","Unknown","","""887946003315"" fireworks","https://fliphtml5.com/oyvgf/jwia/Fireworks_and_Special_Effects%3A_A_Selection_Guide/45/ | https://fliphtml5.com/oyvgf/jwia/2024/","Code found in public source; package/brand/image and any conflicts still need individual verification.","Verify manufacturer/model and exact retail package; inspect and acquire its authentic photo. Video is optional."
"CVUYVGDATU552XE7223KCXM7","811451015150","","Dragon Fire Fountain","Dragon Fire Fountain","Unknown","Fountains","Regular","Unknown","Unknown","no_match","No sufficiently specific candidate identified in the two Dynamite catalog files.","Unknown","Manufacturer or UPC/model, exact package/variant and corresponding photo/video.","332","333","333","Items","333","candidate_requires_package_review","","Unknown","Unknown","","Compared code against official Winco UPC reference","https://www.wincofireworks.com/wp-content/uploads/2022/03/UPC-Excel-List_3.25.2022_r2.pdf","Code found in public source; package/brand/image and any conflicts still need individual verification.","Verify manufacturer/model and exact retail package; inspect and acquire its authentic photo. Video is optional."
"PQP2GSG52X57UH5U4X4ATBUH","757201220101","","Dreams From Heaven","Dreams From Heaven","Unknown","Unknown","Regular","Unknown","Unknown","no_match","No sufficiently specific candidate identified in the two Dynamite catalog files.","Unknown","Manufacturer or UPC/model, exact package/variant and corresponding photo/video.","333","334","334","Items","334","candidate_requires_package_review","","Unknown","Unknown","","""757201220101"" fireworks","https://dynamitefireworkswarehouse.com/products/Dreams-from-Heaven-25S-p604769558","Code found in public source; package/brand/image and any conflicts still need individual verification.","Verify manufacturer/model and exact retail package; inspect and acquire its authentic photo. Video is optional."
"UV4AAU7AWTUYZJHIN2BGVUDU","514677009001","","Drone","Drone","Unknown","Fountains","Regular","Unknown","Unknown","no_match","No sufficiently specific candidate identified in the two Dynamite catalog files.","Unknown","Manufacturer or UPC/model, exact package/variant and corresponding photo/video.","334","335","335","Items","335","no_verified_identity","","Unknown","Unknown","","""514677009001"" fireworks","","No verified product identity from the searched code/name. Generic names and store SKUs are insufficient to assign a photo.","Verify manufacturer/model and exact retail package; inspect and acquire its authentic photo. Video is optional."
"EJW2WP3EQ26XQFIYAVT7XUJV","8052530020715","","Dyno Mighty Mite","Dyno Mighty Mite","Unknown","Unknown","Regular","Unknown","Unknown","no_match","No sufficiently specific candidate identified in the two Dynamite catalog files.","Unknown","Manufacturer or UPC/model, exact package/variant and corresponding photo/video.","335","336","336","Items","336","candidate_requires_package_review","","Unknown","Unknown","","""8052530020715"" fireworks","https://staging.usa-fireworks.com/products/firecrackers-salutes/dyno-mighty-mite/ | https://usa-fireworks.com/products/firecrackers-salutes/dyno-mighty-mite/ | https://beta2024.usa-fireworks.com/products/firecrackers-salutes/dyno-mighty-mite/","Code found in public source; package/brand/image and any conflicts still need individual verification.","Verify manufacturer/model and exact retail package; inspect and acquire its authentic photo. Video is optional."
"EMV5KGIZEKFEZ47LERLTHHQ6","","841527120211","Echo Blast (2 sticks)","Echo Blast (2 sticks)","Unknown","Stick Rockets","Regular","Unknown","2 sticks","no_match","No sufficiently specific candidate identified in the two Dynamite catalog files.","Unknown","Manufacturer or UPC/model, exact package/variant and corresponding photo/video.","337","338","338","Items","338","candidate_requires_package_review","","Unknown","Unknown","","""841527120211"" fireworks","https://pyromaniapyro.com/echo-blast/ | https://whitenightsfireworks.com/product/echo-blast/ | https://dosgringosfireworks.com/echo-blast-2-pack-strobe-rocket/ | https://www.t-skyfireworks.com/wp-content/uploads/2025/07/2026-Mecha-Product-Catalog.pdf","Code found in public source; package/brand/image and any conflicts still need individual verification.","Verify manufacturer/model and exact retail package; inspect and acquire its authentic photo. Video is optional."
"7PKHZPICZEFA4JUC4RVRVXGK","020165000110","","El Borracho 500 Gram","El Borracho 500 Gram","Unknown","500 GRAM FINALE","Regular","Unknown","500 Gram","no_match","No sufficiently specific candidate identified in the two Dynamite catalog files.","Unknown","Manufacturer or UPC/model, exact package/variant and corresponding photo/video.","338","339","339","Items","339","no_verified_identity","","Unknown","Unknown","","""020165000110"" fireworks","","No verified product identity from the searched code/name. Generic names and store SKUs are insufficient to assign a photo.","Verify manufacturer/model and exact retail package; inspect and acquire its authentic photo. Video is optional."
"ADOJ2HOWLC3REE7GQSLVGOEP","680149005007","","Electric Sparklers ","Electric Sparklers","Unknown","Unknown","Regular","Unknown","Unknown","no_match","No sufficiently specific candidate identified in the two Dynamite catalog files.","Unknown","Manufacturer or UPC/model, exact package/variant and corresponding photo/video.","339","340","340","Items","340","candidate_requires_package_review","","Unknown","Unknown","","""680149005007"" fireworks","https://staging.usa-fireworks.com/products/sparklers/10-color-sparkler-single-pack-of-8-sparklers/","Code found in public source; package/brand/image and any conflicts still need individual verification.","Verify manufacturer/model and exact retail package; inspect and acquire its authentic photo. Video is optional."
"EUGR467EG6YBC7IZANAOIYUQ","680149004987","","Electric Sparklers ","Electric Sparklers","Unknown","Unknown","Electric Sparklers BOGO","Electric Sparklers BOGO","Unknown","no_match","No sufficiently specific candidate identified in the two Dynamite catalog files.","Unknown","Manufacturer or UPC/model, exact package/variant and corresponding photo/video.","340","341","341","Items","341","no_verified_identity","","Unknown","Unknown","","""680149004987"" fireworks","","No verified product identity from the searched code/name. Generic names and store SKUs are insufficient to assign a photo.","Verify manufacturer/model and exact retail package; inspect and acquire its authentic photo. Video is optional."
"55MZDC6656ZFQBJ72GZUVDHL","680149004994","","Electric Sparklers ","Electric Sparklers","Unknown","Unknown","Electric Sparklers","Electric Sparklers","Unknown","no_match","No sufficiently specific candidate identified in the two Dynamite catalog files.","Unknown","Manufacturer or UPC/model, exact package/variant and corresponding photo/video.","341","342","342","Items","342","no_verified_identity","","Unknown","Unknown","","""680149004994"" fireworks","","No verified product identity from the searched code/name. Generic names and store SKUs are insufficient to assign a photo.","Verify manufacturer/model and exact retail package; inspect and acquire its authentic photo. Video is optional."
"HMEMTGD4XOIEVVLSFIF3T662","849107066058","","Emoji Sparklers","Emoji Sparklers","Unknown","Unknown","Regular","Unknown","Unknown","no_match","No sufficiently specific candidate identified in the two Dynamite catalog files.","Unknown","Manufacturer or UPC/model, exact package/variant and corresponding photo/video.","342","343","343","Items","343","no_verified_identity","","Unknown","Unknown","","""849107066058"" fireworks","","No verified product identity from the searched code/name. Generic names and store SKUs are insufficient to assign a photo.","Verify manufacturer/model and exact retail package; inspect and acquire its authentic photo. Video is optional."
"VYONZ7ZLNL2R6YKAJHXVZMXS","757201545082","","Evil Temptation","Evil Temptation","Unknown","Unknown","Regular","Unknown","Unknown","no_match","No sufficiently specific candidate identified in the two Dynamite catalog files.","Unknown","Manufacturer or UPC/model, exact package/variant and corresponding photo/video.","343","344","344","Items","344","candidate_requires_package_review","","Unknown","Unknown","","""757201545082"" fireworks","https://www.raccoonfireworksusa.com/product-page/evil-temptation","Code found in public source; package/brand/image and any conflicts still need individual verification.","Verify manufacturer/model and exact retail package; inspect and acquire its authentic photo. Video is optional."
"KLAC5WRPOD32YE2RHQYR5D5T","8052530140116","","Excalibur 4""Artillery Shells 24 Pack","Excalibur 4""Artillery Shells 24 Pack","Unknown","24 Pack Artillery Shells 4""","Regular","Unknown","4"" | 24 Pack","no_match","No sufficiently specific candidate identified in the two Dynamite catalog files.","Unknown","Manufacturer or UPC/model, exact package/variant and corresponding photo/video.","344","345","345","Items","345","candidate_requires_package_review","","Unknown","Unknown","","""8052530140116"" fireworks","https://www.kandkfireworks.com/product-page/excalibur-24-canister-shells | https://bigdaddyksfireworksoutlet.com/product/excalibur/ | https://dosgringosfireworks.com/excalibur-fireworks-artillery-shells-24-pack/ | https://staging.usa-fireworks.com/products/artillery-shells/excalibur/","Code found in public source; package/brand/image and any conflicts still need individual verification.","Verify manufacturer/model and exact retail package; inspect and acquire its authentic photo. Video is optional."
"374DOYWQNPU2ZPQDA4RXLATG","","805253357013","Excalibur Platinum","Excalibur Platinum","Unknown","Unknown","Regular","Unknown","Unknown","no_match","No sufficiently specific candidate identified in the two Dynamite catalog files.","Unknown","Manufacturer or UPC/model, exact package/variant and corresponding photo/video.","345","346","346","Items","346","candidate_requires_package_review","","Unknown","Unknown","","""805253357013"" fireworks","https://www.kandkfireworks.com/product-page/excalibur-platinum-5 | https://staging.usa-fireworks.com/products/artillery-shells/excalibur-platinum-2/ | https://dosgringosfireworks.com/excalibur-platinum-artillery-shells-24-pack/ | https://sanduskyfireworks.com/product/458880/18045470-EXCALIBUR_PLATINUM | https://www.lastchancefireworks.com/shop/c/p/Excalibur-Platinum-24-pk-x59617303.htm","Code found in public source; package/brand/image and any conflicts still need individual verification.","Verify manufacturer/model and exact retail package; inspect and acquire its authentic photo. Video is optional."
"CN2UGPN7G32ABKP2HR4VE56Y","705108320714","","Explosso","Explosso","Unknown","Unknown","Regular","Unknown","Unknown","no_match","No sufficiently specific candidate identified in the two Dynamite catalog files.","Unknown","Manufacturer or UPC/model, exact package/variant and corresponding photo/video.","346","347","347","Items","347","no_verified_identity","","Unknown","Unknown","","""705108320714"" fireworks","","No verified product identity from the searched code/name. Generic names and store SKUs are insufficient to assign a photo.","Verify manufacturer/model and exact retail package; inspect and acquire its authentic photo. Video is optional."
"RRTRFIN5QPPFPDBBV7CIJF7C","705108320721","","Explosso","Explosso","Unknown","Unknown","Banguccino","Banguccino","Unknown","no_match","No sufficiently specific candidate identified in the two Dynamite catalog files.","Unknown","Manufacturer or UPC/model, exact package/variant and corresponding photo/video.","347","348","348","Items","348","no_verified_identity","","Unknown","Unknown","","""705108320721"" fireworks","","No verified product identity from the searched code/name. Generic names and store SKUs are insufficient to assign a photo.","Verify manufacturer/model and exact retail package; inspect and acquire its authentic photo. Video is optional."
"KVCMEBUSBBC2K6IEAVWCFPMM","705108320738","","Explosso","Explosso","Unknown","Unknown","Boomcha","Boomcha","Unknown","no_match","No sufficiently specific candidate identified in the two Dynamite catalog files.","Unknown","Manufacturer or UPC/model, exact package/variant and corresponding photo/video.","348","349","349","Items","349","no_verified_identity","","Unknown","Unknown","","""705108320738"" fireworks","","No verified product identity from the searched code/name. Generic names and store SKUs are insufficient to assign a photo.","Verify manufacturer/model and exact retail package; inspect and acquire its authentic photo. Video is optional."
"PY2S2TC72LQ7GCOBSZAKSH2I","705108320745","","Explosso","Explosso","Unknown","Unknown","Explosso","Explosso","Unknown","no_match","No sufficiently specific candidate identified in the two Dynamite catalog files.","Unknown","Manufacturer or UPC/model, exact package/variant and corresponding photo/video.","349","350","350","Items","350","no_verified_identity","","Unknown","Unknown","","""705108320745"" fireworks","","No verified product identity from the searched code/name. Generic names and store SKUs are insufficient to assign a photo.","Verify manufacturer/model and exact retail package; inspect and acquire its authentic photo. Video is optional."
"UF6JHMTYDKFORDNS4HWDVFKD","715244000289","","Extra Large Missile Strike Force","Extra Large Missile Strike Force","Unknown","Unknown","Regular","Unknown","Unknown","no_match","No sufficiently specific candidate identified in the two Dynamite catalog files.","Unknown","Manufacturer or UPC/model, exact package/variant and corresponding photo/video.","350","351","351","Items","351","no_verified_identity","","Unknown","Unknown","","""715244000289"" fireworks","","No verified product identity from the searched code/name. Generic names and store SKUs are insufficient to assign a photo.","Verify manufacturer/model and exact retail package; inspect and acquire its authentic photo. Video is optional."
"2OR3O44WVF5KVALIHJFA3LOR","725272730737","","Extra Small Missile BOGO","Extra Small Missile","Unknown","Unknown","Regular","Unknown","Unknown","no_match","No sufficiently specific candidate identified in the two Dynamite catalog files.","Unknown","Manufacturer or UPC/model, exact package/variant and corresponding photo/video.","351","352","352","Items","352","no_verified_identity","","Unknown","Unknown","","""725272730737"" fireworks","","No verified product identity from the searched code/name. Generic names and store SKUs are insufficient to assign a photo.","Verify manufacturer/model and exact retail package; inspect and acquire its authentic photo. Video is optional."
"TZ7NZC3KAQMF42QI6KKDPPCB","","687985431519","Fairies in a Jar","Fairies in a Jar","Unknown","Fountains","Regular","Unknown","Unknown","no_match","No sufficiently specific candidate identified in the two Dynamite catalog files.","Unknown","Manufacturer or UPC/model, exact package/variant and corresponding photo/video.","352","353","353","Items","353","no_verified_identity","","Unknown","Unknown","","""687985431519"" fireworks","","No verified product identity from the searched code/name. Generic names and store SKUs are insufficient to assign a photo.","Verify manufacturer/model and exact retail package; inspect and acquire its authentic photo. Video is optional."
"Y6HDHYHSC4SVETG4GORA6KKQ","514677060231","","Fallout 24 Shot","Fallout 24 Shot","Unknown","Unknown","Regular","Unknown","24 Shot","no_match","No sufficiently specific candidate identified in the two Dynamite catalog files.","Unknown","Manufacturer or UPC/model, exact package/variant and corresponding photo/video.","353","354","354","Items","354","candidate_requires_package_review","","Unknown","Unknown","","Compared code against official Winco UPC reference","https://www.wincofireworks.com/wp-content/uploads/2022/03/UPC-Excel-List_3.25.2022_r2.pdf","Code found in public source; package/brand/image and any conflicts still need individual verification.","Verify manufacturer/model and exact retail package; inspect and acquire its authentic photo. Video is optional."
"IR3A4AZBTWTPF7MKEZLRKQLH","805253331518","","Family Truckster","Family Truckster","Unknown","Unknown","Regular","Unknown","Unknown","no_match","No sufficiently specific candidate identified in the two Dynamite catalog files.","Unknown","Manufacturer or UPC/model, exact package/variant and corresponding photo/video.","354","355","355","Items","355","no_verified_identity","","Unknown","Unknown","","""805253331518"" fireworks","","No verified product identity from the searched code/name. Generic names and store SKUs are insufficient to assign a photo.","Verify manufacturer/model and exact retail package; inspect and acquire its authentic photo. Video is optional."
"34WO5SSWVN4FZCU64IKAKXIY","887946003421","","Fantastic Thunder","Fantastic Thunder","Unknown","Unknown","Regular","Unknown","Unknown","no_match","No sufficiently specific candidate identified in the two Dynamite catalog files.","Unknown","Manufacturer or UPC/model, exact package/variant and corresponding photo/video.","355","356","356","Items","356","candidate_requires_package_review","","Unknown","Unknown","","""887946003421"" fireworks","https://fliphtml5.com/oyvgf/jwia/Fireworks_and_Special_Effects%3A_A_Selection_Guide/36/ | https://fliphtml5.com/oyvgf/jwia/2024/","Code found in public source; package/brand/image and any conflicts still need individual verification.","Verify manufacturer/model and exact retail package; inspect and acquire its authentic photo. Video is optional."
"BRFA4UPVQ2UAQ6NV4GZ4EMPG","8145270211519","","Feel The Pain 200 Gram 16 Shot","Feel The Pain 200 Gram 16 Shot","Unknown","Unknown","Regular","Unknown","200 Gram | 16 Shot","no_match","No sufficiently specific candidate identified in the two Dynamite catalog files.","Unknown","Manufacturer or UPC/model, exact package/variant and corresponding photo/video.","356","357","357","Items","357","candidate_requires_package_review","","Unknown","Unknown","","""8145270211519"" fireworks","https://usa-fireworks.com/products/aerial-all-cakes/aerial-200-gram-cakes/feel-the-pain/","Code found in public source; package/brand/image and any conflicts still need individual verification.","Verify manufacturer/model and exact retail package; inspect and acquire its authentic photo. Video is optional."
"TMKBXI7CUM5H2JOPFUNNWEJM","805253414211","","Festival Balls (Boomer 6 pcs) (Blue Box)","Festival Balls (Boomer 6 pcs) (Blue Box)","Boomer","Artillery/Festival Balls","Regular","Unknown","6 pcs","probable","Festival Balls variants have different named brands/box colors. Monkey Mania yellow-box assets do not establish identity of this variant.","products.json[65] Festival Balls / Monkey Mania / /products/festival-balls.png","Manufacturer or UPC/model, exact package/variant and corresponding photo/video.","357","358","358","Items","358","no_verified_identity","","Unknown","Unknown","","""805253414211"" fireworks","","No verified product identity from the searched code/name. Generic names and store SKUs are insufficient to assign a photo.","Verify manufacturer/model and exact retail package; inspect and acquire its authentic photo. Video is optional."
"TGZ6I3LK5MKTW6422R4E6QJL","805253335219","","Festival Balls (Boomer 6 pcs) (Red/Black Box)","Festival Balls (Boomer 6 pcs) (Red/Black Box)","Boomer","Artillery/Festival Balls","Regular","Unknown","6 pcs","probable","Festival Balls variants have different named brands/box colors. Monkey Mania yellow-box assets do not establish identity of this variant.","products.json[65] Festival Balls / Monkey Mania / /products/festival-balls.png","Manufacturer or UPC/model, exact package/variant and corresponding photo/video.","358","359","359","Items","359","candidate_requires_package_review","","Unknown","Unknown","","""805253335219"" fireworks","https://usa-fireworks.com/products/artillery-shells/festival-balls-3/","Code found in public source; package/brand/image and any conflicts still need individual verification.","Verify manufacturer/model and exact retail package; inspect and acquire its authentic photo. Video is optional."
"I3H4AEXZ4NK55UI7K7BX3RKD","805253414228","","Festival Balls (WC 6 pcs) (Black Box)","Festival Balls (WC 6 pcs) (Black Box)","Unknown","Artillery/Festival Balls","Regular","Unknown","6 pcs","probable","Festival Balls variants have different named brands/box colors. Monkey Mania yellow-box assets do not establish identity of this variant.","products.json[65] Festival Balls / Monkey Mania / /products/festival-balls.png","Manufacturer or UPC/model, exact package/variant and corresponding photo/video.","360","361","361","Items","361","no_verified_identity","","Unknown","Unknown","","""805253414228"" fireworks","","No verified product identity from the searched code/name. Generic names and store SKUs are insufficient to assign a photo.","Verify manufacturer/model and exact retail package; inspect and acquire its authentic photo. Video is optional."
"UHU3VWJJGHU7PL66542PKXTI","","715244022472","Festival Fountain Black Cat. Quiet","Festival Fountain Black Cat. Quiet","Black Cat","Fountains","Regular","Unknown","Unknown","no_match","No sufficiently specific candidate identified in the two Dynamite catalog files.","Unknown","Manufacturer or UPC/model, exact package/variant and corresponding photo/video.","361","362","362","Items","362","candidate_requires_package_review","","Unknown","Unknown","","""715244022472"" fireworks","https://usa-fireworks.com/products/fountains/fountains-200-gram/festival-fountain-xx-second-fountain/ | https://bartzfireworks.com/product/black-cat-festival-fountain/","Code found in public source; package/brand/image and any conflicts still need individual verification.","Verify manufacturer/model and exact retail package; inspect and acquire its authentic photo. Video is optional."
"IS6N3O5MBWG3G2ME7EQNMUQY","705108501168","","Fine Roulette","Fine Roulette","Unknown","Fountains","Regular","Unknown","Unknown","no_match","No sufficiently specific candidate identified in the two Dynamite catalog files.","Unknown","Manufacturer or UPC/model, exact package/variant and corresponding photo/video.","362","363","363","Items","363","candidate_requires_package_review","","Unknown","Unknown","","""705108501168"" fireworks","https://www.getwinda.com/product-page/fire-roulette","Code found in public source; package/brand/image and any conflicts still need individual verification.","Verify manufacturer/model and exact retail package; inspect and acquire its authentic photo. Video is optional."
"ZILATYDCQAN5YQBBPDI23N4E","8145270162415","","Firearm 60 Gram 12 Pk","Firearm 60 Gram 12 Pk","Unknown","Unknown","Regular","Unknown","60 Gram","no_match","No sufficiently specific candidate identified in the two Dynamite catalog files.","Unknown","Manufacturer or UPC/model, exact package/variant and corresponding photo/video.","363","364","364","Items","364","no_verified_identity","","Unknown","Unknown","","""8145270162415"" fireworks","","No verified product identity from the searched code/name. Generic names and store SKUs are insufficient to assign a photo.","Verify manufacturer/model and exact retail package; inspect and acquire its authentic photo. Video is optional."
"VKYRGSZNC6YMZXDE4NAH6CPI","680149044402","","Fireblade","Fireblade","Unknown","Unknown","Regular","Unknown","Unknown","no_match","No sufficiently specific candidate identified in the two Dynamite catalog files.","Unknown","Manufacturer or UPC/model, exact package/variant and corresponding photo/video.","364","365","365","Items","365","no_verified_identity","","Unknown","Unknown","","""680149044402"" fireworks","","No verified product identity from the searched code/name. Generic names and store SKUs are insufficient to assign a photo.","Verify manufacturer/model and exact retail package; inspect and acquire its authentic photo. Video is optional."
"RQ33PWJDSRI4ZK4AMNMTR5EQ","705834260131","","Firefly 4pk","Firefly 4pk","Unknown","Unknown","Regular","Unknown","Unknown","no_match","No sufficiently specific candidate identified in the two Dynamite catalog files.","Unknown","Manufacturer or UPC/model, exact package/variant and corresponding photo/video.","365","366","366","Items","366","no_verified_identity","","Unknown","Unknown","","""705834260131"" fireworks","","No verified product identity from the searched code/name. Generic names and store SKUs are insufficient to assign a photo.","Verify manufacturer/model and exact retail package; inspect and acquire its authentic photo. Video is optional."
"UDPVVR2V6NSN2WD4JZAKTJSO","378001200027","","Fireworks Surprise Family Pack","Fireworks Surprise Family Pack","Unknown","Family Pack Assortments","Regular","Unknown","Unknown","no_match","No sufficiently specific candidate identified in the two Dynamite catalog files.","Unknown","Manufacturer or UPC/model, exact package/variant and corresponding photo/video.","366","367","367","Items","367","candidate_requires_package_review","","Unknown","Unknown","","Compared code against official Winco UPC reference","https://www.wincofireworks.com/wp-content/uploads/2022/03/UPC-Excel-List_3.25.2022_r2.pdf","Code found in public source; package/brand/image and any conflicts still need individual verification.","Verify manufacturer/model and exact retail package; inspect and acquire its authentic photo. Video is optional."
"7ESPDX7VV2UTIDYELFY6DLBY","100000208717","","Flag Missile","Flag Missile","Unknown","Unknown","Regular","Unknown","Unknown","no_match","No sufficiently specific candidate identified in the two Dynamite catalog files.","Unknown","Manufacturer or UPC/model, exact package/variant and corresponding photo/video.","367","368","368","Items","368","candidate_requires_package_review","","Unknown","Unknown","","""100000208717"" fireworks","https://shop.wazupfireworks.com/SM128-Flag-Missile-Battery-R-PC/ | https://whitelightningfireworks.com/SM128-Flag-Missile-Battery-R-PC/ | https://76fireworkstore.com/SM128-Flag-Missile-Battery-R-PC | https://76fireworkstore.com/SM128-Flag-Missile-Battery-R-PC?setCurrencyId=1%5C","Code found in public source; package/brand/image and any conflicts still need individual verification.","Verify manufacturer/model and exact retail package; inspect and acquire its authentic photo. Video is optional."
"TCSRFBWF6NWLUY3OTAFYOKXD","687985910601","","Flash Flood","Flash Flood","Unknown","Unknown","Regular","Unknown","Unknown","no_match","No sufficiently specific candidate identified in the two Dynamite catalog files.","Unknown","Manufacturer or UPC/model, exact package/variant and corresponding photo/video.","368","369","369","Items","369","no_verified_identity","","Unknown","Unknown","","""687985910601"" fireworks","","No verified product identity from the searched code/name. Generic names and store SKUs are insufficient to assign a photo.","Verify manufacturer/model and exact retail package; inspect and acquire its authentic photo. Video is optional."
"3JVV4TVKAANYSUX3UJ6L745V","887946050043","","Flashing Strobe 6pc BOGO","Flashing Strobe 6pc","Unknown","Unknown","Regular","Unknown","6pc","no_match","No sufficiently specific candidate identified in the two Dynamite catalog files.","Unknown","Manufacturer or UPC/model, exact package/variant and corresponding photo/video.","369","370","370","Items","370","no_verified_identity","","Unknown","Unknown","","""887946050043"" fireworks","","No verified product identity from the searched code/name. Generic names and store SKUs are insufficient to assign a photo.","Verify manufacturer/model and exact retail package; inspect and acquire its authentic photo. Video is optional."
"LCIBT3AGJHZW4U3DKXCPZC7Q","910006681229","","Flashing Strobes Bogo","Flashing Strobes","Unknown","Unknown","Regular","Unknown","Unknown","no_match","No sufficiently specific candidate identified in the two Dynamite catalog files.","Unknown","Manufacturer or UPC/model, exact package/variant and corresponding photo/video.","370","371","371","Items","371","no_verified_identity","","Unknown","Unknown","","""910006681229"" fireworks","","No verified product identity from the searched code/name. Generic names and store SKUs are insufficient to assign a photo.","Verify manufacturer/model and exact retail package; inspect and acquire its authentic photo. Video is optional."
"NKVGAJ4J2IE4Q36QIMNWDHPG","757201324090","","Flawless","Flawless","Unknown","Unknown","Regular","Unknown","Unknown","no_match","No sufficiently specific candidate identified in the two Dynamite catalog files.","Unknown","Manufacturer or UPC/model, exact package/variant and corresponding photo/video.","371","372","372","Items","372","candidate_requires_package_review","","Unknown","Unknown","","""757201324090"" fireworks","https://usa-fireworks.com/products/artillery-shells/flawless/","Code found in public source; package/brand/image and any conflicts still need individual verification.","Verify manufacturer/model and exact retail package; inspect and acquire its authentic photo. Video is optional."
"HSEE2QQE4BB7PJCN7CVTHR7V","","","Flawless","Flawless","Unknown","Unknown","Regular","Unknown","Unknown","no_match","No sufficiently specific candidate identified in the two Dynamite catalog files.","Unknown","Manufacturer or UPC/model, exact package/variant and corresponding photo/video.","372","373","373","Items","373","no_verified_identity","","Unknown","Unknown","","""Flawless"" fireworks manufacturer","","No verified product identity from the searched code/name. Generic names and store SKUs are insufficient to assign a photo.","Verify manufacturer/model and exact retail package; inspect and acquire its authentic photo. Video is optional."
"BOYNUSWD2BEPCMM7CBZR3EJT","887946070355","","Flying Eagle Rocket 4pk","Flying Eagle Rocket 4pk","Unknown","Unknown","Regular","Unknown","Unknown","no_match","No sufficiently specific candidate identified in the two Dynamite catalog files.","Unknown","Manufacturer or UPC/model, exact package/variant and corresponding photo/video.","373","374","374","Items","374","no_verified_identity","","Unknown","Unknown","","""887946070355"" fireworks","","No verified product identity from the searched code/name. Generic names and store SKUs are insufficient to assign a photo.","Verify manufacturer/model and exact retail package; inspect and acquire its authentic photo. Video is optional."
"6HTTDB3PZXERBXUHKFQRZ4JS","757202282016","","Flying Pig Rocket (5 sticks)","Flying Pig Rocket (5 sticks)","Unknown","Stick Rockets","Regular","Unknown","5 sticks","no_match","No sufficiently specific candidate identified in the two Dynamite catalog files.","Unknown","Manufacturer or UPC/model, exact package/variant and corresponding photo/video.","374","375","375","Items","375","candidate_requires_package_review","","Unknown","Unknown","","""757202282016"" fireworks","https://americanwholesalefireworks.com/flying-pig-rocket/ | https://www.raccoonfireworksusa.com/product-page/flying-pig-rocket","Code found in public source; package/brand/image and any conflicts still need individual verification.","Verify manufacturer/model and exact retail package; inspect and acquire its authentic photo. Video is optional."
"HGJJOE2YBJUPNO4R4QHDI7HR","887946030076","","Flying Pigs","Flying Pigs","Unknown","Unknown","Regular","Unknown","Unknown","no_match","No sufficiently specific candidate identified in the two Dynamite catalog files.","Unknown","Manufacturer or UPC/model, exact package/variant and corresponding photo/video.","375","376","376","Items","376","no_verified_identity","","Unknown","Unknown","","""887946030076"" fireworks","","No verified product identity from the searched code/name. Generic names and store SKUs are insufficient to assign a photo.","Verify manufacturer/model and exact retail package; inspect and acquire its authentic photo. Video is optional."
"JCFBXIVT7KKBZBIRXVNJJBK7","705108001705","","Flying Space Family Assortment","Flying Space Family Assortment","Unknown","Family Pack Assortments","Regular","Unknown","Unknown","no_match","No sufficiently specific candidate identified in the two Dynamite catalog files.","Unknown","Manufacturer or UPC/model, exact package/variant and corresponding photo/video.","376","377","377","Items","377","candidate_requires_package_review","","Unknown","Unknown","","""705108001705"" fireworks","https://www.getwinda.com/product-page/flying-space | https://pyromaniapyro.com/flying-space/ | https://americanwholesalefireworks.com/flying-space/","Code found in public source; package/brand/image and any conflicts still need individual verification.","Verify manufacturer/model and exact retail package; inspect and acquire its authentic photo. Video is optional."
"CJ2BJYYYYUHQBERYD7AKM6GE","805253411715","","Football Fountain","Football Fountain","Unknown","Fountains","Regular","Unknown","Unknown","no_match","No sufficiently specific candidate identified in the two Dynamite catalog files.","Unknown","Manufacturer or UPC/model, exact package/variant and corresponding photo/video.","377","378","378","Items","378","no_verified_identity","","Unknown","Unknown","","""805253411715"" fireworks","","No verified product identity from the searched code/name. Generic names and store SKUs are insufficient to assign a photo.","Verify manufacturer/model and exact retail package; inspect and acquire its authentic photo. Video is optional."
"ERZ4KRTZQCD4FRIINSYC7KN6","","702367266043","Forever Loyal Pyro Shine 500 Gram","Forever Loyal Pyro Shine 500 Gram","Unknown","500 GRAM FINALE","Regular","Unknown","500 Gram","no_match","No sufficiently specific candidate identified in the two Dynamite catalog files.","Unknown","Manufacturer or UPC/model, exact package/variant and corresponding photo/video.","378","379","379","Items","379","no_verified_identity","","Unknown","Unknown","","""702367266043"" fireworks","","No verified product identity from the searched code/name. Generic names and store SKUs are insufficient to assign a photo.","Verify manufacturer/model and exact retail package; inspect and acquire its authentic photo. Video is optional."
"CNXT2D6OUM7V6HXR6EQMLK6S","753321711314","","Four Elements 500 Gram Super Pack","Four Elements 500 Gram Super Pack","Unknown","Unknown","Regular","Unknown","500 Gram","no_match","No sufficiently specific candidate identified in the two Dynamite catalog files.","Unknown","Manufacturer or UPC/model, exact package/variant and corresponding photo/video.","379","380","380","Items","380","no_verified_identity","","Unknown","Unknown","","""753321711314"" fireworks","","No verified product identity from the searched code/name. Generic names and store SKUs are insufficient to assign a photo.","Verify manufacturer/model and exact retail package; inspect and acquire its authentic photo. Video is optional."
"CNCE4EH5EQ2E7NTTNIHKLLS2","887946061575","","Four Elements Roman Candles 4 Pk","Four Elements Roman Candles 4 Pk","Unknown","Roman Candles","Regular","Unknown","Unknown","no_match","No sufficiently specific candidate identified in the two Dynamite catalog files.","Unknown","Manufacturer or UPC/model, exact package/variant and corresponding photo/video.","380","381","381","Items","381","no_verified_identity","","Unknown","Unknown","","""887946061575"" fireworks","","No verified product identity from the searched code/name. Generic names and store SKUs are insufficient to assign a photo.","Verify manufacturer/model and exact retail package; inspect and acquire its authentic photo. Video is optional."
"6GJMN5YEHLOMWFVG65L7N7HO","757202300048","","Freedom Anthem Assortment","Freedom Anthem Assortment","Unknown","Family Pack Assortments","Regular","Unknown","Unknown","no_match","No sufficiently specific candidate identified in the two Dynamite catalog files.","Unknown","Manufacturer or UPC/model, exact package/variant and corresponding photo/video.","381","382","382","Items","382","candidate_requires_package_review","","Unknown","Unknown","","""757202300048"" fireworks","https://americanwholesalefireworks.com/freedom-anthem/ | https://elitefireworks.us/Monkeys-Assortment-5-p721400584 | https://elitefireworks.us/Monkeys-Party-pack-4-p721400600 | https://elitefireworks.us/Monkeys-Party-Pack-3-p721400580","Code found in public source; package/brand/image and any conflicts still need individual verification.","Verify manufacturer/model and exact retail package; inspect and acquire its authentic photo. Video is optional."
"RRQV3GPTRLIF6GJLHNKYENES","","841527121102","Freedom Cry","Freedom Cry","Unknown","Unknown","Regular","Unknown","Unknown","no_match","No sufficiently specific candidate identified in the two Dynamite catalog files.","Unknown","Manufacturer or UPC/model, exact package/variant and corresponding photo/video.","382","383","383","Items","383","no_verified_identity","","Unknown","Unknown","","""841527121102"" fireworks","","No verified product identity from the searched code/name. Generic names and store SKUs are insufficient to assign a photo.","Verify manufacturer/model and exact retail package; inspect and acquire its authentic photo. Video is optional."
"KWOSSYTOXFESYUAUTGWTLWLT","687985962815","","Freedom Rains 500g","Freedom Rains 500g","Unknown","Unknown","Regular","Unknown","500g","no_match","No sufficiently specific candidate identified in the two Dynamite catalog files.","Unknown","Manufacturer or UPC/model, exact package/variant and corresponding photo/video.","383","384","384","Items","384","candidate_requires_package_review","","Unknown","Unknown","","""687985962815"" fireworks","https://501pyro.com/Freedom-Rains/","Code found in public source; package/brand/image and any conflicts still need individual verification.","Verify manufacturer/model and exact retail package; inspect and acquire its authentic photo. Video is optional."
"WWNDBKUC4HP2HKKAY2MIMAD6","757201530668","","Freedom Rider 500 Gram","Freedom Rider 500 Gram","Unknown","500 GRAM FINALE","Regular","Unknown","500 Gram","no_match","No sufficiently specific candidate identified in the two Dynamite catalog files.","Unknown","Manufacturer or UPC/model, exact package/variant and corresponding photo/video.","384","385","385","Items","385","candidate_requires_package_review","","Unknown","Unknown","","""757201530668"" fireworks","https://americanwholesalefireworks.com/freedom-rider/ | https://www.raccoonfireworksusa.com/product-page/freedom-rider","Code found in public source; package/brand/image and any conflicts still need individual verification.","Verify manufacturer/model and exact retail package; inspect and acquire its authentic photo. Video is optional."
"2CYKZ3ADBOY7HQ3VRW2OTG76","705108603602","","Freedom Wings BOGO Fountain","Freedom Wings Fountain","Unknown","Fountains","Regular","Unknown","Unknown","no_match","No sufficiently specific candidate identified in the two Dynamite catalog files.","Unknown","Manufacturer or UPC/model, exact package/variant and corresponding photo/video.","385","386","386","Items","386","candidate_requires_package_review","","Unknown","Unknown","","""705108603602"" fireworks","https://www.getwinda.com/product-page/freedom-s-wings","Code found in public source; package/brand/image and any conflicts still need individual verification.","Verify manufacturer/model and exact retail package; inspect and acquire its authentic photo. Video is optional."
"BFHMO3VUSQUO2NEIBI67VEFL","757202118018","","Frog Bomb Fountain","Frog Bomb Fountain","Unknown","Fountains","Regular","Unknown","Unknown","no_match","No sufficiently specific candidate identified in the two Dynamite catalog files.","Unknown","Manufacturer or UPC/model, exact package/variant and corresponding photo/video.","386","387","387","Items","387","candidate_requires_package_review","","Unknown","Unknown","","""757202118018"" fireworks","https://www.raccoonfireworksusa.com/product-page/fiery-frogs","Code found in public source; package/brand/image and any conflicts still need individual verification.","Verify manufacturer/model and exact retail package; inspect and acquire its authentic photo. Video is optional."
"U236CCVWLTC54IK2KKOI7ELU","821600011148","","Frog Princess Fountain","Frog Princess Fountain","Unknown","Fountains","Regular","Unknown","Unknown","no_match","No sufficiently specific candidate identified in the two Dynamite catalog files.","Unknown","Manufacturer or UPC/model, exact package/variant and corresponding photo/video.","387","388","388","Items","388","no_verified_identity","","Unknown","Unknown","","""821600011148"" fireworks","","No verified product identity from the searched code/name. Generic names and store SKUs are insufficient to assign a photo.","Verify manufacturer/model and exact retail package; inspect and acquire its authentic photo. Video is optional."
"X4CPHPCI2B7MPNSZXV7FBZGG","757205301783","","Fruit Of The Boom 500 Gram","Fruit Of The Boom 500 Gram","Unknown","500 GRAM FINALE","Regular","Unknown","500 Gram","no_match","No sufficiently specific candidate identified in the two Dynamite catalog files.","Unknown","Manufacturer or UPC/model, exact package/variant and corresponding photo/video.","388","389","389","Items","389","no_verified_identity","","Unknown","Unknown","","""757205301783"" fireworks","","No verified product identity from the searched code/name. Generic names and store SKUs are insufficient to assign a photo.","Verify manufacturer/model and exact retail package; inspect and acquire its authentic photo. Video is optional."
"7EQHCPTRPGKCHMZ72HTQHAWQ","715244065370","","Fuego Loco 200G","Fuego Loco 200G","Unknown","Unknown","Regular","Unknown","200G","no_match","No sufficiently specific candidate identified in the two Dynamite catalog files.","Unknown","Manufacturer or UPC/model, exact package/variant and corresponding photo/video.","389","390","390","Items","390","no_verified_identity","","Unknown","Unknown","","""715244065370"" fireworks","","No verified product identity from the searched code/name. Generic names and store SKUs are insufficient to assign a photo.","Verify manufacturer/model and exact retail package; inspect and acquire its authentic photo. Video is optional."
"33MRBL6PIMW3VFZZO24AOADU","687985911301","","Full Speed Firework 7 Inch","Full Speed Firework 7 Inch","Unknown","Unknown","Regular","Unknown","7 Inch","no_match","No sufficiently specific candidate identified in the two Dynamite catalog files.","Unknown","Manufacturer or UPC/model, exact package/variant and corresponding photo/video.","390","391","391","Items","391","candidate_requires_package_review","","Unknown","Unknown","","""687985911301"" fireworks","https://leefamilyfirework.com/RL348-full-speed-7-inch-canister-shell-R-PC/ | https://simpsonfireworks.com/RL348-full-speed-7-inch-canister-shell-R-PC/ | https://lowcountryfireworks.com/RL348-full-speed-7-inch-canister-shell-R-PC/ | https://killervfireworks.com/RL348-full-speed-7-inch-canister-shell-R-PC/ | https://www.lastchancefireworks.com/shop/c/p/Full-Speed-7-24-shells-x63779181.htm","Code found in public source; package/brand/image and any conflicts still need individual verification.","Verify manufacturer/model and exact retail package; inspect and acquire its authentic photo. Video is optional."
"K3H3HRKD5KBBRG7WLWHLONDC","821600000029","","Fun Pack","Fun Pack","Unknown","Unknown","Regular","Unknown","Unknown","no_match","No sufficiently specific candidate identified in the two Dynamite catalog files.","Unknown","Manufacturer or UPC/model, exact package/variant and corresponding photo/video.","392","393","393","Items","393","no_verified_identity","","Unknown","Unknown","","""821600000029"" fireworks","","No verified product identity from the searched code/name. Generic names and store SKUs are insufficient to assign a photo.","Verify manufacturer/model and exact retail package; inspect and acquire its authentic photo. Video is optional."
"K5FE2H4ORK6DTFKGEUMC253Y","850025775625","","Fuse","Fuse","Unknown","Unknown","Regular","Unknown","Unknown","no_match","No sufficiently specific candidate identified in the two Dynamite catalog files.","Unknown","Manufacturer or UPC/model, exact package/variant and corresponding photo/video.","393","394","394","Items","394","candidate_requires_package_review","","Unknown","Unknown","","""850025775625"" fireworks","https://dosgringosfireworks.com/safety-fuse-3mm-20-25-sec-ft-20ft-rolls/ | https://fireworkconnection.com/product/fuse-safety-fuse-3mm-20-25-seconds-per-foot/","Code found in public source; package/brand/image and any conflicts still need individual verification.","Verify manufacturer/model and exact retail package; inspect and acquire its authentic photo. Video is optional."
"LGUVGBZLCTN44YCLZPEKROBM","850025775724","","Fuse","Fuse","Unknown","Unknown","Regular","Unknown","Unknown","no_match","No sufficiently specific candidate identified in the two Dynamite catalog files.","Unknown","Manufacturer or UPC/model, exact package/variant and corresponding photo/video.","394","395","395","Items","395","candidate_requires_package_review","","Unknown","Unknown","","""850025775724"" fireworks","https://fireworkconnection.com/product/fuse-safety-fuse-3mm-15-20-seconds-per-foot/ | https://shop.wazupfireworks.com/FE152-Safety-Fuse-3mm-15-R-PC/","Code found in public source; package/brand/image and any conflicts still need individual verification.","Verify manufacturer/model and exact retail package; inspect and acquire its authentic photo. Video is optional."
"PX65NALOBYGQEFQA55IKEDJ7","850025775823","","Fuse","Fuse","Unknown","Unknown","Regular","Unknown","Unknown","no_match","No sufficiently specific candidate identified in the two Dynamite catalog files.","Unknown","Manufacturer or UPC/model, exact package/variant and corresponding photo/video.","395","396","396","Items","396","candidate_requires_package_review","","Unknown","Unknown","","""850025775823"" fireworks","https://whitelightningfireworks.com/FE153-Safety-Fuse-3mm-12-R-PC/ | https://usa-fireworks.com/products/fuse-racks/pink-safety-fuse/ | https://76fireworkstore.com/FE153-Safety-Fuse-3mm-12-R-PC/","Code found in public source; package/brand/image and any conflicts still need individual verification.","Verify manufacturer/model and exact retail package; inspect and acquire its authentic photo. Video is optional."
"N6OTOY4DNT3WRUBLSUR5YSC7","705108803101","","G Force 4"" Artillery Shells 24 Pack","G Force 4"" Artillery Shells 24 Pack","Unknown","24 Pack Artillery Shells 4""","Regular","Unknown","4"" | 24 Pack","no_match","No sufficiently specific candidate identified in the two Dynamite catalog files.","Unknown","Manufacturer or UPC/model, exact package/variant and corresponding photo/video.","397","398","398","Items","398","candidate_requires_package_review","","Unknown","Unknown","","""705108803101"" fireworks","https://www.getwinda.com/product-page/g-force | https://americanwholesalefireworks.com/g-force/","Code found in public source; package/brand/image and any conflicts still need individual verification.","Verify manufacturer/model and exact retail package; inspect and acquire its authentic photo. Video is optional."
"R4GQVTO4EUT5C4LHMA44BP2K","757205301264","","Galactic Empire","Galactic Empire","Unknown","Unknown","Regular","Unknown","Unknown","no_match","No sufficiently specific candidate identified in the two Dynamite catalog files.","Unknown","Manufacturer or UPC/model, exact package/variant and corresponding photo/video.","398","399","399","Items","399","candidate_requires_package_review","","Unknown","Unknown","","""757205301264"" fireworks","https://www.raccoonfireworksusa.com/product-page/galactic-empire","Code found in public source; package/brand/image and any conflicts still need individual verification.","Verify manufacturer/model and exact retail package; inspect and acquire its authentic photo. Video is optional."
"ICD7FSXEG3O2Z2P6GWCUW6VI","681402052110","","Ganja 6"" Artillery Shells 24 Pack","Ganja 6"" Artillery Shells 24 Pack","Unknown","24 Pack Artillery Shells 6""","Regular","Unknown","6"" | 24 Pack","no_match","No sufficiently specific candidate identified in the two Dynamite catalog files.","Unknown","Manufacturer or UPC/model, exact package/variant and corresponding photo/video.","400","401","401","Items","401","no_verified_identity","","Unknown","Unknown","","""681402052110"" fireworks","","No verified product identity from the searched code/name. Generic names and store SKUs are insufficient to assign a photo.","Verify manufacturer/model and exact retail package; inspect and acquire its authentic photo. Video is optional."
"NPQM6WZFBTP4C4OTBCATSCF7","681402054039","","Ganja Blunt Roman","Ganja Blunt Roman","Unknown","Roman Candles","Regular","Unknown","Unknown","no_match","No sufficiently specific candidate identified in the two Dynamite catalog files.","Unknown","Manufacturer or UPC/model, exact package/variant and corresponding photo/video.","401","402","402","Items","402","no_verified_identity","","Unknown","Unknown","","""681402054039"" fireworks","","No verified product identity from the searched code/name. Generic names and store SKUs are insufficient to assign a photo.","Verify manufacturer/model and exact retail package; inspect and acquire its authentic photo. Video is optional."
"QKJNWGQUAGSPJBWAPTAQN4PG","715244160594","","Garden In Spring Fountain","Garden In Spring Fountain","Unknown","Fountains","Regular","Unknown","Unknown","no_match","No sufficiently specific candidate identified in the two Dynamite catalog files.","Unknown","Manufacturer or UPC/model, exact package/variant and corresponding photo/video.","402","403","403","Items","403","candidate_requires_package_review","","Unknown","Unknown","","Compared code against official Winco UPC reference","https://www.wincofireworks.com/wp-content/uploads/2022/03/UPC-Excel-List_3.25.2022_r2.pdf","Code found in public source; package/brand/image and any conflicts still need individual verification.","Verify manufacturer/model and exact retail package; inspect and acquire its authentic photo. Video is optional."
"336PY3AGZI3IPTSXMNUKSSYZ","027736011414","","Garden In Spring Fountain","Garden In Spring Fountain","Unknown","Fountains","Garden In Spring","Garden In Spring","Unknown","no_match","No sufficiently specific candidate identified in the two Dynamite catalog files.","Unknown","Manufacturer or UPC/model, exact package/variant and corresponding photo/video.","403","404","404","Items","404","no_verified_identity","","Unknown","Unknown","","""027736011414"" fireworks","","No verified product identity from the searched code/name. Generic names and store SKUs are insufficient to assign a photo.","Verify manufacturer/model and exact retail package; inspect and acquire its authentic photo. Video is optional."
"S27B6LDFK4CFX5ZLTUT7BE3Z","715244005055","","Gatlin pack 8pc roman candle","Gatlin pack 8pc roman candle","Unknown","Roman Candles","Regular","Unknown","8pc","no_match","No sufficiently specific candidate identified in the two Dynamite catalog files.","Unknown","Manufacturer or UPC/model, exact package/variant and corresponding photo/video.","404","405","405","Items","405","candidate_requires_package_review","","Unknown","Unknown","","Compared code against official Winco UPC reference","https://www.wincofireworks.com/wp-content/uploads/2022/03/UPC-Excel-List_3.25.2022_r2.pdf","Code found in public source; package/brand/image and any conflicts still need individual verification.","Verify manufacturer/model and exact retail package; inspect and acquire its authentic photo. Video is optional."
"GXES4E5ZSHJBQLWFWYTLT6FZ","821500004233","","Gatling Gun (Small)","Gatling Gun (Small)","Unknown","Roman Candles","Regular","Unknown","Unknown","probable","Name identifies a candidate only; manufacturer and exact presentation have not been established.","products.json[91] Gatling Gun / Brothers / products/gatling-gun.png","Manufacturer or UPC/model, exact package/variant and corresponding photo/video.","405","406","406","Items","406","no_verified_identity","","Unknown","Unknown","","""821500004233"" fireworks","","No verified product identity from the searched code/name. Generic names and store SKUs are insufficient to assign a photo.","Verify manufacturer/model and exact retail package; inspect and acquire its authentic photo. Video is optional."
"E5JBUEZVKC3J7MB6OJHIZ3IJ","841527141186","","Gatling Gun Giant","Gatling Gun Giant","Unknown","Roman Candles","Regular","Unknown","Unknown","probable","Name identifies a candidate only; manufacturer and exact presentation have not been established.","products.json[91] Gatling Gun / Brothers / products/gatling-gun.png","Manufacturer or UPC/model, exact package/variant and corresponding photo/video.","406","407","407","Items","407","candidate_requires_package_review","","Unknown","Unknown","","""841527141186"" fireworks","https://usa-fireworks.com/products/new-products/giant-gatling-400-shot-roman-candle/","Code found in public source; package/brand/image and any conflicts still need individual verification.","Verify manufacturer/model and exact retail package; inspect and acquire its authentic photo. Video is optional."
"A7OIX6PJ76PDR2G647NUEY6L","805253015029","","Gemini Missile 24 Pcs","Gemini Missile 24 Pcs","Unknown","Unknown","Regular","Unknown","24 Pcs","no_match","No sufficiently specific candidate identified in the two Dynamite catalog files.","Unknown","Manufacturer or UPC/model, exact package/variant and corresponding photo/video.","407","408","408","Items","408","no_verified_identity","","Unknown","Unknown","","""805253015029"" fireworks","","No verified product identity from the searched code/name. Generic names and store SKUs are insufficient to assign a photo.","Verify manufacturer/model and exact retail package; inspect and acquire its authentic photo. Video is optional."
"ZZZOD7FS2XXTSZ6IZ3FF7YYO","8145270157510","","Get Some","Get Some","Unknown","Unknown","Regular","Unknown","Unknown","no_match","No sufficiently specific candidate identified in the two Dynamite catalog files.","Unknown","Manufacturer or UPC/model, exact package/variant and corresponding photo/video.","408","409","409","Items","409","no_verified_identity","","Unknown","Unknown","","""8145270157510"" fireworks","","No verified product identity from the searched code/name. Generic names and store SKUs are insufficient to assign a photo.","Verify manufacturer/model and exact retail package; inspect and acquire its authentic photo. Video is optional."
"YDTEKK2YDLZUYQEMD6FZCZ2I","651137426296","","Ghost Banshee","Ghost Banshee","Unknown","Unknown","Regular","Unknown","Unknown","no_match","No sufficiently specific candidate identified in the two Dynamite catalog files.","Unknown","Manufacturer or UPC/model, exact package/variant and corresponding photo/video.","409","410","410","Items","410","no_verified_identity","","Unknown","Unknown","","""651137426296"" fireworks","","No verified product identity from the searched code/name. Generic names and store SKUs are insufficient to assign a photo.","Verify manufacturer/model and exact retail package; inspect and acquire its authentic photo. Video is optional."
"CX3WJWBLRRX53W7VQZFUUZ5C","757201572194","","Ghost Dragon","Ghost Dragon","Unknown","9-SHOT 500 GRAM RACKS","Regular","Unknown","Unknown","no_match","No sufficiently specific candidate identified in the two Dynamite catalog files.","Unknown","Manufacturer or UPC/model, exact package/variant and corresponding photo/video.","410","411","411","Items","411","candidate_requires_package_review","","Unknown","Unknown","","""757201572194"" fireworks","https://dosgringosfireworks.com/ghost-dragon/ | https://americanwholesalefireworks.com/ghost-dragon/ | https://www.raccoonfireworksusa.com/product-page/ghost-dragon | https://americanwholesalefireworks.com/ghost-dragon//","Code found in public source; package/brand/image and any conflicts still need individual verification.","Verify manufacturer/model and exact retail package; inspect and acquire its authentic photo. Video is optional."
"Q5DCX2MGZHMYFX7ADSL5C6FU","757201572170","","Ghost Killer","Ghost Killer","Unknown","9-SHOT 500 GRAM RACKS","Regular","Unknown","Unknown","no_match","No sufficiently specific candidate identified in the two Dynamite catalog files.","Unknown","Manufacturer or UPC/model, exact package/variant and corresponding photo/video.","411","412","412","Items","412","candidate_requires_package_review","","Unknown","Unknown","","""757201572170"" fireworks","https://www.raccoonfireworksusa.com/product-page/ghost-killer | https://americanwholesalefireworks.com/ghost-killer-raccoon/","Code found in public source; package/brand/image and any conflicts still need individual verification.","Verify manufacturer/model and exact retail package; inspect and acquire its authentic photo. Video is optional."
"DK52TXNEXPJ5HDJE6462D23I","705108549801","","Ghost Rings","Ghost Rings","Unknown","9-SHOT 500 GRAM RACKS","Regular","Unknown","Unknown","no_match","No sufficiently specific candidate identified in the two Dynamite catalog files.","Unknown","Manufacturer or UPC/model, exact package/variant and corresponding photo/video.","412","413","413","Items","413","candidate_requires_package_review","","Unknown","Unknown","","""705108549801"" fireworks","https://www.getwinda.com/product-page/ghost-rings-9-s","Code found in public source; package/brand/image and any conflicts still need individual verification.","Verify manufacturer/model and exact retail package; inspect and acquire its authentic photo. Video is optional."
"JENQHH5ASTDQRSU4AYNDS3DI","681402052820","","Ghost Roman Candle","Ghost Roman Candle","Unknown","Roman Candles","Regular","Unknown","Unknown","no_match","No sufficiently specific candidate identified in the two Dynamite catalog files.","Unknown","Manufacturer or UPC/model, exact package/variant and corresponding photo/video.","413","414","414","Items","414","no_verified_identity","","Unknown","Unknown","","""681402052820"" fireworks","","No verified product identity from the searched code/name. Generic names and store SKUs are insufficient to assign a photo.","Verify manufacturer/model and exact retail package; inspect and acquire its authentic photo. Video is optional."
"NCACSUIIUKFFX3YO6RFUXKZX","705108548606","","Ghost Shell","Ghost Shell","Unknown","Unknown","Regular","Unknown","Unknown","no_match","No sufficiently specific candidate identified in the two Dynamite catalog files.","Unknown","Manufacturer or UPC/model, exact package/variant and corresponding photo/video.","414","415","415","Items","415","candidate_requires_package_review","","Unknown","Unknown","","""705108548606"" fireworks","https://www.getwinda.com/product-page/ghost-shell-9-s","Code found in public source; package/brand/image and any conflicts still need individual verification.","Verify manufacturer/model and exact retail package; inspect and acquire its authentic photo. Video is optional."
"RAXEGL5PWHZOIT73XXXQK362","757201324069","","Ghostacular 5"" Artillery Shells 24 pack","Ghostacular 5"" Artillery Shells 24 pack","Unknown","24 Pack Canister Artillery Shells 5 INCH","Regular","Unknown","5"" | 24 pack","no_match","No sufficiently specific candidate identified in the two Dynamite catalog files.","Unknown","Manufacturer or UPC/model, exact package/variant and corresponding photo/video.","415","416","416","Items","416","candidate_requires_package_review","","Unknown","Unknown","","""757201324069"" fireworks","https://usa-fireworks.com/products/artillery-shells/ghostacular/ | https://501pyro.com/5-Ghostacular/ | https://fireworks-superstore.myshopify.com/products/ghostacular-5-shells","Code found in public source; package/brand/image and any conflicts still need individual verification.","Verify manufacturer/model and exact retail package; inspect and acquire its authentic photo. Video is optional."
"CN65OGBPK2EDWQ7BC4INMBID","887946020794","","Giant Smoke Balls","Giant Smoke Balls","Unknown","Unknown","Regular","Unknown","Unknown","no_match","No sufficiently specific candidate identified in the two Dynamite catalog files.","Unknown","Manufacturer or UPC/model, exact package/variant and corresponding photo/video.","416","417","417","Items","417","no_verified_identity","","Unknown","Unknown","","""887946020794"" fireworks","","No verified product identity from the searched code/name. Generic names and store SKUs are insufficient to assign a photo.","Verify manufacturer/model and exact retail package; inspect and acquire its authentic photo. Video is optional."
"4L7HAUXUJ733VND4WOHYQ5NN","514677002200","","Goal!","Goal!","Unknown","Fountains","Regular","Unknown","Unknown","no_match","No sufficiently specific candidate identified in the two Dynamite catalog files.","Unknown","Manufacturer or UPC/model, exact package/variant and corresponding photo/video.","417","418","418","Items","418","no_verified_identity","","Unknown","Unknown","","""514677002200"" fireworks","","No verified product identity from the searched code/name. Generic names and store SKUs are insufficient to assign a photo.","Verify manufacturer/model and exact retail package; inspect and acquire its authentic photo. Video is optional."
"4ZBIUB5CMBX2SGYMBJC3PEZZ","","805253439511","God Bless America","God Bless America","Unknown","Unknown","Regular","Unknown","Unknown","no_match","No sufficiently specific candidate identified in the two Dynamite catalog files.","Unknown","Manufacturer or UPC/model, exact package/variant and corresponding photo/video.","418","419","419","Items","419","no_verified_identity","","Unknown","Unknown","","""805253439511"" fireworks","","No verified product identity from the searched code/name. Generic names and store SKUs are insufficient to assign a photo.","Verify manufacturer/model and exact retail package; inspect and acquire its authentic photo. Video is optional."
"ZVYL43NGAFQNYSHEFHDYKODL","757201530859","","Gold Rush 500 Gram","Gold Rush 500 Gram","Unknown","500 GRAM FINALE","Regular","Unknown","500 Gram","no_match","No sufficiently specific candidate identified in the two Dynamite catalog files.","Unknown","Manufacturer or UPC/model, exact package/variant and corresponding photo/video.","419","420","420","Items","420","no_verified_identity","","Unknown","Unknown","","""757201530859"" fireworks","","No verified product identity from the searched code/name. Generic names and store SKUs are insufficient to assign a photo.","Verify manufacturer/model and exact retail package; inspect and acquire its authentic photo. Video is optional."
"TVYAYQ2S7BQF2VT574J6MLDZ","132201920020","","Gold Skull","Gold Skull","Unknown","Unknown","Regular","Unknown","Unknown","no_match","No sufficiently specific candidate identified in the two Dynamite catalog files.","Unknown","Manufacturer or UPC/model, exact package/variant and corresponding photo/video.","420","421","421","Items","421","no_verified_identity","","Unknown","Unknown","","""132201920020"" fireworks","","No verified product identity from the searched code/name. Generic names and store SKUs are insufficient to assign a photo.","Verify manufacturer/model and exact retail package; inspect and acquire its authentic photo. Video is optional."
"6AVGKVTQYLP3PSQNTCP4MSM4","687985211210","","Golden Peacock","Golden Peacock","Unknown","Unknown","Regular","Unknown","Unknown","no_match","No sufficiently specific candidate identified in the two Dynamite catalog files.","Unknown","Manufacturer or UPC/model, exact package/variant and corresponding photo/video.","421","422","422","Items","422","candidate_requires_package_review","","Unknown","Unknown","","""687985211210"" fireworks","https://americanwholesalefireworks.com/golden-peacock-16s/ | https://freedompatchfirework.com/MS187-Golden-Peacock-R-PC/ | https://76fireworkstore.com/MS187-Golden-Peacock-R-PC","Code found in public source; package/brand/image and any conflicts still need individual verification.","Verify manufacturer/model and exact retail package; inspect and acquire its authentic photo. Video is optional."
"KVUXULCI4EXOSLFEDWCIZ2XP","8145270113714","","Golden Silver Assortment","Golden Silver Assortment","Unknown","Unknown","Regular","Unknown","Unknown","no_match","No sufficiently specific candidate identified in the two Dynamite catalog files.","Unknown","Manufacturer or UPC/model, exact package/variant and corresponding photo/video.","422","423","423","Items","423","candidate_requires_package_review","","Unknown","Unknown","","""8145270113714"" fireworks","https://usa-fireworks.com/products/fountains/fountains-200-gram/9-assorted-fountain/","Code found in public source; package/brand/image and any conflicts still need individual verification.","Verify manufacturer/model and exact retail package; inspect and acquire its authentic photo. Video is optional."
"VM2ZAA3FAPEOJJWLRFYDHRIP","757201530811","","Goooooal 500g Zipper Cake 102 shots","Goooooal 500g Zipper Cake 102 shots","Unknown","500 GRAM FINALE > 500 GRAM FINALE ZIPPER CAKES","Regular","Unknown","500g | 102 shots","no_match","No sufficiently specific candidate identified in the two Dynamite catalog files.","Unknown","Manufacturer or UPC/model, exact package/variant and corresponding photo/video.","424","425","425","Items","425","candidate_requires_package_review","","Unknown","Unknown","","""757201530811"" fireworks","https://www.raccoonfireworksusa.com/product-page/goooooal","Code found in public source; package/brand/image and any conflicts still need individual verification.","Verify manufacturer/model and exact retail package; inspect and acquire its authentic photo. Video is optional."
"D6YSBFIRNB6FTJX5527KRGFF","831100012088","","Gorilla 6"" Artillery Shells 24 Pack","Gorilla 6"" Artillery Shells 24 Pack","Unknown","24 Pack Artillery Shells 6""","Regular","Unknown","6"" | 24 Pack","no_match","No sufficiently specific candidate identified in the two Dynamite catalog files.","Unknown","Manufacturer or UPC/model, exact package/variant and corresponding photo/video.","425","426","426","Items","426","no_verified_identity","","Unknown","Unknown","","""831100012088"" fireworks","","No verified product identity from the searched code/name. Generic names and store SKUs are insufficient to assign a photo.","Verify manufacturer/model and exact retail package; inspect and acquire its authentic photo. Video is optional."
"FUX46WMJ6KKMB42MBGW2QFQB","705108321506","","Grand Cannon Fountain","Grand Cannon Fountain","Unknown","Fountains","Regular","Unknown","Unknown","no_match","No sufficiently specific candidate identified in the two Dynamite catalog files.","Unknown","Manufacturer or UPC/model, exact package/variant and corresponding photo/video.","426","427","427","Items","427","candidate_requires_package_review","","Unknown","Unknown","","""705108321506"" fireworks","https://www.getwinda.com/product-page/grand-cannon","Code found in public source; package/brand/image and any conflicts still need individual verification.","Verify manufacturer/model and exact retail package; inspect and acquire its authentic photo. Video is optional."
"D5FZBGNRT3CBD726J3R3LGWC","6942037750067","","Grand Slam","Grand Slam","Unknown","Fountains","Regular","Unknown","Unknown","no_match","No sufficiently specific candidate identified in the two Dynamite catalog files.","Unknown","Manufacturer or UPC/model, exact package/variant and corresponding photo/video.","427","428","428","Items","428","candidate_requires_package_review","","Unknown","Unknown","","""6942037750067"" fireworks","https://ocfireworks.com/grand-slam/ | https://ocfireworks.com/wholesale-fireworks-grand-slam-case-8-1/ | https://neumann-feuerwerk.de/srpyro-xl-gold-crown-3-single-shots-30mm | https://pyrotechshop.pl/product-pol-3663-SINGLE-SHOTY-XL-GOLD-CROWN-CLE5006-SRPYRO-3-szt.html","Code found in public source; package/brand/image and any conflicts still need individual verification.","Verify manufacturer/model and exact retail package; inspect and acquire its authentic photo. Video is optional."
"WVJQMEDM4UWO7SU6ROOSBOKO","8052530042014","","Great Night extravaganza Assortment","Great Night extravaganza Assortment","Unknown","Unknown","Regular","Unknown","Unknown","no_match","No sufficiently specific candidate identified in the two Dynamite catalog files.","Unknown","Manufacturer or UPC/model, exact package/variant and corresponding photo/video.","428","429","429","Items","429","candidate_requires_package_review","","Unknown","Unknown","","""8052530042014"" fireworks","https://johnnyrocketsfireworks.com/products/greatnightextravaganza | https://ocfireworks.com/10-fiberglass-mortar-tube-single-tube/ | https://beta2024.usa-fireworks.com/products/assortments/great-night-extravaganza-2/ | https://bigdaddyksfireworksoutlet.com/product/great-night-extravaganza/","Code found in public source; package/brand/image and any conflicts still need individual verification.","Verify manufacturer/model and exact retail package; inspect and acquire its authentic photo. Video is optional."
"7A3AOYPUE3CUC6B24G6BPSIH","652009119001","","Green Fuse","Green Fuse","Unknown","Unknown","Regular","Unknown","Unknown","no_match","No sufficiently specific candidate identified in the two Dynamite catalog files.","Unknown","Manufacturer or UPC/model, exact package/variant and corresponding photo/video.","429","430","430","Items","430","data_conflict","","Unknown","Unknown","","Compared code against official Winco UPC reference","https://www.wincofireworks.com/wp-content/uploads/2022/03/UPC-Excel-List_3.25.2022_r2.pdf","Square Green Fuse code 652009119001 resolves in the historical Winco UPC reference to T80 5-inch canister shells. Product name and code disagree.","Rockwall barcode/photo or corrected identifier. Never map fuse to shell kit."
"4CBTD37T3BG3ABNFQKEB5YTD","816597935263","","Green Wasp","Green Wasp","Unknown","Unknown","Regular","Unknown","Unknown","no_match","No sufficiently specific candidate identified in the two Dynamite catalog files.","Unknown","Manufacturer or UPC/model, exact package/variant and corresponding photo/video.","430","431","431","Items","431","no_verified_identity","","Unknown","Unknown","","""816597935263"" fireworks","","No verified product identity from the searched code/name. Generic names and store SKUs are insufficient to assign a photo.","Verify manufacturer/model and exact retail package; inspect and acquire its authentic photo. Video is optional."
"47X66FNFQ5M5AE5BX67W7K4P","705108600960","","Grillin N Chillin","Grillin N Chillin","Unknown","Unknown","Regular","Unknown","Unknown","no_match","No sufficiently specific candidate identified in the two Dynamite catalog files.","Unknown","Manufacturer or UPC/model, exact package/variant and corresponding photo/video.","431","432","432","Items","432","no_verified_identity","","Unknown","Unknown","","""705108600960"" fireworks","","No verified product identity from the searched code/name. Generic names and store SKUs are insufficient to assign a photo.","Verify manufacturer/model and exact retail package; inspect and acquire its authentic photo. Video is optional."
"3SNMSXWD4H7ETDFWILOFMQ4E","8145270182833","","Ground Bloom Flower 12pk","Ground Bloom Flower 12pk","Unknown","Unknown","Regular","Unknown","Unknown","probable","Name identifies a candidate only; manufacturer and exact presentation have not been established.","products.json[61] Ground Bloom Flower / Monkey Mania / /products/ground-bloom-flower.png","Manufacturer or UPC/model, exact package/variant and corresponding photo/video.","432","433","433","Items","433","no_verified_identity","","Unknown","Unknown","","""8145270182833"" fireworks","","No verified product identity from the searched code/name. Generic names and store SKUs are insufficient to assign a photo.","Verify manufacturer/model and exact retail package; inspect and acquire its authentic photo. Video is optional."
"5YTIGLOF5PCVASHW7AJFD5SZ","725272730706","","Ground Bloom Flower Spinner","Ground Bloom Flower Spinner","Unknown","Unknown","Regular","Unknown","Unknown","probable","Name identifies a candidate only; manufacturer and exact presentation have not been established.","products.json[61] Ground Bloom Flower / Monkey Mania / /products/ground-bloom-flower.png","Manufacturer or UPC/model, exact package/variant and corresponding photo/video.","433","434","434","Items","434","no_verified_identity","","Unknown","Unknown","","""725272730706"" fireworks","","No verified product identity from the searched code/name. Generic names and store SKUs are insufficient to assign a photo.","Verify manufacturer/model and exact retail package; inspect and acquire its authentic photo. Video is optional."
"75TEDZLHPLBRXIRIA5GDCIFL","693965500205","","Ground Bloom Flowers","Ground Bloom Flowers","Unknown","Unknown","Regular","Unknown","Unknown","probable","Name identifies a candidate only; manufacturer and exact presentation have not been established.","products.json[61] Ground Bloom Flower / Monkey Mania / /products/ground-bloom-flower.png","Manufacturer or UPC/model, exact package/variant and corresponding photo/video.","434","435","435","Items","435","no_verified_identity","","Unknown","Unknown","","""693965500205"" fireworks","","No verified product identity from the searched code/name. Generic names and store SKUs are insufficient to assign a photo.","Verify manufacturer/model and exact retail package; inspect and acquire its authentic photo. Video is optional."
"4APSYIUKRRGGBOKLVCEU5N2Y","888000009014","","Ground Bloom Flowers","Ground Bloom Flowers","Unknown","Unknown","ground bloom flowers","ground bloom flowers","Unknown","probable","Name identifies a candidate only; manufacturer and exact presentation have not been established.","products.json[61] Ground Bloom Flower / Monkey Mania / /products/ground-bloom-flower.png","Manufacturer or UPC/model, exact package/variant and corresponding photo/video.","435","436","436","Items","436","no_verified_identity","","Unknown","Unknown","","""888000009014"" fireworks","","No verified product identity from the searched code/name. Generic names and store SKUs are insufficient to assign a photo.","Verify manufacturer/model and exact retail package; inspect and acquire its authentic photo. Video is optional."
"I44W44ADWKVGTGLYWV2EVIWB","","6950165431222","Gush","Gush","Unknown","Fountains","Regular","Unknown","Unknown","no_match","No sufficiently specific candidate identified in the two Dynamite catalog files.","Unknown","Manufacturer or UPC/model, exact package/variant and corresponding photo/video.","436","437","437","Items","437","candidate_requires_package_review","","Unknown","Unknown","","""6950165431222"" fireworks","https://usa-fireworks.com/products/fountains/fountains-200-gram/gush/","Code found in public source; package/brand/image and any conflicts still need individual verification.","Verify manufacturer/model and exact retail package; inspect and acquire its authentic photo. Video is optional."
"QEOAHTBTI755LXMWGKRW5EMG","705108321346","","Handheld Snow Cone","Handheld Snow Cone","Unknown","Fountains","Regular","Unknown","Unknown","conflict","Handheld Snowcone source shows a multi-piece display; Square variants differ in color/SKU. Unit vs display-pack identity is not established.","products.json[114] Snow Cone / Winda / /products/snow-cone.png | products.json[184] Handheld Snow Cone / Winda / /products/handheld-snow-cone.png","Manufacturer or UPC/model, exact package/variant and corresponding photo/video.","437","438","438","Items","438","identified_missing_image","","Winda","P3213","","""705108321346"" fireworks","https://www.getwinda.com/product-page/hand-held-snow-cone","Official Hand Held Snow Cone lists corresponding color UPCs. Local photo shows a 24-unit counter display, not the single-unit Square variant. Existing local AKJYyBBGgbE video belongs to Bad Cactus, so it is rejected.","Obtain exact single-color/unit photo and verify color to UPC. Do not use the mixed 24-unit display or unrelated video."
"O7G3LQMSVRJE5CJTYAGVNF4T","705108321339","","Handheld Snowcone","Handheld Snowcone","Unknown","Fountains","Regular","Unknown","Unknown","conflict","Handheld Snowcone source shows a multi-piece display; Square variants differ in color/SKU. Unit vs display-pack identity is not established.","products.json[114] Snow Cone / Winda / /products/snow-cone.png | products.json[184] Handheld Snow Cone / Winda / /products/handheld-snow-cone.png","Manufacturer or UPC/model, exact package/variant and corresponding photo/video.","438","439","439","Items","439","identified_missing_image","","Winda","P3213","","""705108321339"" fireworks","https://www.getwinda.com/product-page/hand-held-snow-cone","Official Hand Held Snow Cone lists corresponding color UPCs. Local photo shows a 24-unit counter display, not the single-unit Square variant. Existing local AKJYyBBGgbE video belongs to Bad Cactus, so it is rejected.","Obtain exact single-color/unit photo and verify color to UPC. Do not use the mixed 24-unit display or unrelated video."
"YTBQUVMNKF7EU4VIEL4R3EAU","705108321322","","Handheld Snowcone","Handheld Snowcone","Unknown","Fountains","Handheld Snowcone","Handheld Snowcone","Unknown","conflict","Handheld Snowcone source shows a multi-piece display; Square variants differ in color/SKU. Unit vs display-pack identity is not established.","products.json[114] Snow Cone / Winda / /products/snow-cone.png | products.json[184] Handheld Snow Cone / Winda / /products/handheld-snow-cone.png","Manufacturer or UPC/model, exact package/variant and corresponding photo/video.","439","440","440","Items","440","identified_missing_image","","Winda","P3213","","""705108321322"" fireworks","https://www.getwinda.com/product-page/hand-held-snow-cone","Official Hand Held Snow Cone lists corresponding color UPCs. Local photo shows a 24-unit counter display, not the single-unit Square variant. Existing local AKJYyBBGgbE video belongs to Bad Cactus, so it is rejected.","Obtain exact single-color/unit photo and verify color to UPC. Do not use the mixed 24-unit display or unrelated video."
"QMHFOJ62GJMP6R7RMLHHGCSG","705108321315","","Handheld Snowcone","Handheld Snowcone","Unknown","Fountains","Handheld Snowcone","Handheld Snowcone","Unknown","conflict","Handheld Snowcone source shows a multi-piece display; Square variants differ in color/SKU. Unit vs display-pack identity is not established.","products.json[114] Snow Cone / Winda / /products/snow-cone.png | products.json[184] Handheld Snow Cone / Winda / /products/handheld-snow-cone.png","Manufacturer or UPC/model, exact package/variant and corresponding photo/video.","440","441","441","Items","441","identified_missing_image","","Winda","P3213","","""705108321315"" fireworks","https://www.getwinda.com/product-page/hand-held-snow-cone","Official Hand Held Snow Cone lists corresponding color UPCs. Local photo shows a 24-unit counter display, not the single-unit Square variant. Existing local AKJYyBBGgbE video belongs to Bad Cactus, so it is rejected.","Obtain exact single-color/unit photo and verify color to UPC. Do not use the mixed 24-unit display or unrelated video."
"N33QU2DRWYMNUYFPRTWK46YL","8145270242216","","Happy Camper 200 Gram 25 Shot","Happy Camper 200 Gram 25 Shot","Unknown","Unknown","Regular","Unknown","200 Gram | 25 Shot","no_match","No sufficiently specific candidate identified in the two Dynamite catalog files.","Unknown","Manufacturer or UPC/model, exact package/variant and corresponding photo/video.","441","442","442","Items","442","candidate_requires_package_review","","Unknown","Unknown","","""8145270242216"" fireworks","https://usa-fireworks.com/products/aerial-all-cakes/aerial-200-gram-cakes/happy-camper/","Code found in public source; package/brand/image and any conflicts still need individual verification.","Verify manufacturer/model and exact retail package; inspect and acquire its authentic photo. Video is optional."
"OPKQIOVE4L5ZQDJ3U3KALWMX","705108700769","","Happy Dinosaur","Happy Dinosaur","Unknown","Unknown","Regular","Unknown","Unknown","no_match","No sufficiently specific candidate identified in the two Dynamite catalog files.","Unknown","Manufacturer or UPC/model, exact package/variant and corresponding photo/video.","442","443","443","Items","443","no_verified_identity","","Unknown","Unknown","","""705108700769"" fireworks","","No verified product identity from the searched code/name. Generic names and store SKUs are insufficient to assign a photo.","Verify manufacturer/model and exact retail package; inspect and acquire its authentic photo. Video is optional."
"GCUCWW22VYRMJCKGYGLAMKAF","814527200160","","Hardcore 200 G","Hardcore 200 G","Unknown","Unknown","Regular","Unknown","200 G","no_match","No sufficiently specific candidate identified in the two Dynamite catalog files.","Unknown","Manufacturer or UPC/model, exact package/variant and corresponding photo/video.","443","444","444","Items","444","candidate_requires_package_review","","Unknown","Unknown","","""814527200160"" fireworks","https://usa-fireworks.com/products/aerial-all-cakes/aerial-200-gram-cakes/hardcore/","Code found in public source; package/brand/image and any conflicts still need individual verification.","Verify manufacturer/model and exact retail package; inspect and acquire its authentic photo. Video is optional."
"BKNQ623WTRVPWROLDUXP6Q6L","757201530637","","Hazmat","Hazmat","Unknown","Unknown","Regular","Unknown","Unknown","no_match","No sufficiently specific candidate identified in the two Dynamite catalog files.","Unknown","Manufacturer or UPC/model, exact package/variant and corresponding photo/video.","444","445","445","Items","445","candidate_requires_package_review","","Unknown","Unknown","","""757201530637"" fireworks","https://www.raccoonfireworksusa.com/product-page/hazmat","Code found in public source; package/brand/image and any conflicts still need individual verification.","Verify manufacturer/model and exact retail package; inspect and acquire its authentic photo. Video is optional."
"DY5DP3QG2IV2MPEL5GFLUKCH","814527313518","","Heavy Handed 500 Gram 36 Shots","Heavy Handed 500 Gram 36 Shots","Unknown","Unknown","Regular","Unknown","500 Gram | 36 Shots","no_match","No sufficiently specific candidate identified in the two Dynamite catalog files.","Unknown","Manufacturer or UPC/model, exact package/variant and corresponding photo/video.","445","446","446","Items","446","no_verified_identity","","Unknown","Unknown","","""814527313518"" fireworks","","No verified product identity from the searched code/name. Generic names and store SKUs are insufficient to assign a photo.","Verify manufacturer/model and exact retail package; inspect and acquire its authentic photo. Video is optional."
"IUIXJZMXJXNLT3RHGLUETYA7","841527141254","841527141254","Helix Terminator","Helix Terminator","Unknown","Unknown","Regular","Unknown","Unknown","no_match","No sufficiently specific candidate identified in the two Dynamite catalog files.","Unknown","Manufacturer or UPC/model, exact package/variant and corresponding photo/video.","446","447","447","Items","447","candidate_requires_package_review","","Unknown","Unknown","","""841527141254"" fireworks","https://www.t-skyfireworks.com/wp-content/uploads/2025/07/2026-Mecha-Product-Catalog.pdf","Code found in public source; package/brand/image and any conflicts still need individual verification.","Verify manufacturer/model and exact retail package; inspect and acquire its authentic photo. Video is optional."
"LLVKRTYFYMMNXUONBBVVBGGP","943100700039","","Hen Laying Egg BOGO","Hen Laying Egg","Unknown","Unknown","Regular","Unknown","Unknown","no_match","No sufficiently specific candidate identified in the two Dynamite catalog files.","Unknown","Manufacturer or UPC/model, exact package/variant and corresponding photo/video.","447","448","448","Items","448","no_verified_identity","","Unknown","Unknown","","""943100700039"" fireworks","","No verified product identity from the searched code/name. Generic names and store SKUs are insufficient to assign a photo.","Verify manufacturer/model and exact retail package; inspect and acquire its authentic photo. Video is optional."
"PCBVWGLH76TMB2THUXTY6OVG","000701613295","","Hen Laying Eggs. BOGO","Hen Laying Eggs.","Unknown","Unknown","Regular","Unknown","Unknown","no_match","No sufficiently specific candidate identified in the two Dynamite catalog files.","Unknown","Manufacturer or UPC/model, exact package/variant and corresponding photo/video.","448","449","449","Items","449","no_verified_identity","","Unknown","Unknown","","""000701613295"" fireworks","","No verified product identity from the searched code/name. Generic names and store SKUs are insufficient to assign a photo.","Verify manufacturer/model and exact retail package; inspect and acquire its authentic photo. Video is optional."
"FRCNZACDUCAW4XIN2KFT3M4L","814527200320","","High Voltage","High Voltage","Unknown","Unknown","Regular","Unknown","Unknown","no_match","No sufficiently specific candidate identified in the two Dynamite catalog files.","Unknown","Manufacturer or UPC/model, exact package/variant and corresponding photo/video.","450","451","451","Items","451","candidate_requires_package_review","","Unknown","Unknown","","""814527200320"" fireworks","https://americanwholesalefireworks.com/high-voltage-cutting-edge/","Code found in public source; package/brand/image and any conflicts still need individual verification.","Verify manufacturer/model and exact retail package; inspect and acquire its authentic photo. Video is optional."
"4RFIIMK7QCQH5PJA2UORE7HK","","687985913701","Hoist of the Colors (3 Cakes)","Hoist of the Colors (3 Cakes)","Unknown","Unknown","Regular","Unknown","Unknown","no_match","No sufficiently specific candidate identified in the two Dynamite catalog files.","Unknown","Manufacturer or UPC/model, exact package/variant and corresponding photo/video.","452","453","453","Items","453","no_verified_identity","","Unknown","Unknown","","""687985913701"" fireworks","","No verified product identity from the searched code/name. Generic names and store SKUs are insufficient to assign a photo.","Verify manufacturer/model and exact retail package; inspect and acquire its authentic photo. Video is optional."
"HJTMDSKH3C53TJXF64R6QW53","","715244022489","Holiday Lights Fountain Black Cat Quiet","Holiday Lights Fountain Black Cat Quiet","Black Cat","Fountains","Regular","Unknown","Unknown","no_match","No sufficiently specific candidate identified in the two Dynamite catalog files.","Unknown","Manufacturer or UPC/model, exact package/variant and corresponding photo/video.","453","454","454","Items","454","no_verified_identity","","Unknown","Unknown","","""715244022489"" fireworks","","No verified product identity from the searched code/name. Generic names and store SKUs are insufficient to assign a photo.","Verify manufacturer/model and exact retail package; inspect and acquire its authentic photo. Video is optional."
"AJ54GAY2B3V3IW5EFTAVU6DZ","816597941691","","Home Of The Brave 200 G","Home Of The Brave 200 G","Unknown","Unknown","Regular","Unknown","200 G","no_match","No sufficiently specific candidate identified in the two Dynamite catalog files.","Unknown","Manufacturer or UPC/model, exact package/variant and corresponding photo/video.","454","455","455","Items","455","no_verified_identity","","Unknown","Unknown","","""816597941691"" fireworks","","No verified product identity from the searched code/name. Generic names and store SKUs are insufficient to assign a photo.","Verify manufacturer/model and exact retail package; inspect and acquire its authentic photo. Video is optional."
"R4GI34CWJNRTDFBMUUZ463NM","805253316492","","Home Of The Brave 24 Shells/24 Breaks","Home Of The Brave 24 Shells/24 Breaks","Unknown","Artillery Packs MultiShell MultiBreaks","Regular","Unknown","24 Shells | 24 Breaks","no_match","No sufficiently specific candidate identified in the two Dynamite catalog files.","Unknown","Manufacturer or UPC/model, exact package/variant and corresponding photo/video.","455","456","456","Items","456","no_verified_identity","","Unknown","Unknown","","""805253316492"" fireworks","","No verified product identity from the searched code/name. Generic names and store SKUs are insufficient to assign a photo.","Verify manufacturer/model and exact retail package; inspect and acquire its authentic photo. Video is optional."
"PF7MSTRWM3LEPHVVTJHTUGRH","757201400039","","Home Of The Brave 48 Shells/72 Breaks","Home Of The Brave 48 Shells/72 Breaks","Unknown","Artillery Packs MultiShell MultiBreaks","Regular","Unknown","48 Shells | 72 Breaks","no_match","No sufficiently specific candidate identified in the two Dynamite catalog files.","Unknown","Manufacturer or UPC/model, exact package/variant and corresponding photo/video.","456","457","457","Items","457","candidate_requires_package_review","","Unknown","Unknown","","""757201400039"" fireworks","https://americanwholesalefireworks.com/home-of-the-brave-case-of-2/ | https://dosgringosfireworks.com/home-of-the-brave-48-pack/","Code found in public source; package/brand/image and any conflicts still need individual verification.","Verify manufacturer/model and exact retail package; inspect and acquire its authentic photo. Video is optional."
"5WWE7ULB44P5GEG5SPOE3C4H","","121823801299","Hometown 8 Ball Candles","Hometown 8 Ball Candles","Unknown","Unknown","Regular","Unknown","Unknown","no_match","No sufficiently specific candidate identified in the two Dynamite catalog files.","Unknown","Manufacturer or UPC/model, exact package/variant and corresponding photo/video.","457","458","458","Items","458","no_verified_identity","","Unknown","Unknown","","""121823801299"" fireworks","","No verified product identity from the searched code/name. Generic names and store SKUs are insufficient to assign a photo.","Verify manufacturer/model and exact retail package; inspect and acquire its authentic photo. Video is optional."
"VO5VKMURGPFHWLH2WHVHDHTY","757201572163","","Hot As Hell 9 Rack","Hot As Hell 9 Rack","Unknown","Unknown","Regular","Unknown","Unknown","no_match","No sufficiently specific candidate identified in the two Dynamite catalog files.","Unknown","Manufacturer or UPC/model, exact package/variant and corresponding photo/video.","458","459","459","Items","459","candidate_requires_package_review","","Unknown","Unknown","","""757201572163"" fireworks","https://501pyro.com/Hot-as-Hell/ | https://americanwholesalefireworks.com/hot-as-hell/ | https://www.raccoonfireworksusa.com/product-page/too-hot-to-handle | https://fireworks-superstore.myshopify.com/products/hot-as-hell-3-rack-raccoon","Code found in public source; package/brand/image and any conflicts still need individual verification.","Verify manufacturer/model and exact retail package; inspect and acquire its authentic photo. Video is optional."
"XJZEMQJXB5U2J6MBX7XQ6PCY","8052531342212","","Hot Dog 200 Gram 16 Shot","Hot Dog 200 Gram 16 Shot","Unknown","Unknown","Regular","Unknown","200 Gram | 16 Shot","no_match","No sufficiently specific candidate identified in the two Dynamite catalog files.","Unknown","Manufacturer or UPC/model, exact package/variant and corresponding photo/video.","459","460","460","Items","460","candidate_requires_package_review","","Unknown","Unknown","","""8052531342212"" fireworks","https://staging.usa-fireworks.com/products/aerial-all-cakes/aerial-200-gram-cakes/hot-dog/ | https://usa-fireworks.com/products/aerial-all-cakes/aerial-200-gram-cakes/hot-dog/","Code found in public source; package/brand/image and any conflicts still need individual verification.","Verify manufacturer/model and exact retail package; inspect and acquire its authentic photo. Video is optional."
"4TLQKMAPJQY33RAKIVUWFQNU","8052530165928","","Hot Racer 2pk","Hot Racer 2pk","Unknown","Unknown","Regular","Unknown","Unknown","no_match","No sufficiently specific candidate identified in the two Dynamite catalog files.","Unknown","Manufacturer or UPC/model, exact package/variant and corresponding photo/video.","460","461","461","Items","461","no_verified_identity","","Unknown","Unknown","","""8052530165928"" fireworks","","No verified product identity from the searched code/name. Generic names and store SKUs are insufficient to assign a photo.","Verify manufacturer/model and exact retail package; inspect and acquire its authentic photo. Video is optional."
"CLS3OVOY5B22WFA3L5P3RCOV","8145270245811","","Hot Rod","Hot Rod","Unknown","Unknown","Regular","Unknown","Unknown","no_match","No sufficiently specific candidate identified in the two Dynamite catalog files.","Unknown","Manufacturer or UPC/model, exact package/variant and corresponding photo/video.","461","462","462","Items","462","candidate_requires_package_review","","Unknown","Unknown","","""8145270245811"" fireworks","https://ocfireworks.com/hot-rod/","Code found in public source; package/brand/image and any conflicts still need individual verification.","Verify manufacturer/model and exact retail package; inspect and acquire its authentic photo. Video is optional."
"FXE5QLUXVHWMCQYDRZA6DWMA","715244021970","","Hot Sauce Fountain","Hot Sauce Fountain","Unknown","Fountains","Regular","Unknown","Unknown","no_match","No sufficiently specific candidate identified in the two Dynamite catalog files.","Unknown","Manufacturer or UPC/model, exact package/variant and corresponding photo/video.","462","463","463","Items","463","candidate_requires_package_review","","Unknown","Unknown","","""715244021970"" fireworks","https://www.wincofireworks.com/wp-content/uploads/2022/02/Pyro-Scan-UPC-ITEM-Database-February-2022-Sorted-By-Item-Name.pdf","Code found in public source; package/brand/image and any conflicts still need individual verification.","Verify manufacturer/model and exact retail package; inspect and acquire its authentic photo. Video is optional."
"4ZLDZRU4KVCXWE6IOXAFVKD2","757801578763","","Hot as Hell","Hot as Hell","Unknown","9-SHOT 500 GRAM RACKS","Regular","Unknown","Unknown","no_match","No sufficiently specific candidate identified in the two Dynamite catalog files.","Unknown","Manufacturer or UPC/model, exact package/variant and corresponding photo/video.","463","464","464","Items","464","no_verified_identity","","Unknown","Unknown","","""757801578763"" fireworks","","No verified product identity from the searched code/name. Generic names and store SKUs are insufficient to assign a photo.","Verify manufacturer/model and exact retail package; inspect and acquire its authentic photo. Video is optional."
"MKMB5MPSXF6UVGVQ3RMXR4EH","8145270114711","","Howler Fountain","Howler Fountain","Unknown","Fountains","Regular","Unknown","Unknown","no_match","No sufficiently specific candidate identified in the two Dynamite catalog files.","Unknown","Manufacturer or UPC/model, exact package/variant and corresponding photo/video.","464","465","465","Items","465","candidate_requires_package_review","","Unknown","Unknown","","""8145270114711"" fireworks","https://usa-fireworks.com/products/fountains/fountains-200-gram/howler-fountain/","Code found in public source; package/brand/image and any conflicts still need individual verification.","Verify manufacturer/model and exact retail package; inspect and acquire its authentic photo. Video is optional."
"XSHQZDOB32OQODB4SVTRD6EY","705108203000","","Howling Commandos (6 sticks)","Howling Commandos (6 sticks)","Unknown","Stick Rockets","Regular","Unknown","6 sticks","no_match","No sufficiently specific candidate identified in the two Dynamite catalog files.","Unknown","Manufacturer or UPC/model, exact package/variant and corresponding photo/video.","465","466","466","Items","466","candidate_requires_package_review","","Unknown","Unknown","","""705108203000"" fireworks","https://americanwholesalefireworks.com/howling-commandos/ | https://americanwholesalefireworks.com/howling-commandos-rocket/ | https://www.getwinda.com/product-page/howling-commandos","Code found in public source; package/brand/image and any conflicts still need individual verification.","Verify manufacturer/model and exact retail package; inspect and acquire its authentic photo. Video is optional."
"ZWQVO4JHHW32NG6NCSCNNTGY","757201538145","","Huge White Strobe 500 Gram","Huge White Strobe 500 Gram","Unknown","500 GRAM FINALE","Regular","Unknown","500 Gram","no_match","No sufficiently specific candidate identified in the two Dynamite catalog files.","Unknown","Manufacturer or UPC/model, exact package/variant and corresponding photo/video.","466","467","467","Items","467","candidate_requires_package_review","","Unknown","Unknown","","""757201538145"" fireworks","https://americanwholesalefireworks.com/huge-white-strobe/","Code found in public source; package/brand/image and any conflicts still need individual verification.","Verify manufacturer/model and exact retail package; inspect and acquire its authentic photo. Video is optional."
"NWJSW2USYCV5YAHSLZZ3XUBB","8145270281512","","Hungry","Hungry","Unknown","Unknown","Regular","Unknown","Unknown","no_match","No sufficiently specific candidate identified in the two Dynamite catalog files.","Unknown","Manufacturer or UPC/model, exact package/variant and corresponding photo/video.","467","468","468","Items","468","no_verified_identity","","Unknown","Unknown","","""8145270281512"" fireworks","","No verified product identity from the searched code/name. Generic names and store SKUs are insufficient to assign a photo.","Verify manufacturer/model and exact retail package; inspect and acquire its authentic photo. Video is optional."
"AKI3KKIBYKNIRZHLPMG6HPDE","687985901326","","Hydrogen Bomb","Hydrogen Bomb","Unknown","Unknown","Regular","Unknown","Unknown","no_match","No sufficiently specific candidate identified in the two Dynamite catalog files.","Unknown","Manufacturer or UPC/model, exact package/variant and corresponding photo/video.","468","469","469","Items","469","candidate_requires_package_review","","Unknown","Unknown","","Compared code against official Winco UPC reference","https://www.wincofireworks.com/wp-content/uploads/2022/03/UPC-Excel-List_3.25.2022_r2.pdf","Code found in public source; package/brand/image and any conflicts still need individual verification.","Verify manufacturer/model and exact retail package; inspect and acquire its authentic photo. Video is optional."
"URMFO7CTNSV5DHJHIIIIDGAJ","","840142208045","I Love America (3 Cakes)","I Love America (3 Cakes)","Unknown","Unknown","Regular","Unknown","Unknown","no_match","No sufficiently specific candidate identified in the two Dynamite catalog files.","Unknown","Manufacturer or UPC/model, exact package/variant and corresponding photo/video.","469","470","470","Items","470","candidate_requires_package_review","","Unknown","Unknown","","""840142208045"" fireworks","https://www.t-skyfireworks.com/wp-content/uploads/2025/07/2026-Mecha-Product-Catalog.pdf","Code found in public source; package/brand/image and any conflicts still need individual verification.","Verify manufacturer/model and exact retail package; inspect and acquire its authentic photo. Video is optional."
"WMH4N3QCURROC2TYDS4KULOZ","681402055845","","I Love Fireworks 500 Gram","I Love Fireworks 500 Gram","Unknown","500 GRAM FINALE","Regular","Unknown","500 Gram","no_match","No sufficiently specific candidate identified in the two Dynamite catalog files.","Unknown","Manufacturer or UPC/model, exact package/variant and corresponding photo/video.","470","471","471","Items","471","no_verified_identity","","Unknown","Unknown","","""681402055845"" fireworks","","No verified product identity from the searched code/name. Generic names and store SKUs are insufficient to assign a photo.","Verify manufacturer/model and exact retail package; inspect and acquire its authentic photo. Video is optional."
"VW7ETH7XUUVOEGZVXZMRVCU7","022208813213","","I'm ready","I'm ready","Unknown","Fountains","Regular","Unknown","Unknown","no_match","No sufficiently specific candidate identified in the two Dynamite catalog files.","Unknown","Manufacturer or UPC/model, exact package/variant and corresponding photo/video.","471","472","472","Items","472","no_verified_identity","","Unknown","Unknown","","""022208813213"" fireworks","","No verified product identity from the searched code/name. Generic names and store SKUs are insufficient to assign a photo.","Verify manufacturer/model and exact retail package; inspect and acquire its authentic photo. Video is optional."
"6356CC3S5APWLRMBKDQDCW5X","875330033918","","Ice Cream Cone 4 Pk","Ice Cream Cone 4 Pk","Unknown","Fountains","Regular","Unknown","Unknown","no_match","No sufficiently specific candidate identified in the two Dynamite catalog files.","Unknown","Manufacturer or UPC/model, exact package/variant and corresponding photo/video.","472","473","473","Items","473","no_verified_identity","","Unknown","Unknown","","""875330033918"" fireworks","","No verified product identity from the searched code/name. Generic names and store SKUs are insufficient to assign a photo.","Verify manufacturer/model and exact retail package; inspect and acquire its authentic photo. Video is optional."
"YXQH6SOSX4CN7OBFRF67NEVE","875330033901","","Ice Cream Cone Mini Fountain","Ice Cream Cone Mini Fountain","Unknown","Fountains","Regular","Unknown","Unknown","no_match","No sufficiently specific candidate identified in the two Dynamite catalog files.","Unknown","Manufacturer or UPC/model, exact package/variant and corresponding photo/video.","473","474","474","Items","474","no_verified_identity","","Unknown","Unknown","","""875330033901"" fireworks","","No verified product identity from the searched code/name. Generic names and store SKUs are insufficient to assign a photo.","Verify manufacturer/model and exact retail package; inspect and acquire its authentic photo. Video is optional."
"3MHU2W23G5WNERPNZEPAJUVA","705108917129","","Ice Fountains","Ice Fountains","Unknown","Fountains","Regular","Unknown","Unknown","no_match","No sufficiently specific candidate identified in the two Dynamite catalog files.","Unknown","Manufacturer or UPC/model, exact package/variant and corresponding photo/video.","474","475","475","Items","475","candidate_requires_package_review","","Unknown","Unknown","","""705108917129"" fireworks","https://usa-fireworks.com/products/sparklers/ice-fountain/","Code found in public source; package/brand/image and any conflicts still need individual verification.","Verify manufacturer/model and exact retail package; inspect and acquire its authentic photo. Video is optional."
"7J5NQF5D7C6KEDJJ4BNKEKG6","705669335516","","Ignite Large Battery Smartphone Enabled","Ignite Large Battery Smartphone Enabled","Unknown","Unknown","Regular","Unknown","Unknown","no_match","No sufficiently specific candidate identified in the two Dynamite catalog files.","Unknown","Manufacturer or UPC/model, exact package/variant and corresponding photo/video.","475","476","476","Items","476","candidate_requires_package_review","","Unknown","Unknown","","""705669335516"" fireworks","https://pyromaniapyro.com/ignite-i18-firing-system/ | https://americanwholesalefireworks.com/ignite-firing-system-i18/ | https://blackkatpyro.com/i18-ignite-firing-module/?setCurrencyId=1 | https://nitrofireworkstore.com/FS300-i18-Ignite-Firing-Module | https://blackkatpyro.com/i18-ignite-firing-module/ | https://76fireworkstore.com/FS300-i18-Ignite-Firing-Module-R-PC","Code found in public source; package/brand/image and any conflicts still need individual verification.","Verify manufacturer/model and exact retail package; inspect and acquire its authentic photo. Video is optional."
"3TARO3566LXW5GTPWVXEX2P6","193936962112","","Ignite The Spark","Ignite The Spark","Unknown","Fountains","Regular","Unknown","Unknown","no_match","No sufficiently specific candidate identified in the two Dynamite catalog files.","Unknown","Manufacturer or UPC/model, exact package/variant and corresponding photo/video.","476","477","477","Items","477","no_verified_identity","","Unknown","Unknown","","""193936962112"" fireworks","","No verified product identity from the searched code/name. Generic names and store SKUs are insufficient to assign a photo.","Verify manufacturer/model and exact retail package; inspect and acquire its authentic photo. Video is optional."
"WQAF65QJW3S7GIUF6IQ567YB","821600012060","","Illuminati 5 Inch Neon Shells 60 Gram","Illuminati 5 Inch Neon Shells 60 Gram","Unknown","Unknown","Regular","Unknown","5 Inch | 60 Gram","no_match","No sufficiently specific candidate identified in the two Dynamite catalog files.","Unknown","Manufacturer or UPC/model, exact package/variant and corresponding photo/video.","477","478","478","Items","478","no_verified_identity","","Unknown","Unknown","","""821600012060"" fireworks","","No verified product identity from the searched code/name. Generic names and store SKUs are insufficient to assign a photo.","Verify manufacturer/model and exact retail package; inspect and acquire its authentic photo. Video is optional."
"3OPETP7EWBNMLSAR4WE6LQNY","821600012145","","Illuminati 60 Gram Canister Shells 6 Pack","Illuminati 60 Gram Canister Shells 6 Pack","Unknown","Unknown","Regular","Unknown","60 Gram | 6 Pack","no_match","No sufficiently specific candidate identified in the two Dynamite catalog files.","Unknown","Manufacturer or UPC/model, exact package/variant and corresponding photo/video.","478","479","479","Items","479","no_verified_identity","","Unknown","Unknown","","""821600012145"" fireworks","","No verified product identity from the searched code/name. Generic names and store SKUs are insufficient to assign a photo.","Verify manufacturer/model and exact retail package; inspect and acquire its authentic photo. Video is optional."
"HBGF2TEENREDHRL5CCFUQF74","681402055838","","Ilove Fireworks","Ilove Fireworks","Unknown","Unknown","Regular","Unknown","Unknown","no_match","No sufficiently specific candidate identified in the two Dynamite catalog files.","Unknown","Manufacturer or UPC/model, exact package/variant and corresponding photo/video.","479","480","480","Items","480","no_verified_identity","","Unknown","Unknown","","""681402055838"" fireworks","","No verified product identity from the searched code/name. Generic names and store SKUs are insufficient to assign a photo.","Verify manufacturer/model and exact retail package; inspect and acquire its authentic photo. Video is optional."
"4KWGG6GWZ5N3VGLDAW57YTH3","140000104916","","Immortal Phoenix 500g","Immortal Phoenix 500g","Unknown","Unknown","Regular","Unknown","500g","no_match","No sufficiently specific candidate identified in the two Dynamite catalog files.","Unknown","Manufacturer or UPC/model, exact package/variant and corresponding photo/video.","480","481","481","Items","481","no_verified_identity","","Unknown","Unknown","","""140000104916"" fireworks","","No verified product identity from the searched code/name. Generic names and store SKUs are insufficient to assign a photo.","Verify manufacturer/model and exact retail package; inspect and acquire its authentic photo. Video is optional."
"WNDDQWDUX5IMRUJBVDTK2UCH","8145270190111","","Incenerator","Incenerator","Unknown","Unknown","Regular","Unknown","Unknown","no_match","No sufficiently specific candidate identified in the two Dynamite catalog files.","Unknown","Manufacturer or UPC/model, exact package/variant and corresponding photo/video.","481","482","482","Items","482","no_verified_identity","","Unknown","Unknown","","""8145270190111"" fireworks","","No verified product identity from the searched code/name. Generic names and store SKUs are insufficient to assign a photo.","Verify manufacturer/model and exact retail package; inspect and acquire its authentic photo. Video is optional."
"S7YQMVG7VIYG56HEQ6EMBDTY","757205301769","","Infinity And Beyond 500 Gram","Infinity And Beyond 500 Gram","Unknown","500 GRAM FINALE","Regular","Unknown","500 Gram","no_match","No sufficiently specific candidate identified in the two Dynamite catalog files.","Unknown","Manufacturer or UPC/model, exact package/variant and corresponding photo/video.","482","483","483","Items","483","no_verified_identity","","Unknown","Unknown","","""757205301769"" fireworks","","No verified product identity from the searched code/name. Generic names and store SKUs are insufficient to assign a photo.","Verify manufacturer/model and exact retail package; inspect and acquire its authentic photo. Video is optional."
"PB4BRS3FE2O4BB5DDXL53LT6","687985909025","","Inside Job","Inside Job","Unknown","Unknown","Regular","Unknown","Unknown","no_match","No sufficiently specific candidate identified in the two Dynamite catalog files.","Unknown","Manufacturer or UPC/model, exact package/variant and corresponding photo/video.","483","484","484","Items","484","candidate_requires_package_review","","Unknown","Unknown","","Compared code against official Winco UPC reference","https://www.wincofireworks.com/wp-content/uploads/2022/03/UPC-Excel-List_3.25.2022_r2.pdf","Code found in public source; package/brand/image and any conflicts still need individual verification.","Verify manufacturer/model and exact retail package; inspect and acquire its authentic photo. Video is optional."
"SXECMCIGNTFKRD4Z3P4NBH77","6942037750043","","Intensedefense","Intensedefense","Unknown","Unknown","Regular","Unknown","Unknown","no_match","No sufficiently specific candidate identified in the two Dynamite catalog files.","Unknown","Manufacturer or UPC/model, exact package/variant and corresponding photo/video.","484","485","485","Items","485","no_verified_identity","","Unknown","Unknown","","""6942037750043"" fireworks","","No verified product identity from the searched code/name. Generic names and store SKUs are insufficient to assign a photo.","Verify manufacturer/model and exact retail package; inspect and acquire its authentic photo. Video is optional."
"MN4MFAPAACK2RIXOGQUVPSPJ","757201536011","","Iron Wolf","Iron Wolf","Unknown","Unknown","Regular","Unknown","Unknown","no_match","No sufficiently specific candidate identified in the two Dynamite catalog files.","Unknown","Manufacturer or UPC/model, exact package/variant and corresponding photo/video.","487","488","488","Items","488","no_verified_identity","","Unknown","Unknown","","""757201536011"" fireworks","","No verified product identity from the searched code/name. Generic names and store SKUs are insufficient to assign a photo.","Verify manufacturer/model and exact retail package; inspect and acquire its authentic photo. Video is optional."
"NJHD7SM6ZI3QNNOJHFYYRYZ4","753321710966","","Its A Boy","Its A Boy","Unknown","Unknown","Regular","Unknown","Unknown","probable","Name identifies a candidate only; manufacturer and exact presentation have not been established.","gender-reveal.json[0] It's a Boy/Girl - Boom Woow / Unknown / /products/it's-a-boy-girl.png | gender-reveal.json[1] It's a Boy/Girl - T-Sky / Unknown / /products/blue-pink-smoke.png","Manufacturer or UPC/model, exact package/variant and corresponding photo/video.","488","489","489","Items","489","no_verified_identity","","Unknown","Unknown","","""753321710966"" fireworks","","No verified product identity from the searched code/name. Generic names and store SKUs are insufficient to assign a photo.","Verify manufacturer/model and exact retail package; inspect and acquire its authentic photo. Video is optional."
"P66VDAIWM6ZX7BAZELY54NQD","753321710959","","Its A Girl","Its A Girl","Unknown","Unknown","Regular","Unknown","Unknown","no_match","No sufficiently specific candidate identified in the two Dynamite catalog files.","Unknown","Manufacturer or UPC/model, exact package/variant and corresponding photo/video.","489","490","490","Items","490","no_verified_identity","","Unknown","Unknown","","""753321710959"" fireworks","","No verified product identity from the searched code/name. Generic names and store SKUs are insufficient to assign a photo.","Verify manufacturer/model and exact retail package; inspect and acquire its authentic photo. Video is optional."
"5RHTFSG3AOTJRALXK7NLSZPO","8145270289310","","Jaw Breaker 200 Gram 25 Shot","Jaw Breaker 200 Gram 25 Shot","Unknown","Unknown","Regular","Unknown","200 Gram | 25 Shot","no_match","No sufficiently specific candidate identified in the two Dynamite catalog files.","Unknown","Manufacturer or UPC/model, exact package/variant and corresponding photo/video.","490","491","491","Items","491","no_verified_identity","","Unknown","Unknown","","""8145270289310"" fireworks","","No verified product identity from the searched code/name. Generic names and store SKUs are insufficient to assign a photo.","Verify manufacturer/model and exact retail package; inspect and acquire its authentic photo. Video is optional."
"2I2ITQB4TQZX3IXYE3UZJNMR","757201220095","","Jawbreaker 25 Shots","Jawbreaker 25 Shots","Unknown","Unknown","Regular","Unknown","25 Shots","no_match","No sufficiently specific candidate identified in the two Dynamite catalog files.","Unknown","Manufacturer or UPC/model, exact package/variant and corresponding photo/video.","491","492","492","Items","492","candidate_requires_package_review","","Unknown","Unknown","","""757201220095"" fireworks","https://www.raccoonfireworksusa.com/product-page/jawbreaker","Code found in public source; package/brand/image and any conflicts still need individual verification.","Verify manufacturer/model and exact retail package; inspect and acquire its authentic photo. Video is optional."
"UZCBBHPKUEH64KANXEM37JVQ","687985237715","","Jaws 16 Shot","Jaws 16 Shot","Unknown","Unknown","Regular","Unknown","16 Shot","no_match","No sufficiently specific candidate identified in the two Dynamite catalog files.","Unknown","Manufacturer or UPC/model, exact package/variant and corresponding photo/video.","492","493","493","Items","493","candidate_requires_package_review","","Unknown","Unknown","","""687985237715"" fireworks","https://georgiasbestfireworks.com/product/jaws16shot/","Code found in public source; package/brand/image and any conflicts still need individual verification.","Verify manufacturer/model and exact retail package; inspect and acquire its authentic photo. Video is optional."
"JUSF3HFQOT35RZT5ID4CJ5CF","715244021840","","Joker","Joker","Unknown","Unknown","Regular","Unknown","Unknown","no_match","No sufficiently specific candidate identified in the two Dynamite catalog files.","Unknown","Manufacturer or UPC/model, exact package/variant and corresponding photo/video.","493","494","494","Items","494","candidate_requires_package_review","","Unknown","Unknown","","Compared code against official Winco UPC reference","https://www.wincofireworks.com/wp-content/uploads/2022/03/UPC-Excel-List_3.25.2022_r2.pdf","Code found in public source; package/brand/image and any conflicts still need individual verification.","Verify manufacturer/model and exact retail package; inspect and acquire its authentic photo. Video is optional."
"X6GYAZRENGEQ4LKUM7HSEQHR","P8","","Joker","Joker","Unknown","Unknown","Regular","Unknown","Unknown","no_match","No sufficiently specific candidate identified in the two Dynamite catalog files.","Unknown","Manufacturer or UPC/model, exact package/variant and corresponding photo/video.","494","495","495","Items","495","candidate_requires_package_review","","Unknown","Unknown","","""P8"" fireworks","https://www.rischioindustriale.isprambiente.gov.it/seveso-query-105/protocolli_pdf/21428-22_parente%20fireworks%20group_PEEDEFINITIVO.pdf","Code found in public source; package/brand/image and any conflicts still need individual verification.","Verify manufacturer/model and exact retail package; inspect and acquire its authentic photo. Video is optional."
"KIQSPT7TDOXOPH6FPCTYHWUM","757201225175","","Joker","Joker","Unknown","Unknown","Regular","Unknown","Unknown","no_match","No sufficiently specific candidate identified in the two Dynamite catalog files.","Unknown","Manufacturer or UPC/model, exact package/variant and corresponding photo/video.","495","496","496","Items","496","candidate_requires_package_review","","Unknown","Unknown","","""757201225175"" fireworks","https://americanwholesalefireworks.com/joker/","Code found in public source; package/brand/image and any conflicts still need individual verification.","Verify manufacturer/model and exact retail package; inspect and acquire its authentic photo. Video is optional."
"5JYX2SBZ4EQGLVLJKUKNZ5HG","132201950034","","Joker's Wild 500 Gram","Joker's Wild 500 Gram","Unknown","500 GRAM FINALE","Regular","Unknown","500 Gram","no_match","No sufficiently specific candidate identified in the two Dynamite catalog files.","Unknown","Manufacturer or UPC/model, exact package/variant and corresponding photo/video.","496","497","497","Items","497","no_verified_identity","","Unknown","Unknown","","""132201950034"" fireworks","","No verified product identity from the searched code/name. Generic names and store SKUs are insufficient to assign a photo.","Verify manufacturer/model and exact retail package; inspect and acquire its authentic photo. Video is optional."
"VFDWZ7GPUOWDTWBKHLSGJRVM","715244000890","","Jr. Pyro Backpack","Jr. Pyro Backpack","Unknown","Unknown","Regular","Unknown","Unknown","no_match","No sufficiently specific candidate identified in the two Dynamite catalog files.","Unknown","Manufacturer or UPC/model, exact package/variant and corresponding photo/video.","497","498","498","Items","498","candidate_requires_package_review","","Unknown","Unknown","","Compared code against official Winco UPC reference","https://www.wincofireworks.com/wp-content/uploads/2022/03/UPC-Excel-List_3.25.2022_r2.pdf","Code found in public source; package/brand/image and any conflicts still need individual verification.","Verify manufacturer/model and exact retail package; inspect and acquire its authentic photo. Video is optional."
"7VYA7XIP3PONIS57MJEGTCTA","757202522495","","Juicy Punch 200g","Juicy Punch 200g","Unknown","Unknown","Regular","Unknown","200g","no_match","No sufficiently specific candidate identified in the two Dynamite catalog files.","Unknown","Manufacturer or UPC/model, exact package/variant and corresponding photo/video.","498","499","499","Items","499","no_verified_identity","","Unknown","Unknown","","""757202522495"" fireworks","","No verified product identity from the searched code/name. Generic names and store SKUs are insufficient to assign a photo.","Verify manufacturer/model and exact retail package; inspect and acquire its authentic photo. Video is optional."
"W34HU7UYYJB7LDAOD6P4LPVL","805253191013","","Jumbo","Jumbo","Unknown","Unknown","Regular","Unknown","Unknown","probable","Name identifies a candidate only; manufacturer and exact presentation have not been established.","products.json[60] Jumbo Crackling Ball MM / Monkey Mania / /products/jumbo-crackling-ball-mm.png | products.json[97] Jumbo Crackling Ball BP / Brothers / /products/jumbo-crackling-ball-bp.png | products.json[192] Jumbo Neon Smoke Ball / Winda / /products/jumbo-neon-smoke-ball.png","Manufacturer or UPC/model, exact package/variant and corresponding photo/video.","499","500","500","Items","500","candidate_requires_package_review","","Unknown","Unknown","","""805253191013"" fireworks","https://usa-fireworks.com/products/sparklers/36-morning-glory/ | https://staging.usa-fireworks.com/products/sparklers/36-morning-glory-wc-2/ | https://beta2024.usa-fireworks.com/products/sparklers/36-morning-glory-wc-2/","Code found in public source; package/brand/image and any conflicts still need individual verification.","Verify manufacturer/model and exact retail package; inspect and acquire its authentic photo. Video is optional."
"U4RZFA74W7UMWQXRGYKXPVE6","111218312882","","Jumbo 8 ball roman candle","Jumbo 8 ball roman candle","Unknown","Roman Candles","Regular","Unknown","Unknown","probable","Name identifies a candidate only; manufacturer and exact presentation have not been established.","products.json[51] 8 Ball Roman Candle / Monkey Mania / /products/8-ball-roman-candle.png","Manufacturer or UPC/model, exact package/variant and corresponding photo/video.","500","501","501","Items","501","candidate_requires_package_review","","Unknown","Unknown","","Compared code against official Winco UPC reference","https://www.wincofireworks.com/wp-content/uploads/2022/03/UPC-Excel-List_3.25.2022_r2.pdf","Code found in public source; package/brand/image and any conflicts still need individual verification.","Verify manufacturer/model and exact retail package; inspect and acquire its authentic photo. Video is optional."
"PNV3BCPEOI56E2CYQFOWT24C","170000000079","","Jumbo Ground Bloom 4pc","Jumbo Ground Bloom 4pc","Unknown","Unknown","Regular","Unknown","4pc","no_match","No sufficiently specific candidate identified in the two Dynamite catalog files.","Unknown","Manufacturer or UPC/model, exact package/variant and corresponding photo/video.","501","502","502","Items","502","candidate_requires_package_review","","Unknown","Unknown","","""170000000079"" fireworks","https://www.wincofireworks.com/wp-content/uploads/2022/02/Pyro-Scan-UPC-ITEM-Database-February-2022-Sorted-By-Item-Name.pdf","Code found in public source; package/brand/image and any conflicts still need individual verification.","Verify manufacturer/model and exact retail package; inspect and acquire its authentic photo. Video is optional."
"SW2SLUS3A4M3XE5YO5YIJZ4D","705108601400","","Jumbo Neon Smoke Balls","Jumbo Neon Smoke Balls","Unknown","Unknown","Regular","Unknown","Unknown","probable","Name identifies a candidate only; manufacturer and exact presentation have not been established.","products.json[192] Jumbo Neon Smoke Ball / Winda / /products/jumbo-neon-smoke-ball.png","Manufacturer or UPC/model, exact package/variant and corresponding photo/video.","502","503","503","Items","503","package_review","","Winda","P6014","","""705108601400"" fireworks","https://501pyro.com/Jumbo-Neon-Smoke-Balls/ | https://www.getwinda.com/_files/ugd/ecdf0c_061e189188b74685bd3c26fae70b964e.pdf","Manufacturer identifies Jumbo Neon Smoke Ball P6014 as individually packed 72/1 with six possible colors. Local photo groups six separate retail cards; Square does not identify a color or six-piece pack. Publishing that photo as a six-pack would misrepresent the presentation.","Confirm whether this Square row means one assorted-color unit; obtain a single-unit reference or explicitly documented selection photo. Do not infer a six-pack."
"RR5AKZQ5WYTXF32B4QNILETM","715244037230","","Jumbo Neon Smoke Balls","Jumbo Neon Smoke Balls","Unknown","Unknown","Jumbo Smoke Bombs","Jumbo Smoke Bombs","Unknown","probable","Name identifies a candidate only; manufacturer and exact presentation have not been established.","products.json[192] Jumbo Neon Smoke Ball / Winda / /products/jumbo-neon-smoke-ball.png","Manufacturer or UPC/model, exact package/variant and corresponding photo/video.","503","504","504","Items","504","candidate_requires_package_review","","Unknown","Unknown","","Compared code against official Winco UPC reference","https://www.wincofireworks.com/wp-content/uploads/2022/03/UPC-Excel-List_3.25.2022_r2.pdf","Code found in public source; package/brand/image and any conflicts still need individual verification.","Verify manufacturer/model and exact retail package; inspect and acquire its authentic photo. Video is optional."
"A7MJHPJKX7PZSWVUZS63N7EX","715244057238","","Jumbo Smoke Bomb","Jumbo Smoke Bomb","Unknown","Unknown","Regular","Unknown","Unknown","no_match","No sufficiently specific candidate identified in the two Dynamite catalog files.","Unknown","Manufacturer or UPC/model, exact package/variant and corresponding photo/video.","504","505","505","Items","505","candidate_requires_package_review","","Unknown","Unknown","","Compared code against official Winco UPC reference","https://www.wincofireworks.com/wp-content/uploads/2022/03/UPC-Excel-List_3.25.2022_r2.pdf","Code found in public source; package/brand/image and any conflicts still need individual verification.","Verify manufacturer/model and exact retail package; inspect and acquire its authentic photo. Video is optional."
"B6525IJMRT4TZHPC7KLWUVNP","715244047239","","Jumbo Smoke Bomb","Jumbo Smoke Bomb","Unknown","Unknown","Regular","Unknown","Unknown","no_match","No sufficiently specific candidate identified in the two Dynamite catalog files.","Unknown","Manufacturer or UPC/model, exact package/variant and corresponding photo/video.","505","506","506","Items","506","candidate_requires_package_review","","Unknown","Unknown","","Compared code against official Winco UPC reference","https://www.wincofireworks.com/wp-content/uploads/2022/03/UPC-Excel-List_3.25.2022_r2.pdf","Code found in public source; package/brand/image and any conflicts still need individual verification.","Verify manufacturer/model and exact retail package; inspect and acquire its authentic photo. Video is optional."
"YKNOZA5YQVLENZX6KF62UIZ6","715244017232","","Jumbo Smoke Bomb","Jumbo Smoke Bomb","Unknown","Unknown","Regular","Unknown","Unknown","no_match","No sufficiently specific candidate identified in the two Dynamite catalog files.","Unknown","Manufacturer or UPC/model, exact package/variant and corresponding photo/video.","506","507","507","Items","507","candidate_requires_package_review","","Unknown","Unknown","","Compared code against official Winco UPC reference","https://www.wincofireworks.com/wp-content/uploads/2022/03/UPC-Excel-List_3.25.2022_r2.pdf","Code found in public source; package/brand/image and any conflicts still need individual verification.","Verify manufacturer/model and exact retail package; inspect and acquire its authentic photo. Video is optional."
"YX55CVQXMUBMWCTOKMWCKXCU","211471323387","","Jumbo Texas Rocket (6 sticks)","Jumbo Texas Rocket (6 sticks)","Unknown","Stick Rockets","Regular","Unknown","6 sticks","no_match","No sufficiently specific candidate identified in the two Dynamite catalog files.","Unknown","Manufacturer or UPC/model, exact package/variant and corresponding photo/video.","507","508","508","Items","508","no_verified_identity","","Unknown","Unknown","","""211471323387"" fireworks","","No verified product identity from the searched code/name. Generic names and store SKUs are insufficient to assign a photo.","Verify manufacturer/model and exact retail package; inspect and acquire its authentic photo. Video is optional."
"MOXRWPWWMQ5SUT4WOH6OQJLB","715244004843","","Jumbo Texas Rocket (6 sticks)","Jumbo Texas Rocket (6 sticks)","Unknown","Stick Rockets","Texas Bandit Rocket","Texas Bandit Rocket","6 sticks","no_match","No sufficiently specific candidate identified in the two Dynamite catalog files.","Unknown","Manufacturer or UPC/model, exact package/variant and corresponding photo/video.","508","509","509","Items","509","candidate_requires_package_review","","Unknown","Unknown","","Compared code against official Winco UPC reference","https://www.wincofireworks.com/wp-content/uploads/2022/03/UPC-Excel-List_3.25.2022_r2.pdf","Code found in public source; package/brand/image and any conflicts still need individual verification.","Verify manufacturer/model and exact retail package; inspect and acquire its authentic photo. Video is optional."
"G5DP2C4PMD5CQGRSTL3IRSZA","","687985424719","Jumboshell Fountain","Jumboshell Fountain","Unknown","Unknown","Regular","Unknown","Unknown","no_match","No sufficiently specific candidate identified in the two Dynamite catalog files.","Unknown","Manufacturer or UPC/model, exact package/variant and corresponding photo/video.","509","510","510","Items","510","candidate_requires_package_review","","Unknown","Unknown","","""687985424719"" fireworks","https://doczz.net/doc/3271793/2016-catalog---big-fireworks","Code found in public source; package/brand/image and any conflicts still need individual verification.","Verify manufacturer/model and exact retail package; inspect and acquire its authentic photo. Video is optional."
"DV35VE7B7THZWF5QNIBDNOZB","687985271115","","Jump Master","Jump Master","Unknown","Unknown","Regular","Unknown","Unknown","no_match","No sufficiently specific candidate identified in the two Dynamite catalog files.","Unknown","Manufacturer or UPC/model, exact package/variant and corresponding photo/video.","510","511","511","Items","511","candidate_requires_package_review","","Unknown","Unknown","","""687985271115"" fireworks","https://americanwholesalefireworks.com/just-because/ | https://americanwholesalefireworks.com/just-because//","Code found in public source; package/brand/image and any conflicts still need individual verification.","Verify manufacturer/model and exact retail package; inspect and acquire its authentic photo. Video is optional."
"IU3TKO7KVSVTFEZ2FTB6KEXE","200000902018","","Jumping Jacks 12 Pk","Jumping Jacks 12 Pk","Unknown","Unknown","Regular","Unknown","Unknown","no_match","No sufficiently specific candidate identified in the two Dynamite catalog files.","Unknown","Manufacturer or UPC/model, exact package/variant and corresponding photo/video.","511","512","512","Items","512","no_verified_identity","","Unknown","Unknown","","""200000902018"" fireworks","","No verified product identity from the searched code/name. Generic names and store SKUs are insufficient to assign a photo.","Verify manufacturer/model and exact retail package; inspect and acquire its authentic photo. Video is optional."
"MVWLXKMOVOHGCSTSHQCKAW53","725272730713","","Jumping Jacks 48 Packs Brick","Jumping Jacks 48 Packs Brick","Unknown","Unknown","Regular","Unknown","48 Pack","no_match","No sufficiently specific candidate identified in the two Dynamite catalog files.","Unknown","Manufacturer or UPC/model, exact package/variant and corresponding photo/video.","512","513","513","Items","513","no_verified_identity","","Unknown","Unknown","","""725272730713"" fireworks","","No verified product identity from the searched code/name. Generic names and store SKUs are insufficient to assign a photo.","Verify manufacturer/model and exact retail package; inspect and acquire its authentic photo. Video is optional."
"63ABDUN5QZKYCRCKJWCMX43N","725272730720","","Jumping Jacks Single Pack BOGO","Jumping Jacks Single Pack","Unknown","Unknown","Regular","Unknown","Unknown","no_match","No sufficiently specific candidate identified in the two Dynamite catalog files.","Unknown","Manufacturer or UPC/model, exact package/variant and corresponding photo/video.","513","514","514","Items","514","no_verified_identity","","Unknown","Unknown","","""725272730720"" fireworks","","No verified product identity from the searched code/name. Generic names and store SKUs are insufficient to assign a photo.","Verify manufacturer/model and exact retail package; inspect and acquire its authentic photo. Video is optional."
"PCD2Q6Z2XMIGC4HW3QMTTN4K","952009001017","","Junior Pyro Pack","Junior Pyro Pack","Unknown","Family Pack Assortments","Regular","Unknown","Unknown","no_match","No sufficiently specific candidate identified in the two Dynamite catalog files.","Unknown","Manufacturer or UPC/model, exact package/variant and corresponding photo/video.","514","515","515","Items","515","candidate_requires_package_review","","Unknown","Unknown","","Compared code against official Winco UPC reference","https://www.wincofireworks.com/wp-content/uploads/2022/03/UPC-Excel-List_3.25.2022_r2.pdf","Code found in public source; package/brand/image and any conflicts still need individual verification.","Verify manufacturer/model and exact retail package; inspect and acquire its authentic photo. Video is optional."
"DMBYJ54GK3GFAH6WXUJ6V2VI","","","Ka Kaw","Ka Kaw","Unknown","Unknown","Regular","Unknown","Unknown","no_match","No sufficiently specific candidate identified in the two Dynamite catalog files.","Unknown","Manufacturer or UPC/model, exact package/variant and corresponding photo/video.","515","516","516","Items","516","no_verified_identity","","Unknown","Unknown","","""Ka Kaw"" fireworks manufacturer","","No verified product identity from the searched code/name. Generic names and store SKUs are insufficient to assign a photo.","Verify manufacturer/model and exact retail package; inspect and acquire its authentic photo. Video is optional."
"HP6WUDDBL7N7TKZ753OPIJSA","814527200245","","Keeping It Real","Keeping It Real","Unknown","Unknown","Regular","Unknown","Unknown","no_match","No sufficiently specific candidate identified in the two Dynamite catalog files.","Unknown","Manufacturer or UPC/model, exact package/variant and corresponding photo/video.","516","517","517","Items","517","no_verified_identity","","Unknown","Unknown","","""814527200245"" fireworks","","No verified product identity from the searched code/name. Generic names and store SKUs are insufficient to assign a photo.","Verify manufacturer/model and exact retail package; inspect and acquire its authentic photo. Video is optional."
"CLEPS4WYDO4XJDMUPA2CKO23","193936959969","","Kids Backpack Girl an d Boys","Kids Backpack Girl an d Boys","Unknown","Family Pack Assortments","Regular","Unknown","Unknown","no_match","No sufficiently specific candidate identified in the two Dynamite catalog files.","Unknown","Manufacturer or UPC/model, exact package/variant and corresponding photo/video.","517","518","518","Items","518","candidate_requires_package_review","","Unknown","Unknown","","""193936959969"" fireworks","https://usa-fireworks.com/products/assortments/junior-pyro-pack/ | https://shop.pyrocrate.com/AT265B-Junior-Pyro-Pack-SS-R-PC/ | https://76fireworkstore.com/AT265B-Junior-Pyro-Pack-SS-R-PC | https://www.lastchancefireworks.com/shop/Assortment-Value-Packs/p/Junior-Pyro-Pack-Sky-Bacon.htm","Code found in public source; package/brand/image and any conflicts still need individual verification.","Verify manufacturer/model and exact retail package; inspect and acquire its authentic photo. Video is optional."
"QI3R6QYYRQTBZYVBWLC7HM56","8052530044315","","Kids Backpack Girl an d Boys","Kids Backpack Girl an d Boys","Unknown","Family Pack Assortments","Kids Bag","Kids Bag","Unknown","no_match","No sufficiently specific candidate identified in the two Dynamite catalog files.","Unknown","Manufacturer or UPC/model, exact package/variant and corresponding photo/video.","518","519","519","Items","519","no_verified_identity","","Unknown","Unknown","","""8052530044315"" fireworks","","No verified product identity from the searched code/name. Generic names and store SKUs are insufficient to assign a photo.","Verify manufacturer/model and exact retail package; inspect and acquire its authentic photo. Video is optional."
"LRWLP66BQSB3PJEXKSCASG2E","705108003402","","Kids Fun Assortment Pack","Kids Fun Assortment Pack","Unknown","Unknown","Regular","Unknown","Unknown","no_match","No sufficiently specific candidate identified in the two Dynamite catalog files.","Unknown","Manufacturer or UPC/model, exact package/variant and corresponding photo/video.","519","520","520","Items","520","candidate_requires_package_review","","Unknown","Unknown","","""705108003402"" fireworks","https://www.getwinda.com/product-page/kid-s-fun-assortment | https://americanwholesalefireworks.com/kids-fun-assortment//","Code found in public source; package/brand/image and any conflicts still need individual verification.","Verify manufacturer/model and exact retail package; inspect and acquire its authentic photo. Video is optional."
"QKRK7IYAFXKSB4YNKICGHL7J","715244001705","","Kids Pack Family Pack","Kids Pack Family Pack","Unknown","Family Pack Assortments","Regular","Unknown","Unknown","no_match","No sufficiently specific candidate identified in the two Dynamite catalog files.","Unknown","Manufacturer or UPC/model, exact package/variant and corresponding photo/video.","520","521","521","Items","521","candidate_requires_package_review","","Unknown","Unknown","","Compared code against official Winco UPC reference","https://www.wincofireworks.com/wp-content/uploads/2022/03/UPC-Excel-List_3.25.2022_r2.pdf","Code found in public source; package/brand/image and any conflicts still need individual verification.","Verify manufacturer/model and exact retail package; inspect and acquire its authentic photo. Video is optional."
"BZP7WM6U5DGAMNC6KELDK7KF","816597940465","","Killer Bee","Killer Bee","Unknown","Unknown","Regular","Unknown","Unknown","no_match","No sufficiently specific candidate identified in the two Dynamite catalog files.","Unknown","Manufacturer or UPC/model, exact package/variant and corresponding photo/video.","521","522","522","Items","522","candidate_requires_package_review","","Unknown","Unknown","","""816597940465"" fireworks","https://whitelightningfireworks.com/FN275-Killer-Bees-244-R-PK/ | https://76fireworkstore.com/FN275-Killer-Bees-244-R-PK","Code found in public source; package/brand/image and any conflicts still need individual verification.","Verify manufacturer/model and exact retail package; inspect and acquire its authentic photo. Video is optional."
"ECRRSP2ZMN4T7UNEMZ4BZFUH","","612005102001","Killer Bee/Cuckoo","Killer Bee/Cuckoo","Unknown","Fountains","Regular","Unknown","Unknown","no_match","No sufficiently specific candidate identified in the two Dynamite catalog files.","Unknown","Manufacturer or UPC/model, exact package/variant and corresponding photo/video.","522","523","523","Items","523","no_verified_identity","","Unknown","Unknown","","""612005102001"" fireworks","","No verified product identity from the searched code/name. Generic names and store SKUs are insufficient to assign a photo.","Verify manufacturer/model and exact retail package; inspect and acquire its authentic photo. Video is optional."
"GN6GTM3R7RHZGWD5MT7VVRG4","816597940458","","Killerbee","Killerbee","Unknown","Unknown","Regular","Unknown","Unknown","no_match","No sufficiently specific candidate identified in the two Dynamite catalog files.","Unknown","Manufacturer or UPC/model, exact package/variant and corresponding photo/video.","523","524","524","Items","524","no_verified_identity","","Unknown","Unknown","","""816597940458"" fireworks","","No verified product identity from the searched code/name. Generic names and store SKUs are insufficient to assign a photo.","Verify manufacturer/model and exact retail package; inspect and acquire its authentic photo. Video is optional."
"OMGMX6DJTL7HV73NBAQWE5BL","","690151170174","King Bird 500ct roll","King Bird 500ct roll","Unknown","Unknown","Regular","Unknown","500ct","no_match","No sufficiently specific candidate identified in the two Dynamite catalog files.","Unknown","Manufacturer or UPC/model, exact package/variant and corresponding photo/video.","524","525","525","Items","525","no_verified_identity","","Unknown","Unknown","","""690151170174"" fireworks","","No verified product identity from the searched code/name. Generic names and store SKUs are insufficient to assign a photo.","Verify manufacturer/model and exact retail package; inspect and acquire its authentic photo. Video is optional."
"PWYZQFTHJFKS7DQI5MFQSDSU","757201624015","","King Dragon 6"" Artillery Shells 24 pack","King Dragon 6"" Artillery Shells 24 pack","Unknown","24 Pack Artillery Shells 6""","Regular","Unknown","6"" | 24 pack","no_match","No sufficiently specific candidate identified in the two Dynamite catalog files.","Unknown","Manufacturer or UPC/model, exact package/variant and corresponding photo/video.","525","526","526","Items","526","candidate_requires_package_review","","Unknown","Unknown","","""757201624015"" fireworks","https://gbfireworks.com/products/mother-of-all-fireworks-24-shell | https://www.raccoonfireworksusa.com/product-page/6-king-dragon | https://americanwholesalefireworks.com/king-dragon/ | https://www.raccoonfireworksusa.com/product-page/6-tiger-force | https://fireworks-superstore.myshopify.com/products/king-dragon","Code found in public source; package/brand/image and any conflicts still need individual verification.","Verify manufacturer/model and exact retail package; inspect and acquire its authentic photo. Video is optional."
"RA4VSFNKBR2CEE73XSVYKDAB","814527311613","","Kiss Of The Dead Fountain","Kiss Of The Dead Fountain","Unknown","Fountains","Regular","Unknown","Unknown","no_match","No sufficiently specific candidate identified in the two Dynamite catalog files.","Unknown","Manufacturer or UPC/model, exact package/variant and corresponding photo/video.","526","527","527","Items","527","no_verified_identity","","Unknown","Unknown","","""814527311613"" fireworks","","No verified product identity from the searched code/name. Generic names and store SKUs are insufficient to assign a photo.","Verify manufacturer/model and exact retail package; inspect and acquire its authentic photo. Video is optional."
"2EIQZBY4IHX6J4BPEZ2XX2GS","757202119619","","Knight Rider 96 Shot Fiesta","Knight Rider 96 Shot Fiesta","Unknown","Unknown","Regular","Unknown","96 Shot","no_match","Square Knight Rider 96 Shot Fiesta resembles approved Night Rider 96 Shot Monkey Mania, but brand/name difference remains unresolved; existing item preserved, no duplicate imported.","Unknown","Manufacturer or UPC/model, exact package/variant and corresponding photo/video.","527","528","528","Items","528","no_verified_identity","","Unknown","Unknown","","""757202119619"" fireworks","","No verified product identity from the searched code/name. Generic names and store SKUs are insufficient to assign a photo.","Verify manufacturer/model and exact retail package; inspect and acquire its authentic photo. Video is optional."
"X5O47VHFJNLVVTMJW4FUZ5UB","687985429417","","Krakatoa Fountain","Krakatoa Fountain","Unknown","Fountains","Regular","Unknown","Unknown","no_match","No sufficiently specific candidate identified in the two Dynamite catalog files.","Unknown","Manufacturer or UPC/model, exact package/variant and corresponding photo/video.","528","529","529","Items","529","candidate_requires_package_review","","Unknown","Unknown","","""687985429417"" fireworks","https://americanwholesalefireworks.com/krakatoa/","Code found in public source; package/brand/image and any conflicts still need individual verification.","Verify manufacturer/model and exact retail package; inspect and acquire its authentic photo. Video is optional."
"Q5HH6SPCEJBA62VMBYKNGSOV","8052531605126","","Lady Bugs-3 Pk","Lady Bugs-3 Pk","Unknown","Unknown","Regular","Unknown","Unknown","probable","Name identifies a candidate only; manufacturer and exact presentation have not been established.","products.json[96] Lady Bugs / Brothers / products/lady-bugs.png","Manufacturer or UPC/model, exact package/variant and corresponding photo/video.","529","530","530","Items","530","candidate_requires_package_review","","Unknown","Unknown","","""8052531605126"" fireworks","https://ocfireworks.com/boomer-ladybugs-3pk/","Code found in public source; package/brand/image and any conflicts still need individual verification.","Verify manufacturer/model and exact retail package; inspect and acquire its authentic photo. Video is optional."
"FXAWO2ORUEY3N7AYTOIPM244","132190190015","","Ladybug","Ladybug","Unknown","Unknown","Regular","Unknown","Unknown","probable","Name identifies a candidate only; manufacturer and exact presentation have not been established.","products.json[96] Lady Bugs / Brothers / products/lady-bugs.png","Manufacturer or UPC/model, exact package/variant and corresponding photo/video.","531","532","532","Items","532","no_verified_identity","","Unknown","Unknown","","""132190190015"" fireworks","","No verified product identity from the searched code/name. Generic names and store SKUs are insufficient to assign a photo.","Verify manufacturer/model and exact retail package; inspect and acquire its authentic photo. Video is optional."
"OBPFIRSKYIEBMVW777KGEAUA","887946030052","","Ladybugs","Ladybugs","Unknown","Unknown","Regular","Unknown","Unknown","probable","Name identifies a candidate only; manufacturer and exact presentation have not been established.","products.json[96] Lady Bugs / Brothers / products/lady-bugs.png","Manufacturer or UPC/model, exact package/variant and corresponding photo/video.","532","533","533","Items","533","no_verified_identity","","Unknown","Unknown","","""887946030052"" fireworks","","No verified product identity from the searched code/name. Generic names and store SKUs are insufficient to assign a photo.","Verify manufacturer/model and exact retail package; inspect and acquire its authentic photo. Video is optional."
"TSVQXFSUPJ6YFG3POYTTB6UR","821611108035","","Ladybugs 3pk","Ladybugs 3pk","Unknown","Unknown","Regular","Unknown","Unknown","probable","Name identifies a candidate only; manufacturer and exact presentation have not been established.","products.json[96] Lady Bugs / Brothers / products/lady-bugs.png","Manufacturer or UPC/model, exact package/variant and corresponding photo/video.","533","534","534","Items","534","no_verified_identity","","Unknown","Unknown","","""821611108035"" fireworks","","No verified product identity from the searched code/name. Generic names and store SKUs are insufficient to assign a photo.","Verify manufacturer/model and exact retail package; inspect and acquire its authentic photo. Video is optional."
"5PZUSQXRNXS7BQS5NFUUIQSE","753321710454","","Lantern Fountain","Lantern Fountain","Unknown","Fountains","Regular","Unknown","Unknown","no_match","No sufficiently specific candidate identified in the two Dynamite catalog files.","Unknown","Manufacturer or UPC/model, exact package/variant and corresponding photo/video.","535","536","536","Items","536","no_verified_identity","","Unknown","Unknown","","""753321710454"" fireworks","","No verified product identity from the searched code/name. Generic names and store SKUs are insufficient to assign a photo.","Verify manufacturer/model and exact retail package; inspect and acquire its authentic photo. Video is optional."
"3EEWE3FYRYUDB6PR7KTM2HCK","943100700107","","Large Tank. 2 Pcs","Large Tank. 2 Pcs","Unknown","Unknown","Regular","Unknown","2 Pcs","no_match","No sufficiently specific candidate identified in the two Dynamite catalog files.","Unknown","Manufacturer or UPC/model, exact package/variant and corresponding photo/video.","536","537","537","Items","537","no_verified_identity","","Unknown","Unknown","","""943100700107"" fireworks","","No verified product identity from the searched code/name. Generic names and store SKUs are insufficient to assign a photo.","Verify manufacturer/model and exact retail package; inspect and acquire its authentic photo. Video is optional."
"4GI5LHY7Q6XWJEL5UGID7TZC","841527142015","","Laser Show","Laser Show","Unknown","Unknown","Regular","Unknown","Unknown","no_match","No sufficiently specific candidate identified in the two Dynamite catalog files.","Unknown","Manufacturer or UPC/model, exact package/variant and corresponding photo/video.","537","538","538","Items","538","candidate_requires_package_review","","Unknown","Unknown","","""841527142015"" fireworks","https://www.t-skyfireworks.com/wp-content/uploads/2025/07/2026-Mecha-Product-Catalog.pdf","Code found in public source; package/brand/image and any conflicts still need individual verification.","Verify manufacturer/model and exact retail package; inspect and acquire its authentic photo. Video is optional."
"XV7KE6QBZI7WEMU4JOBKEQJ2","757201324052","","Let Freedom Ring 5"" Artillery Shells 24 pack","Let Freedom Ring 5"" Artillery Shells 24 pack","Unknown","24 Pack Canister Artillery Shells 5 INCH","Regular","Unknown","5"" | 24 pack","no_match","No sufficiently specific candidate identified in the two Dynamite catalog files.","Unknown","Manufacturer or UPC/model, exact package/variant and corresponding photo/video.","538","539","539","Items","539","candidate_requires_package_review","","Unknown","Unknown","","""757201324052"" fireworks","https://beta2024.usa-fireworks.com/products/artillery-shells/let-freedom-ring/ | https://americanwholesalefireworks.com/let-freedom-ring-pack-of-24/ | https://gbfireworks.com/products/let-freedom-ring-24-shells | https://www.raccoonfireworksusa.com/product-page/let-freedom-ring-5-shells","Code found in public source; package/brand/image and any conflicts still need individual verification.","Verify manufacturer/model and exact retail package; inspect and acquire its authentic photo. Video is optional."
"BMPHOHCUPLEU37EOBN6ERLMH","8145270160510","","Liberty Artillery (12 pcs)","Liberty Artillery (12 pcs)","Unknown","Artillery/Festival Balls","Regular","Unknown","12 pcs","no_match","No sufficiently specific candidate identified in the two Dynamite catalog files.","Unknown","Manufacturer or UPC/model, exact package/variant and corresponding photo/video.","540","541","541","Items","541","candidate_requires_package_review","","Unknown","Unknown","","""8145270160510"" fireworks","https://usa-fireworks.com/products/artillery-shells/liberty-artillery/ | https://usa-fireworks.com/?p=172790","Code found in public source; package/brand/image and any conflicts still need individual verification.","Verify manufacturer/model and exact retail package; inspect and acquire its authentic photo. Video is optional."
"GP4VTTYIGJ6FXPLM52AVKSEX","687985245314","","Light Bergade","Light Bergade","Unknown","Unknown","Regular","Unknown","Unknown","no_match","No sufficiently specific candidate identified in the two Dynamite catalog files.","Unknown","Manufacturer or UPC/model, exact package/variant and corresponding photo/video.","541","542","542","Items","542","candidate_requires_package_review","","Unknown","Unknown","","Compared code against official Winco UPC reference","https://www.wincofireworks.com/wp-content/uploads/2022/03/UPC-Excel-List_3.25.2022_r2.pdf","Code found in public source; package/brand/image and any conflicts still need individual verification.","Verify manufacturer/model and exact retail package; inspect and acquire its authentic photo. Video is optional."
"PLXKY7XP7HIFWURQKCXESCDY","849107066003","","Light Force","Light Force","Unknown","Unknown","Regular","Unknown","Unknown","no_match","No sufficiently specific candidate identified in the two Dynamite catalog files.","Unknown","Manufacturer or UPC/model, exact package/variant and corresponding photo/video.","542","543","543","Items","543","no_verified_identity","","Unknown","Unknown","","""849107066003"" fireworks","","No verified product identity from the searched code/name. Generic names and store SKUs are insufficient to assign a photo.","Verify manufacturer/model and exact retail package; inspect and acquire its authentic photo. Video is optional."
"VCUKBUQFGBHITI5MGJF2ATJD","201207210883","","Light Sabber","Light Sabber","Unknown","Unknown","Regular","Unknown","Unknown","no_match","No sufficiently specific candidate identified in the two Dynamite catalog files.","Unknown","Manufacturer or UPC/model, exact package/variant and corresponding photo/video.","543","544","544","Items","544","no_verified_identity","","Unknown","Unknown","","""201207210883"" fireworks","","No verified product identity from the searched code/name. Generic names and store SKUs are insufficient to assign a photo.","Verify manufacturer/model and exact retail package; inspect and acquire its authentic photo. Video is optional."
"PI624V7CGZSW6BMHCLL66ANX","201207210807","","Light Saber","Light Saber","Unknown","Unknown","Regular","Unknown","Unknown","no_match","No sufficiently specific candidate identified in the two Dynamite catalog files.","Unknown","Manufacturer or UPC/model, exact package/variant and corresponding photo/video.","544","545","545","Items","545","candidate_requires_package_review","","Unknown","Unknown","","""201207210807"" fireworks","https://www.wincofireworks.com/wp-content/uploads/2022/02/Pyro-Scan-UPC-ITEM-Database-February-2022-Sorted-By-Item-Name.pdf","Code found in public source; package/brand/image and any conflicts still need individual verification.","Verify manufacturer/model and exact retail package; inspect and acquire its authentic photo. Video is optional."
"TRDQTM43H6XJ7JTOME3ED7FC","","","Lightning Strike 500 Gram","Lightning Strike 500 Gram","Unknown","500 GRAM FINALE","Regular","Unknown","500 Gram","no_match","No sufficiently specific candidate identified in the two Dynamite catalog files.","Unknown","Manufacturer or UPC/model, exact package/variant and corresponding photo/video.","545","546","546","Items","546","no_verified_identity","","Unknown","Unknown","","""Lightning Strike 500 Gram"" fireworks manufacturer","","No verified product identity from the searched code/name. Generic names and store SKUs are insufficient to assign a photo.","Verify manufacturer/model and exact retail package; inspect and acquire its authentic photo. Video is optional."
"FUFWY64SEL3Y52JVLL2IP6O4","757201536387","","Lightning Strike 500 Gram","Lightning Strike 500 Gram","Unknown","500 GRAM FINALE","Regular","Unknown","500 Gram","no_match","No sufficiently specific candidate identified in the two Dynamite catalog files.","Unknown","Manufacturer or UPC/model, exact package/variant and corresponding photo/video.","546","547","547","Items","547","no_verified_identity","","Unknown","Unknown","","""757201536387"" fireworks","","No verified product identity from the searched code/name. Generic names and store SKUs are insufficient to assign a photo.","Verify manufacturer/model and exact retail package; inspect and acquire its authentic photo. Video is optional."
"M7GH3VKDSETMT54262ZWTB7W","","805253438415","Line of Duty","Line of Duty","Unknown","Unknown","Regular","Unknown","Unknown","no_match","No sufficiently specific candidate identified in the two Dynamite catalog files.","Unknown","Manufacturer or UPC/model, exact package/variant and corresponding photo/video.","547","548","548","Items","548","no_verified_identity","","Unknown","Unknown","","""805253438415"" fireworks","","No verified product identity from the searched code/name. Generic names and store SKUs are insufficient to assign a photo.","Verify manufacturer/model and exact retail package; inspect and acquire its authentic photo. Video is optional."
"63X5ZTQYID5MAA2WEKPI7PEC","805253131064","","Loyal To None 500 Gram","Loyal To None 500 Gram","Unknown","500 GRAM FINALE","Regular","Unknown","500 Gram","no_match","No sufficiently specific candidate identified in the two Dynamite catalog files.","Unknown","Manufacturer or UPC/model, exact package/variant and corresponding photo/video.","548","549","549","Items","549","candidate_requires_package_review","","Unknown","Unknown","","""805253131064"" fireworks","https://usa-fireworks.com/products/aerial-all-cakes/aerial-500-gram-cakes/loyal-to-none/ | https://beta2024.usa-fireworks.com/products/aerial-all-cakes/aerial-500-gram-cakes/loyal-to-none/ | https://staging.usa-fireworks.com/products/aerial-all-cakes/aerial-500-gram-cakes/loyal-to-none/ | https://thefireworkssuperstore.com/shop/loyal-to-none-skull-crossbone | https://www.lastchancefireworks.com/shop/Multishot-Cakes/p/Loyal-To-None-33-shots.htm","Code found in public source; package/brand/image and any conflicts still need individual verification.","Verify manufacturer/model and exact retail package; inspect and acquire its authentic photo. Video is optional."
"VMYN6UPNN3KN2G2KWMHQSAU3","8052531312116","","Loyal To None 500 Gram","Loyal To None 500 Gram","Unknown","500 GRAM FINALE","Regular","Unknown","500 Gram","no_match","No sufficiently specific candidate identified in the two Dynamite catalog files.","Unknown","Manufacturer or UPC/model, exact package/variant and corresponding photo/video.","549","550","550","Items","550","no_verified_identity","","Unknown","Unknown","","""8052531312116"" fireworks","","No verified product identity from the searched code/name. Generic names and store SKUs are insufficient to assign a photo.","Verify manufacturer/model and exact retail package; inspect and acquire its authentic photo. Video is optional."
"DM4RMWLVBBUGLXYFTBGIJX3N","705108602063","705108602063","Lucky Streak","Lucky Streak","Unknown","Unknown","Regular","Unknown","Unknown","no_match","No sufficiently specific candidate identified in the two Dynamite catalog files.","Unknown","Manufacturer or UPC/model, exact package/variant and corresponding photo/video.","550","551","551","Items","551","candidate_requires_package_review","","Unknown","Unknown","","""705108602063"" fireworks","https://www.getwinda.com/product-page/lucky-streak","Code found in public source; package/brand/image and any conflicts still need individual verification.","Verify manufacturer/model and exact retail package; inspect and acquire its authentic photo. Video is optional."
"B6MEMAN2F7QOS724HQMX2VKA","687985003938","","M- Firecracker","M- Firecracker","Unknown","Unknown","Regular","Unknown","Unknown","no_match","No sufficiently specific candidate identified in the two Dynamite catalog files.","Unknown","Manufacturer or UPC/model, exact package/variant and corresponding photo/video.","551","552","552","Items","552","no_verified_identity","","Unknown","Unknown","","""687985003938"" fireworks","","No verified product identity from the searched code/name. Generic names and store SKUs are insufficient to assign a photo.","Verify manufacturer/model and exact retail package; inspect and acquire its authentic photo. Video is optional."
"QPUT43JR5KAG6XLZUI3INWCD","851866115410","","M-1000 12 Pk","M-1000 12 Pk","Unknown","Unknown","Regular","Unknown","Unknown","no_match","No sufficiently specific candidate identified in the two Dynamite catalog files.","Unknown","Manufacturer or UPC/model, exact package/variant and corresponding photo/video.","552","553","553","Items","553","no_verified_identity","","Unknown","Unknown","","""851866115410"" fireworks","","No verified product identity from the searched code/name. Generic names and store SKUs are insufficient to assign a photo.","Verify manufacturer/model and exact retail package; inspect and acquire its authentic photo. Video is optional."
"X7P67M6U25SNAVKSLJSSR6XU","715244001170","","M-150BlackCat 12 ct.   BOGO $6.00 TOTAL","M-150BlackCat 12 ct. $6.00 TOTAL","Unknown","Unknown","Regular","Unknown","12 ct","no_match","No sufficiently specific candidate identified in the two Dynamite catalog files.","Unknown","Manufacturer or UPC/model, exact package/variant and corresponding photo/video.","553","554","554","Items","554","candidate_requires_package_review","","Unknown","Unknown","","Compared code against official Winco UPC reference","https://www.wincofireworks.com/wp-content/uploads/2022/03/UPC-Excel-List_3.25.2022_r2.pdf","Code found in public source; package/brand/image and any conflicts still need individual verification.","Verify manufacturer/model and exact retail package; inspect and acquire its authentic photo. Video is optional."
"33DEEREZKI62DJXZO7UKLFFK","816597923727","","M-200 Salute","M-200 Salute","Unknown","Unknown","Regular","Unknown","Unknown","no_match","No sufficiently specific candidate identified in the two Dynamite catalog files.","Unknown","Manufacturer or UPC/model, exact package/variant and corresponding photo/video.","554","555","555","Items","555","candidate_requires_package_review","","Unknown","Unknown","","""816597923727"" fireworks","https://shop.wazupfireworks.com/FR137-M-200-Salute-R-PK/ | https://dosgringosfireworks.com/FR137-M-200-Salute-R-PK/","Code found in public source; package/brand/image and any conflicts still need individual verification.","Verify manufacturer/model and exact retail package; inspect and acquire its authentic photo. Video is optional."
"BRJJ5AYGIIXJVXDAM3MSGXVS","8052530020210","","M-5000 36pc","M-5000 36pc","Unknown","Unknown","Regular","Unknown","36pc","no_match","No sufficiently specific candidate identified in the two Dynamite catalog files.","Unknown","Manufacturer or UPC/model, exact package/variant and corresponding photo/video.","555","556","556","Items","556","candidate_requires_package_review","","Unknown","Unknown","","""8052530020210"" fireworks","https://usa-fireworks.com/products/firecrackers-salutes/m-60-salute-crackers-36-pack/ | https://thefireworkssuperstore.com/shop/m-5000-salute-36-count","Code found in public source; package/brand/image and any conflicts still need individual verification.","Verify manufacturer/model and exact retail package; inspect and acquire its authentic photo. Video is optional."
"WXWPSN4ND2Z3WGEC2GAJCWE6","8052530020319","","M-5000 Salute Cracker 12 pcs BOGO","M-5000 Salute Cracker 12 pcs","Unknown","Unknown","Regular","Unknown","12 pcs","no_match","No sufficiently specific candidate identified in the two Dynamite catalog files.","Unknown","Manufacturer or UPC/model, exact package/variant and corresponding photo/video.","556","557","557","Items","557","candidate_requires_package_review","","Unknown","Unknown","","""8052530020319"" fireworks","https://usa-fireworks.com/products/firecrackers-salutes/m-60-salute-crackers-12-pack/","Code found in public source; package/brand/image and any conflicts still need individual verification.","Verify manufacturer/model and exact retail package; inspect and acquire its authentic photo. Video is optional."
"3NQOHAQKGQEEURIQHZHJ4DRU","8145270103616","","M-5000 Salute Crackers","M-5000 Salute Crackers","Unknown","Unknown","Regular","Unknown","Unknown","no_match","No sufficiently specific candidate identified in the two Dynamite catalog files.","Unknown","Manufacturer or UPC/model, exact package/variant and corresponding photo/video.","557","558","558","Items","558","candidate_requires_package_review","","Unknown","Unknown","","""8145270103616"" fireworks","https://usa-fireworks.com/products/firecrackers-salutes/m-5000-salute-crackers-12-pack/","Code found in public source; package/brand/image and any conflicts still need individual verification.","Verify manufacturer/model and exact retail package; inspect and acquire its authentic photo. Video is optional."
"WAREXJ2FSP76WHLIUSUS2B44","851866091479","","M-60 Firecrackers","M-60 Firecrackers","Unknown","Unknown","Regular","Unknown","Unknown","no_match","No sufficiently specific candidate identified in the two Dynamite catalog files.","Unknown","Manufacturer or UPC/model, exact package/variant and corresponding photo/video.","558","559","559","Items","559","no_verified_identity","","Unknown","Unknown","","""851866091479"" fireworks","","No verified product identity from the searched code/name. Generic names and store SKUs are insufficient to assign a photo.","Verify manufacturer/model and exact retail package; inspect and acquire its authentic photo. Video is optional."
"HGMXNTVC7ZU4LQK4OWFPHQBW","715244003501","","M-85 Tank Black Cat","M-85 Tank Black Cat","Black Cat","Unknown","Regular","Unknown","Unknown","no_match","No sufficiently specific candidate identified in the two Dynamite catalog files.","Unknown","Manufacturer or UPC/model, exact package/variant and corresponding photo/video.","559","560","560","Items","560","no_verified_identity","","Unknown","Unknown","","""715244003501"" fireworks","","No verified product identity from the searched code/name. Generic names and store SKUs are insufficient to assign a photo.","Verify manufacturer/model and exact retail package; inspect and acquire its authentic photo. Video is optional."
"VNSBHW2JFT7YH7Z45FOYZXPC","687985712700","","M1 Abrams","M1 Abrams","Unknown","Unknown","Regular","Unknown","Unknown","no_match","No sufficiently specific candidate identified in the two Dynamite catalog files.","Unknown","Manufacturer or UPC/model, exact package/variant and corresponding photo/video.","560","561","561","Items","561","no_verified_identity","","Unknown","Unknown","","""687985712700"" fireworks","","No verified product identity from the searched code/name. Generic names and store SKUs are insufficient to assign a photo.","Verify manufacturer/model and exact retail package; inspect and acquire its authentic photo. Video is optional."
"MYGOS6NQDT54NB7PCTWKCZ3Z","715244001149","","M150","M150","Unknown","Unknown","Regular","Unknown","Unknown","no_match","No sufficiently specific candidate identified in the two Dynamite catalog files.","Unknown","Manufacturer or UPC/model, exact package/variant and corresponding photo/video.","561","562","562","Items","562","candidate_requires_package_review","","Unknown","Unknown","","Compared code against official Winco UPC reference","https://www.wincofireworks.com/wp-content/uploads/2022/03/UPC-Excel-List_3.25.2022_r2.pdf","Code found in public source; package/brand/image and any conflicts still need individual verification.","Verify manufacturer/model and exact retail package; inspect and acquire its authentic photo. Video is optional."
"IWCZSPONSC7YZZZ4ASZW7EOB","814527302710","","Machine Gun","Machine Gun","Unknown","Roman Candles","Regular","Unknown","Unknown","no_match","No sufficiently specific candidate identified in the two Dynamite catalog files.","Unknown","Manufacturer or UPC/model, exact package/variant and corresponding photo/video.","562","563","563","Items","563","no_verified_identity","","Unknown","Unknown","","""814527302710"" fireworks","","No verified product identity from the searched code/name. Generic names and store SKUs are insufficient to assign a photo.","Verify manufacturer/model and exact retail package; inspect and acquire its authentic photo. Video is optional."
"IS467D3ZI7OHYACMDLLSTIGE","715244022410","","Mad Cat Fountain","Mad Cat Fountain","Unknown","Fountains","Regular","Unknown","Unknown","no_match","No sufficiently specific candidate identified in the two Dynamite catalog files.","Unknown","Manufacturer or UPC/model, exact package/variant and corresponding photo/video.","563","564","564","Items","564","no_verified_identity","","Unknown","Unknown","","""715244022410"" fireworks","","No verified product identity from the searched code/name. Generic names and store SKUs are insufficient to assign a photo.","Verify manufacturer/model and exact retail package; inspect and acquire its authentic photo. Video is optional."
"4TG53MYUHLIM42CZSPF6DYWV","687985910908","","Maelstrom  24 Shell 6""","Maelstrom 24 Shell 6""","Unknown","Unknown","Regular","Unknown","24 Shell | 6""","no_match","No sufficiently specific candidate identified in the two Dynamite catalog files.","Unknown","Manufacturer or UPC/model, exact package/variant and corresponding photo/video.","564","565","565","Items","565","candidate_requires_package_review","","Unknown","Unknown","","""687985910908"" fireworks","https://georgiasbestfireworks.com/product/maelstrom6canistershells/","Code found in public source; package/brand/image and any conflicts still need individual verification.","Verify manufacturer/model and exact retail package; inspect and acquire its authentic photo. Video is optional."
"HZAI6FQNRWPH7CBFYH23JPRX","814527200436","","Mafia 200 Gram 16 Shot","Mafia 200 Gram 16 Shot","Unknown","Unknown","Regular","Unknown","200 Gram | 16 Shot","no_match","No sufficiently specific candidate identified in the two Dynamite catalog files.","Unknown","Manufacturer or UPC/model, exact package/variant and corresponding photo/video.","565","566","566","Items","566","candidate_requires_package_review","","Unknown","Unknown","","""814527200436"" fireworks","https://ocfireworks.com/mafia/ | https://usa-fireworks.com/products/aerial-all-cakes/aerial-200-gram-cakes/mafia/ | https://beta2024.usa-fireworks.com/products/aerial-all-cakes/aerial-200-gram-cakes/mafia/ | https://sanduskyfireworks.com/product/458885/25607995-MAFIA","Code found in public source; package/brand/image and any conflicts still need individual verification.","Verify manufacturer/model and exact retail package; inspect and acquire its authentic photo. Video is optional."
"RSRJ5PRTCUG52YISOMQOF4VO","705108700714","","Magic Bunny_BOGO","Magic Bunny_BOGO","Unknown","Unknown","Regular","Unknown","Unknown","no_match","No sufficiently specific candidate identified in the two Dynamite catalog files.","Unknown","Manufacturer or UPC/model, exact package/variant and corresponding photo/video.","566","567","567","Items","567","no_verified_identity","","Unknown","Unknown","","""705108700714"" fireworks","","No verified product identity from the searched code/name. Generic names and store SKUs are insufficient to assign a photo.","Verify manufacturer/model and exact retail package; inspect and acquire its authentic photo. Video is optional."
"XIZ5ULSCWUKFNWGTUJN7RBC7","287985242216","","Magic Carpet 200g","Magic Carpet 200g","Unknown","Unknown","Regular","Unknown","200g","no_match","No sufficiently specific candidate identified in the two Dynamite catalog files.","Unknown","Manufacturer or UPC/model, exact package/variant and corresponding photo/video.","567","568","568","Items","568","candidate_requires_package_review","","Unknown","Unknown","","""287985242216"" fireworks","https://usa-fireworks.com/products/aerial-all-cakes/aerial-200-gram-cakes/magic-carpet/ | https://americanwholesalefireworks.com/magic-carpet/","Code found in public source; package/brand/image and any conflicts still need individual verification.","Verify manufacturer/model and exact retail package; inspect and acquire its authentic photo. Video is optional."
"DNK6Z7PLBHKQRMCA3SSJLZ3T","687985502820","","Magic Crystal","Magic Crystal","Unknown","Unknown","Regular","Unknown","Unknown","no_match","No sufficiently specific candidate identified in the two Dynamite catalog files.","Unknown","Manufacturer or UPC/model, exact package/variant and corresponding photo/video.","568","569","569","Items","569","candidate_requires_package_review","","Unknown","Unknown","","Compared code against official Winco UPC reference","https://www.wincofireworks.com/wp-content/uploads/2022/03/UPC-Excel-List_3.25.2022_r2.pdf","Code found in public source; package/brand/image and any conflicts still need individual verification.","Verify manufacturer/model and exact retail package; inspect and acquire its authentic photo. Video is optional."
"DNDROXQ36U2E6P3ESPN3OFYO","8145270245514","","Magic Eye 42 Shot","Magic Eye 42 Shot","Unknown","Unknown","Regular","Unknown","42 Shot","no_match","No sufficiently specific candidate identified in the two Dynamite catalog files.","Unknown","Manufacturer or UPC/model, exact package/variant and corresponding photo/video.","569","570","570","Items","570","candidate_requires_package_review","","Unknown","Unknown","","""8145270245514"" fireworks","https://usa-fireworks.com/products/aerial-all-cakes/aerial-500-gram-cakes/magic-eye/","Code found in public source; package/brand/image and any conflicts still need individual verification.","Verify manufacturer/model and exact retail package; inspect and acquire its authentic photo. Video is optional."
"G74C3PQXCCIBCMYS72BLUZYP","757205301745","","Magic Light","Magic Light","Unknown","Unknown","Regular","Unknown","Unknown","no_match","No sufficiently specific candidate identified in the two Dynamite catalog files.","Unknown","Manufacturer or UPC/model, exact package/variant and corresponding photo/video.","570","571","571","Items","571","no_verified_identity","","Unknown","Unknown","","""757205301745"" fireworks","","No verified product identity from the searched code/name. Generic names and store SKUs are insufficient to assign a photo.","Verify manufacturer/model and exact retail package; inspect and acquire its authentic photo. Video is optional."
"LSG5WQCGT6ZAPEYBEPB25DRC","","8145270120521","Magic Sky","Magic Sky","Unknown","Unknown","Regular","Unknown","Unknown","no_match","No sufficiently specific candidate identified in the two Dynamite catalog files.","Unknown","Manufacturer or UPC/model, exact package/variant and corresponding photo/video.","571","572","572","Items","572","no_verified_identity","","Unknown","Unknown","","""8145270120521"" fireworks","","No verified product identity from the searched code/name. Generic names and store SKUs are insufficient to assign a photo.","Verify manufacturer/model and exact retail package; inspect and acquire its authentic photo. Video is optional."
"YM3NLUUHT3EWEGLHTFGS5RBM","","000000339162","Magic Wands","Magic Wands","Unknown","Unknown","Regular","Unknown","Unknown","no_match","No sufficiently specific candidate identified in the two Dynamite catalog files.","Unknown","Manufacturer or UPC/model, exact package/variant and corresponding photo/video.","572","573","573","Items","573","no_verified_identity","","Unknown","Unknown","","""000000339162"" fireworks","","No verified product identity from the searched code/name. Generic names and store SKUs are insufficient to assign a photo.","Verify manufacturer/model and exact retail package; inspect and acquire its authentic photo. Video is optional."
"ELISRVGSZLOV7VVRCNLZLY5O","715244064120","","Magical Garage 100 shot","Magical Garage 100 shot","Unknown","Unknown","Regular","Unknown","100 shot","no_match","No sufficiently specific candidate identified in the two Dynamite catalog files.","Unknown","Manufacturer or UPC/model, exact package/variant and corresponding photo/video.","573","574","574","Items","574","candidate_requires_package_review","","Unknown","Unknown","","Compared code against official Winco UPC reference","https://www.wincofireworks.com/wp-content/uploads/2022/03/UPC-Excel-List_3.25.2022_r2.pdf","Code found in public source; package/brand/image and any conflicts still need individual verification.","Verify manufacturer/model and exact retail package; inspect and acquire its authentic photo. Video is optional."
"2LT37G7DBZSXXTSZOJEXGBDM","6801490056874","","Magical Shots Barrage 100 Shot","Magical Shots Barrage 100 Shot","Unknown","Unknown","Regular","Unknown","100 Shot","no_match","No sufficiently specific candidate identified in the two Dynamite catalog files.","Unknown","Manufacturer or UPC/model, exact package/variant and corresponding photo/video.","574","575","575","Items","575","no_verified_identity","","Unknown","Unknown","","""6801490056874"" fireworks","","No verified product identity from the searched code/name. Generic names and store SKUs are insufficient to assign a photo.","Verify manufacturer/model and exact retail package; inspect and acquire its authentic photo. Video is optional."
"BATDQ2BB2DBWSRLIYDMUHFPI","757201572064","","Magnum Tremors","Magnum Tremors","Unknown","9-SHOT 500 GRAM RACKS","Regular","Unknown","Unknown","no_match","No sufficiently specific candidate identified in the two Dynamite catalog files.","Unknown","Manufacturer or UPC/model, exact package/variant and corresponding photo/video.","575","576","576","Items","576","candidate_requires_package_review","","Unknown","Unknown","","""757201572064"" fireworks","https://americanwholesalefireworks.com/magnum-tremors/ | https://www.raccoonfireworksusa.com/product-page/magnum-tremors | https://fireworks-superstore.myshopify.com/products/magnum-tremors-3-rack-raccoon","Code found in public source; package/brand/image and any conflicts still need individual verification.","Verify manufacturer/model and exact retail package; inspect and acquire its authentic photo. Video is optional."
"QHR2H5KR63JK43L2NX2HHNCI","","805253396814","Major Mojo Family Pack","Major Mojo Family Pack","Unknown","Family Pack Assortments","Regular","Unknown","Unknown","no_match","No sufficiently specific candidate identified in the two Dynamite catalog files.","Unknown","Manufacturer or UPC/model, exact package/variant and corresponding photo/video.","576","577","577","Items","577","candidate_requires_package_review","","Unknown","Unknown","","""805253396814"" fireworks","https://beta2024.usa-fireworks.com/products/assortments/major-mojo/","Code found in public source; package/brand/image and any conflicts still need individual verification.","Verify manufacturer/model and exact retail package; inspect and acquire its authentic photo. Video is optional."
"R3E444VOODWZJ3YN4WLMQE5M","943100700046","","Mammoth Smoke","Mammoth Smoke","Unknown","Unknown","Regular","Unknown","Unknown","no_match","No sufficiently specific candidate identified in the two Dynamite catalog files.","Unknown","Manufacturer or UPC/model, exact package/variant and corresponding photo/video.","578","579","579","Items","579","no_verified_identity","","Unknown","Unknown","","""943100700046"" fireworks","","No verified product identity from the searched code/name. Generic names and store SKUs are insufficient to assign a photo.","Verify manufacturer/model and exact retail package; inspect and acquire its authentic photo. Video is optional."
"Q55HTE45LQTGDHAPZE5PBSHG","043100700128","","Mardigrais","Mardigrais","Unknown","Unknown","Regular","Unknown","Unknown","no_match","No sufficiently specific candidate identified in the two Dynamite catalog files.","Unknown","Manufacturer or UPC/model, exact package/variant and corresponding photo/video.","580","581","581","Items","581","no_verified_identity","","Unknown","Unknown","","""043100700128"" fireworks","","No verified product identity from the searched code/name. Generic names and store SKUs are insufficient to assign a photo.","Verify manufacturer/model and exact retail package; inspect and acquire its authentic photo. Video is optional."
"5JPUFA6DW2VVHUQEXK7JAJC3","715244065356","","Mass Confusion 500G 45 Shot","Mass Confusion 500G 45 Shot","Unknown","Unknown","Regular","Unknown","500G | 45 Shot","no_match","No sufficiently specific candidate identified in the two Dynamite catalog files.","Unknown","Manufacturer or UPC/model, exact package/variant and corresponding photo/video.","581","582","582","Items","582","no_verified_identity","","Unknown","Unknown","","""715244065356"" fireworks","","No verified product identity from the searched code/name. Generic names and store SKUs are insufficient to assign a photo.","Verify manufacturer/model and exact retail package; inspect and acquire its authentic photo. Video is optional."
"URA6MCFC6SIPCMFNC37DWJZ7","023063113241","","Mat Beast (12 pcs)","Mat Beast (12 pcs)","Unknown","Artillery/Festival Balls","Regular","Unknown","12 pcs","no_match","No sufficiently specific candidate identified in the two Dynamite catalog files.","Unknown","Manufacturer or UPC/model, exact package/variant and corresponding photo/video.","582","583","583","Items","583","no_verified_identity","","Unknown","Unknown","","""023063113241"" fireworks","","No verified product identity from the searched code/name. Generic names and store SKUs are insufficient to assign a photo.","Verify manufacturer/model and exact retail package; inspect and acquire its authentic photo. Video is optional."
"HGIK5WH6JXZ7ZN67PVW5BCLM","662019061016","","Max Caliber 24 Shots","Max Caliber 24 Shots","Unknown","Unknown","Regular","Unknown","24 Shots","no_match","No sufficiently specific candidate identified in the two Dynamite catalog files.","Unknown","Manufacturer or UPC/model, exact package/variant and corresponding photo/video.","583","584","584","Items","584","no_verified_identity","","Unknown","Unknown","","""662019061016"" fireworks","","No verified product identity from the searched code/name. Generic names and store SKUs are insufficient to assign a photo.","Verify manufacturer/model and exact retail package; inspect and acquire its authentic photo. Video is optional."
"7OHLMFFWUS7NBPRKIHKWX3HX","687985121229","","Maximum Altitude","Maximum Altitude","Unknown","Unknown","Regular","Unknown","Unknown","no_match","No sufficiently specific candidate identified in the two Dynamite catalog files.","Unknown","Manufacturer or UPC/model, exact package/variant and corresponding photo/video.","584","585","585","Items","585","candidate_requires_package_review","","Unknown","Unknown","","""687985121229"" fireworks","https://beta2024.usa-fireworks.com/products/missiles-rockets/maximum-altitude/ | https://whitelightningfireworks.com/SR122-Maximum-Altitude-124-R-PC/","Code found in public source; package/brand/image and any conflicts still need individual verification.","Verify manufacturer/model and exact retail package; inspect and acquire its authentic photo. Video is optional."
"MD45INUFCC64T2JKSK5NHQNX","687985283811","","Mechanical Bug 100 Shots","Mechanical Bug 100 Shots","Unknown","Unknown","Regular","Unknown","100 Shots","no_match","No sufficiently specific candidate identified in the two Dynamite catalog files.","Unknown","Manufacturer or UPC/model, exact package/variant and corresponding photo/video.","585","586","586","Items","586","candidate_requires_package_review","","Unknown","Unknown","","""687985283811"" fireworks","https://www.lastchancefireworks.com/shop/Multishot-Cakes/p/Mechanical-Bug-100-shot.htm","Code found in public source; package/brand/image and any conflicts still need individual verification.","Verify manufacturer/model and exact retail package; inspect and acquire its authentic photo. Video is optional."
"HJH4HOGWHQBLBADRC7JH2ALP","680149048844","","Mega Black Smoke","Mega Black Smoke","Unknown","Unknown","Regular","Unknown","Unknown","no_match","No sufficiently specific candidate identified in the two Dynamite catalog files.","Unknown","Manufacturer or UPC/model, exact package/variant and corresponding photo/video.","586","587","587","Items","587","candidate_requires_package_review","","Unknown","Unknown","","""680149048844"" fireworks","https://shop.midnightmadnessfireworks.com/SK136-Mega-Smoke-Assorted-R-PC/","Code found in public source; package/brand/image and any conflicts still need individual verification.","Verify manufacturer/model and exact retail package; inspect and acquire its authentic photo. Video is optional."
"Z5MKLBVDY42ZEGMNQM634VML","821500004240","","Mega Gatling gun","Mega Gatling gun","Unknown","Roman Candles","Regular","Unknown","Unknown","probable","Name identifies a candidate only; manufacturer and exact presentation have not been established.","products.json[91] Gatling Gun / Brothers / products/gatling-gun.png","Manufacturer or UPC/model, exact package/variant and corresponding photo/video.","587","588","588","Items","588","no_verified_identity","","Unknown","Unknown","","""821500004240"" fireworks","","No verified product identity from the searched code/name. Generic names and store SKUs are insufficient to assign a photo.","Verify manufacturer/model and exact retail package; inspect and acquire its authentic photo. Video is optional."
"A3F734LVXNN23JWR536FAGGM","702367266708","","Mega Gatling gun","Mega Gatling gun","Unknown","Roman Candles","gatling gun","gatling gun","Unknown","probable","Name identifies a candidate only; manufacturer and exact presentation have not been established.","products.json[91] Gatling Gun / Brothers / products/gatling-gun.png","Manufacturer or UPC/model, exact package/variant and corresponding photo/video.","588","589","589","Items","589","no_verified_identity","","Unknown","Unknown","","""702367266708"" fireworks","","No verified product identity from the searched code/name. Generic names and store SKUs are insufficient to assign a photo.","Verify manufacturer/model and exact retail package; inspect and acquire its authentic photo. Video is optional."
"KRKT5JIOTMJLYMEFOTCJ5EIA","6510475378978","","Mega Pyro Huge Burst (6 pcs)","Mega Pyro Huge Burst (6 pcs)","Unknown","Artillery/Festival Balls","Regular","Unknown","6 pcs","no_match","No sufficiently specific candidate identified in the two Dynamite catalog files.","Unknown","Manufacturer or UPC/model, exact package/variant and corresponding photo/video.","589","590","590","Items","590","no_verified_identity","","Unknown","Unknown","","""6510475378978"" fireworks","","No verified product identity from the searched code/name. Generic names and store SKUs are insufficient to assign a photo.","Verify manufacturer/model and exact retail package; inspect and acquire its authentic photo. Video is optional."
"HQNE5XO5MPLYQSKG3O7U6WCT","757201536219","","Mega Shark","Mega Shark","Unknown","Unknown","Regular","Unknown","Unknown","no_match","No sufficiently specific candidate identified in the two Dynamite catalog files.","Unknown","Manufacturer or UPC/model, exact package/variant and corresponding photo/video.","590","591","591","Items","591","candidate_requires_package_review","","Unknown","Unknown","","""757201536219"" fireworks","https://beta2024.usa-fireworks.com/products/aerial-all-cakes/aerial-500-gram-cakes/mega-shark/","Code found in public source; package/brand/image and any conflicts still need individual verification.","Verify manufacturer/model and exact retail package; inspect and acquire its authentic photo. Video is optional."
"JZSYHXE4DQ7QGMED4JK76XXM","687985260812","","Megawatt-295 Shots","Megawatt-295 Shots","Unknown","Unknown","Regular","Unknown","295 Shots","no_match","No sufficiently specific candidate identified in the two Dynamite catalog files.","Unknown","Manufacturer or UPC/model, exact package/variant and corresponding photo/video.","591","592","592","Items","592","candidate_requires_package_review","","Unknown","Unknown","","""687985260812"" fireworks","https://bigdaddyksfireworksoutlet.com/product/megawatt/","Code found in public source; package/brand/image and any conflicts still need individual verification.","Verify manufacturer/model and exact retail package; inspect and acquire its authentic photo. Video is optional."
"TCGFJ3MNAOY5DEHCFZ2BL2R5","8143270144011","","Mexican Jumping Beans","Mexican Jumping Beans","Unknown","Fountains","Regular","Unknown","Unknown","no_match","No sufficiently specific candidate identified in the two Dynamite catalog files.","Unknown","Manufacturer or UPC/model, exact package/variant and corresponding photo/video.","592","593","593","Items","593","candidate_requires_package_review","","Unknown","Unknown","","""8143270144011"" fireworks","https://dosgringosfireworks.com/mexican-jumping-beans/ | https://staging.usa-fireworks.com/products/new-products/mexican-jumping-beans-48-second-fountain/","Code found in public source; package/brand/image and any conflicts still need individual verification.","Verify manufacturer/model and exact retail package; inspect and acquire its authentic photo. Video is optional."
"KHIVIS7UANCQIZECYUTTC465","8145271617112","","Mickealangelo","Mickealangelo","Unknown","Unknown","Regular","Unknown","Unknown","no_match","No sufficiently specific candidate identified in the two Dynamite catalog files.","Unknown","Manufacturer or UPC/model, exact package/variant and corresponding photo/video.","593","594","594","Items","594","candidate_requires_package_review","","Unknown","Unknown","","""8145271617112"" fireworks","https://ocfireworks.com/mickealangelo/ | https://beta2024.usa-fireworks.com/products/aerial-all-cakes/aerial-500-gram-cakes/mickealangelo/","Code found in public source; package/brand/image and any conflicts still need individual verification.","Verify manufacturer/model and exact retail package; inspect and acquire its authentic photo. Video is optional."
"E3UXSYRN2VAH4HHUW5HI4IHN","687985234615","","Midnight 500 Gram","Midnight 500 Gram","Unknown","500 GRAM FINALE > 500 GRAM FINALE ZIPPER CAKES","Regular","Unknown","500 Gram","no_match","No sufficiently specific candidate identified in the two Dynamite catalog files.","Unknown","Manufacturer or UPC/model, exact package/variant and corresponding photo/video.","594","595","595","Items","595","candidate_requires_package_review","","Unknown","Unknown","","Compared code against official Winco UPC reference","https://www.wincofireworks.com/wp-content/uploads/2022/03/UPC-Excel-List_3.25.2022_r2.pdf","Code found in public source; package/brand/image and any conflicts still need individual verification.","Verify manufacturer/model and exact retail package; inspect and acquire its authentic photo. Video is optional."
"L57MW34TGTU7YAZAPRRLPOM6","705108550906","","Midnight Sun 500 Gram","Midnight Sun 500 Gram","Unknown","500 GRAM FINALE","Regular","Unknown","500 Gram","no_match","No sufficiently specific candidate identified in the two Dynamite catalog files.","Unknown","Manufacturer or UPC/model, exact package/variant and corresponding photo/video.","595","596","596","Items","596","no_verified_identity","","Unknown","Unknown","","""705108550906"" fireworks","","No verified product identity from the searched code/name. Generic names and store SKUs are insufficient to assign a photo.","Verify manufacturer/model and exact retail package; inspect and acquire its authentic photo. Video is optional."
"53PBIUYJWPQ6AXGVJZXUFE2J","757205301578","","Midnight Sun 500g","Midnight Sun 500g","Unknown","500 GRAM FINALE","Regular","Unknown","500g","no_match","No sufficiently specific candidate identified in the two Dynamite catalog files.","Unknown","Manufacturer or UPC/model, exact package/variant and corresponding photo/video.","596","597","597","Items","597","no_verified_identity","","Unknown","Unknown","","""757205301578"" fireworks","","No verified product identity from the searched code/name. Generic names and store SKUs are insufficient to assign a photo.","Verify manufacturer/model and exact retail package; inspect and acquire its authentic photo. Video is optional."
"NNYHMJELCPBMXZXPPDDZYQXP","8052530054413","","Mighty Cracker 100pc BOGO","Mighty Cracker 100pc","Unknown","Unknown","30","30","100pc","no_match","No sufficiently specific candidate identified in the two Dynamite catalog files.","Unknown","Manufacturer or UPC/model, exact package/variant and corresponding photo/video.","597","598","598","Items","598","candidate_requires_package_review","","Unknown","Unknown","","""8052530054413"" fireworks","https://usa-fireworks.com/products/firecrackers-salutes/mighty-crackers/","Code found in public source; package/brand/image and any conflicts still need individual verification.","Verify manufacturer/model and exact retail package; inspect and acquire its authentic photo. Video is optional."
"FAKGVMBHNQU7F7YPGIINCLPD","821600001156","","Mighty Cracker 100pc BOGO","Mighty Cracker 100pc","Unknown","Unknown","Mighty Crackers","Mighty Crackers","100pc","no_match","No sufficiently specific candidate identified in the two Dynamite catalog files.","Unknown","Manufacturer or UPC/model, exact package/variant and corresponding photo/video.","598","599","599","Items","599","no_verified_identity","","Unknown","Unknown","","""821600001156"" fireworks","","No verified product identity from the searched code/name. Generic names and store SKUs are insufficient to assign a photo.","Verify manufacturer/model and exact retail package; inspect and acquire its authentic photo. Video is optional."
"BHYRBZW52FWBQHJ6QZ4MKZPT","200000606015","","Mighty Max Candle Assortment","Mighty Max Candle Assortment","Unknown","Roman Candles","Regular","Unknown","Unknown","no_match","No sufficiently specific candidate identified in the two Dynamite catalog files.","Unknown","Manufacturer or UPC/model, exact package/variant and corresponding photo/video.","599","600","600","Items","600","no_verified_identity","","Unknown","Unknown","","""200000606015"" fireworks","","No verified product identity from the searched code/name. Generic names and store SKUs are insufficient to assign a photo.","Verify manufacturer/model and exact retail package; inspect and acquire its authentic photo. Video is optional."
"OKCB2UOBBJRUB7NBKFRGDTUE","757201572071","","Migraine","Migraine","Unknown","9-SHOT 500 GRAM RACKS","Regular","Unknown","Unknown","no_match","No sufficiently specific candidate identified in the two Dynamite catalog files.","Unknown","Manufacturer or UPC/model, exact package/variant and corresponding photo/video.","600","601","601","Items","601","candidate_requires_package_review","","Unknown","Unknown","","""757201572071"" fireworks","https://www.raccoonfireworksusa.com/product-page/migraine","Code found in public source; package/brand/image and any conflicts still need individual verification.","Verify manufacturer/model and exact retail package; inspect and acquire its authentic photo. Video is optional."
"WGWVTKV5LLYGNVGTHJWBKKJC","","","Military Parachute","Military Parachute","Unknown","Unknown","Regular","Unknown","Unknown","probable","Name identifies a candidate only; manufacturer and exact presentation have not been established.","products.json[189] Military Parachute / Winda / /products/military-parachute.png","Manufacturer or UPC/model, exact package/variant and corresponding photo/video.","601","602","602","Items","602","identity_review","","Unknown","Unknown","","""Military Parachute"" fireworks manufacturer","https://www.getwinda.com/product-page/military-parachute","Generic Military Parachute has no corroborating code. Row 602 is confirmed as Winda P5083 two pack, but that does not identify this separate generic record.","Rockwall manufacturer/model/barcode and retail package photo; do not merge on name."
"7A5IAAVZGOY7OFQE4GL6VVMN","757201306041","","Minecraft 5"" Artillery Shells 6 Pack","Minecraft 5"" Artillery Shells 6 Pack","Unknown","6 Pack Artillery Shells 5""\, 6""","Regular","Unknown","5"" | 6 Pack","no_match","No sufficiently specific candidate identified in the two Dynamite catalog files.","Unknown","Manufacturer or UPC/model, exact package/variant and corresponding photo/video.","603","604","604","Items","604","no_verified_identity","","Unknown","Unknown","","""757201306041"" fireworks","","No verified product identity from the searched code/name. Generic names and store SKUs are insufficient to assign a photo.","Verify manufacturer/model and exact retail package; inspect and acquire its authentic photo. Video is optional."
"KHQGTUGPX2ABWY6TBLOAXTS7","757201225212","","Monkey Business","Monkey Business","Unknown","Unknown","Regular","Unknown","Unknown","no_match","No sufficiently specific candidate identified in the two Dynamite catalog files.","Unknown","Manufacturer or UPC/model, exact package/variant and corresponding photo/video.","604","605","605","Items","605","candidate_requires_package_review","","Unknown","Unknown","","""757201225212"" fireworks","https://www.raccoonfireworksusa.com/product-page/monkey-business | https://americanwholesalefireworks.com/monkey-business/","Code found in public source; package/brand/image and any conflicts still need individual verification.","Verify manufacturer/model and exact retail package; inspect and acquire its authentic photo. Video is optional."
"5T7VMN3SVTVIGJJRBSPLAP32","805253394414","","Monkey Business 200G","Monkey Business 200G","Unknown","Unknown","Regular","Unknown","200G","no_match","No sufficiently specific candidate identified in the two Dynamite catalog files.","Unknown","Manufacturer or UPC/model, exact package/variant and corresponding photo/video.","605","606","606","Items","606","candidate_requires_package_review","","Unknown","Unknown","","""805253394414"" fireworks","https://usa-fireworks.com/products/aerial-all-cakes/aerial-200-gram-cakes/monkey-business-36-shots/","Code found in public source; package/brand/image and any conflicts still need individual verification.","Verify manufacturer/model and exact retail package; inspect and acquire its authentic photo. Video is optional."
"GGZBALOR7JK3HCSJSAB5FJOB","821611109810","","Morning Glories 24\6 144 Pieces sparklers","Morning Glories 24\6 144 Pieces sparklers","Unknown","Unknown","Regular","Unknown","Unknown","no_match","No sufficiently specific candidate identified in the two Dynamite catalog files.","Unknown","Manufacturer or UPC/model, exact package/variant and corresponding photo/video.","606","607","607","Items","607","no_verified_identity","","Unknown","Unknown","","""821611109810"" fireworks","","No verified product identity from the searched code/name. Generic names and store SKUs are insufficient to assign a photo.","Verify manufacturer/model and exact retail package; inspect and acquire its authentic photo. Video is optional."
"AV5JMGED5UC4OG7NH7O7O47E","8145270180211","","Morning Glories 24\6 144 Pieces sparklers","Morning Glories 24\6 144 Pieces sparklers","Unknown","Unknown","Morning Glorys Pack 144","Morning Glorys Pack 144","Unknown","no_match","No sufficiently specific candidate identified in the two Dynamite catalog files.","Unknown","Manufacturer or UPC/model, exact package/variant and corresponding photo/video.","607","608","608","Items","608","candidate_requires_package_review","","Unknown","Unknown","","""8145270180211"" fireworks","https://usa-fireworks.com/products/sparklers/morning-glory-sparklers-box/","Code found in public source; package/brand/image and any conflicts still need individual verification.","Verify manufacturer/model and exact retail package; inspect and acquire its authentic photo. Video is optional."
"JW46UDVVNSF442AA7SCDR5FU","7059000109810","","Morning Glories-14""","Morning Glories-14""","Unknown","Unknown","Regular","Unknown","14""","no_match","No sufficiently specific candidate identified in the two Dynamite catalog files.","Unknown","Manufacturer or UPC/model, exact package/variant and corresponding photo/video.","608","609","609","Items","609","no_verified_identity","","Unknown","Unknown","","""7059000109810"" fireworks","","No verified product identity from the searched code/name. Generic names and store SKUs are insufficient to assign a photo.","Verify manufacturer/model and exact retail package; inspect and acquire its authentic photo. Video is optional."
"QWEMUCQK2V2YIXKJR2APJNVK","705108098101","","Morning Glory","Morning Glory","Unknown","Unknown","Regular","Unknown","Unknown","no_match","No sufficiently specific candidate identified in the two Dynamite catalog files.","Unknown","Manufacturer or UPC/model, exact package/variant and corresponding photo/video.","609","610","610","Items","610","no_verified_identity","","Unknown","Unknown","","""705108098101"" fireworks","","No verified product identity from the searched code/name. Generic names and store SKUs are insufficient to assign a photo.","Verify manufacturer/model and exact retail package; inspect and acquire its authentic photo. Video is optional."
"NCTBJPN7RMTQTZDDSFLCPOWS","814327011041","","Morning Glory","Morning Glory","Unknown","Unknown","Regular","Unknown","Unknown","no_match","No sufficiently specific candidate identified in the two Dynamite catalog files.","Unknown","Manufacturer or UPC/model, exact package/variant and corresponding photo/video.","610","611","611","Items","611","no_verified_identity","","Unknown","Unknown","","""814327011041"" fireworks","","No verified product identity from the searched code/name. Generic names and store SKUs are insufficient to assign a photo.","Verify manufacturer/model and exact retail package; inspect and acquire its authentic photo. Video is optional."
"WAF5VDGW2OT77X5XMU545NI2","821600981366","","Morning Glory 36 Inch sparklers","Morning Glory 36 Inch sparklers","Unknown","Unknown","Regular","Unknown","36 Inch","no_match","No sufficiently specific candidate identified in the two Dynamite catalog files.","Unknown","Manufacturer or UPC/model, exact package/variant and corresponding photo/video.","611","612","612","Items","612","no_verified_identity","","Unknown","Unknown","","""821600981366"" fireworks","","No verified product identity from the searched code/name. Generic names and store SKUs are insufficient to assign a photo.","Verify manufacturer/model and exact retail package; inspect and acquire its authentic photo. Video is optional."
"GNN7EVLU5MZWTGQGLPYVSSZ4","158130736068","","Morning Glory 36"".","Morning Glory 36"".","Unknown","Unknown","Regular","Unknown","36""","no_match","No sufficiently specific candidate identified in the two Dynamite catalog files.","Unknown","Manufacturer or UPC/model, exact package/variant and corresponding photo/video.","612","613","613","Items","613","no_verified_identity","","Unknown","Unknown","","""158130736068"" fireworks","","No verified product identity from the searched code/name. Generic names and store SKUs are insufficient to assign a photo.","Verify manufacturer/model and exact retail package; inspect and acquire its authentic photo. Video is optional."
"LC6EYG7KJQI7FT56KOSTYUHV","943100700053","","Morning Glory Sparklers 6pk Individual BOGO","Morning Glory Sparklers 6pk Individual","Unknown","Unknown","Regular","Unknown","Unknown","no_match","No sufficiently specific candidate identified in the two Dynamite catalog files.","Unknown","Manufacturer or UPC/model, exact package/variant and corresponding photo/video.","613","614","614","Items","614","no_verified_identity","","Unknown","Unknown","","""943100700053"" fireworks","","No verified product identity from the searched code/name. Generic names and store SKUs are insufficient to assign a photo.","Verify manufacturer/model and exact retail package; inspect and acquire its authentic photo. Video is optional."
"XU4GLMW4LWFIZRWQQPIAXQLF","705108549405","","Mother Of The Bombs","Mother Of The Bombs","Unknown","Unknown","Regular","Unknown","Unknown","no_match","No sufficiently specific candidate identified in the two Dynamite catalog files.","Unknown","Manufacturer or UPC/model, exact package/variant and corresponding photo/video.","615","616","616","Items","616","candidate_requires_package_review","","Unknown","Unknown","","Compared code against official Winco UPC reference","https://www.wincofireworks.com/wp-content/uploads/2022/03/UPC-Excel-List_3.25.2022_r2.pdf","Code found in public source; package/brand/image and any conflicts still need individual verification.","Verify manufacturer/model and exact retail package; inspect and acquire its authentic photo. Video is optional."
"KAWMWSNND6CWWITR7TTFBLLC","8145270161616","","Motion Maker","Motion Maker","Unknown","Unknown","Regular","Unknown","Unknown","no_match","No sufficiently specific candidate identified in the two Dynamite catalog files.","Unknown","Manufacturer or UPC/model, exact package/variant and corresponding photo/video.","616","617","617","Items","617","no_verified_identity","","Unknown","Unknown","","""8145270161616"" fireworks","","No verified product identity from the searched code/name. Generic names and store SKUs are insufficient to assign a photo.","Verify manufacturer/model and exact retail package; inspect and acquire its authentic photo. Video is optional."
"Z3OHILX3F5STN22AG3IR2YH7","687985421312","","Movie Time","Movie Time","Unknown","Unknown","Regular","Unknown","Unknown","no_match","No sufficiently specific candidate identified in the two Dynamite catalog files.","Unknown","Manufacturer or UPC/model, exact package/variant and corresponding photo/video.","617","618","620","Items","618","no_verified_identity","","Unknown","Unknown","","""687985421312"" fireworks","","No verified product identity from the searched code/name. Generic names and store SKUs are insufficient to assign a photo.","Verify manufacturer/model and exact retail package; inspect and acquire its authentic photo. Video is optional."
"ML6UCMKNFT5Q6VWXICGN6TO2","821600016129","","Naughty Dog","Naughty Dog","Unknown","Unknown","Regular","Unknown","Unknown","no_match","No sufficiently specific candidate identified in the two Dynamite catalog files.","Unknown","Manufacturer or UPC/model, exact package/variant and corresponding photo/video.","619","622","622","Items","620","no_verified_identity","","Unknown","Unknown","","""821600016129"" fireworks","","No verified product identity from the searched code/name. Generic names and store SKUs are insufficient to assign a photo.","Verify manufacturer/model and exact retail package; inspect and acquire its authentic photo. Video is optional."
"ILXOA5TDDYIBJD2RMHPXESV6","811451013439","","Naughty Elephant","Naughty Elephant","Unknown","Unknown","Regular","Unknown","Unknown","no_match","No sufficiently specific candidate identified in the two Dynamite catalog files.","Unknown","Manufacturer or UPC/model, exact package/variant and corresponding photo/video.","620","623","623","Items","621","no_verified_identity","","Unknown","Unknown","","""811451013439"" fireworks","","No verified product identity from the searched code/name. Generic names and store SKUs are insufficient to assign a photo.","Verify manufacturer/model and exact retail package; inspect and acquire its authentic photo. Video is optional."
"6XC2CG64XOVFC5ZSL4AL6TQS","757201530408","","Neon Boom 25 Shot","Neon Boom 25 Shot","Unknown","Unknown","Regular","Unknown","25 Shot","no_match","No sufficiently specific candidate identified in the two Dynamite catalog files.","Unknown","Manufacturer or UPC/model, exact package/variant and corresponding photo/video.","622","625","625","Items","623","candidate_requires_package_review","","Unknown","Unknown","","""757201530408"" fireworks","https://shop.intergalacticfireworks.com/neon-boom.html | https://www.raccoonfireworksusa.com/product-page/neon-boom","Code found in public source; package/brand/image and any conflicts still need individual verification.","Verify manufacturer/model and exact retail package; inspect and acquire its authentic photo. Video is optional."
"NQCEENLY6NB6N2PB42Q6ZDJH","757201520027","","Neon Butterflies 54 Shot","Neon Butterflies 54 Shot","Unknown","Unknown","Regular","Unknown","54 Shot","no_match","No sufficiently specific candidate identified in the two Dynamite catalog files.","Unknown","Manufacturer or UPC/model, exact package/variant and corresponding photo/video.","623","626","626","Items","624","no_verified_identity","","Unknown","Unknown","","""757201520027"" fireworks","","No verified product identity from the searched code/name. Generic names and store SKUs are insufficient to assign a photo.","Verify manufacturer/model and exact retail package; inspect and acquire its authentic photo. Video is optional."
"65SPR36TT4PVNGW7PZMKA67K","715244007257","","Neon Camo Smoke","Neon Camo Smoke","Unknown","Unknown","Regular","Unknown","Unknown","no_match","No sufficiently specific candidate identified in the two Dynamite catalog files.","Unknown","Manufacturer or UPC/model, exact package/variant and corresponding photo/video.","624","627","627","Items","625","candidate_requires_package_review","","Unknown","Unknown","","Compared code against official Winco UPC reference","https://www.wincofireworks.com/wp-content/uploads/2022/03/UPC-Excel-List_3.25.2022_r2.pdf","Code found in public source; package/brand/image and any conflicts still need individual verification.","Verify manufacturer/model and exact retail package; inspect and acquire its authentic photo. Video is optional."
"6SA6Q2XJKOHET5CW5VO67ZPO","757201520034","","Neon Celebration","Neon Celebration","Unknown","Unknown","Regular","Unknown","Unknown","no_match","No sufficiently specific candidate identified in the two Dynamite catalog files.","Unknown","Manufacturer or UPC/model, exact package/variant and corresponding photo/video.","625","628","628","Items","626","candidate_requires_package_review","","Unknown","Unknown","","""757201520034"" fireworks","https://americanwholesalefireworks.com/neon-celebration/","Code found in public source; package/brand/image and any conflicts still need individual verification.","Verify manufacturer/model and exact retail package; inspect and acquire its authentic photo. Video is optional."
"DESWK5DRCHLMT5AZZI2Q6SBM","207401322193","","Neon Night  Artillery (12 pcs)","Neon Night Artillery (12 pcs)","Unknown","Artillery/Festival Balls","Regular","Unknown","12 pcs","no_match","No sufficiently specific candidate identified in the two Dynamite catalog files.","Unknown","Manufacturer or UPC/model, exact package/variant and corresponding photo/video.","627","630","630","Items","628","candidate_requires_package_review","","Unknown","Unknown","","""207401322193"" fireworks","https://americanwholesalefireworks.com/neon-night-shell-kit/","Code found in public source; package/brand/image and any conflicts still need individual verification.","Verify manufacturer/model and exact retail package; inspect and acquire its authentic photo. Video is optional."
"NOAY7B4DBXXTUNGXXQ3RZGPF","","000000339209","Neon Saber Sparklers","Neon Saber Sparklers","Unknown","Unknown","Regular","Unknown","Unknown","no_match","No sufficiently specific candidate identified in the two Dynamite catalog files.","Unknown","Manufacturer or UPC/model, exact package/variant and corresponding photo/video.","628","631","631","Items","629","no_verified_identity","","Unknown","Unknown","","""000000339209"" fireworks","","No verified product identity from the searched code/name. Generic names and store SKUs are insufficient to assign a photo.","Verify manufacturer/model and exact retail package; inspect and acquire its authentic photo. Video is optional."
"DL437RUBTEAUEVYUK7LTENDQ","887946004305","","Neon Show 16 Shots","Neon Show 16 Shots","Unknown","Unknown","Regular","Unknown","16 Shots","no_match","No sufficiently specific candidate identified in the two Dynamite catalog files.","Unknown","Manufacturer or UPC/model, exact package/variant and corresponding photo/video.","629","632","632","Items","630","candidate_requires_package_review","","Unknown","Unknown","","""887946004305"" fireworks","https://www.tntfireworks.com/fireworks/cat/multi-aerials/4105-one-minute-revelry","Code found in public source; package/brand/image and any conflicts still need individual verification.","Verify manufacturer/model and exact retail package; inspect and acquire its authentic photo. Video is optional."
"GEDP25JGWJWZ7YOPA2DMR4CJ","6950165419367","","Neon Sky 140 shot","Neon Sky 140 shot","Unknown","Roman Candles","Regular","Unknown","140 shot","no_match","No sufficiently specific candidate identified in the two Dynamite catalog files.","Unknown","Manufacturer or UPC/model, exact package/variant and corresponding photo/video.","631","634","634","Items","632","candidate_requires_package_review","","Unknown","Unknown","","""6950165419367"" fireworks","https://usa-fireworks.com/products/roman-candles/neon-sky/","Code found in public source; package/brand/image and any conflicts still need individual verification.","Verify manufacturer/model and exact retail package; inspect and acquire its authentic photo. Video is optional."
"5RLSEP5ZVM5UFUOAKRWVPI5Y","680149045096","","Neon Smoke Balls 6pk","Neon Smoke Balls 6pk","Unknown","Unknown","Regular","Unknown","Unknown","no_match","No sufficiently specific candidate identified in the two Dynamite catalog files.","Unknown","Manufacturer or UPC/model, exact package/variant and corresponding photo/video.","632","635","635","Items","633","no_verified_identity","","Unknown","Unknown","","""680149045096"" fireworks","","No verified product identity from the searched code/name. Generic names and store SKUs are insufficient to assign a photo.","Verify manufacturer/model and exact retail package; inspect and acquire its authentic photo. Video is optional."
"XKTAJU5IB6I7JCEIQYBUHACK","681402052899","","Neon Smoke Bombs 24ct","Neon Smoke Bombs 24ct","Unknown","Unknown","Regular","Unknown","24ct","no_match","No sufficiently specific candidate identified in the two Dynamite catalog files.","Unknown","Manufacturer or UPC/model, exact package/variant and corresponding photo/video.","633","636","636","Items","634","no_verified_identity","","Unknown","Unknown","","""681402052899"" fireworks","","No verified product identity from the searched code/name. Generic names and store SKUs are insufficient to assign a photo.","Verify manufacturer/model and exact retail package; inspect and acquire its authentic photo. Video is optional."
"Z33FH247DFGYUE7PXWSNXMKE","840142205242","","Neon Smoke Show","Neon Smoke Show","Unknown","Unknown","Regular","Unknown","Unknown","no_match","No sufficiently specific candidate identified in the two Dynamite catalog files.","Unknown","Manufacturer or UPC/model, exact package/variant and corresponding photo/video.","634","637","637","Items","635","no_verified_identity","","Unknown","Unknown","","""840142205242"" fireworks","","No verified product identity from the searched code/name. Generic names and store SKUs are insufficient to assign a photo.","Verify manufacturer/model and exact retail package; inspect and acquire its authentic photo. Video is optional."
"NR4MTFDPX4TEOWP6T2SV5PK2","","841527170049","Neon Sparklers","Neon Sparklers","Unknown","Unknown","Regular","Unknown","Unknown","no_match","No sufficiently specific candidate identified in the two Dynamite catalog files.","Unknown","Manufacturer or UPC/model, exact package/variant and corresponding photo/video.","635","638","638","Items","636","no_verified_identity","","Unknown","Unknown","","""841527170049"" fireworks","","No verified product identity from the searched code/name. Generic names and store SKUs are insufficient to assign a photo.","Verify manufacturer/model and exact retail package; inspect and acquire its authentic photo. Video is optional."
"6BTYAYIO5UUJFVNMMQEP246T","","705108900404","Neon Sparklers BOGO","Neon Sparklers","Unknown","Unknown","Regular","Unknown","Unknown","no_match","No sufficiently specific candidate identified in the two Dynamite catalog files.","Unknown","Manufacturer or UPC/model, exact package/variant and corresponding photo/video.","636","639","639","Items","637","no_verified_identity","","Unknown","Unknown","","""705108900404"" fireworks","","No verified product identity from the searched code/name. Generic names and store SKUs are insufficient to assign a photo.","Verify manufacturer/model and exact retail package; inspect and acquire its authentic photo. Video is optional."
"E43XCOUSQYZLA6HC7QALQ2JM","695071402527","","Neon Strobe 200 Gram 18 Shot","Neon Strobe 200 Gram 18 Shot","Unknown","Unknown","Regular","Unknown","200 Gram | 18 Shot","no_match","No sufficiently specific candidate identified in the two Dynamite catalog files.","Unknown","Manufacturer or UPC/model, exact package/variant and corresponding photo/video.","637","640","640","Items","638","no_verified_identity","","Unknown","Unknown","","""695071402527"" fireworks","","No verified product identity from the searched code/name. Generic names and store SKUs are insufficient to assign a photo.","Verify manufacturer/model and exact retail package; inspect and acquire its authentic photo. Video is optional."
"EX26G3CPJJF5NBZWBQVHHQGL","757201545112","","Neon Web","Neon Web","Unknown","Unknown","Regular","Unknown","Unknown","no_match","No sufficiently specific candidate identified in the two Dynamite catalog files.","Unknown","Manufacturer or UPC/model, exact package/variant and corresponding photo/video.","638","641","641","Items","639","no_verified_identity","","Unknown","Unknown","","""757201545112"" fireworks","","No verified product identity from the searched code/name. Generic names and store SKUs are insufficient to assign a photo.","Verify manufacturer/model and exact retail package; inspect and acquire its authentic photo. Video is optional."
"73ZKYLH5IUS5MUMFLKHERCSJ","687985901333","","Neutron Bomb","Neutron Bomb","Unknown","Unknown","Regular","Unknown","Unknown","no_match","No sufficiently specific candidate identified in the two Dynamite catalog files.","Unknown","Manufacturer or UPC/model, exact package/variant and corresponding photo/video.","639","642","642","Items","640","candidate_requires_package_review","","Unknown","Unknown","","Compared code against official Winco UPC reference","https://www.wincofireworks.com/wp-content/uploads/2022/03/UPC-Excel-List_3.25.2022_r2.pdf","Code found in public source; package/brand/image and any conflicts still need individual verification.","Verify manufacturer/model and exact retail package; inspect and acquire its authentic photo. Video is optional."
"V3CTF3FH4NKIRRFFPC6DY366","715244000029","","Night Display","Night Display","Unknown","Unknown","Regular","Unknown","Unknown","no_match","No sufficiently specific candidate identified in the two Dynamite catalog files.","Unknown","Manufacturer or UPC/model, exact package/variant and corresponding photo/video.","640","643","643","Items","641","no_verified_identity","","Unknown","Unknown","","""715244000029"" fireworks","","No verified product identity from the searched code/name. Generic names and store SKUs are insufficient to assign a photo.","Verify manufacturer/model and exact retail package; inspect and acquire its authentic photo. Video is optional."
"TFDJ6PQBV7IFYAVY6PW7PMNC","8145270114414","","Night Owl Fountain","Night Owl Fountain","Unknown","Fountains","Regular","Unknown","Unknown","no_match","No sufficiently specific candidate identified in the two Dynamite catalog files.","Unknown","Manufacturer or UPC/model, exact package/variant and corresponding photo/video.","641","644","644","Items","642","no_verified_identity","","Unknown","Unknown","","""8145270114414"" fireworks","","No verified product identity from the searched code/name. Generic names and store SKUs are insufficient to assign a photo.","Verify manufacturer/model and exact retail package; inspect and acquire its authentic photo. Video is optional."
"ALQZ3KMCXR6USHH37AWXWUWW","814527200528","","Ninja","Ninja","Unknown","Unknown","Regular","Unknown","Unknown","probable","Name identifies a candidate only; manufacturer and exact presentation have not been established.","products.json[154] Fire Ninja / Winda / /products/fire-ninja.png","Manufacturer or UPC/model, exact package/variant and corresponding photo/video.","642","645","645","Items","643","no_verified_identity","","Unknown","Unknown","","""814527200528"" fireworks","","No verified product identity from the searched code/name. Generic names and store SKUs are insufficient to assign a photo.","Verify manufacturer/model and exact retail package; inspect and acquire its authentic photo. Video is optional."
"KMH7EZXQ4SDAPJKEX4SEHMVI","757201324045","","Nishiki Blast 5"" Artillery 24 pack","Nishiki Blast 5"" Artillery 24 pack","Unknown","24 Pack Canister Artillery Shells 5 INCH","Regular","Unknown","5"" | 24 pack","no_match","No sufficiently specific candidate identified in the two Dynamite catalog files.","Unknown","Manufacturer or UPC/model, exact package/variant and corresponding photo/video.","643","646","646","Items","644","candidate_requires_package_review","","Unknown","Unknown","","""757201324045"" fireworks","https://staging.usa-fireworks.com/products/artillery-shells/holy-nishiki/ | https://www.raccoonfireworksusa.com/product-page/5-holy-nishiki | https://americanwholesalefireworks.com/holy-nishiki-pack-of-24/","Code found in public source; package/brand/image and any conflicts still need individual verification.","Verify manufacturer/model and exact retail package; inspect and acquire its authentic photo. Video is optional."
"A5QPAZSLHSGWWLVXOQIFPISG","757201306034","","Nishiki Blast 5"" Artillery Shells 6 pack","Nishiki Blast 5"" Artillery Shells 6 pack","Unknown","6 Pack Artillery Shells 5""\, 6""","Regular","Unknown","5"" | 6 pack","no_match","No sufficiently specific candidate identified in the two Dynamite catalog files.","Unknown","Manufacturer or UPC/model, exact package/variant and corresponding photo/video.","644","647","647","Items","645","candidate_requires_package_review","","Unknown","Unknown","","""757201306034"" fireworks","https://ocfireworks.com/nishiki-blast-5-canister-shell-6pk/ | https://www.kandkfireworks.com/product-page/5-nishiki-blast | https://whitenightsfireworks.com/product/nishiki-blast/ | https://americanwholesalefireworks.com/nishiki-blast-5/ | https://www.pyromart.com/mobscenefireworks/?category_id=282&cookies_accepted=Y&ec_wid=80&layout=short_list&page=1&sort_by=product&sort_order=asc | https://www.raccoonfireworksusa.com/product-page/5-inch-nishiki-blast-6-shots","Code found in public source; package/brand/image and any conflicts still need individual verification.","Verify manufacturer/model and exact retail package; inspect and acquire its authentic photo. Video is optional."
"KBJO6YQUU24A5H53ZWYHQ3OC","6950165424101","","No. 10 Gold Sparklers","No. 10 Gold Sparklers","Unknown","Unknown","Regular","Unknown","Unknown","no_match","No sufficiently specific candidate identified in the two Dynamite catalog files.","Unknown","Manufacturer or UPC/model, exact package/variant and corresponding photo/video.","645","648","648","Items","646","no_verified_identity","","Unknown","Unknown","","""6950165424101"" fireworks","","No verified product identity from the searched code/name. Generic names and store SKUs are insufficient to assign a photo.","Verify manufacturer/model and exact retail package; inspect and acquire its authentic photo. Video is optional."
"I6GOOFO7IUOJT67L56YYC2OJ","8145270181010","","No.10 Sparklers 8-count","No.10 Sparklers 8-count","Unknown","Unknown","Regular","Unknown","Unknown","no_match","No sufficiently specific candidate identified in the two Dynamite catalog files.","Unknown","Manufacturer or UPC/model, exact package/variant and corresponding photo/video.","646","649","649","Items","647","candidate_requires_package_review","","Unknown","Unknown","","""8145270181010"" fireworks","https://usa-fireworks.com/products/sparklers/10-color-sparklers-12-boxes/","Code found in public source; package/brand/image and any conflicts still need individual verification.","Verify manufacturer/model and exact retail package; inspect and acquire its authentic photo. Video is optional."
"VXW4HZNONEA5E3KZRHE6DZN5","857201001080","","Nuclear Snaps","Nuclear Snaps","Unknown","Unknown","Regular","Unknown","Unknown","probable","Name identifies a candidate only; manufacturer and exact presentation have not been established.","products.json[28] Nuclear Snaps / Raccoon / /products/nuclear-snaps.png","Manufacturer or UPC/model, exact package/variant and corresponding photo/video.","647","650","650","Items","648","no_verified_identity","","Unknown","Unknown","","""857201001080"" fireworks","","No verified product identity from the searched code/name. Generic names and store SKUs are insufficient to assign a photo.","Verify manufacturer/model and exact retail package; inspect and acquire its authentic photo. Video is optional."
"3FO4ASOGRI5DLQUUHQ2L4Y6U","6950165403632","","O B M 500 Gram","O B M 500 Gram","Unknown","Unknown","Regular","Unknown","500 Gram","no_match","No sufficiently specific candidate identified in the two Dynamite catalog files.","Unknown","Manufacturer or UPC/model, exact package/variant and corresponding photo/video.","648","651","651","Items","649","candidate_requires_package_review","","Unknown","Unknown","","""6950165403632"" fireworks","https://usa-fireworks.com/products/aerial-all-cakes/aerial-500-gram-cakes/o-b-m-16-shot-cake/ | https://beta2024.usa-fireworks.com/products/aerial-all-cakes/aerial-500-gram-cakes/o-m-b/","Code found in public source; package/brand/image and any conflicts still need individual verification.","Verify manufacturer/model and exact retail package; inspect and acquire its authentic photo. Video is optional."
"PIXOQTBXHYSS7P6ZG56QBEEV","705108603701","","Occupy Mars 500 Gram","Occupy Mars 500 Gram","Unknown","500 GRAM FINALE","Regular","Unknown","500 Gram","no_match","No sufficiently specific candidate identified in the two Dynamite catalog files.","Unknown","Manufacturer or UPC/model, exact package/variant and corresponding photo/video.","649","652","652","Items","650","candidate_requires_package_review","","Unknown","Unknown","","""705108603701"" fireworks","https://www.getwinda.com/product-page/occupy-mars | https://leefamilyfirework.com/MX188-Occupy-Mars-Girandola-Cake-P6037-R-PC/ | https://leefamilyfirework.com/MX188-Occupy-Mars-Girandola-Cake-P6037-R-PC/?setCurrencyId=1%5C | https://76fireworkstore.com/MX188-Occupy-Mars-Girandola-Cake-P6037-R-PC/","Code found in public source; package/brand/image and any conflicts still need individual verification.","Verify manufacturer/model and exact retail package; inspect and acquire its authentic photo. Video is optional."
"CSGE5JOMIS4S2UHMKANBYVT6","651137424360","","Og Kush","Og Kush","Unknown","Unknown","Regular","Unknown","Unknown","no_match","No sufficiently specific candidate identified in the two Dynamite catalog files.","Unknown","Manufacturer or UPC/model, exact package/variant and corresponding photo/video.","650","653","653","Items","651","no_verified_identity","","Unknown","Unknown","","""651137424360"" fireworks","","No verified product identity from the searched code/name. Generic names and store SKUs are insufficient to assign a photo.","Verify manufacturer/model and exact retail package; inspect and acquire its authentic photo. Video is optional."
"YBPRO23AEBHWZWXJLOCBAP45","514677003108","","Ol'red ","Ol'red","Unknown","Unknown","Regular","Unknown","Unknown","no_match","No sufficiently specific candidate identified in the two Dynamite catalog files.","Unknown","Manufacturer or UPC/model, exact package/variant and corresponding photo/video.","651","654","654","Items","652","no_verified_identity","","Unknown","Unknown","","""514677003108"" fireworks","","No verified product identity from the searched code/name. Generic names and store SKUs are insufficient to assign a photo.","Verify manufacturer/model and exact retail package; inspect and acquire its authentic photo. Video is optional."
"TJCEVYQKEURJTZKRXDKTT7TF","687985245215","","Old Ironsides 500 Gram","Old Ironsides 500 Gram","Unknown","500 GRAM FINALE","Regular","Unknown","500 Gram","no_match","No sufficiently specific candidate identified in the two Dynamite catalog files.","Unknown","Manufacturer or UPC/model, exact package/variant and corresponding photo/video.","652","655","655","Items","653","candidate_requires_package_review","","Unknown","Unknown","","""687985245215"" fireworks","https://501pyro.com/Old-Ironsides/ | https://georgiasbestfireworks.com/product/oldironsides/ | https://usa-fireworks.com/products/aerial-all-cakes/aerial-500-gram-cakes/old-ironsides/ | https://dosgringosfireworks.com/MX120-Old-Ironsides-R-PC/ | https://americanwholesalefireworks.com/old-ironsides/ | https://bigdaddyksfireworksoutlet.com/product/old-ironsides/","Code found in public source; package/brand/image and any conflicts still need individual verification.","Verify manufacturer/model and exact retail package; inspect and acquire its authentic photo. Video is optional."
"D2NK6VMC6V5Q6F7UV5RP7HCA","8052531503712","","One Bad Mother-In-Law 500 Gram","One Bad Mother-In-Law 500 Gram","Unknown","500 GRAM FINALE","Regular","Unknown","500 Gram","no_match","No sufficiently specific candidate identified in the two Dynamite catalog files.","Unknown","Manufacturer or UPC/model, exact package/variant and corresponding photo/video.","653","656","656","Items","654","candidate_requires_package_review","","Unknown","Unknown","","""8052531503712"" fireworks","https://usa-fireworks.com/products/aerial-all-cakes/aerial-500-gram-cakes/one-bad-mother-in-law/ | https://ocfireworks.com/one-bad-mother-in-law/ | https://staging.usa-fireworks.com/products/aerial-all-cakes/aerial-500-gram-cakes/one-bad-mother-in-law/ | https://bigdaddyksfireworksoutlet.com/product/one-bad-mother-in-law/ | https://www.lastchancefireworks.com/shop/Multishot-Cakes/500-gram-Cakes/p/One-Bad-Mother-in-law-16-Shots-x60072822.htm","Code found in public source; package/brand/image and any conflicts still need individual verification.","Verify manufacturer/model and exact retail package; inspect and acquire its authentic photo. Video is optional."
"LHO5N45NNG2Q6KRID3SIMDMD","8052531318514","","One Really Bad Mother 500 Gram","One Really Bad Mother 500 Gram","Unknown","500 GRAM FINALE","Regular","Unknown","500 Gram","no_match","No sufficiently specific candidate identified in the two Dynamite catalog files.","Unknown","Manufacturer or UPC/model, exact package/variant and corresponding photo/video.","654","657","657","Items","655","candidate_requires_package_review","","Unknown","Unknown","","""8052531318514"" fireworks","https://ocfireworks.com/one-bad-mother/ | https://usa-fireworks.com/products/aerial-all-cakes/aerial-500-gram-cakes/one-bad-mother/ | https://beta2024.usa-fireworks.com/products/aerial-all-cakes/aerial-500-gram-cakes/one-bad-mother/ | https://www.lastchancefireworks.com/shop/c/p/One-Bad-Mother-16-Shots-x60072766.htm","Code found in public source; package/brand/image and any conflicts still need individual verification.","Verify manufacturer/model and exact retail package; inspect and acquire its authentic photo. Video is optional."
"4QSJROFXXZ4LS3FKPOCQLOWI","687985208616","","Open Fire 500 Gram","Open Fire 500 Gram","Unknown","500 GRAM FINALE","Regular","Unknown","500 Gram","no_match","No sufficiently specific candidate identified in the two Dynamite catalog files.","Unknown","Manufacturer or UPC/model, exact package/variant and corresponding photo/video.","655","658","658","Items","656","candidate_requires_package_review","","Unknown","Unknown","","""687985208616"" fireworks","https://shop.midnightmadnessfireworks.com/GM131B-Openfire-brothers-33-shots-R-PC/ | https://skylinefireworksllc.com/GM131B-Openfire-brothers-33-shots-R-PC/ | https://www.wincofireworks.com/wp-content/uploads/2022/02/Pyro-Scan-UPC-ITEM-Database-February-2022-Sorted-By-Item-Name.pdf","Code found in public source; package/brand/image and any conflicts still need individual verification.","Verify manufacturer/model and exact retail package; inspect and acquire its authentic photo. Video is optional."
"PVMLANIMRLON66EC35HE5GH7","687985433117","","Oppullently Yours","Oppullently Yours","Unknown","Unknown","Regular","Unknown","Unknown","no_match","No sufficiently specific candidate identified in the two Dynamite catalog files.","Unknown","Manufacturer or UPC/model, exact package/variant and corresponding photo/video.","656","659","659","Items","657","no_verified_identity","","Unknown","Unknown","","""687985433117"" fireworks","","No verified product identity from the searched code/name. Generic names and store SKUs are insufficient to assign a photo.","Verify manufacturer/model and exact retail package; inspect and acquire its authentic photo. Video is optional."
"7RIYCJGG6FJG6T7TPECJK5LN","043100700098","","Outer Space Craft-BOGO","Outer Space Craft","Unknown","Unknown","Regular","Unknown","Unknown","no_match","No sufficiently specific candidate identified in the two Dynamite catalog files.","Unknown","Manufacturer or UPC/model, exact package/variant and corresponding photo/video.","657","660","660","Items","658","no_verified_identity","","Unknown","Unknown","","""043100700098"" fireworks","","No verified product identity from the searched code/name. Generic names and store SKUs are insufficient to assign a photo.","Verify manufacturer/model and exact retail package; inspect and acquire its authentic photo. Video is optional."
"RJI3L3ZOH6A34DOCTHDC2W66","514677060194","","Outlaw Justice","Outlaw Justice","Unknown","Unknown","Regular","Unknown","Unknown","no_match","No sufficiently specific candidate identified in the two Dynamite catalog files.","Unknown","Manufacturer or UPC/model, exact package/variant and corresponding photo/video.","658","661","661","Items","659","candidate_requires_package_review","","Unknown","Unknown","","Compared code against official Winco UPC reference","https://www.wincofireworks.com/wp-content/uploads/2022/03/UPC-Excel-List_3.25.2022_r2.pdf","Code found in public source; package/brand/image and any conflicts still need individual verification.","Verify manufacturer/model and exact retail package; inspect and acquire its authentic photo. Video is optional."
"35NAPEUSRBXWA6VJOXXS2P2K","715244021994","","Pakin` Purple Fountain","Pakin` Purple Fountain","Unknown","Fountains","Regular","Unknown","Unknown","no_match","No sufficiently specific candidate identified in the two Dynamite catalog files.","Unknown","Manufacturer or UPC/model, exact package/variant and corresponding photo/video.","659","662","662","Items","660","candidate_requires_package_review","","Unknown","Unknown","","Compared code against official Winco UPC reference","https://www.wincofireworks.com/wp-content/uploads/2022/03/UPC-Excel-List_3.25.2022_r2.pdf","Code found in public source; package/brand/image and any conflicts still need individual verification.","Verify manufacturer/model and exact retail package; inspect and acquire its authentic photo. Video is optional."
"URCSCIXNNU3JXYOPRXZQDCWP","705108548408","","Pandamonium","Pandamonium","Unknown","500 GRAM FINALE > 500 GRAM FINALE ZIPPER CAKES","Regular","Unknown","Unknown","no_match","No sufficiently specific candidate identified in the two Dynamite catalog files.","Unknown","Manufacturer or UPC/model, exact package/variant and corresponding photo/video.","660","663","663","Items","661","candidate_requires_package_review","","Unknown","Unknown","","Compared code against official Winco UPC reference","https://www.wincofireworks.com/wp-content/uploads/2022/03/UPC-Excel-List_3.25.2022_r2.pdf","Code found in public source; package/brand/image and any conflicts still need individual verification.","Verify manufacturer/model and exact retail package; inspect and acquire its authentic photo. Video is optional."
"FMKDA4YHWK5ZV4ZEBDEWCVTB","8052530170625","","Parachutes Fireworks 6pk","Parachutes Fireworks 6pk","Unknown","Unknown","Regular","Unknown","Unknown","no_match","No sufficiently specific candidate identified in the two Dynamite catalog files.","Unknown","Manufacturer or UPC/model, exact package/variant and corresponding photo/video.","661","664","664","Items","662","no_verified_identity","","Unknown","Unknown","","""8052530170625"" fireworks","","No verified product identity from the searched code/name. Generic names and store SKUs are insufficient to assign a photo.","Verify manufacturer/model and exact retail package; inspect and acquire its authentic photo. Video is optional."
"OYYJWZFHABFVJ2I5GEN3BXNW","","715244001200","Party Animal Black Cat Assortment","Party Animal Black Cat Assortment","Black Cat","Family Pack Assortments","Regular","Unknown","Unknown","no_match","No sufficiently specific candidate identified in the two Dynamite catalog files.","Unknown","Manufacturer or UPC/model, exact package/variant and corresponding photo/video.","662","665","665","Items","663","candidate_requires_package_review","","Unknown","Unknown","","Compared code against official Winco UPC reference","https://www.wincofireworks.com/wp-content/uploads/2022/03/UPC-Excel-List_3.25.2022_r2.pdf","Code found in public source; package/brand/image and any conflicts still need individual verification.","Verify manufacturer/model and exact retail package; inspect and acquire its authentic photo. Video is optional."
"GTJEOQD2CEPZLB6IG34L5DJL","705108555406","","Party Like Its 1776 500 Gram","Party Like Its 1776 500 Gram","Unknown","500 GRAM FINALE > 500 GRAM FINALE ZIPPER CAKES","Regular","Unknown","500 Gram","no_match","No sufficiently specific candidate identified in the two Dynamite catalog files.","Unknown","Manufacturer or UPC/model, exact package/variant and corresponding photo/video.","663","666","666","Items","664","candidate_requires_package_review","","Unknown","Unknown","","""705108555406"" fireworks","https://www.getwinda.com/product-page/party-like-it-s-1776-156-s | https://bangersonlyfireworks.com/GM876-Party-Like-Its-1776-R-PC/","Code found in public source; package/brand/image and any conflicts still need individual verification.","Verify manufacturer/model and exact retail package; inspect and acquire its authentic photo. Video is optional."
"SPHGB45PXXV5JJAYNVSAHQZH","161273215246","","Party Pack","Party Pack","Unknown","Unknown","Regular","Unknown","Unknown","no_match","No sufficiently specific candidate identified in the two Dynamite catalog files.","Unknown","Manufacturer or UPC/model, exact package/variant and corresponding photo/video.","664","667","667","Items","665","candidate_requires_package_review","","Unknown","Unknown","","Compared code against official Winco UPC reference","https://www.wincofireworks.com/wp-content/uploads/2022/03/UPC-Excel-List_3.25.2022_r2.pdf","Code found in public source; package/brand/image and any conflicts still need individual verification.","Verify manufacturer/model and exact retail package; inspect and acquire its authentic photo. Video is optional."
"LVDV62MTB2UNJZMKZAAKZHU4","","715244000654","Party Pack 5 Black Cat","Party Pack 5 Black Cat","Black Cat","Family Pack Assortments","Regular","Unknown","Unknown","no_match","No sufficiently specific candidate identified in the two Dynamite catalog files.","Unknown","Manufacturer or UPC/model, exact package/variant and corresponding photo/video.","665","668","668","Items","666","candidate_requires_package_review","","Unknown","Unknown","","Compared code against official Winco UPC reference","https://www.wincofireworks.com/wp-content/uploads/2022/03/UPC-Excel-List_3.25.2022_r2.pdf","Code found in public source; package/brand/image and any conflicts still need individual verification.","Verify manufacturer/model and exact retail package; inspect and acquire its authentic photo. Video is optional."
"EYHLYQPZXEA34ZHLVD4GS3EJ","715244100651","","Party Pack 5 S And S","Party Pack 5 S And S","Unknown","Unknown","Regular","Unknown","Unknown","no_match","No sufficiently specific candidate identified in the two Dynamite catalog files.","Unknown","Manufacturer or UPC/model, exact package/variant and corresponding photo/video.","666","669","669","Items","667","candidate_requires_package_review","","Unknown","Unknown","","Compared code against official Winco UPC reference","https://www.wincofireworks.com/wp-content/uploads/2022/03/UPC-Excel-List_3.25.2022_r2.pdf","Code found in public source; package/brand/image and any conflicts still need individual verification.","Verify manufacturer/model and exact retail package; inspect and acquire its authentic photo. Video is optional."
"Y4WMTYEVPETUZALRIL7GZSZ7","","715244000456","Party Pack 6 Black Cat","Party Pack 6 Black Cat","Black Cat","Family Pack Assortments","Regular","Unknown","Unknown","no_match","No sufficiently specific candidate identified in the two Dynamite catalog files.","Unknown","Manufacturer or UPC/model, exact package/variant and corresponding photo/video.","667","670","670","Items","668","candidate_requires_package_review","","Unknown","Unknown","","Compared code against official Winco UPC reference","https://www.wincofireworks.com/wp-content/uploads/2022/03/UPC-Excel-List_3.25.2022_r2.pdf","Code found in public source; package/brand/image and any conflicts still need individual verification.","Verify manufacturer/model and exact retail package; inspect and acquire its authentic photo. Video is optional."
"RUDFKSIOWOO6EYLP2XIK2POM","715244034161","","Party Popper BOGO","Party Popper","Unknown","Unknown","Regular","Unknown","Unknown","no_match","No sufficiently specific candidate identified in the two Dynamite catalog files.","Unknown","Manufacturer or UPC/model, exact package/variant and corresponding photo/video.","668","671","671","Items","669","candidate_requires_package_review","","Unknown","Unknown","","Compared code against official Winco UPC reference","https://www.wincofireworks.com/wp-content/uploads/2022/03/UPC-Excel-List_3.25.2022_r2.pdf","Code found in public source; package/brand/image and any conflicts still need individual verification.","Verify manufacturer/model and exact retail package; inspect and acquire its authentic photo. Video is optional."
"YDXTBSQMDNA3CAACFFFV3M7G","","","Party Popper BOGO","Party Popper","Unknown","Unknown","Regular","Unknown","Unknown","no_match","No sufficiently specific candidate identified in the two Dynamite catalog files.","Unknown","Manufacturer or UPC/model, exact package/variant and corresponding photo/video.","669","672","672","Items","670","no_verified_identity","","Unknown","Unknown","","""Party Popper BOGO"" fireworks manufacturer","","No verified product identity from the searched code/name. Generic names and store SKUs are insufficient to assign a photo.","Verify manufacturer/model and exact retail package; inspect and acquire its authentic photo. Video is optional."
"H4FJAI7L7W5675F4RDZW2DOK","887946051354","","Party Poppers","Party Poppers","Unknown","Unknown","Regular","Unknown","Unknown","no_match","No sufficiently specific candidate identified in the two Dynamite catalog files.","Unknown","Manufacturer or UPC/model, exact package/variant and corresponding photo/video.","670","673","673","Items","671","no_verified_identity","","Unknown","Unknown","","""887946051354"" fireworks","","No verified product identity from the searched code/name. Generic names and store SKUs are insufficient to assign a photo.","Verify manufacturer/model and exact retail package; inspect and acquire its authentic photo. Video is optional."
"QJYHB53HMHM3LHA3AMQILUY6","757202120080","","Party Up Fountain","Party Up Fountain","Unknown","Fountains","Regular","Unknown","Unknown","no_match","No sufficiently specific candidate identified in the two Dynamite catalog files.","Unknown","Manufacturer or UPC/model, exact package/variant and corresponding photo/video.","671","674","674","Items","672","no_verified_identity","","Unknown","Unknown","","""757202120080"" fireworks","","No verified product identity from the searched code/name. Generic names and store SKUs are insufficient to assign a photo.","Verify manufacturer/model and exact retail package; inspect and acquire its authentic photo. Video is optional."
"UJYS4PYVOEXLVSHB47PDTLWB","757201525091","","Pastel Sunset","Pastel Sunset","Unknown","Unknown","Regular","Unknown","Unknown","no_match","No sufficiently specific candidate identified in the two Dynamite catalog files.","Unknown","Manufacturer or UPC/model, exact package/variant and corresponding photo/video.","672","675","675","Items","673","no_verified_identity","","Unknown","Unknown","","""757201525091"" fireworks","","No verified product identity from the searched code/name. Generic names and store SKUs are insufficient to assign a photo.","Verify manufacturer/model and exact retail package; inspect and acquire its authentic photo. Video is optional."
"XONH3T5IEWPTHSVDTIXWTFLQ","192537371033","","Patriot Missile Battery","Patriot Missile Battery","Unknown","Unknown","Regular","Unknown","Unknown","no_match","No sufficiently specific candidate identified in the two Dynamite catalog files.","Unknown","Manufacturer or UPC/model, exact package/variant and corresponding photo/video.","673","676","676","Items","674","no_verified_identity","","Unknown","Unknown","","""192537371033"" fireworks","","No verified product identity from the searched code/name. Generic names and store SKUs are insufficient to assign a photo.","Verify manufacturer/model and exact retail package; inspect and acquire its authentic photo. Video is optional."
"GFECBXQR5N3CNQFF6ZSOS2AR","","000000770620","Patriot Smoke","Patriot Smoke","Unknown","Unknown","Regular","Unknown","Unknown","no_match","No sufficiently specific candidate identified in the two Dynamite catalog files.","Unknown","Manufacturer or UPC/model, exact package/variant and corresponding photo/video.","674","677","677","Items","675","no_verified_identity","","Unknown","Unknown","","""000000770620"" fireworks","","No verified product identity from the searched code/name. Generic names and store SKUs are insufficient to assign a photo.","Verify manufacturer/model and exact retail package; inspect and acquire its authentic photo. Video is optional."
"6Q5EU5MTXGXJTDIOWHLDA6L2","","514677005027","Patriotic Fury","Patriotic Fury","Unknown","Roman Candles","Regular","Unknown","Unknown","no_match","No sufficiently specific candidate identified in the two Dynamite catalog files.","Unknown","Manufacturer or UPC/model, exact package/variant and corresponding photo/video.","675","678","678","Items","676","candidate_requires_package_review","","Unknown","Unknown","","""514677005027"" fireworks","https://501pyro.com/PATRIOTIC-FURY/","Code found in public source; package/brand/image and any conflicts still need individual verification.","Verify manufacturer/model and exact retail package; inspect and acquire its authentic photo. Video is optional."
"SYIQ3ASIUOUO65QYDGYYD6IP","757201530828","","Patriotic Waves","Patriotic Waves","Unknown","Unknown","Regular","Unknown","Unknown","no_match","No sufficiently specific candidate identified in the two Dynamite catalog files.","Unknown","Manufacturer or UPC/model, exact package/variant and corresponding photo/video.","676","679","679","Items","677","no_verified_identity","","Unknown","Unknown","","""757201530828"" fireworks","","No verified product identity from the searched code/name. Generic names and store SKUs are insufficient to assign a photo.","Verify manufacturer/model and exact retail package; inspect and acquire its authentic photo. Video is optional."
"BW7FHJQTNO2EPTALDRURHPRD","757202125016","","Peace Elite","Peace Elite","Unknown","Fountains","Regular","Unknown","Unknown","no_match","No sufficiently specific candidate identified in the two Dynamite catalog files.","Unknown","Manufacturer or UPC/model, exact package/variant and corresponding photo/video.","677","680","680","Items","678","candidate_requires_package_review","","Unknown","Unknown","","""757202125016"" fireworks","https://americanwholesalefireworks.com/peace-elite/","Code found in public source; package/brand/image and any conflicts still need individual verification.","Verify manufacturer/model and exact retail package; inspect and acquire its authentic photo. Video is optional."
"2EB6YQMF2JETUJYHQTRIZGR3","757201225076","","Peace Out","Peace Out","Unknown","Unknown","Regular","Unknown","Unknown","no_match","No sufficiently specific candidate identified in the two Dynamite catalog files.","Unknown","Manufacturer or UPC/model, exact package/variant and corresponding photo/video.","678","681","681","Items","679","candidate_requires_package_review","","Unknown","Unknown","","""757201225076"" fireworks","https://www.raccoonfireworksusa.com/product-page/peace-out","Code found in public source; package/brand/image and any conflicts still need individual verification.","Verify manufacturer/model and exact retail package; inspect and acquire its authentic photo. Video is optional."
"LV65VKZH67LIUO4NCR3MY7E3","757201324083","","Peacock Spider 5"" Artillery Shells 24 pack","Peacock Spider 5"" Artillery Shells 24 pack","Unknown","24 Pack Canister Artillery Shells 5 INCH","Regular","Unknown","5"" | 24 pack","no_match","No sufficiently specific candidate identified in the two Dynamite catalog files.","Unknown","Manufacturer or UPC/model, exact package/variant and corresponding photo/video.","679","682","682","Items","680","candidate_requires_package_review","","Unknown","Unknown","","""757201324083"" fireworks","https://usa-fireworks.com/products/artillery-shells/peacock-spider/ | https://beta2024.usa-fireworks.com/products/artillery-shells/peacock-spider/ | https://sanduskyfireworks.com/product/458880/26490330-5_PEACOCK_SPYDER | https://americanwholesalefireworks.com/peacock-spider-compact/ | https://gbfireworks.com/products/peacock-shells-24-pck | https://www.raccoonfireworksusa.com/product-page/5-peacock-spider","Code found in public source; package/brand/image and any conflicts still need individual verification.","Verify manufacturer/model and exact retail package; inspect and acquire its authentic photo. Video is optional."
"BRYUXAWM2U773NSWLZI6RQJJ","821600011025","","Peacock fountain 2 Mins","Peacock fountain 2 Mins","Unknown","Fountains","Regular","Unknown","Unknown","no_match","No sufficiently specific candidate identified in the two Dynamite catalog files.","Unknown","Manufacturer or UPC/model, exact package/variant and corresponding photo/video.","680","683","683","Items","681","no_verified_identity","","Unknown","Unknown","","""821600011025"" fireworks","","No verified product identity from the searched code/name. Generic names and store SKUs are insufficient to assign a photo.","Verify manufacturer/model and exact retail package; inspect and acquire its authentic photo. Video is optional."
"BSTVNCI44CC3KJXN4HLCGHUS","193936959730","","Penguin Mama Bogo","Penguin Mama","Unknown","Unknown","Regular","Unknown","Unknown","no_match","No sufficiently specific candidate identified in the two Dynamite catalog files.","Unknown","Manufacturer or UPC/model, exact package/variant and corresponding photo/video.","681","684","684","Items","682","no_verified_identity","","Unknown","Unknown","","""193936959730"" fireworks","","No verified product identity from the searched code/name. Generic names and store SKUs are insufficient to assign a photo.","Verify manufacturer/model and exact retail package; inspect and acquire its authentic photo. Video is optional."
"7OAN37IRHHUF7PBB7LBMEFEN","680149045409","","Perfect Hobby Fuse","Perfect Hobby Fuse","Unknown","Unknown","Regular","Unknown","Unknown","no_match","No sufficiently specific candidate identified in the two Dynamite catalog files.","Unknown","Manufacturer or UPC/model, exact package/variant and corresponding photo/video.","682","685","685","Items","683","candidate_requires_package_review","","Unknown","Unknown","","""680149045409"" fireworks","https://usa-fireworks.com/products/fuse-racks/perfect-fuse/","Code found in public source; package/brand/image and any conflicts still need individual verification.","Verify manufacturer/model and exact retail package; inspect and acquire its authentic photo. Video is optional."
"Y5OI5SINQV5R5HTH6T7JKPD3","1071738203680","","Pink Smoke 2pk","Pink Smoke 2pk","Unknown","Unknown","Regular","Unknown","Unknown","no_match","No sufficiently specific candidate identified in the two Dynamite catalog files.","Unknown","Manufacturer or UPC/model, exact package/variant and corresponding photo/video.","683","686","686","Items","684","no_verified_identity","","Unknown","Unknown","","""1071738203680"" fireworks","","No verified product identity from the searched code/name. Generic names and store SKUs are insufficient to assign a photo.","Verify manufacturer/model and exact retail package; inspect and acquire its authentic photo. Video is optional."
"VW6UK3R5PQCWGV2HP7PVG47Y","8145270151815","","Piranha 500 Gram","Piranha 500 Gram","Unknown","Unknown","Regular","Unknown","500 Gram","no_match","No sufficiently specific candidate identified in the two Dynamite catalog files.","Unknown","Manufacturer or UPC/model, exact package/variant and corresponding photo/video.","684","687","687","Items","685","candidate_requires_package_review","","Unknown","Unknown","","""8145270151815"" fireworks","https://americanwholesalefireworks.com/piranha/","Code found in public source; package/brand/image and any conflicts still need individual verification.","Verify manufacturer/model and exact retail package; inspect and acquire its authentic photo. Video is optional."
"7NIKJPUYYNEFFUPR4OAZ5TLP","757201225182","","Pirate Captain","Pirate Captain","Unknown","Unknown","Regular","Unknown","Unknown","no_match","No sufficiently specific candidate identified in the two Dynamite catalog files.","Unknown","Manufacturer or UPC/model, exact package/variant and corresponding photo/video.","685","688","688","Items","686","no_verified_identity","","Unknown","Unknown","","""757201225182"" fireworks","","No verified product identity from the searched code/name. Generic names and store SKUs are insufficient to assign a photo.","Verify manufacturer/model and exact retail package; inspect and acquire its authentic photo. Video is optional."
"DBKP4RU3O2KESZZFVHZI7XGX","725272730911","","Pixie Stick Sparklers Bogo","Pixie Stick Sparklers","Unknown","Unknown","Regular","Unknown","Unknown","no_match","No sufficiently specific candidate identified in the two Dynamite catalog files.","Unknown","Manufacturer or UPC/model, exact package/variant and corresponding photo/video.","686","689","689","Items","687","no_verified_identity","","Unknown","Unknown","","""725272730911"" fireworks","","No verified product identity from the searched code/name. Generic names and store SKUs are insufficient to assign a photo.","Verify manufacturer/model and exact retail package; inspect and acquire its authentic photo. Video is optional."
"QOBJJNSP3DTE3UDKCCERX3MP","849107066010","","Pixie Sticks","Pixie Sticks","Unknown","Unknown","Regular","Unknown","Unknown","no_match","No sufficiently specific candidate identified in the two Dynamite catalog files.","Unknown","Manufacturer or UPC/model, exact package/variant and corresponding photo/video.","687","690","690","Items","688","no_verified_identity","","Unknown","Unknown","","""849107066010"" fireworks","","No verified product identity from the searched code/name. Generic names and store SKUs are insufficient to assign a photo.","Verify manufacturer/model and exact retail package; inspect and acquire its authentic photo. Video is optional."
"RG25535S4I3QWL6XUOT4SJVP","705108955640","","Pizza Platter","Pizza Platter","Unknown","Unknown","Regular","Unknown","Unknown","no_match","No sufficiently specific candidate identified in the two Dynamite catalog files.","Unknown","Manufacturer or UPC/model, exact package/variant and corresponding photo/video.","688","691","691","Items","689","candidate_requires_package_review","","Unknown","Unknown","","""705108955640"" fireworks","https://lowcountryfireworks.com/GM981/","Code found in public source; package/brand/image and any conflicts still need individual verification.","Verify manufacturer/model and exact retail package; inspect and acquire its authentic photo. Video is optional."
"F3QXAKJHZFDKFEHW4F5LYHG6","757201180702","","Planet Candle","Planet Candle","Unknown","Roman Candles","Regular","Unknown","Unknown","no_match","No sufficiently specific candidate identified in the two Dynamite catalog files.","Unknown","Manufacturer or UPC/model, exact package/variant and corresponding photo/video.","689","692","692","Items","690","no_verified_identity","","Unknown","Unknown","","""757201180702"" fireworks","","No verified product identity from the searched code/name. Generic names and store SKUs are insufficient to assign a photo.","Verify manufacturer/model and exact retail package; inspect and acquire its authentic photo. Video is optional."
"LEGXEN3H3USZHEQPWD6DHKW7","705108602308","","Poop","Poop","Unknown","Unknown","Regular","Unknown","Unknown","no_match","No sufficiently specific candidate identified in the two Dynamite catalog files.","Unknown","Manufacturer or UPC/model, exact package/variant and corresponding photo/video.","690","693","693","Items","691","candidate_requires_package_review","","Unknown","Unknown","","Compared code against official Winco UPC reference","https://www.wincofireworks.com/wp-content/uploads/2022/03/UPC-Excel-List_3.25.2022_r2.pdf","Code found in public source; package/brand/image and any conflicts still need individual verification.","Verify manufacturer/model and exact retail package; inspect and acquire its authentic photo. Video is optional."
"DJDD3CC7XZW5XMFZ5UOFKY3S","652009903457","","Pooping Dog","Pooping Dog","Unknown","Unknown","Regular","Unknown","Unknown","no_match","No sufficiently specific candidate identified in the two Dynamite catalog files.","Unknown","Manufacturer or UPC/model, exact package/variant and corresponding photo/video.","691","694","694","Items","692","candidate_requires_package_review","","Unknown","Unknown","","Compared code against official Winco UPC reference","https://www.wincofireworks.com/wp-content/uploads/2022/03/UPC-Excel-List_3.25.2022_r2.pdf","Code found in public source; package/brand/image and any conflicts still need individual verification.","Verify manufacturer/model and exact retail package; inspect and acquire its authentic photo. Video is optional."
"UGWD5ORMIP3Z4SNOJNKZLSXD","8052530222713","","Pooping Puppy","Pooping Puppy","Unknown","Unknown","Regular","Unknown","Unknown","no_match","No sufficiently specific candidate identified in the two Dynamite catalog files.","Unknown","Manufacturer or UPC/model, exact package/variant and corresponding photo/video.","692","695","695","Items","693","candidate_requires_package_review","","Unknown","Unknown","","""8052530222713"" fireworks","https://usa-fireworks.com/products/novelty/poopy-puppy/ | https://bigdaddyksfireworksoutlet.com/product/pooping-dog/","Code found in public source; package/brand/image and any conflicts still need individual verification.","Verify manufacturer/model and exact retail package; inspect and acquire its authentic photo. Video is optional."
"ACVJ27NW6K665M5ZLJJWS6NQ","132201185009","","Pop Pop Snap","Pop Pop Snap","Unknown","Unknown","Regular","Unknown","Unknown","no_match","No sufficiently specific candidate identified in the two Dynamite catalog files.","Unknown","Manufacturer or UPC/model, exact package/variant and corresponding photo/video.","693","696","696","Items","694","no_verified_identity","","Unknown","Unknown","","""132201185009"" fireworks","","No verified product identity from the searched code/name. Generic names and store SKUs are insufficient to assign a photo.","Verify manufacturer/model and exact retail package; inspect and acquire its authentic photo. Video is optional."
"RHF7AEHBY7OWIBXKCAQ7JFHO","000000770194","","Pop Pop Snappers","Pop Pop Snappers","Unknown","Unknown","Regular","Unknown","Unknown","no_match","No sufficiently specific candidate identified in the two Dynamite catalog files.","Unknown","Manufacturer or UPC/model, exact package/variant and corresponding photo/video.","694","697","697","Items","695","no_verified_identity","","Unknown","Unknown","","""000000770194"" fireworks","","No verified product identity from the searched code/name. Generic names and store SKUs are insufficient to assign a photo.","Verify manufacturer/model and exact retail package; inspect and acquire its authentic photo. Video is optional."
"WOTDSCN5QXJWIDB22ZTJ7B4Y","887946041225","","Popcorn Snow Balls","Popcorn Snow Balls","Unknown","Fountains","Regular","Unknown","Unknown","no_match","No sufficiently specific candidate identified in the two Dynamite catalog files.","Unknown","Manufacturer or UPC/model, exact package/variant and corresponding photo/video.","695","698","698","Items","696","no_verified_identity","","Unknown","Unknown","","""887946041225"" fireworks","","No verified product identity from the searched code/name. Generic names and store SKUs are insufficient to assign a photo.","Verify manufacturer/model and exact retail package; inspect and acquire its authentic photo. Video is optional."
"DIDEY25CLY47LXE7YSOJA5XD","6510475378985","","Premium Artillery 6pc","Premium Artillery 6pc","Unknown","Unknown","Regular","Unknown","6pc","no_match","No sufficiently specific candidate identified in the two Dynamite catalog files.","Unknown","Manufacturer or UPC/model, exact package/variant and corresponding photo/video.","696","699","699","Items","697","no_verified_identity","","Unknown","Unknown","","""6510475378985"" fireworks","","No verified product identity from the searched code/name. Generic names and store SKUs are insufficient to assign a photo.","Verify manufacturer/model and exact retail package; inspect and acquire its authentic photo. Video is optional."
"O4HEZOXYRTRJS3YERP4VZHZR","680149045379","","Premium Cannon Fuse","Premium Cannon Fuse","Unknown","Unknown","Regular","Unknown","Unknown","no_match","No sufficiently specific candidate identified in the two Dynamite catalog files.","Unknown","Manufacturer or UPC/model, exact package/variant and corresponding photo/video.","697","700","700","Items","698","candidate_requires_package_review","","Unknown","Unknown","","""680149045379"" fireworks","https://georgiasbestfireworks.com/product/0af7b240-ab8c-11e8-eddc-e476b6a112f3/ | https://beta2024.usa-fireworks.com/products/fuse-racks/premium-cannon-fuse/ | https://usa-fireworks.com/products/fuse-racks/premium-cannon-fuse/ | https://fr.scribd.com/document/693002046/Mystical-Trenton-2019-1-4G-Family-Firework","Code found in public source; package/brand/image and any conflicts still need individual verification.","Verify manufacturer/model and exact retail package; inspect and acquire its authentic photo. Video is optional."
"FN4OGLCMYXTN2JZTRZ5NCKO4","680149047649","","Pretty In Pink 60sec Smoke","Pretty In Pink 60sec Smoke","Unknown","Unknown","Regular","Unknown","Unknown","no_match","No sufficiently specific candidate identified in the two Dynamite catalog files.","Unknown","Manufacturer or UPC/model, exact package/variant and corresponding photo/video.","698","701","701","Items","699","candidate_requires_package_review","","Unknown","Unknown","","""680149047649"" fireworks","https://76fireworkstore.com/gender-reveal-smoke-pink-pack/ | https://staging.usa-fireworks.com/products/gender-reveal/pretty-in-pink-pack-of-two-smoke-canisters/","Code found in public source; package/brand/image and any conflicts still need individual verification.","Verify manufacturer/model and exact retail package; inspect and acquire its authentic photo. Video is optional."
"2ZRSOBQ75H3FUORH4EEQSKEV","680149047632","","Pretty In Pink 60sec Smoke","Pretty In Pink 60sec Smoke","Unknown","Unknown","boy o'boy blue 60 sec smoke","boy o'boy blue 60 sec smoke","Unknown","no_match","No sufficiently specific candidate identified in the two Dynamite catalog files.","Unknown","Manufacturer or UPC/model, exact package/variant and corresponding photo/video.","699","702","702","Items","700","candidate_requires_package_review","","Unknown","Unknown","","""680149047632"" fireworks","https://usa-fireworks.com/products/gender-reveal/boy-oboy-blue/","Code found in public source; package/brand/image and any conflicts still need individual verification.","Verify manufacturer/model and exact retail package; inspect and acquire its authentic photo. Video is optional."
"BNUXKTUCJZD4IZ3NBI22JUGD","715244800032","","Pride And Honor","Pride And Honor","Unknown","Unknown","Regular","Unknown","Unknown","no_match","No sufficiently specific candidate identified in the two Dynamite catalog files.","Unknown","Manufacturer or UPC/model, exact package/variant and corresponding photo/video.","700","703","703","Items","701","candidate_requires_package_review","","Unknown","Unknown","","Compared code against official Winco UPC reference","https://www.wincofireworks.com/wp-content/uploads/2022/03/UPC-Excel-List_3.25.2022_r2.pdf","Code found in public source; package/brand/image and any conflicts still need individual verification.","Verify manufacturer/model and exact retail package; inspect and acquire its authentic photo. Video is optional."
"B2R4LKO2AZTVC7WNZLP65265","8145270244913","","Pride And Joy","Pride And Joy","Unknown","Unknown","Regular","Unknown","Unknown","no_match","No sufficiently specific candidate identified in the two Dynamite catalog files.","Unknown","Manufacturer or UPC/model, exact package/variant and corresponding photo/video.","701","704","704","Items","702","candidate_requires_package_review","","Unknown","Unknown","","""8145270244913"" fireworks","https://www.pyromart.com/index.php?category_id=380&company_id=223&dispatch=companies.products&layout=short_list&page=128&sort_by=on_sale&sort_order=desc","Code found in public source; package/brand/image and any conflicts still need individual verification.","Verify manufacturer/model and exact retail package; inspect and acquire its authentic photo. Video is optional."
"W2DQZLRQIG7B6M6TLEHBUWPO","687985225910","","Prime Time","Prime Time","Unknown","Unknown","Regular","Unknown","Unknown","no_match","No sufficiently specific candidate identified in the two Dynamite catalog files.","Unknown","Manufacturer or UPC/model, exact package/variant and corresponding photo/video.","702","705","705","Items","703","no_verified_identity","","Unknown","Unknown","","""687985225910"" fireworks","","No verified product identity from the searched code/name. Generic names and store SKUs are insufficient to assign a photo.","Verify manufacturer/model and exact retail package; inspect and acquire its authentic photo. Video is optional."
"IJJCFG2L4D6373CWLT7PDNSV","201606802214","","Princess Power Sword Fountain- Pink","Princess Power Sword Fountain- Pink","Unknown","Fountains","Regular","Unknown","Unknown","no_match","No sufficiently specific candidate identified in the two Dynamite catalog files.","Unknown","Manufacturer or UPC/model, exact package/variant and corresponding photo/video.","704","707","707","Items","705","candidate_requires_package_review","","Unknown","Unknown","","Compared code against official Winco UPC reference","https://www.wincofireworks.com/wp-content/uploads/2022/03/UPC-Excel-List_3.25.2022_r2.pdf","Code found in public source; package/brand/image and any conflicts still need individual verification.","Verify manufacturer/model and exact retail package; inspect and acquire its authentic photo. Video is optional."
"3U776SJS6U6ZARDKVW3VDN6F","757201525428","","Princeton 500g","Princeton 500g","Unknown","Unknown","Regular","Unknown","500g","no_match","No sufficiently specific candidate identified in the two Dynamite catalog files.","Unknown","Manufacturer or UPC/model, exact package/variant and corresponding photo/video.","705","708","708","Items","706","candidate_requires_package_review","","Unknown","Unknown","","""757201525428"" fireworks","https://www.raccoonfireworksusa.com/product-page/battle-of-princeton","Code found in public source; package/brand/image and any conflicts still need individual verification.","Verify manufacturer/model and exact retail package; inspect and acquire its authentic photo. Video is optional."
"BE5SGVQG2WTIOQ7T7O5KZZ5M","757201520010","","Pro Pyro Show","Pro Pyro Show","Unknown","Unknown","Regular","Unknown","Unknown","no_match","No sufficiently specific candidate identified in the two Dynamite catalog files.","Unknown","Manufacturer or UPC/model, exact package/variant and corresponding photo/video.","706","709","709","Items","707","candidate_requires_package_review","","Unknown","Unknown","","""757201520010"" fireworks","https://www.raccoonfireworksusa.com/product-page/pro-pyro-show","Code found in public source; package/brand/image and any conflicts still need individual verification.","Verify manufacturer/model and exact retail package; inspect and acquire its authentic photo. Video is optional."
"DB4TCS3F4TI7T4HCKIH4TICI","757205302131","","Proud And True 500 Gram","Proud And True 500 Gram","Unknown","500 GRAM FINALE","Regular","Unknown","500 Gram","no_match","No sufficiently specific candidate identified in the two Dynamite catalog files.","Unknown","Manufacturer or UPC/model, exact package/variant and corresponding photo/video.","707","710","710","Items","708","no_verified_identity","","Unknown","Unknown","","""757205302131"" fireworks","","No verified product identity from the searched code/name. Generic names and store SKUs are insufficient to assign a photo.","Verify manufacturer/model and exact retail package; inspect and acquire its authentic photo. Video is optional."
"HOEPN7PMLZEIWDHROP4CNQHN","757201225205","","Pucker Up","Pucker Up","Unknown","Unknown","Regular","Unknown","Unknown","no_match","No sufficiently specific candidate identified in the two Dynamite catalog files.","Unknown","Manufacturer or UPC/model, exact package/variant and corresponding photo/video.","708","711","711","Items","709","candidate_requires_package_review","","Unknown","Unknown","","""757201225205"" fireworks","https://www.raccoonfireworksusa.com/product-page/pucker-up","Code found in public source; package/brand/image and any conflicts still need individual verification.","Verify manufacturer/model and exact retail package; inspect and acquire its authentic photo. Video is optional."
"K3CPITE3BIQOUTBNOLKATW72","687985426416","","Pure Fantasy  Fountain","Pure Fantasy Fountain","Unknown","Fountains","Regular","Unknown","Unknown","no_match","No sufficiently specific candidate identified in the two Dynamite catalog files.","Unknown","Manufacturer or UPC/model, exact package/variant and corresponding photo/video.","709","712","712","Items","710","candidate_requires_package_review","","Unknown","Unknown","","""687985426416"" fireworks","https://usa-fireworks.com/products/fountains/fountains-200-gram/pure-fantasy/ | https://fireworkconnection.com/product/pure-fantasy/ | https://wafireworks.com/FN251-Pure-Fantasy-R-PC/ | https://simpsonfireworks.com/FN251-Pure-Fantasy-R-PC/","Code found in public source; package/brand/image and any conflicts still need individual verification.","Verify manufacturer/model and exact retail package; inspect and acquire its authentic photo. Video is optional."
"MQUBTSR6GA2MQOBNUI3GR3R6","695071402510","","Purple Rain 200 Gram 20 Shots","Purple Rain 200 Gram 20 Shots","Unknown","Unknown","Regular","Unknown","200 Gram | 20 Shots","no_match","No sufficiently specific candidate identified in the two Dynamite catalog files.","Unknown","Manufacturer or UPC/model, exact package/variant and corresponding photo/video.","711","714","714","Items","712","no_verified_identity","","Unknown","Unknown","","""695071402510"" fireworks","","No verified product identity from the searched code/name. Generic names and store SKUs are insufficient to assign a photo.","Verify manufacturer/model and exact retail package; inspect and acquire its authentic photo. Video is optional."
"2FDGHGEKWTLRHURUU6BFPNAL","687985427017","","Purplelicious","Purplelicious","Unknown","Unknown","Regular","Unknown","Unknown","no_match","No sufficiently specific candidate identified in the two Dynamite catalog files.","Unknown","Manufacturer or UPC/model, exact package/variant and corresponding photo/video.","712","715","715","Items","713","no_verified_identity","","Unknown","Unknown","","""687985427017"" fireworks","","No verified product identity from the searched code/name. Generic names and store SKUs are insufficient to assign a photo.","Verify manufacturer/model and exact retail package; inspect and acquire its authentic photo. Video is optional."
"6V3AE6WIBJYROZB36X5IQNO7","887946002431","","Purplicious 16 Shot","Purplicious 16 Shot","Unknown","Unknown","Regular","Unknown","16 Shot","no_match","No sufficiently specific candidate identified in the two Dynamite catalog files.","Unknown","Manufacturer or UPC/model, exact package/variant and corresponding photo/video.","713","716","716","Items","714","candidate_requires_package_review","","Unknown","Unknown","","""887946002431"" fireworks","https://fliphtml5.com/oyvgf/jwia/2024/","Code found in public source; package/brand/image and any conflicts still need individual verification.","Verify manufacturer/model and exact retail package; inspect and acquire its authentic photo. Video is optional."
"HZAGPD3IMPZRECHNNQMOYHJG","757205301332","","Pyro Addict 500 Gram","Pyro Addict 500 Gram","Unknown","500 GRAM FINALE","Regular","Unknown","500 Gram","no_match","No sufficiently specific candidate identified in the two Dynamite catalog files.","Unknown","Manufacturer or UPC/model, exact package/variant and corresponding photo/video.","714","717","717","Items","715","no_verified_identity","","Unknown","Unknown","","""757205301332"" fireworks","","No verified product identity from the searched code/name. Generic names and store SKUs are insufficient to assign a photo.","Verify manufacturer/model and exact retail package; inspect and acquire its authentic photo. Video is optional."
"S65NKA62L4VM76LXZCWIPRIN","57205301332","","Pyro Addict 500 Gram","Pyro Addict 500 Gram","Unknown","500 GRAM FINALE","Regular","Unknown","500 Gram","no_match","No sufficiently specific candidate identified in the two Dynamite catalog files.","Unknown","Manufacturer or UPC/model, exact package/variant and corresponding photo/video.","715","718","718","Items","716","no_verified_identity","","Unknown","Unknown","","""57205301332"" fireworks","","No verified product identity from the searched code/name. Generic names and store SKUs are insufficient to assign a photo.","Verify manufacturer/model and exact retail package; inspect and acquire its authentic photo. Video is optional."
"NBYJHYVLGDM6O5TFADLC2M3Z","753321710676","","Pyro Alienware 4"" Artillery Shells 12 pack","Pyro Alienware 4"" Artillery Shells 12 pack","Unknown","12/16 Pack Artillery Shells 1.75"" RDX\, 4"" Pyro\, 5"" Xtra Lg","Regular","Unknown","4"" | 12 pack","no_match","No sufficiently specific candidate identified in the two Dynamite catalog files.","Unknown","Manufacturer or UPC/model, exact package/variant and corresponding photo/video.","716","719","719","Items","717","candidate_requires_package_review","","Unknown","Unknown","","""753321710676"" fireworks","https://americanwholesalefireworks.com/pyro-alienware/","Code found in public source; package/brand/image and any conflicts still need individual verification.","Verify manufacturer/model and exact retail package; inspect and acquire its authentic photo. Video is optional."
"XPKPIHHLLYDHZR5MWGU3Q7IM","943100750119","","Pyro Bag #1","Pyro Bag #1","Unknown","Unknown","Regular","Unknown","Unknown","no_match","No sufficiently specific candidate identified in the two Dynamite catalog files.","Unknown","Manufacturer or UPC/model, exact package/variant and corresponding photo/video.","717","720","720","Items","718","no_verified_identity","","Unknown","Unknown","","""943100750119"" fireworks","","No verified product identity from the searched code/name. Generic names and store SKUs are insufficient to assign a photo.","Verify manufacturer/model and exact retail package; inspect and acquire its authentic photo. Video is optional."
"VIX2UHODPHEVPAUTBUI4EP3W","705108320707","","Pyro Blends","Pyro Blends","Unknown","Unknown","Regular","Unknown","Unknown","no_match","No sufficiently specific candidate identified in the two Dynamite catalog files.","Unknown","Manufacturer or UPC/model, exact package/variant and corresponding photo/video.","718","721","721","Items","719","no_verified_identity","","Unknown","Unknown","","""705108320707"" fireworks","","No verified product identity from the searched code/name. Generic names and store SKUs are insufficient to assign a photo.","Verify manufacturer/model and exact retail package; inspect and acquire its authentic photo. Video is optional."
"MM7NBQNS3IQJARZGRUKQHBTC","821111112082","","Pyro Chaos 6"" Artillery Shells 24 pack","Pyro Chaos 6"" Artillery Shells 24 pack","Unknown","24 Pack Artillery Shells 6""","Regular","Unknown","6"" | 24 pack","no_match","No sufficiently specific candidate identified in the two Dynamite catalog files.","Unknown","Manufacturer or UPC/model, exact package/variant and corresponding photo/video.","719","722","722","Items","720","no_verified_identity","","Unknown","Unknown","","""821111112082"" fireworks","","No verified product identity from the searched code/name. Generic names and store SKUs are insufficient to assign a photo.","Verify manufacturer/model and exact retail package; inspect and acquire its authentic photo. Video is optional."
"XVGJDTRZN6G72H74OTSIEYPV","652009101112","","Pyro City","Pyro City","Unknown","Family Pack Assortments","Regular","Unknown","Unknown","no_match","No sufficiently specific candidate identified in the two Dynamite catalog files.","Unknown","Manufacturer or UPC/model, exact package/variant and corresponding photo/video.","720","723","723","Items","721","candidate_requires_package_review","","Unknown","Unknown","","Compared code against official Winco UPC reference","https://www.wincofireworks.com/wp-content/uploads/2022/03/UPC-Excel-List_3.25.2022_r2.pdf","Code found in public source; package/brand/image and any conflicts still need individual verification.","Verify manufacturer/model and exact retail package; inspect and acquire its authentic photo. Video is optional."
"K3TMBZV5CNPFOAJ6D63VE66G","652009001115","","Pyro City 2","Pyro City 2","Unknown","Unknown","Regular","Unknown","Unknown","no_match","No sufficiently specific candidate identified in the two Dynamite catalog files.","Unknown","Manufacturer or UPC/model, exact package/variant and corresponding photo/video.","721","724","724","Items","722","candidate_requires_package_review","","Unknown","Unknown","","Compared code against official Winco UPC reference","https://www.wincofireworks.com/wp-content/uploads/2022/03/UPC-Excel-List_3.25.2022_r2.pdf","Code found in public source; package/brand/image and any conflicts still need individual verification.","Verify manufacturer/model and exact retail package; inspect and acquire its authentic photo. Video is optional."
"H6UVAEIGHB6OJOGWCNMV7HRI","952009001024","","Pyro Pack","Pyro Pack","Unknown","Unknown","Regular","Unknown","Unknown","probable","Name identifies a candidate only; manufacturer and exact presentation have not been established.","products.json[54] Monkey's Pyro Pack / Monkey Mania / /products/monkey's-pyro-pack.png","Manufacturer or UPC/model, exact package/variant and corresponding photo/video.","722","725","725","Items","723","candidate_requires_package_review","","Unknown","Unknown","","Compared code against official Winco UPC reference","https://www.wincofireworks.com/wp-content/uploads/2022/03/UPC-Excel-List_3.25.2022_r2.pdf","Code found in public source; package/brand/image and any conflicts still need individual verification.","Verify manufacturer/model and exact retail package; inspect and acquire its authentic photo. Video is optional."
"6FDCWTCRQOHD3Q7QAX23HFRU","652009001054","","Pyro Party","Pyro Party","Unknown","Unknown","Regular","Unknown","Unknown","no_match","No sufficiently specific candidate identified in the two Dynamite catalog files.","Unknown","Manufacturer or UPC/model, exact package/variant and corresponding photo/video.","723","726","726","Items","724","no_verified_identity","","Unknown","Unknown","","""652009001054"" fireworks","","No verified product identity from the searched code/name. Generic names and store SKUs are insufficient to assign a photo.","Verify manufacturer/model and exact retail package; inspect and acquire its authentic photo. Video is optional."
"HEVVANDGFEVR76YPE7NPSCEM","649762148430","","Pyro Pops BOGO","Pyro Pops","Unknown","Unknown","Regular","Unknown","Unknown","no_match","No sufficiently specific candidate identified in the two Dynamite catalog files.","Unknown","Manufacturer or UPC/model, exact package/variant and corresponding photo/video.","725","728","728","Items","726","no_verified_identity","","Unknown","Unknown","","""649762148430"" fireworks","","No verified product identity from the searched code/name. Generic names and store SKUs are insufficient to assign a photo.","Verify manufacturer/model and exact retail package; inspect and acquire its authentic photo. Video is optional."
"RBNKNZOCMLTGXG2TRQWWRYBN","649762148454","","Pyro Pops BOGO","Pyro Pops","Unknown","Unknown","pyro pops","pyro pops","Unknown","no_match","No sufficiently specific candidate identified in the two Dynamite catalog files.","Unknown","Manufacturer or UPC/model, exact package/variant and corresponding photo/video.","726","729","729","Items","727","no_verified_identity","","Unknown","Unknown","","""649762148454"" fireworks","","No verified product identity from the searched code/name. Generic names and store SKUs are insufficient to assign a photo.","Verify manufacturer/model and exact retail package; inspect and acquire its authentic photo. Video is optional."
"CFGCQ6R3T7XOKG2TA2GCQGM7","649762148447","","Pyro Pops BOGO","Pyro Pops","Unknown","Unknown","pyro pops","pyro pops","Unknown","no_match","No sufficiently specific candidate identified in the two Dynamite catalog files.","Unknown","Manufacturer or UPC/model, exact package/variant and corresponding photo/video.","727","730","730","Items","728","no_verified_identity","","Unknown","Unknown","","""649762148447"" fireworks","","No verified product identity from the searched code/name. Generic names and store SKUs are insufficient to assign a photo.","Verify manufacturer/model and exact retail package; inspect and acquire its authentic photo. Video is optional."
"NSKKJTQHV66B4EOJMDLAPZNP","649762148478","","Pyro Pops BOGO","Pyro Pops","Unknown","Unknown","pyro pops","pyro pops","Unknown","no_match","No sufficiently specific candidate identified in the two Dynamite catalog files.","Unknown","Manufacturer or UPC/model, exact package/variant and corresponding photo/video.","728","731","731","Items","729","no_verified_identity","","Unknown","Unknown","","""649762148478"" fireworks","","No verified product identity from the searched code/name. Generic names and store SKUs are insufficient to assign a photo.","Verify manufacturer/model and exact retail package; inspect and acquire its authentic photo. Video is optional."
"GQIO43RFQ7PK5X5KJBYXTQQ7","649762148423","","Pyro Pops BOGO","Pyro Pops","Unknown","Unknown","pyro pops","pyro pops","Unknown","no_match","No sufficiently specific candidate identified in the two Dynamite catalog files.","Unknown","Manufacturer or UPC/model, exact package/variant and corresponding photo/video.","729","732","732","Items","730","no_verified_identity","","Unknown","Unknown","","""649762148423"" fireworks","","No verified product identity from the searched code/name. Generic names and store SKUs are insufficient to assign a photo.","Verify manufacturer/model and exact retail package; inspect and acquire its authentic photo. Video is optional."
"BF3Z4FAZ36XGLL4UMBOLSW7S","649762148461","","Pyro Pops BOGO","Pyro Pops","Unknown","Unknown","pyro pops","pyro pops","Unknown","no_match","No sufficiently specific candidate identified in the two Dynamite catalog files.","Unknown","Manufacturer or UPC/model, exact package/variant and corresponding photo/video.","730","733","733","Items","731","no_verified_identity","","Unknown","Unknown","","""649762148461"" fireworks","","No verified product identity from the searched code/name. Generic names and store SKUs are insufficient to assign a photo.","Verify manufacturer/model and exact retail package; inspect and acquire its authentic photo. Video is optional."
"3Y4WRX4IUKR6KRDG7YBHOSI6","943100700138","","Pyro Predator","Pyro Predator","Unknown","Unknown","Regular","Unknown","Unknown","no_match","No sufficiently specific candidate identified in the two Dynamite catalog files.","Unknown","Manufacturer or UPC/model, exact package/variant and corresponding photo/video.","731","734","734","Items","732","no_verified_identity","","Unknown","Unknown","","""943100700138"" fireworks","","No verified product identity from the searched code/name. Generic names and store SKUs are insufficient to assign a photo.","Verify manufacturer/model and exact retail package; inspect and acquire its authentic photo. Video is optional."
"BF66HA5IYYBN6RWQQC4UDKQY","010610000161","","Pyro Predator Family Pack","Pyro Predator Family Pack","Unknown","Unknown","Regular","Unknown","Unknown","no_match","No sufficiently specific candidate identified in the two Dynamite catalog files.","Unknown","Manufacturer or UPC/model, exact package/variant and corresponding photo/video.","732","735","735","Items","733","no_verified_identity","","Unknown","Unknown","","""010610000161"" fireworks","","No verified product identity from the searched code/name. Generic names and store SKUs are insufficient to assign a photo.","Verify manufacturer/model and exact retail package; inspect and acquire its authentic photo. Video is optional."
"D54L65LWKBKYAUHHVM6QNA6L","193936959976","","Pyro Princess Pack","Pyro Princess Pack","Unknown","Unknown","Regular","Unknown","Unknown","no_match","No sufficiently specific candidate identified in the two Dynamite catalog files.","Unknown","Manufacturer or UPC/model, exact package/variant and corresponding photo/video.","733","736","736","Items","734","candidate_requires_package_review","","Unknown","Unknown","","""193936959976"" fireworks","https://usa-fireworks.com/products/assortments/pyro-princess-pack/ | https://lowcountryfireworks.com/AT265H-Pyro-Princess-Pack-SS-R-PC/ | https://leefamilyfirework.com/AT265H-Pyro-Princess-Pack-SS-R-PC/ | https://backyardheroesfireworks.com/product/pyro-princess-pack/","Code found in public source; package/brand/image and any conflicts still need individual verification.","Verify manufacturer/model and exact retail package; inspect and acquire its authentic photo. Video is optional."
"MQOMTH6XZ663YZ6S6QXFK6LO","185108242337","","Pyro Ultimate Power","Pyro Ultimate Power","Unknown","Unknown","Regular","Unknown","Unknown","no_match","No sufficiently specific candidate identified in the two Dynamite catalog files.","Unknown","Manufacturer or UPC/model, exact package/variant and corresponding photo/video.","734","737","737","Items","735","no_verified_identity","","Unknown","Unknown","","""185108242337"" fireworks","","No verified product identity from the searched code/name. Generic names and store SKUs are insufficient to assign a photo.","Verify manufacturer/model and exact retail package; inspect and acquire its authentic photo. Video is optional."
"6ULWXTCLRKTUXU7C5ZDN2UNW","680149047243","","Pyro Van","Pyro Van","Unknown","Unknown","Regular","Unknown","Unknown","no_match","No sufficiently specific candidate identified in the two Dynamite catalog files.","Unknown","Manufacturer or UPC/model, exact package/variant and corresponding photo/video.","735","738","738","Items","736","no_verified_identity","","Unknown","Unknown","","""680149047243"" fireworks","","No verified product identity from the searched code/name. Generic names and store SKUs are insufficient to assign a photo.","Verify manufacturer/model and exact retail package; inspect and acquire its authentic photo. Video is optional."
"7TS7HQ3JDS5V5H6BDNGX3J66","687985905300","","Quest 4"" Artillery Shells 24 Pack","Quest 4"" Artillery Shells 24 Pack","Unknown","24 Pack Artillery Shells 4""","Regular","Unknown","4"" | 24 Pack","no_match","No sufficiently specific candidate identified in the two Dynamite catalog files.","Unknown","Manufacturer or UPC/model, exact package/variant and corresponding photo/video.","736","739","739","Items","737","candidate_requires_package_review","","Unknown","Unknown","","Compared code against official Winco UPC reference","https://www.wincofireworks.com/wp-content/uploads/2022/03/UPC-Excel-List_3.25.2022_r2.pdf","Code found in public source; package/brand/image and any conflicts still need individual verification.","Verify manufacturer/model and exact retail package; inspect and acquire its authentic photo. Video is optional."
"SS36U2MYQRBEI5GVBABWBTXA","680149045430","","Quick Hobby Fuse","Quick Hobby Fuse","Unknown","Unknown","Regular","Unknown","Unknown","no_match","No sufficiently specific candidate identified in the two Dynamite catalog files.","Unknown","Manufacturer or UPC/model, exact package/variant and corresponding photo/video.","737","740","740","Items","738","candidate_requires_package_review","","Unknown","Unknown","","""680149045430"" fireworks","https://usa-fireworks.com/products/fuse-racks/quick-fuse/ | https://captainjimsfireworks.com/FE134P-Quick-Fuse-3mm-5secft-1-roll/ | https://beta2024.usa-fireworks.com/products/fuse-racks/quick-fuse/","Code found in public source; package/brand/image and any conflicts still need individual verification.","Verify manufacturer/model and exact retail package; inspect and acquire its authentic photo. Video is optional."
"FXSOEDZ2NUNCKEGBYV655575","","757200645011","RDXplosion 6"" Artillery Shells 12 pack","RDXplosion 6"" Artillery Shells 12 pack","Unknown","12/16 Pack Artillery Shells 1.75"" RDX\, 4"" Pyro\, 5"" Xtra Lg","Regular","Unknown","6"" | 12 pack","conflict","Square name specifies 6 inch; Square category and photographed RDXplosion package specify 1.75 inch. Confirm whether length/caliber or a wrong variant before matching.","products.json[2] RDXplosion / Raccoon / /products/RDXplosion.png","Manufacturer or UPC/model, exact package/variant and corresponding photo/video.","738","741","741","Items","739","data_conflict","","Raccoon","RA64501","","""757200645011"" fireworks","https://www.raccoonfireworksusa.com/product-page/rdxplosion","Exact GTIN identifies RDXplosion, but Square describes 6-inch artillery shells/12 pack while manufacturer describes preloaded 5-inch-tall tubes. Do not silently replace size or reloadability.","Rockwall confirmation/photo of exact retail package and tube/shell dimensions."
"NWMDDTHFDKMDDFCRMWXOQAEE","674662511459","","RWB Bombs Bursting","RWB Bombs Bursting","Unknown","Unknown","Regular","Unknown","Unknown","no_match","No sufficiently specific candidate identified in the two Dynamite catalog files.","Unknown","Manufacturer or UPC/model, exact package/variant and corresponding photo/video.","739","742","742","Items","740","no_verified_identity","","Unknown","Unknown","","""674662511459"" fireworks","","No verified product identity from the searched code/name. Generic names and store SKUs are insufficient to assign a photo.","Verify manufacturer/model and exact retail package; inspect and acquire its authentic photo. Video is optional."
"MKPXTJVO2ZN76CBI5QC3BF66","800000151227","","RYG Jumbo Crackling Balls","RYG Jumbo Crackling Balls","Unknown","Unknown","Regular","Unknown","Unknown","no_match","No sufficiently specific candidate identified in the two Dynamite catalog files.","Unknown","Manufacturer or UPC/model, exact package/variant and corresponding photo/video.","740","743","743","Items","741","candidate_requires_package_review","","Unknown","Unknown","","""800000151227"" fireworks","https://nbfireworks.com/NV108-Jumbo-Crackling-Ball-R-PC/ | https://76fireworkstore.com/NV108-Jumbo-Crackling-Ball-R-PC | https://shop.pyrocrate.com/NV108-Jumbo-Crackling-Ball-R-PC/","Code found in public source; package/brand/image and any conflicts still need individual verification.","Verify manufacturer/model and exact retail package; inspect and acquire its authentic photo. Video is optional."
"EFZMXOBWHIVMSUS6YEKZLHZW","757201324014","","Raccoon 5"" Artillery Shells 24 pack","Raccoon 5"" Artillery Shells 24 pack","Raccoon","24 Pack Canister Artillery Shells 5 INCH","Regular","Unknown","5"" | 24 pack","no_match","No sufficiently specific candidate identified in the two Dynamite catalog files.","Unknown","Manufacturer or UPC/model, exact package/variant and corresponding photo/video.","741","744","744","Items","742","candidate_requires_package_review","","Unknown","Unknown","","""757201324014"" fireworks","https://usa-fireworks.com/products/artillery-shells/raccoon-5-canister-shells/ | https://beta2024.usa-fireworks.com/products/artillery-shells/raccoon-5-canister-shells/ | https://americanwholesalefireworks.com/independence-day-24-pack/ | https://www.raccoonfireworksusa.com/product-page/5-inch-canister-24-pack","Code found in public source; package/brand/image and any conflicts still need individual verification.","Verify manufacturer/model and exact retail package; inspect and acquire its authentic photo. Video is optional."
"TNYRSG3Q5J6EIUJNPKI3XOSD","757201225120","","Raging Willow","Raging Willow","Unknown","Unknown","Regular","Unknown","Unknown","no_match","No sufficiently specific candidate identified in the two Dynamite catalog files.","Unknown","Manufacturer or UPC/model, exact package/variant and corresponding photo/video.","742","745","745","Items","743","candidate_requires_package_review","","Unknown","Unknown","","""757201225120"" fireworks","https://americanwholesalefireworks.com/raging-willow// | https://americanwholesalefireworks.com/raging-willow/ | https://www.raccoonfireworksusa.com/product-page/raging-willow","Code found in public source; package/brand/image and any conflicts still need individual verification.","Verify manufacturer/model and exact retail package; inspect and acquire its authentic photo. Video is optional."
"LAFSLBBO5TCGIGANK6PD6X6T","757205301189","","Rainbow Ghost 195 Shot Zipper Cake","Rainbow Ghost 195 Shot Zipper Cake","Unknown","500 GRAM FINALE > 500 GRAM FINALE ZIPPER CAKES","Regular","Unknown","195 Shot","probable","Name identifies a candidate only; manufacturer and exact presentation have not been established.","products.json[18] Rainbow Ghost / Raccoon / /products/rainbow-ghost.png","Manufacturer or UPC/model, exact package/variant and corresponding photo/video.","743","746","746","Items","744","identified_missing_image","","Raccoon","RA530118","","""757205301189"" fireworks","https://www.raccoonfireworksusa.com/product-page/rainbow-ghost","Exact UPC 757205301189 identifies Rainbow Ghost. Local package image is too blurred for readable marketing detail.","Acquire a readable exact-package photograph and recheck all printed quantity labels."
"T5PKC33IYA6KTNSCKQNN6SHB","943100700145","","Rapid Fire Roman Candle","Rapid Fire Roman Candle","Unknown","Roman Candles","Regular","Unknown","Unknown","no_match","No sufficiently specific candidate identified in the two Dynamite catalog files.","Unknown","Manufacturer or UPC/model, exact package/variant and corresponding photo/video.","744","747","747","Items","745","no_verified_identity","","Unknown","Unknown","","""943100700145"" fireworks","","No verified product identity from the searched code/name. Generic names and store SKUs are insufficient to assign a photo.","Verify manufacturer/model and exact retail package; inspect and acquire its authentic photo. Video is optional."
"TOS4U7TKFD4RCZOIO6JPZLND","514677007007","","Reaper Smoke","Reaper Smoke","Unknown","Unknown","Regular","Unknown","Unknown","no_match","No sufficiently specific candidate identified in the two Dynamite catalog files.","Unknown","Manufacturer or UPC/model, exact package/variant and corresponding photo/video.","745","748","748","Items","746","candidate_requires_package_review","","Unknown","Unknown","","Compared code against official Winco UPC reference","https://www.wincofireworks.com/wp-content/uploads/2022/03/UPC-Excel-List_3.25.2022_r2.pdf","Code found in public source; package/brand/image and any conflicts still need individual verification.","Verify manufacturer/model and exact retail package; inspect and acquire its authentic photo. Video is optional."
"HWTK2ULKLW2RRBRLNC3P4YHI","8145270190418","","Rebellion Family Pk","Rebellion Family Pk","Unknown","Unknown","Regular","Unknown","Unknown","no_match","No sufficiently specific candidate identified in the two Dynamite catalog files.","Unknown","Manufacturer or UPC/model, exact package/variant and corresponding photo/video.","746","749","749","Items","747","no_verified_identity","","Unknown","Unknown","","""8145270190418"" fireworks","","No verified product identity from the searched code/name. Generic names and store SKUs are insufficient to assign a photo.","Verify manufacturer/model and exact retail package; inspect and acquire its authentic photo. Video is optional."
"E5YULBGRF53NWHLMR67QEVOJ","","","Red Apple Fireworks","Red Apple Fireworks","Unknown","Unknown","Regular","Unknown","Unknown","no_match","No sufficiently specific candidate identified in the two Dynamite catalog files.","Unknown","Manufacturer or UPC/model, exact package/variant and corresponding photo/video.","747","750","750","Items","748","no_verified_identity","","Unknown","Unknown","","""Red Apple Fireworks"" fireworks manufacturer","","No verified product identity from the searched code/name. Generic names and store SKUs are insufficient to assign a photo.","Verify manufacturer/model and exact retail package; inspect and acquire its authentic photo. Video is optional."
"A7YX4EY5QDK63PQLN2MBASMP","821700020309","","Red N White Fountain","Red N White Fountain","Unknown","Unknown","Regular","Unknown","Unknown","no_match","No sufficiently specific candidate identified in the two Dynamite catalog files.","Unknown","Manufacturer or UPC/model, exact package/variant and corresponding photo/video.","748","751","751","Items","749","no_verified_identity","","Unknown","Unknown","","""821700020309"" fireworks","","No verified product identity from the searched code/name. Generic names and store SKUs are insufficient to assign a photo.","Verify manufacturer/model and exact retail package; inspect and acquire its authentic photo. Video is optional."
"F6Q3FZ4SJ6IET2HB4T254AT2","705834232978","","Red White And Blue 200 Gram 12 Shot","Red White And Blue 200 Gram 12 Shot","Unknown","Unknown","Regular","Unknown","200 Gram | 12 Shot","no_match","No sufficiently specific candidate identified in the two Dynamite catalog files.","Unknown","Manufacturer or UPC/model, exact package/variant and corresponding photo/video.","749","752","752","Items","750","no_verified_identity","","Unknown","Unknown","","""705834232978"" fireworks","","No verified product identity from the searched code/name. Generic names and store SKUs are insufficient to assign a photo.","Verify manufacturer/model and exact retail package; inspect and acquire its authentic photo. Video is optional."
"QXJ3RGVQIQ2UIDPOSRHFANBQ","140000104718","","Red White Blazed 500g","Red White Blazed 500g","Unknown","Unknown","Regular","Unknown","500g","no_match","No sufficiently specific candidate identified in the two Dynamite catalog files.","Unknown","Manufacturer or UPC/model, exact package/variant and corresponding photo/video.","750","753","753","Items","751","no_verified_identity","","Unknown","Unknown","","""140000104718"" fireworks","","No verified product identity from the searched code/name. Generic names and store SKUs are insufficient to assign a photo.","Verify manufacturer/model and exact retail package; inspect and acquire its authentic photo. Video is optional."
"NP7PKBMF4KLRVRQWCBMOS66A","847294039831","","Red White Blue Snapper Bogo","Red White Blue Snapper","Unknown","Unknown","Regular","Unknown","Unknown","no_match","No sufficiently specific candidate identified in the two Dynamite catalog files.","Unknown","Manufacturer or UPC/model, exact package/variant and corresponding photo/video.","751","754","754","Items","752","no_verified_identity","","Unknown","Unknown","","""847294039831"" fireworks","","No verified product identity from the searched code/name. Generic names and store SKUs are insufficient to assign a photo.","Verify manufacturer/model and exact retail package; inspect and acquire its authentic photo. Video is optional."
"7DSXP5SAKK7GOJF6OJXJAXHC","847294085982","","Red White Blue Snapper Bogo","Red White Blue Snapper","Unknown","Unknown","Box RWB SNAPS","Box RWB SNAPS","Unknown","no_match","No sufficiently specific candidate identified in the two Dynamite catalog files.","Unknown","Manufacturer or UPC/model, exact package/variant and corresponding photo/video.","752","755","755","Items","753","no_verified_identity","","Unknown","Unknown","","""847294085982"" fireworks","","No verified product identity from the searched code/name. Generic names and store SKUs are insufficient to assign a photo.","Verify manufacturer/model and exact retail package; inspect and acquire its authentic photo. Video is optional."
"5RPOFPZKBIZ7RJ47JMBHBRNV","8052530130018","","Reflection Fountain","Reflection Fountain","Unknown","Fountains","Regular","Unknown","Unknown","no_match","No sufficiently specific candidate identified in the two Dynamite catalog files.","Unknown","Manufacturer or UPC/model, exact package/variant and corresponding photo/video.","753","756","756","Items","754","no_verified_identity","","Unknown","Unknown","","""8052530130018"" fireworks","","No verified product identity from the searched code/name. Generic names and store SKUs are insufficient to assign a photo.","Verify manufacturer/model and exact retail package; inspect and acquire its authentic photo. Video is optional."
"YAML6VIAULZIULDW3Q7TNCDX","6510475378992","","Revenge Shells 6pc","Revenge Shells 6pc","Unknown","Unknown","Regular","Unknown","6pc","no_match","No sufficiently specific candidate identified in the two Dynamite catalog files.","Unknown","Manufacturer or UPC/model, exact package/variant and corresponding photo/video.","754","757","757","Items","755","no_verified_identity","","Unknown","Unknown","","""6510475378992"" fireworks","","No verified product identity from the searched code/name. Generic names and store SKUs are insufficient to assign a photo.","Verify manufacturer/model and exact retail package; inspect and acquire its authentic photo. Video is optional."
"RXXAJBEZGNQ5F3XLRYKTDH6B","757201530712","","Revolution Now 500 Gram","Revolution Now 500 Gram","Unknown","500 GRAM FINALE","Regular","Unknown","500 Gram","no_match","No sufficiently specific candidate identified in the two Dynamite catalog files.","Unknown","Manufacturer or UPC/model, exact package/variant and corresponding photo/video.","755","758","758","Items","756","candidate_requires_package_review","","Unknown","Unknown","","""757201530712"" fireworks","https://shop.intergalacticfireworks.com/revolution-now.html | https://www.raccoonfireworksusa.com/product-page/revolution-now","Code found in public source; package/brand/image and any conflicts still need individual verification.","Verify manufacturer/model and exact retail package; inspect and acquire its authentic photo. Video is optional."
"LJKJXGA7PUBYSR2CNXBKD256","814527200146","","Ridin Dirty","Ridin Dirty","Unknown","Unknown","Regular","Unknown","Unknown","no_match","No sufficiently specific candidate identified in the two Dynamite catalog files.","Unknown","Manufacturer or UPC/model, exact package/variant and corresponding photo/video.","756","759","759","Items","757","no_verified_identity","","Unknown","Unknown","","""814527200146"" fireworks","","No verified product identity from the searched code/name. Generic names and store SKUs are insufficient to assign a photo.","Verify manufacturer/model and exact retail package; inspect and acquire its authentic photo. Video is optional."
"DVZ5SA2JXOMIZGASFEHJGIR3","757201306058","","Ring Of Honor 5"" Artillery Shells 6 Pack","Ring Of Honor 5"" Artillery Shells 6 Pack","Unknown","6 Pack Artillery Shells 5""\, 6""","Regular","Unknown","5"" | 6 Pack","no_match","No sufficiently specific candidate identified in the two Dynamite catalog files.","Unknown","Manufacturer or UPC/model, exact package/variant and corresponding photo/video.","757","760","760","Items","758","no_verified_identity","","Unknown","Unknown","","""757201306058"" fireworks","","No verified product identity from the searched code/name. Generic names and store SKUs are insufficient to assign a photo.","Verify manufacturer/model and exact retail package; inspect and acquire its authentic photo. Video is optional."
"VDKQHYGJDBMFBXL65I3TCORF","705108804764","","Road Rage","Road Rage","Unknown","Unknown","Regular","Unknown","Unknown","probable","Name identifies a candidate only; manufacturer and exact presentation have not been established.","products.json[169] Road Rage / Winda / /products/road-rage.png","Manufacturer or UPC/model, exact package/variant and corresponding photo/video.","758","761","761","Items","759","data_conflict","","Bright Star","BS8047","","""705108804764"" fireworks","https://www.getwinda.com/product-page/road-rage","Square code matches official Road Rage BS8047, but local Dynamite Road Rage photograph and its model/shot presentation need reconciliation with the official record; a same-name photo is insufficient.","Exact Rockwall package/model photo and variant verification before using the local cake image."
"RU6XE3BRBD6OW5W5QFTMX6TX","","757202120035","Rock On Fountain","Rock On Fountain","Unknown","Fountains","Regular","Unknown","Unknown","no_match","No sufficiently specific candidate identified in the two Dynamite catalog files.","Unknown","Manufacturer or UPC/model, exact package/variant and corresponding photo/video.","759","762","762","Items","760","no_verified_identity","","Unknown","Unknown","","""757202120035"" fireworks","","No verified product identity from the searched code/name. Generic names and store SKUs are insufficient to assign a photo.","Verify manufacturer/model and exact retail package; inspect and acquire its authentic photo. Video is optional."
"H6MAG6RQ7MRYH3J75RJXMYTA","680149022288","","Roma Candle (8 ball/4Pack)  BOGO","Roma Candle (8 ball/4Pack)","Unknown","Roman Candles","Regular","Unknown","4Pack","no_match","No sufficiently specific candidate identified in the two Dynamite catalog files.","Unknown","Manufacturer or UPC/model, exact package/variant and corresponding photo/video.","760","763","763","Items","761","no_verified_identity","","Unknown","Unknown","","""680149022288"" fireworks","","No verified product identity from the searched code/name. Generic names and store SKUs are insufficient to assign a photo.","Verify manufacturer/model and exact retail package; inspect and acquire its authentic photo. Video is optional."
"ICURJ3X4AGZXXWDOGTG25IDJ","887946060325","","Roman Candle (10 Ball/4 Pk)","Roman Candle (10 Ball/4 Pk)","Unknown","Roman Candles","Regular","Unknown","Unknown","no_match","No sufficiently specific candidate identified in the two Dynamite catalog files.","Unknown","Manufacturer or UPC/model, exact package/variant and corresponding photo/video.","761","764","764","Items","762","no_verified_identity","","Unknown","Unknown","","""887946060325"" fireworks","","No verified product identity from the searched code/name. Generic names and store SKUs are insufficient to assign a photo.","Verify manufacturer/model and exact retail package; inspect and acquire its authentic photo. Video is optional."
"RQN6Q3IJG27DRVA6W4YQRFKU","8052530180822","","Roman Candle 10 Ball","Roman Candle 10 Ball","Unknown","Roman Candles","Regular","Unknown","Unknown","no_match","No sufficiently specific candidate identified in the two Dynamite catalog files.","Unknown","Manufacturer or UPC/model, exact package/variant and corresponding photo/video.","762","765","765","Items","763","candidate_requires_package_review","","Unknown","Unknown","","""8052530180822"" fireworks","https://americanwholesalefireworks.com/roman-candle-10-ball/","Code found in public source; package/brand/image and any conflicts still need individual verification.","Verify manufacturer/model and exact retail package; inspect and acquire its authentic photo. Video is optional."
"CDDJKC5ST2S5CBCDNCNFXT5A","757201065153","","Roman Candle 10 Ball","Roman Candle 10 Ball","Unknown","Roman Candles","Regular","Unknown","Unknown","no_match","No sufficiently specific candidate identified in the two Dynamite catalog files.","Unknown","Manufacturer or UPC/model, exact package/variant and corresponding photo/video.","763","766","766","Items","764","candidate_requires_package_review","","Unknown","Unknown","","""757201065153"" fireworks","https://gbfireworks.com/products/10-ball-roman-candles-1","Code found in public source; package/brand/image and any conflicts still need individual verification.","Verify manufacturer/model and exact retail package; inspect and acquire its authentic photo. Video is optional."
"RH4ASOQTUBY6FDPTYKDK3HYB","805253018082","","Roman Candle 10Ball","Roman Candle 10Ball","Unknown","Roman Candles","Regular","Unknown","Unknown","no_match","No sufficiently specific candidate identified in the two Dynamite catalog files.","Unknown","Manufacturer or UPC/model, exact package/variant and corresponding photo/video.","764","767","767","Items","765","candidate_requires_package_review","","Unknown","Unknown","","""805253018082"" fireworks","https://americanwholesalefireworks.com/roman-candle-10-ball/","Code found in public source; package/brand/image and any conflicts still need individual verification.","Verify manufacturer/model and exact retail package; inspect and acquire its authentic photo. Video is optional."
"MJ34ZZI6BVD46HRIMNPWKER3","8052530180815","","Roman Candle 10Ball","Roman Candle 10Ball","Unknown","Roman Candles","Roman Candle 10 Ball","Roman Candle 10 Ball","Unknown","no_match","No sufficiently specific candidate identified in the two Dynamite catalog files.","Unknown","Manufacturer or UPC/model, exact package/variant and corresponding photo/video.","765","768","768","Items","766","no_verified_identity","","Unknown","Unknown","","""8052530180815"" fireworks","","No verified product identity from the searched code/name. Generic names and store SKUs are insufficient to assign a photo.","Verify manufacturer/model and exact retail package; inspect and acquire its authentic photo. Video is optional."
"4MGNJBH6SPUWG2ZFG6XAYMSG","821611111080","","Roman Candle 12 Pack Assortment 120 Shot","Roman Candle 12 Pack Assortment 120 Shot","Unknown","Roman Candles","Regular","Unknown","12 Pack | 120 Shot","no_match","No sufficiently specific candidate identified in the two Dynamite catalog files.","Unknown","Manufacturer or UPC/model, exact package/variant and corresponding photo/video.","766","769","769","Items","767","no_verified_identity","","Unknown","Unknown","","""821611111080"" fireworks","","No verified product identity from the searched code/name. Generic names and store SKUs are insufficient to assign a photo.","Verify manufacturer/model and exact retail package; inspect and acquire its authentic photo. Video is optional."
"FIX6XRZXDVWDRDKJCHSLED4F","757202165142","","Roman Candle 6 Count 8 Shots","Roman Candle 6 Count 8 Shots","Unknown","Roman Candles","Regular","Unknown","8 Shots","no_match","No sufficiently specific candidate identified in the two Dynamite catalog files.","Unknown","Manufacturer or UPC/model, exact package/variant and corresponding photo/video.","767","770","770","Items","768","no_verified_identity","","Unknown","Unknown","","""757202165142"" fireworks","","No verified product identity from the searched code/name. Generic names and store SKUs are insufficient to assign a photo.","Verify manufacturer/model and exact retail package; inspect and acquire its authentic photo. Video is optional."
"VRVRESOI3PY3GDDSSGJYXK4S","757201018074","","Roman Candle Assortment (4 pk/10 Shot)","Roman Candle Assortment (4 pk/10 Shot)","Unknown","Roman Candles","Regular","Unknown","10 Shot","no_match","No sufficiently specific candidate identified in the two Dynamite catalog files.","Unknown","Manufacturer or UPC/model, exact package/variant and corresponding photo/video.","768","771","771","Items","769","candidate_requires_package_review","","Unknown","Unknown","","""757201018074"" fireworks","https://www.raccoonfireworksusa.com/product-page/10s-assorted-roman-candle","Code found in public source; package/brand/image and any conflicts still need individual verification.","Verify manufacturer/model and exact retail package; inspect and acquire its authentic photo. Video is optional."
"3J24Z2O2DPZZX6CSO4IN6FF7","652009001801","","Roman Candle Assortment (4 pk/10 Shot)","Roman Candle Assortment (4 pk/10 Shot)","Unknown","Roman Candles","Starlight Roman Candle","Starlight Roman Candle","10 Shot","no_match","No sufficiently specific candidate identified in the two Dynamite catalog files.","Unknown","Manufacturer or UPC/model, exact package/variant and corresponding photo/video.","769","772","772","Items","770","candidate_requires_package_review","","Unknown","Unknown","","Compared code against official Winco UPC reference","https://www.wincofireworks.com/wp-content/uploads/2022/03/UPC-Excel-List_3.25.2022_r2.pdf","Code found in public source; package/brand/image and any conflicts still need individual verification.","Verify manufacturer/model and exact retail package; inspect and acquire its authentic photo. Video is optional."
"4ABLREUNYD7DVSZ7TOM6UZRU","8052530180624","","Roman Candle Boomer- 5 Ball","Roman Candle Boomer- 5 Ball","Boomer","Roman Candles","Regular","Unknown","Unknown","no_match","No sufficiently specific candidate identified in the two Dynamite catalog files.","Unknown","Manufacturer or UPC/model, exact package/variant and corresponding photo/video.","770","773","773","Items","771","no_verified_identity","","Unknown","Unknown","","""8052530180624"" fireworks","","No verified product identity from the searched code/name. Generic names and store SKUs are insufficient to assign a photo.","Verify manufacturer/model and exact retail package; inspect and acquire its authentic photo. Video is optional."
"PFKU4FTPECZUSIDS2YNPHZ27","8052530180617","","Roman Candle Boomer- 5 Ball","Roman Candle Boomer- 5 Ball","Boomer","Roman Candles","Roman Candle Boomer-5 Ball","Roman Candle Boomer-5 Ball","Unknown","no_match","No sufficiently specific candidate identified in the two Dynamite catalog files.","Unknown","Manufacturer or UPC/model, exact package/variant and corresponding photo/video.","771","774","774","Items","772","no_verified_identity","","Unknown","Unknown","","""8052530180617"" fireworks","","No verified product identity from the searched code/name. Generic names and store SKUs are insufficient to assign a photo.","Verify manufacturer/model and exact retail package; inspect and acquire its authentic photo. Video is optional."
"WBCPWJZLFZLFCROJ3HT4HGVE","821600065158","","Roman Candle Camo (4 Shot/6 Pk)","Roman Candle Camo (4 Shot/6 Pk)","Unknown","Roman Candles","Regular","Unknown","4 Shot","no_match","No sufficiently specific candidate identified in the two Dynamite catalog files.","Unknown","Manufacturer or UPC/model, exact package/variant and corresponding photo/video.","772","775","775","Items","773","no_verified_identity","","Unknown","Unknown","","""821600065158"" fireworks","","No verified product identity from the searched code/name. Generic names and store SKUs are insufficient to assign a photo.","Verify manufacturer/model and exact retail package; inspect and acquire its authentic photo. Video is optional."
"BEUXBUZTRQQWIL3ZX5EF5QRW","887946062138","","Roman Candle Heavy Shot 5 Ball","Roman Candle Heavy Shot 5 Ball","Unknown","Roman Candles","Regular","Unknown","Unknown","no_match","No sufficiently specific candidate identified in the two Dynamite catalog files.","Unknown","Manufacturer or UPC/model, exact package/variant and corresponding photo/video.","773","776","776","Items","774","no_verified_identity","","Unknown","Unknown","","""887946062138"" fireworks","","No verified product identity from the searched code/name. Generic names and store SKUs are insufficient to assign a photo.","Verify manufacturer/model and exact retail package; inspect and acquire its authentic photo. Video is optional."
"ZODEGP6HHFAAMKTB6DKOCNGD","8145270120828","","Roman Candle Rapid Fire 8pk","Roman Candle Rapid Fire 8pk","Unknown","Roman Candles","Regular","Unknown","Unknown","no_match","No sufficiently specific candidate identified in the two Dynamite catalog files.","Unknown","Manufacturer or UPC/model, exact package/variant and corresponding photo/video.","774","777","777","Items","775","candidate_requires_package_review","","Unknown","Unknown","","""8145270120828"" fireworks","https://usa-fireworks.com/products/roman-candles/rapid-fire/","Code found in public source; package/brand/image and any conflicts still need individual verification.","Verify manufacturer/model and exact retail package; inspect and acquire its authentic photo. Video is optional."
"TGIHSXBHF62RRGWDJ66NGFR3","757202180701","757202018073","Roman Candles Assorted (4 Pack/10 Shot)","Roman Candles Assorted (4 Pack/10 Shot)","Unknown","Roman Candles","Regular","Unknown","4 Pack | 10 Shot","no_match","No sufficiently specific candidate identified in the two Dynamite catalog files.","Unknown","Manufacturer or UPC/model, exact package/variant and corresponding photo/video.","775","778","778","Items","776","no_verified_identity","","Unknown","Unknown","","""757202018073"" fireworks","","No verified product identity from the searched code/name. Generic names and store SKUs are insufficient to assign a photo.","Verify manufacturer/model and exact retail package; inspect and acquire its authentic photo. Video is optional."
"HP7KP4CNYT2QHJJEHZ63647N","","841527141179","Rotating Gatling","Rotating Gatling","Unknown","Unknown","Regular","Unknown","Unknown","no_match","No sufficiently specific candidate identified in the two Dynamite catalog files.","Unknown","Manufacturer or UPC/model, exact package/variant and corresponding photo/video.","776","779","779","Items","777","candidate_requires_package_review","","Unknown","Unknown","","""841527141179"" fireworks","https://usa-fireworks.com/products/new-products/rotating-gatling-300-shot-roman-candle/ | https://staging.usa-fireworks.com/products/new-products/rotating-gatling-300-shot-roman-candle/","Code found in public source; package/brand/image and any conflicts still need individual verification.","Verify manufacturer/model and exact retail package; inspect and acquire its authentic photo. Video is optional."
"V7GVWTY4J7MZ272LPHIH24EJ","841527141216","841527141216","Rotating Machine Gun","Rotating Machine Gun","Unknown","Unknown","Regular","Unknown","Unknown","no_match","No sufficiently specific candidate identified in the two Dynamite catalog files.","Unknown","Manufacturer or UPC/model, exact package/variant and corresponding photo/video.","777","780","780","Items","778","no_verified_identity","","Unknown","Unknown","","""841527141216"" fireworks","","No verified product identity from the searched code/name. Generic names and store SKUs are insufficient to assign a photo.","Verify manufacturer/model and exact retail package; inspect and acquire its authentic photo. Video is optional."
"BM3R75NP4LQL6MSZRDVWACGL","140000104817","","Royal Rampage 500g","Royal Rampage 500g","Unknown","Unknown","Regular","Unknown","500g","no_match","No sufficiently specific candidate identified in the two Dynamite catalog files.","Unknown","Manufacturer or UPC/model, exact package/variant and corresponding photo/video.","778","781","781","Items","779","candidate_requires_package_review","","Unknown","Unknown","","""140000104817"" fireworks","https://staging.usa-fireworks.com/products/website-coupons/royal-rampage-260-shot-cake/","Code found in public source; package/brand/image and any conflicts still need individual verification.","Verify manufacturer/model and exact retail package; inspect and acquire its authentic photo. Video is optional."
"Q6KGAOERMQ3NMSBOJ2GJTR22","687985269013","","Ruckus (12 pcs)","Ruckus (12 pcs)","Unknown","Artillery/Festival Balls","Regular","Unknown","12 pcs","no_match","No sufficiently specific candidate identified in the two Dynamite catalog files.","Unknown","Manufacturer or UPC/model, exact package/variant and corresponding photo/video.","779","782","782","Items","780","no_verified_identity","","Unknown","Unknown","","""687985269013"" fireworks","","No verified product identity from the searched code/name. Generic names and store SKUs are insufficient to assign a photo.","Verify manufacturer/model and exact retail package; inspect and acquire its authentic photo. Video is optional."
"JQOGXKHCLYLADVB4NZEYJBCK","725272730904","","SPECIAL $50 500g Cake","SPECIAL $50 500g Cake","Unknown","Unknown","Regular","Unknown","500g","no_match","No sufficiently specific candidate identified in the two Dynamite catalog files.","Unknown","Manufacturer or UPC/model, exact package/variant and corresponding photo/video.","781","784","784","Items","782","no_verified_identity","","Unknown","Unknown","","""725272730904"" fireworks","","No verified product identity from the searched code/name. Generic names and store SKUs are insufficient to assign a photo.","Verify manufacturer/model and exact retail package; inspect and acquire its authentic photo. Video is optional."
"2I7W5V3OLFBTM7QVNYYY6R3U","825272730703","","SPECIAL $75 60g 24pk Artillery Shell","SPECIAL $75 60g 24pk Artillery Shell","Unknown","Unknown","Regular","Unknown","60g","no_match","No sufficiently specific candidate identified in the two Dynamite catalog files.","Unknown","Manufacturer or UPC/model, exact package/variant and corresponding photo/video.","782","785","785","Items","783","no_verified_identity","","Unknown","Unknown","","""825272730703"" fireworks","","No verified product identity from the searched code/name. Generic names and store SKUs are insufficient to assign a photo.","Verify manufacturer/model and exact retail package; inspect and acquire its authentic photo. Video is optional."
"3D5Q5QZWIY456UDWUJ6S473W","725272730928","","SPECIAL 3/$75 200g Cake","SPECIAL 3/$75 200g Cake","Unknown","Unknown","Regular","Unknown","200g","no_match","No sufficiently specific candidate identified in the two Dynamite catalog files.","Unknown","Manufacturer or UPC/model, exact package/variant and corresponding photo/video.","783","786","786","Items","784","no_verified_identity","","Unknown","Unknown","","""725272730928"" fireworks","","No verified product identity from the searched code/name. Generic names and store SKUs are insufficient to assign a photo.","Verify manufacturer/model and exact retail package; inspect and acquire its authentic photo. Video is optional."
"2TFSBSEHX3RIJIUGEAVYQ34I","705108802463","","Salute To Summer 200g","Salute To Summer 200g","Unknown","Unknown","Regular","Unknown","200g","no_match","No sufficiently specific candidate identified in the two Dynamite catalog files.","Unknown","Manufacturer or UPC/model, exact package/variant and corresponding photo/video.","784","787","787","Items","785","no_verified_identity","","Unknown","Unknown","","""705108802463"" fireworks","","No verified product identity from the searched code/name. Generic names and store SKUs are insufficient to assign a photo.","Verify manufacturer/model and exact retail package; inspect and acquire its authentic photo. Video is optional."
"43W4GXYSFIHVJYCXF4YAW26J","700000014280","","Saturn Missile Battery 100 Shot","Saturn Missile Battery 100 Shot","Unknown","Unknown","Regular","Unknown","100 Shot","probable","Name identifies a candidate only; manufacturer and exact presentation have not been established.","products.json[46] Saturn Missile Battery 100's / Monkey Mania / /products/saturn-missile-battery-100.png","Manufacturer or UPC/model, exact package/variant and corresponding photo/video.","786","789","789","Items","787","no_verified_identity","","Unknown","Unknown","","""700000014280"" fireworks","","No verified product identity from the searched code/name. Generic names and store SKUs are insufficient to assign a photo.","Verify manufacturer/model and exact retail package; inspect and acquire its authentic photo. Video is optional."
"FZMW6CFOEEK6Q7DGWWCOS5UO","887946003667","","Saturn Missile Battery 25 Shot","Saturn Missile Battery 25 Shot","Unknown","Unknown","Regular","Unknown","25 Shot","no_match","No sufficiently specific candidate identified in the two Dynamite catalog files.","Unknown","Manufacturer or UPC/model, exact package/variant and corresponding photo/video.","787","790","790","Items","788","no_verified_identity","","Unknown","Unknown","","""887946003667"" fireworks","","No verified product identity from the searched code/name. Generic names and store SKUs are insufficient to assign a photo.","Verify manufacturer/model and exact retail package; inspect and acquire its authentic photo. Video is optional."
"ICM5Y3XUPART3UAJ6AFCB4ZA","8145270131312","","Saturn Missile Battery 300 Shot","Saturn Missile Battery 300 Shot","Unknown","Unknown","Regular","Unknown","300 Shot","probable","Name identifies a candidate only; manufacturer and exact presentation have not been established.","products.json[47] Saturn Missile Battery 300's / Monkey Mania / /products/saturn-missile-battery-300.png","Manufacturer or UPC/model, exact package/variant and corresponding photo/video.","788","791","791","Items","789","candidate_requires_package_review","","Unknown","Unknown","","""8145270131312"" fireworks","https://thefireworkssuperstore.com/shop/300-shot-smb","Code found in public source; package/brand/image and any conflicts still need individual verification.","Verify manufacturer/model and exact retail package; inspect and acquire its authentic photo. Video is optional."
"ADK4WL4CCEYTQAWKHGAW2QDM","8052531311515","","Saturn Missile Battery 300 Shot","Saturn Missile Battery 300 Shot","Unknown","Unknown","American Saturn Missile","American Saturn Missile","300 Shot","probable","Name identifies a candidate only; manufacturer and exact presentation have not been established.","products.json[47] Saturn Missile Battery 300's / Monkey Mania / /products/saturn-missile-battery-300.png","Manufacturer or UPC/model, exact package/variant and corresponding photo/video.","789","792","792","Items","790","candidate_requires_package_review","","Unknown","Unknown","","""8052531311515"" fireworks","https://thefireworkssuperstore.com/shop/300-shots","Code found in public source; package/brand/image and any conflicts still need individual verification.","Verify manufacturer/model and exact retail package; inspect and acquire its authentic photo. Video is optional."
"RCBPW76UUVOBEFNEPO3MWPQB","8145270131718","","Saturn Missile Battery-750 Shot","Saturn Missile Battery-750 Shot","Unknown","Unknown","Regular","Unknown","750 Shot","no_match","No sufficiently specific candidate identified in the two Dynamite catalog files.","Unknown","Manufacturer or UPC/model, exact package/variant and corresponding photo/video.","790","793","793","Items","791","no_verified_identity","","Unknown","Unknown","","""8145270131718"" fireworks","","No verified product identity from the searched code/name. Generic names and store SKUs are insufficient to assign a photo.","Verify manufacturer/model and exact retail package; inspect and acquire its authentic photo. Video is optional."
"A7BVCSMERHS3I6HQV6PXR2VJ","887946003681","","Saturn Missle Battery 100 Sht","Saturn Missle Battery 100 Sht","Unknown","Unknown","Regular","Unknown","Unknown","no_match","No sufficiently specific candidate identified in the two Dynamite catalog files.","Unknown","Manufacturer or UPC/model, exact package/variant and corresponding photo/video.","791","794","794","Items","792","candidate_requires_package_review","","Unknown","Unknown","","""887946003681"" fireworks","https://johnnyrocketsfireworks.com/products/tgsaturnmissilebattery-100shot","Code found in public source; package/brand/image and any conflicts still need individual verification.","Verify manufacturer/model and exact retail package; inspect and acquire its authentic photo. Video is optional."
"NJM6VGXTBORBIDBFE5WX2DBE","680149053961","","Saturn Ultra 750","Saturn Ultra 750","Unknown","Unknown","Regular","Unknown","Unknown","no_match","No sufficiently specific candidate identified in the two Dynamite catalog files.","Unknown","Manufacturer or UPC/model, exact package/variant and corresponding photo/video.","792","795","795","Items","793","no_verified_identity","","Unknown","Unknown","","""680149053961"" fireworks","","No verified product identity from the searched code/name. Generic names and store SKUs are insufficient to assign a photo.","Verify manufacturer/model and exact retail package; inspect and acquire its authentic photo. Video is optional."
"5JQRSHABWBMQ52NCPHFZJAPH","757201848015","","Scarlet Thread 500 Gram","Scarlet Thread 500 Gram","Unknown","500 GRAM FINALE","Regular","Unknown","500 Gram","no_match","No sufficiently specific candidate identified in the two Dynamite catalog files.","Unknown","Manufacturer or UPC/model, exact package/variant and corresponding photo/video.","793","796","796","Items","794","candidate_requires_package_review","","Unknown","Unknown","","""757201848015"" fireworks","https://dosgringosfireworks.com/scarlet-thread/","Code found in public source; package/brand/image and any conflicts still need individual verification.","Verify manufacturer/model and exact retail package; inspect and acquire its authentic photo. Video is optional."
"4FSMJRLSNUAD2WCQM35D554W","8145270157619","","Screaming Eagles","Screaming Eagles","Unknown","Unknown","Regular","Unknown","Unknown","no_match","No sufficiently specific candidate identified in the two Dynamite catalog files.","Unknown","Manufacturer or UPC/model, exact package/variant and corresponding photo/video.","794","797","797","Items","795","candidate_requires_package_review","","Unknown","Unknown","","""8145270157619"" fireworks","https://usa-fireworks.com/products/aerial-all-cakes/aerial-500-gram-cakes/screaming-eagles/ | https://beta2024.usa-fireworks.com/products/aerial-all-cakes/aerial-500-gram-cakes/screaming-eagle/","Code found in public source; package/brand/image and any conflicts still need individual verification.","Verify manufacturer/model and exact retail package; inspect and acquire its authentic photo. Video is optional."
"CGTZLRFLVBLJADNUMR2I7V6D","687985714315","","Screeching Eagle","Screeching Eagle","Unknown","Fountains","Regular","Unknown","Unknown","no_match","No sufficiently specific candidate identified in the two Dynamite catalog files.","Unknown","Manufacturer or UPC/model, exact package/variant and corresponding photo/video.","795","798","798","Items","796","no_verified_identity","","Unknown","Unknown","","""687985714315"" fireworks","","No verified product identity from the searched code/name. Generic names and store SKUs are insufficient to assign a photo.","Verify manufacturer/model and exact retail package; inspect and acquire its authentic photo. Video is optional."
"IDRRN7PXEHU5ESAIDFWNUFCC","687985912209","","Secret Vault Family Pack","Secret Vault Family Pack","Unknown","Family Pack Assortments","Regular","Unknown","Unknown","no_match","No sufficiently specific candidate identified in the two Dynamite catalog files.","Unknown","Manufacturer or UPC/model, exact package/variant and corresponding photo/video.","796","799","799","Items","797","candidate_requires_package_review","","Unknown","Unknown","","""687985912209"" fireworks","https://shop.midnightmadnessfireworks.com/AT293-Secret-Vault-Assortment-R-PC/","Code found in public source; package/brand/image and any conflicts still need individual verification.","Verify manufacturer/model and exact retail package; inspect and acquire its authentic photo. Video is optional."
"ALNYFHJRL6SEF3PJ2DCWDWJB","695071405955","","Seismic Snaps","Seismic Snaps","Unknown","Unknown","Regular","Unknown","Unknown","no_match","No sufficiently specific candidate identified in the two Dynamite catalog files.","Unknown","Manufacturer or UPC/model, exact package/variant and corresponding photo/video.","797","800","800","Items","798","no_verified_identity","","Unknown","Unknown","","""695071405955"" fireworks","","No verified product identity from the searched code/name. Generic names and store SKUs are insufficient to assign a photo.","Verify manufacturer/model and exact retail package; inspect and acquire its authentic photo. Video is optional."
"HBOU625S5LEK4PCVRH53HOQG","687985901104","","Serious Equipment 48 Shells","Serious Equipment 48 Shells","Unknown","Unknown","Regular","Unknown","48 Shells","no_match","No sufficiently specific candidate identified in the two Dynamite catalog files.","Unknown","Manufacturer or UPC/model, exact package/variant and corresponding photo/video.","798","801","801","Items","799","no_verified_identity","","Unknown","Unknown","","""687985901104"" fireworks","","No verified product identity from the searched code/name. Generic names and store SKUs are insufficient to assign a photo.","Verify manufacturer/model and exact retail package; inspect and acquire its authentic photo. Video is optional."
"6SGGZX66ZYR44X62PWKO7V33","8572015003786","","Shark Attack 4 Pack","Shark Attack 4 Pack","Unknown","Unknown","Regular","Unknown","4 Pack","no_match","No sufficiently specific candidate identified in the two Dynamite catalog files.","Unknown","Manufacturer or UPC/model, exact package/variant and corresponding photo/video.","799","802","802","Items","800","no_verified_identity","","Unknown","Unknown","","""8572015003786"" fireworks","","No verified product identity from the searched code/name. Generic names and store SKUs are insufficient to assign a photo.","Verify manufacturer/model and exact retail package; inspect and acquire its authentic photo. Video is optional."
"NQH4FU2CQFAFPYQORARDZJR5","681402053018","","Shinobi","Shinobi","Unknown","Unknown","Regular","Unknown","Unknown","no_match","No sufficiently specific candidate identified in the two Dynamite catalog files.","Unknown","Manufacturer or UPC/model, exact package/variant and corresponding photo/video.","800","803","803","Items","801","no_verified_identity","","Unknown","Unknown","","""681402053018"" fireworks","","No verified product identity from the searched code/name. Generic names and store SKUs are insufficient to assign a photo.","Verify manufacturer/model and exact retail package; inspect and acquire its authentic photo. Video is optional."
"FX3FZDERMCEZQ4YL3PDCIQQD","805253413214","","Show Me Your Kitties 200 gr","Show Me Your Kitties 200 gr","Unknown","Unknown","Regular","Unknown","Unknown","no_match","No sufficiently specific candidate identified in the two Dynamite catalog files.","Unknown","Manufacturer or UPC/model, exact package/variant and corresponding photo/video.","801","804","804","Items","802","no_verified_identity","","Unknown","Unknown","","""805253413214"" fireworks","","No verified product identity from the searched code/name. Generic names and store SKUs are insufficient to assign a photo.","Verify manufacturer/model and exact retail package; inspect and acquire its authentic photo. Video is optional."
"O4MEQ2OSWJYYBCA5R6ZYCN3Z","753321710713","","Shower Of Sparks 5 Pcs","Shower Of Sparks 5 Pcs","Unknown","Unknown","Regular","Unknown","5 Pcs","no_match","No sufficiently specific candidate identified in the two Dynamite catalog files.","Unknown","Manufacturer or UPC/model, exact package/variant and corresponding photo/video.","802","805","805","Items","803","no_verified_identity","","Unknown","Unknown","","""753321710713"" fireworks","","No verified product identity from the searched code/name. Generic names and store SKUs are insufficient to assign a photo.","Verify manufacturer/model and exact retail package; inspect and acquire its authentic photo. Video is optional."
"RXEDQUZWB3J67HDB622CHTLT","757201520058","","Silent Assasin","Silent Assasin","Unknown","Unknown","Regular","Unknown","Unknown","no_match","No sufficiently specific candidate identified in the two Dynamite catalog files.","Unknown","Manufacturer or UPC/model, exact package/variant and corresponding photo/video.","803","806","806","Items","804","candidate_requires_package_review","","Unknown","Unknown","","""757201520058"" fireworks","https://www.raccoonfireworksusa.com/product-page/silent-assassin","Code found in public source; package/brand/image and any conflicts still need individual verification.","Verify manufacturer/model and exact retail package; inspect and acquire its authentic photo. Video is optional."
"6TL5MEXW2T74PYUHAH26HOD2","705108320509","","Silent Mode","Silent Mode","Unknown","Fountains","Regular","Unknown","Unknown","no_match","No sufficiently specific candidate identified in the two Dynamite catalog files.","Unknown","Manufacturer or UPC/model, exact package/variant and corresponding photo/video.","804","807","807","Items","805","candidate_requires_package_review","","Unknown","Unknown","","""705108320509"" fireworks","https://www.getwinda.com/product-page/silent-mode","Code found in public source; package/brand/image and any conflicts still need individual verification.","Verify manufacturer/model and exact retail package; inspect and acquire its authentic photo. Video is optional."
"44TDILAVET7KFW3RUYZOHEBZ","514677002255","","Silent Treatment Fountain","Silent Treatment Fountain","Unknown","Unknown","Regular","Unknown","Unknown","no_match","No sufficiently specific candidate identified in the two Dynamite catalog files.","Unknown","Manufacturer or UPC/model, exact package/variant and corresponding photo/video.","805","808","808","Items","806","no_verified_identity","","Unknown","Unknown","","""514677002255"" fireworks","","No verified product identity from the searched code/name. Generic names and store SKUs are insufficient to assign a photo.","Verify manufacturer/model and exact retail package; inspect and acquire its authentic photo. Video is optional."
"ELPXYS33RVPQWPNX3ESR377E","814527310616","","Skull Force","Skull Force","Unknown","Unknown","Regular","Unknown","Unknown","no_match","No sufficiently specific candidate identified in the two Dynamite catalog files.","Unknown","Manufacturer or UPC/model, exact package/variant and corresponding photo/video.","806","809","809","Items","807","candidate_requires_package_review","","Unknown","Unknown","","""814527310616"" fireworks","https://beta2024.usa-fireworks.com/products/aerial-all-cakes/aerial-200-gram-cakes/skull-force/ | https://staging.usa-fireworks.com/products/aerial-all-cakes/aerial-200-gram-cakes/skull-force/","Code found in public source; package/brand/image and any conflicts still need individual verification.","Verify manufacturer/model and exact retail package; inspect and acquire its authentic photo. Video is optional."
"UKIQLFU5SEJTMJHR6AKHDO3E","695071589198","","Skull King 200 Gram 16 Shot","Skull King 200 Gram 16 Shot","Unknown","Unknown","Regular","Unknown","200 Gram | 16 Shot","no_match","No sufficiently specific candidate identified in the two Dynamite catalog files.","Unknown","Manufacturer or UPC/model, exact package/variant and corresponding photo/video.","807","810","810","Items","808","no_verified_identity","","Unknown","Unknown","","""695071589198"" fireworks","","No verified product identity from the searched code/name. Generic names and store SKUs are insufficient to assign a photo.","Verify manufacturer/model and exact retail package; inspect and acquire its authentic photo. Video is optional."
"DHKAYQL2A5JTRZQGUAUPKSIC","695071403500","","Skull Popper 6 Pk","Skull Popper 6 Pk","Unknown","Unknown","Regular","Unknown","Unknown","no_match","No sufficiently specific candidate identified in the two Dynamite catalog files.","Unknown","Manufacturer or UPC/model, exact package/variant and corresponding photo/video.","808","811","811","Items","809","no_verified_identity","","Unknown","Unknown","","""695071403500"" fireworks","","No verified product identity from the searched code/name. Generic names and store SKUs are insufficient to assign a photo.","Verify manufacturer/model and exact retail package; inspect and acquire its authentic photo. Video is optional."
"WTLUAOGLASBOLXA3LAEELXAQ","715244065301","","Sky Ink 200G","Sky Ink 200G","Unknown","Unknown","Regular","Unknown","200G","no_match","No sufficiently specific candidate identified in the two Dynamite catalog files.","Unknown","Manufacturer or UPC/model, exact package/variant and corresponding photo/video.","809","812","812","Items","810","no_verified_identity","","Unknown","Unknown","","""715244065301"" fireworks","","No verified product identity from the searched code/name. Generic names and store SKUs are insufficient to assign a photo.","Verify manufacturer/model and exact retail package; inspect and acquire its authentic photo. Video is optional."
"TE2L56XEDWRPQVTX4WF7ZYPE","652001110037","","Sky Laterns","Sky Laterns","Unknown","Unknown","Regular","Unknown","Unknown","no_match","No sufficiently specific candidate identified in the two Dynamite catalog files.","Unknown","Manufacturer or UPC/model, exact package/variant and corresponding photo/video.","810","813","813","Items","811","candidate_requires_package_review","","Unknown","Unknown","","Compared code against official Winco UPC reference","https://www.wincofireworks.com/wp-content/uploads/2022/03/UPC-Excel-List_3.25.2022_r2.pdf","Code found in public source; package/brand/image and any conflicts still need individual verification.","Verify manufacturer/model and exact retail package; inspect and acquire its authentic photo. Video is optional."
"64FX5VZCXQGIRO6L3MNRJR3F","674662508138","","Sky Laterns","Sky Laterns","Unknown","Unknown","Regular","Unknown","Unknown","no_match","No sufficiently specific candidate identified in the two Dynamite catalog files.","Unknown","Manufacturer or UPC/model, exact package/variant and corresponding photo/video.","811","814","814","Items","812","no_verified_identity","","Unknown","Unknown","","""674662508138"" fireworks","","No verified product identity from the searched code/name. Generic names and store SKUs are insufficient to assign a photo.","Verify manufacturer/model and exact retail package; inspect and acquire its authentic photo. Video is optional."
"C3Z2RS7D6ATU276R6GFDRQJY","757202118025","","Sky Painter Fountain","Sky Painter Fountain","Unknown","Fountains","Regular","Unknown","Unknown","no_match","No sufficiently specific candidate identified in the two Dynamite catalog files.","Unknown","Manufacturer or UPC/model, exact package/variant and corresponding photo/video.","812","815","815","Items","813","candidate_requires_package_review","","Unknown","Unknown","","""757202118025"" fireworks","https://gbfireworks.com/products/sky-painter","Code found in public source; package/brand/image and any conflicts still need individual verification.","Verify manufacturer/model and exact retail package; inspect and acquire its authentic photo. Video is optional."
"LCUKICYEVG6O6GGZEFQMVWYJ","687985121717","","Skybolt (5 sticks)","Skybolt (5 sticks)","Unknown","Stick Rockets","Regular","Unknown","5 sticks","conflict","Square Skybolt specifies five sticks; Firehawk source photo shows a freestanding missile. Presentation does not agree.","products.json[103] Skybolt / Firehawk / /products/skybolt.png","Manufacturer or UPC/model, exact package/variant and corresponding photo/video.","814","817","817","Items","815","data_conflict","","Brothers","BP1217","","""687985121717"" fireworks","https://www.brotherspyrotechnics.com/Cover | https://americanwholesalefireworks.com/skybolt-rocket/","Square code 687985121717 identifies Brothers BP1217, a five-pack of stick rockets, independently verified against the manufacturer and American Wholesale. The local Dynamite Skybolt photo is a Firehawk freestanding missile with fins: different brand, form and presentation. Reject that photo and video.","Acquire and visually verify a genuine Brothers BP1217 five-rocket retail photo; do not reuse Firehawk Skybolt."
"K2OSHKB5T4AD2TTS65UQK4JA","757202120042","","Slam Dunk Fountain","Slam Dunk Fountain","Unknown","Fountains","Regular","Unknown","Unknown","no_match","No sufficiently specific candidate identified in the two Dynamite catalog files.","Unknown","Manufacturer or UPC/model, exact package/variant and corresponding photo/video.","815","818","818","Items","816","no_verified_identity","","Unknown","Unknown","","""757202120042"" fireworks","","No verified product identity from the searched code/name. Generic names and store SKUs are insufficient to assign a photo.","Verify manufacturer/model and exact retail package; inspect and acquire its authentic photo. Video is optional."
"UCFNVVHNNAU65DR3NT3CHQAH","","","Small Biker Gang Novelty","Small Biker Gang Novelty","Unknown","Unknown","Regular","Unknown","Unknown","no_match","No sufficiently specific candidate identified in the two Dynamite catalog files.","Unknown","Manufacturer or UPC/model, exact package/variant and corresponding photo/video.","816","819","819","Items","817","no_verified_identity","","Unknown","Unknown","","""Small Biker Gang Novelty"" fireworks manufacturer","","No verified product identity from the searched code/name. Generic names and store SKUs are insufficient to assign a photo.","Verify manufacturer/model and exact retail package; inspect and acquire its authentic photo. Video is optional."
"IDRU6XRW7BWBX53PXMETFDDW","725272730744","","Small Fire Truck Novelty","Small Fire Truck Novelty","Unknown","Unknown","Regular","Unknown","Unknown","no_match","No sufficiently specific candidate identified in the two Dynamite catalog files.","Unknown","Manufacturer or UPC/model, exact package/variant and corresponding photo/video.","817","820","820","Items","818","no_verified_identity","","Unknown","Unknown","","""725272730744"" fireworks","","No verified product identity from the searched code/name. Generic names and store SKUs are insufficient to assign a photo.","Verify manufacturer/model and exact retail package; inspect and acquire its authentic photo. Video is optional."
"QR6JZFJ3F5O3DOF23GO3E274","887946001649","","Small Military Parachute","Small Military Parachute","Unknown","Unknown","Regular","Unknown","Unknown","probable","Name identifies a candidate only; manufacturer and exact presentation have not been established.","products.json[189] Military Parachute / Winda / /products/military-parachute.png","Manufacturer or UPC/model, exact package/variant and corresponding photo/video.","818","821","821","Items","819","no_verified_identity","","Unknown","Unknown","","""887946001649"" fireworks","","No verified product identity from the searched code/name. Generic names and store SKUs are insufficient to assign a photo.","Verify manufacturer/model and exact retail package; inspect and acquire its authentic photo. Video is optional."
"CUMAYLL4GFQA4YQRN27UWOCT","887946001823","","Small Military Paratropper","Small Military Paratropper","Unknown","Unknown","Regular","Unknown","Unknown","no_match","No sufficiently specific candidate identified in the two Dynamite catalog files.","Unknown","Manufacturer or UPC/model, exact package/variant and corresponding photo/video.","819","822","822","Items","820","no_verified_identity","","Unknown","Unknown","","""887946001823"" fireworks","","No verified product identity from the searched code/name. Generic names and store SKUs are insufficient to assign a photo.","Verify manufacturer/model and exact retail package; inspect and acquire its authentic photo. Video is optional."
"3ADFA4L7TG6JSPJDUV7IJW4C","725272730782","","Small Police Car Novelty","Small Police Car Novelty","Unknown","Unknown","Regular","Unknown","Unknown","no_match","No sufficiently specific candidate identified in the two Dynamite catalog files.","Unknown","Manufacturer or UPC/model, exact package/variant and corresponding photo/video.","820","823","823","Items","821","no_verified_identity","","Unknown","Unknown","","""725272730782"" fireworks","","No verified product identity from the searched code/name. Generic names and store SKUs are insufficient to assign a photo.","Verify manufacturer/model and exact retail package; inspect and acquire its authentic photo. Video is optional."
"36MIDNKLKXE6BD6ZCKP33MAW","725272730775","","Small Skateboard Dude Novelty","Small Skateboard Dude Novelty","Unknown","Unknown","Regular","Unknown","Unknown","no_match","No sufficiently specific candidate identified in the two Dynamite catalog files.","Unknown","Manufacturer or UPC/model, exact package/variant and corresponding photo/video.","821","824","824","Items","822","no_verified_identity","","Unknown","Unknown","","""725272730775"" fireworks","","No verified product identity from the searched code/name. Generic names and store SKUs are insufficient to assign a photo.","Verify manufacturer/model and exact retail package; inspect and acquire its authentic photo. Video is optional."
"B5PYMHTQP5GIGI7BPYVXIEQG","816597924397","","Small Tank","Small Tank","Unknown","Unknown","Regular","Unknown","Unknown","no_match","No sufficiently specific candidate identified in the two Dynamite catalog files.","Unknown","Manufacturer or UPC/model, exact package/variant and corresponding photo/video.","822","825","825","Items","823","candidate_requires_package_review","","Unknown","Unknown","","""816597924397"" fireworks","https://whitelightningfireworks.com/NV120-Tank-Fireworks-R-PC/","Code found in public source; package/brand/image and any conflicts still need individual verification.","Verify manufacturer/model and exact retail package; inspect and acquire its authentic photo. Video is optional."
"IR4HFV2V4UFXVMGII7UKDZUS","705108070510","","Small Tank","Small Tank","Unknown","Unknown","Tank","Tank","Unknown","no_match","No sufficiently specific candidate identified in the two Dynamite catalog files.","Unknown","Manufacturer or UPC/model, exact package/variant and corresponding photo/video.","823","826","826","Items","824","no_verified_identity","","Unknown","Unknown","","""705108070510"" fireworks","","No verified product identity from the searched code/name. Generic names and store SKUs are insufficient to assign a photo.","Verify manufacturer/model and exact retail package; inspect and acquire its authentic photo. Video is optional."
"BMR7JEOTMDGL54REFWSSF5II","816597924403","","Small Tank 12 Pack","Small Tank 12 Pack","Unknown","Unknown","Regular","Unknown","12 Pack","no_match","No sufficiently specific candidate identified in the two Dynamite catalog files.","Unknown","Manufacturer or UPC/model, exact package/variant and corresponding photo/video.","824","827","827","Items","825","no_verified_identity","","Unknown","Unknown","","""816597924403"" fireworks","","No verified product identity from the searched code/name. Generic names and store SKUs are insufficient to assign a photo.","Verify manufacturer/model and exact retail package; inspect and acquire its authentic photo. Video is optional."
"EUMY5KCK234U6I7QG6EPUBCY","687985435418","","Smash Hit","Smash Hit","Unknown","Fountains","Regular","Unknown","Unknown","no_match","No sufficiently specific candidate identified in the two Dynamite catalog files.","Unknown","Manufacturer or UPC/model, exact package/variant and corresponding photo/video.","825","828","828","Items","826","candidate_requires_package_review","","Unknown","Unknown","","""687985435418"" fireworks","https://americanwholesalefireworks.com/smash-hit/ | https://lowcountryfireworks.com/FN430-R-PC/ | https://dosgringosfireworks.com/FN430-R-PC/ | https://501pyro.com/smash-hit-brothers/","Code found in public source; package/brand/image and any conflicts still need individual verification.","Verify manufacturer/model and exact retail package; inspect and acquire its authentic photo. Video is optional."
"ME7MEP7XSA56DBH43DBACC54","821600012039","","Smoke Artillery Shell","Smoke Artillery Shell","Unknown","Unknown","Regular","Unknown","Unknown","no_match","No sufficiently specific candidate identified in the two Dynamite catalog files.","Unknown","Manufacturer or UPC/model, exact package/variant and corresponding photo/video.","827","830","830","Items","828","no_verified_identity","","Unknown","Unknown","","""821600012039"" fireworks","","No verified product identity from the searched code/name. Generic names and store SKUs are insufficient to assign a photo.","Verify manufacturer/model and exact retail package; inspect and acquire its authentic photo. Video is optional."
"AIIEVSFXVBRCO47FLHGNO2Z7","821600002030","","Smoke Balls","Smoke Balls","Unknown","Unknown","Regular","Unknown","Unknown","no_match","No sufficiently specific candidate identified in the two Dynamite catalog files.","Unknown","Manufacturer or UPC/model, exact package/variant and corresponding photo/video.","828","831","831","Items","829","no_verified_identity","","Unknown","Unknown","","""821600002030"" fireworks","","No verified product identity from the searched code/name. Generic names and store SKUs are insufficient to assign a photo.","Verify manufacturer/model and exact retail package; inspect and acquire its authentic photo. Video is optional."
"DKB6UEB67H55UXXAKHRGO4Q2","887946021036","","Smoke Balls Box 72 Pieces","Smoke Balls Box 72 Pieces","Unknown","Unknown","Regular","Unknown","Unknown","no_match","No sufficiently specific candidate identified in the two Dynamite catalog files.","Unknown","Manufacturer or UPC/model, exact package/variant and corresponding photo/video.","829","832","832","Items","830","no_verified_identity","","Unknown","Unknown","","""887946021036"" fireworks","","No verified product identity from the searched code/name. Generic names and store SKUs are insufficient to assign a photo.","Verify manufacturer/model and exact retail package; inspect and acquire its authentic photo. Video is optional."
"I3FAHXWTEBSV74DBN47OSRTC","027736035564","","Smoke Grenade","Smoke Grenade","Unknown","Unknown","Regular","Unknown","Unknown","no_match","No sufficiently specific candidate identified in the two Dynamite catalog files.","Unknown","Manufacturer or UPC/model, exact package/variant and corresponding photo/video.","830","833","833","Items","831","no_verified_identity","","Unknown","Unknown","","""027736035564"" fireworks","","No verified product identity from the searched code/name. Generic names and store SKUs are insufficient to assign a photo.","Verify manufacturer/model and exact retail package; inspect and acquire its authentic photo. Video is optional."
"VI6MKFDJY44SCVZ2HFWQG53R","8145270186817","","Smoke Grenade  2pc BOGO","Smoke Grenade 2pc","Unknown","Unknown","Regular","Unknown","2pc","no_match","No sufficiently specific candidate identified in the two Dynamite catalog files.","Unknown","Manufacturer or UPC/model, exact package/variant and corresponding photo/video.","831","834","834","Items","832","no_verified_identity","","Unknown","Unknown","","""8145270186817"" fireworks","","No verified product identity from the searched code/name. Generic names and store SKUs are insufficient to assign a photo.","Verify manufacturer/model and exact retail package; inspect and acquire its authentic photo. Video is optional."
"JJYGWFKEJPWNWFZJ4SFH67SB","725272730751","","Smoke Grenade Color Pull Pin","Smoke Grenade Color Pull Pin","Unknown","Unknown","Regular","Unknown","Unknown","no_match","No sufficiently specific candidate identified in the two Dynamite catalog files.","Unknown","Manufacturer or UPC/model, exact package/variant and corresponding photo/video.","832","835","835","Items","833","no_verified_identity","","Unknown","Unknown","","""725272730751"" fireworks","","No verified product identity from the searched code/name. Generic names and store SKUs are insufficient to assign a photo.","Verify manufacturer/model and exact retail package; inspect and acquire its authentic photo. Video is optional."
"Y5KJZEMQ3YT2HSORELWNXMQA","887946050234","","Snake Package","Snake Package","Unknown","Unknown","Regular","Unknown","Unknown","no_match","No sufficiently specific candidate identified in the two Dynamite catalog files.","Unknown","Manufacturer or UPC/model, exact package/variant and corresponding photo/video.","833","836","836","Items","834","no_verified_identity","","Unknown","Unknown","","""887946050234"" fireworks","","No verified product identity from the searched code/name. Generic names and store SKUs are insufficient to assign a photo.","Verify manufacturer/model and exact retail package; inspect and acquire its authentic photo. Video is optional."
"CLCR26IVZCUSZQQ54T4PIWIO","715244003440","","Snake Package","Snake Package","Unknown","Unknown","Assorted Snakes","Assorted Snakes","Unknown","no_match","No sufficiently specific candidate identified in the two Dynamite catalog files.","Unknown","Manufacturer or UPC/model, exact package/variant and corresponding photo/video.","834","837","837","Items","835","candidate_requires_package_review","","Unknown","Unknown","","Compared code against official Winco UPC reference","https://www.wincofireworks.com/wp-content/uploads/2022/03/UPC-Excel-List_3.25.2022_r2.pdf","Code found in public source; package/brand/image and any conflicts still need individual verification.","Verify manufacturer/model and exact retail package; inspect and acquire its authentic photo. Video is optional."
"CQWQUWJGDGP4XMUTBNF6CVHN","600000085009","","Snappers","Snappers","Unknown","Unknown","Regular","Unknown","Unknown","no_match","No sufficiently specific candidate identified in the two Dynamite catalog files.","Unknown","Manufacturer or UPC/model, exact package/variant and corresponding photo/video.","835","838","838","Items","836","no_verified_identity","","Unknown","Unknown","","""600000085009"" fireworks","","No verified product identity from the searched code/name. Generic names and store SKUs are insufficient to assign a photo.","Verify manufacturer/model and exact retail package; inspect and acquire its authentic photo. Video is optional."
"UBCURPSLOYG22MXQUSCEACJ2","8145270186213","","Snappers BOGO","Snappers","Unknown","Unknown","Regular","Unknown","Unknown","no_match","No sufficiently specific candidate identified in the two Dynamite catalog files.","Unknown","Manufacturer or UPC/model, exact package/variant and corresponding photo/video.","836","839","839","Items","837","candidate_requires_package_review","","Unknown","Unknown","","""8145270186213"" fireworks","https://usa-fireworks.com/products/novelty/snappers-large-box/","Code found in public source; package/brand/image and any conflicts still need individual verification.","Verify manufacturer/model and exact retail package; inspect and acquire its authentic photo. Video is optional."
"2AARIAYAE44WQKSSNH7V2PBO","","888000085001","Snaps BOGO","Snaps","Unknown","Unknown","Regular","Unknown","Unknown","no_match","No sufficiently specific candidate identified in the two Dynamite catalog files.","Unknown","Manufacturer or UPC/model, exact package/variant and corresponding photo/video.","837","840","840","Items","838","no_verified_identity","","Unknown","Unknown","","""888000085001"" fireworks","","No verified product identity from the searched code/name. Generic names and store SKUs are insufficient to assign a photo.","Verify manufacturer/model and exact retail package; inspect and acquire its authentic photo. Video is optional."
"4R67JJWNKKF3QWUW3XTFBMFB","8145270163214","","Sniper 24 Shells","Sniper 24 Shells","Unknown","Unknown","Regular","Unknown","24 Shells","no_match","No sufficiently specific candidate identified in the two Dynamite catalog files.","Unknown","Manufacturer or UPC/model, exact package/variant and corresponding photo/video.","838","841","841","Items","839","candidate_requires_package_review","","Unknown","Unknown","","""8145270163214"" fireworks","https://staging.usa-fireworks.com/products/artillery-shells/sniper/ | https://usa-fireworks.com/products/artillery-shells/sniper/ | https://americanwholesalefireworks.com/sniper/","Code found in public source; package/brand/image and any conflicts still need individual verification.","Verify manufacturer/model and exact retail package; inspect and acquire its authentic photo. Video is optional."
"KR3RZM5CYN7RTB47WMIVTE3H","757201112017","","Sniper Fire 12 Shot","Sniper Fire 12 Shot","Unknown","Unknown","Regular","Unknown","12 Shot","no_match","No sufficiently specific candidate identified in the two Dynamite catalog files.","Unknown","Manufacturer or UPC/model, exact package/variant and corresponding photo/video.","839","842","842","Items","840","candidate_requires_package_review","","Unknown","Unknown","","""757201112017"" fireworks","https://usa-fireworks.com/products/artillery-shells/sniper-fire/","Code found in public source; package/brand/image and any conflicts still need individual verification.","Verify manufacturer/model and exact retail package; inspect and acquire its authentic photo. Video is optional."
"QT4SJRW6RTVNYE3I2OXOAM4Q","821600011261","","Snow Cone Fountain","Snow Cone Fountain","Unknown","Fountains","Regular","Unknown","Unknown","probable","Name identifies a candidate only; manufacturer and exact presentation have not been established.","products.json[114] Snow Cone / Winda / /products/snow-cone.png","Manufacturer or UPC/model, exact package/variant and corresponding photo/video.","841","844","844","Items","842","no_verified_identity","","Unknown","Unknown","","""821600011261"" fireworks","","No verified product identity from the searched code/name. Generic names and store SKUs are insufficient to assign a photo.","Verify manufacturer/model and exact retail package; inspect and acquire its authentic photo. Video is optional."
"WAAAG3RM5BHMZNQJ6PELW6V3","132191819472","","Snowcone","Snowcone","Unknown","Fountains","Regular","Unknown","Unknown","probable","Name identifies a candidate only; manufacturer and exact presentation have not been established.","products.json[114] Snow Cone / Winda / /products/snow-cone.png | products.json[184] Handheld Snow Cone / Winda / /products/handheld-snow-cone.png","Manufacturer or UPC/model, exact package/variant and corresponding photo/video.","842","845","845","Items","843","no_verified_identity","","Unknown","Unknown","","""132191819472"" fireworks","","No verified product identity from the searched code/name. Generic names and store SKUs are insufficient to assign a photo.","Verify manufacturer/model and exact retail package; inspect and acquire its authentic photo. Video is optional."
"HWSLHV2QS7CBXJJXIS6GPRY7","705108309733","","Snowcone","Snowcone","Unknown","Fountains","Regular","Unknown","Unknown","probable","Name identifies a candidate only; manufacturer and exact presentation have not been established.","products.json[114] Snow Cone / Winda / /products/snow-cone.png | products.json[184] Handheld Snow Cone / Winda / /products/handheld-snow-cone.png","Manufacturer or UPC/model, exact package/variant and corresponding photo/video.","843","846","846","Items","844","candidate_requires_package_review","","Unknown","Unknown","","""705108309733"" fireworks","https://www.wincofireworks.com/wp-content/uploads/2022/02/Pyro-Scan-UPC-ITEM-Database-February-2022-Sorted-By-Item-Name.pdf","Code found in public source; package/brand/image and any conflicts still need individual verification.","Verify manufacturer/model and exact retail package; inspect and acquire its authentic photo. Video is optional."
"7HSTZSPFLZOBUPYELG63T6TG","705108309740","","Snowcone Individual","Snowcone Individual","Unknown","Fountains","Regular","Unknown","Unknown","probable","Name identifies a candidate only; manufacturer and exact presentation have not been established.","products.json[114] Snow Cone / Winda / /products/snow-cone.png","Manufacturer or UPC/model, exact package/variant and corresponding photo/video.","844","847","847","Items","845","candidate_requires_package_review","","Unknown","Unknown","","""705108309740"" fireworks","https://beta2024.usa-fireworks.com/products/fountains/fountains-200-gram/product-1395-variation-4/ | https://www.wincofireworks.com/wp-content/uploads/2022/02/Pyro-Scan-UPC-ITEM-Database-February-2022-Sorted-By-Item-Name.pdf","Code found in public source; package/brand/image and any conflicts still need individual verification.","Verify manufacturer/model and exact retail package; inspect and acquire its authentic photo. Video is optional."
"56UUUYAARKPLGMOGR523LF2P","887946041218","","Soda Foundation","Soda Foundation","Unknown","Fountains","Regular","Unknown","Unknown","no_match","No sufficiently specific candidate identified in the two Dynamite catalog files.","Unknown","Manufacturer or UPC/model, exact package/variant and corresponding photo/video.","845","848","848","Items","846","no_verified_identity","","Unknown","Unknown","","""887946041218"" fireworks","","No verified product identity from the searched code/name. Generic names and store SKUs are insufficient to assign a photo.","Verify manufacturer/model and exact retail package; inspect and acquire its authentic photo. Video is optional."
"5D6GORADGNMEPLTPWFS3A6BA","687985247219","","Sons of Liberty 500 Gram","Sons of Liberty 500 Gram","Unknown","500 GRAM FINALE","Regular","Unknown","500 Gram","no_match","No sufficiently specific candidate identified in the two Dynamite catalog files.","Unknown","Manufacturer or UPC/model, exact package/variant and corresponding photo/video.","846","849","849","Items","847","candidate_requires_package_review","","Unknown","Unknown","","""687985247219"" fireworks","https://americanwholesalefireworks.com/sons-of-liberty/","Code found in public source; package/brand/image and any conflicts still need individual verification.","Verify manufacturer/model and exact retail package; inspect and acquire its authentic photo. Video is optional."
"DV3XLNU5AXWRHKJTQQ7FF4AU","","841527160361","Sound of Moo-sic","Sound of Moo-sic","Unknown","Fountains","Regular","Unknown","Unknown","no_match","No sufficiently specific candidate identified in the two Dynamite catalog files.","Unknown","Manufacturer or UPC/model, exact package/variant and corresponding photo/video.","847","850","850","Items","848","no_verified_identity","","Unknown","Unknown","","""841527160361"" fireworks","","No verified product identity from the searched code/name. Generic names and store SKUs are insufficient to assign a photo.","Verify manufacturer/model and exact retail package; inspect and acquire its authentic photo. Video is optional."
"EOQSDKHNYNKDGEYU7SYZDMGF","805253407923","","Space Cowboy Bogo","Space Cowboy","Unknown","Unknown","Regular","Unknown","Unknown","no_match","No sufficiently specific candidate identified in the two Dynamite catalog files.","Unknown","Manufacturer or UPC/model, exact package/variant and corresponding photo/video.","848","851","851","Items","849","candidate_requires_package_review","","Unknown","Unknown","","""805253407923"" fireworks","https://beta2024.usa-fireworks.com/products/new-products/space-cowboy/","Code found in public source; package/brand/image and any conflicts still need individual verification.","Verify manufacturer/model and exact retail package; inspect and acquire its authentic photo. Video is optional."
"ZXRSIXTYSH6M7CLJQKS7SNB5","705108202706","","Space Falcon (5 sticks)","Space Falcon (5 sticks)","Unknown","Stick Rockets","Regular","Unknown","5 sticks","no_match","No sufficiently specific candidate identified in the two Dynamite catalog files.","Unknown","Manufacturer or UPC/model, exact package/variant and corresponding photo/video.","849","852","852","Items","850","candidate_requires_package_review","","Unknown","Unknown","","Compared code against official Winco UPC reference","https://www.wincofireworks.com/wp-content/uploads/2022/03/UPC-Excel-List_3.25.2022_r2.pdf","Code found in public source; package/brand/image and any conflicts still need individual verification.","Verify manufacturer/model and exact retail package; inspect and acquire its authentic photo. Video is optional."
"2RKQ6XDDPPDOXSVF547EXY62","849107065051","","Space Junk","Space Junk","Unknown","Roman Candles","Regular","Unknown","Unknown","no_match","No sufficiently specific candidate identified in the two Dynamite catalog files.","Unknown","Manufacturer or UPC/model, exact package/variant and corresponding photo/video.","850","853","853","Items","851","no_verified_identity","","Unknown","Unknown","","""849107065051"" fireworks","","No verified product identity from the searched code/name. Generic names and store SKUs are insufficient to assign a photo.","Verify manufacturer/model and exact retail package; inspect and acquire its authentic photo. Video is optional."
"YNMK7ZJZKNRBPDU6JK7AJRT3","","687985322411","Spangled Sparklers","Spangled Sparklers","Unknown","Unknown","Regular","Unknown","Unknown","no_match","No sufficiently specific candidate identified in the two Dynamite catalog files.","Unknown","Manufacturer or UPC/model, exact package/variant and corresponding photo/video.","851","854","854","Items","852","no_verified_identity","","Unknown","Unknown","","""687985322411"" fireworks","","No verified product identity from the searched code/name. Generic names and store SKUs are insufficient to assign a photo.","Verify manufacturer/model and exact retail package; inspect and acquire its authentic photo. Video is optional."
"TMJFW6QOYHZPIJO2AYYQES7X","6950165424101","","Sparklers Bogo","Sparklers","Unknown","Unknown","Regular","Unknown","Unknown","no_match","No sufficiently specific candidate identified in the two Dynamite catalog files.","Unknown","Manufacturer or UPC/model, exact package/variant and corresponding photo/video.","852","855","855","Items","853","no_verified_identity","","Unknown","Unknown","","""6950165424101"" fireworks","","No verified product identity from the searched code/name. Generic names and store SKUs are insufficient to assign a photo.","Verify manufacturer/model and exact retail package; inspect and acquire its authentic photo. Video is optional."
"CPOOOXF72UNGR6EWAXHK26JF","849107066041","","Sparklers Bogo","Sparklers","Unknown","Unknown","Regular","Unknown","Unknown","no_match","No sufficiently specific candidate identified in the two Dynamite catalog files.","Unknown","Manufacturer or UPC/model, exact package/variant and corresponding photo/video.","853","856","856","Items","854","no_verified_identity","","Unknown","Unknown","","""849107066041"" fireworks","","No verified product identity from the searched code/name. Generic names and store SKUs are insufficient to assign a photo.","Verify manufacturer/model and exact retail package; inspect and acquire its authentic photo. Video is optional."
"MUEHSXEB6KR5V6ISJ5TUEKHJ","849107066041","","Sparklers Bogo","Sparklers","Unknown","Unknown","Sparklers No.8 BOGO","Sparklers No.8 BOGO","Unknown","no_match","No sufficiently specific candidate identified in the two Dynamite catalog files.","Unknown","Manufacturer or UPC/model, exact package/variant and corresponding photo/video.","854","857","857","Items","855","no_verified_identity","","Unknown","Unknown","","""849107066041"" fireworks","","No verified product identity from the searched code/name. Generic names and store SKUs are insufficient to assign a photo.","Verify manufacturer/model and exact retail package; inspect and acquire its authentic photo. Video is optional."
"BD7G6JJ3PMQ6UGFJDF64A2XL","8052530040416","","Stars Stripes Assortment","Stars Stripes Assortment","Unknown","Family Pack Assortments","Regular","Unknown","Unknown","no_match","No sufficiently specific candidate identified in the two Dynamite catalog files.","Unknown","Manufacturer or UPC/model, exact package/variant and corresponding photo/video.","856","859","859","Items","857","candidate_requires_package_review","","Unknown","Unknown","","""8052530040416"" fireworks","https://thefireworkssuperstore.com/shop/stars-and-stripes-assortment | https://bigdaddyksfireworksoutlet.com/product/stars-stripes/","Code found in public source; package/brand/image and any conflicts still need individual verification.","Verify manufacturer/model and exact retail package; inspect and acquire its authentic photo. Video is optional."
"3XPUBX5CD2SO5BXJAVK5D4PW","8052532451517","","Stars and Stripes Family Pack","Stars and Stripes Family Pack","Unknown","Family Pack Assortments","Regular","Unknown","Unknown","no_match","No sufficiently specific candidate identified in the two Dynamite catalog files.","Unknown","Manufacturer or UPC/model, exact package/variant and corresponding photo/video.","857","860","860","Items","858","candidate_requires_package_review","","Unknown","Unknown","","""8052532451517"" fireworks","https://usa-fireworks.com/products/assortments/stars-stripes/","Code found in public source; package/brand/image and any conflicts still need individual verification.","Verify manufacturer/model and exact retail package; inspect and acquire its authentic photo. Video is optional."
"5O3KCZV7HWLL2CDEY4VOSTEL","715244009312","","Stealth Bomber","Stealth Bomber","Unknown","Unknown","Regular","Unknown","Unknown","no_match","No sufficiently specific candidate identified in the two Dynamite catalog files.","Unknown","Manufacturer or UPC/model, exact package/variant and corresponding photo/video.","858","861","861","Items","859","no_verified_identity","","Unknown","Unknown","","""715244009312"" fireworks","","No verified product identity from the searched code/name. Generic names and store SKUs are insufficient to assign a photo.","Verify manufacturer/model and exact retail package; inspect and acquire its authentic photo. Video is optional."
"Z3WW4AQIC4ZXLQNTMA3PKJAT","","841527142022","Steel Titan Mortar","Steel Titan Mortar","Unknown","Roman Candles","Regular","Unknown","Unknown","no_match","No sufficiently specific candidate identified in the two Dynamite catalog files.","Unknown","Manufacturer or UPC/model, exact package/variant and corresponding photo/video.","859","862","862","Items","860","candidate_requires_package_review","","Unknown","Unknown","","""841527142022"" fireworks","https://www.t-skyfireworks.com/wp-content/uploads/2025/07/2026-Mecha-Product-Catalog.pdf","Code found in public source; package/brand/image and any conflicts still need individual verification.","Verify manufacturer/model and exact retail package; inspect and acquire its authentic photo. Video is optional."
"2BN5Z4GKQHHACJ6BQHH7XB4Y","8052530010914","","Stellar Jets (4 sticks)","Stellar Jets (4 sticks)","Unknown","Stick Rockets","Regular","Unknown","4 sticks","no_match","No sufficiently specific candidate identified in the two Dynamite catalog files.","Unknown","Manufacturer or UPC/model, exact package/variant and corresponding photo/video.","860","863","863","Items","861","candidate_requires_package_review","","Unknown","Unknown","","""8052530010914"" fireworks","https://shop.intergalacticfireworks.com/stellar-jets.html | https://usa-fireworks.com/products/missiles-rockets/stellar-jets-4-pack/ | https://ocfireworks.com/stellar-jets-rockets-4pk/","Code found in public source; package/brand/image and any conflicts still need individual verification.","Verify manufacturer/model and exact retail package; inspect and acquire its authentic photo. Video is optional."
"LZUI6FBWEPODZ6FYNPMSTRRG","900007622062","","Stinger Rockets","Stinger Rockets","Unknown","Unknown","Regular","Unknown","Unknown","no_match","No sufficiently specific candidate identified in the two Dynamite catalog files.","Unknown","Manufacturer or UPC/model, exact package/variant and corresponding photo/video.","861","864","864","Items","862","no_verified_identity","","Unknown","Unknown","","""900007622062"" fireworks","","No verified product identity from the searched code/name. Generic names and store SKUs are insufficient to assign a photo.","Verify manufacturer/model and exact retail package; inspect and acquire its authentic photo. Video is optional."
"PFUMNN4F7CTUD6OCYKHDPQLR","757202110012","","Strato Launcher 100 Shot","Strato Launcher 100 Shot","Unknown","Unknown","Regular","Unknown","100 Shot","no_match","No sufficiently specific candidate identified in the two Dynamite catalog files.","Unknown","Manufacturer or UPC/model, exact package/variant and corresponding photo/video.","862","865","865","Items","863","candidate_requires_package_review","","Unknown","Unknown","","""757202110012"" fireworks","https://americanwholesalefireworks.com/strato-launcher-100s/ | https://www.raccoonfireworksusa.com/product-page/strato-launcher | https://fireworks-superstore.myshopify.com/products/strato-launcher","Code found in public source; package/brand/image and any conflicts still need individual verification.","Verify manufacturer/model and exact retail package; inspect and acquire its authentic photo. Video is optional."
"6ORG5JYKG6FPBMH67P7UPR3E","887946003438","","Striking Rainbow","Striking Rainbow","Unknown","Unknown","Regular","Unknown","Unknown","no_match","No sufficiently specific candidate identified in the two Dynamite catalog files.","Unknown","Manufacturer or UPC/model, exact package/variant and corresponding photo/video.","863","866","866","Items","864","candidate_requires_package_review","","Unknown","Unknown","","""887946003438"" fireworks","https://fliphtml5.com/oyvgf/jwia/Fireworks_and_Special_Effects%3A_A_Selection_Guide/36/ | https://fliphtml5.com/oyvgf/jwia/2024/","Code found in public source; package/brand/image and any conflicts still need individual verification.","Verify manufacturer/model and exact retail package; inspect and acquire its authentic photo. Video is optional."
"3UA3DE63WWEIXYDEIHWR6NFD","757201220040","","Strobing Willow","Strobing Willow","Unknown","Unknown","Regular","Unknown","Unknown","no_match","No sufficiently specific candidate identified in the two Dynamite catalog files.","Unknown","Manufacturer or UPC/model, exact package/variant and corresponding photo/video.","864","867","867","Items","865","candidate_requires_package_review","","Unknown","Unknown","","""757201220040"" fireworks","https://ocfireworks.com/strobing-willow/ | https://www.raccoonfireworksusa.com/product-page/strobing-willow | https://americanwholesalefireworks.com/strobing-willow/ | https://501pyro.com/Strobing-Willow/","Code found in public source; package/brand/image and any conflicts still need individual verification.","Verify manufacturer/model and exact retail package; inspect and acquire its authentic photo. Video is optional."
"JHTD4RDJXZMEZNERSG7EXBGP","757201530392","","Sudden Crisis 30 Shot","Sudden Crisis 30 Shot","Unknown","Unknown","Regular","Unknown","30 Shot","no_match","No sufficiently specific candidate identified in the two Dynamite catalog files.","Unknown","Manufacturer or UPC/model, exact package/variant and corresponding photo/video.","866","869","869","Items","867","no_verified_identity","","Unknown","Unknown","","""757201530392"" fireworks","","No verified product identity from the searched code/name. Generic names and store SKUs are insufficient to assign a photo.","Verify manufacturer/model and exact retail package; inspect and acquire its authentic photo. Video is optional."
"MCJREXVVQE3QRAECUUUZUCYQ","514677002323","","Sugar Pop","Sugar Pop","Unknown","Unknown","Regular","Unknown","Unknown","no_match","No sufficiently specific candidate identified in the two Dynamite catalog files.","Unknown","Manufacturer or UPC/model, exact package/variant and corresponding photo/video.","867","870","870","Items","868","no_verified_identity","","Unknown","Unknown","","""514677002323"" fireworks","","No verified product identity from the searched code/name. Generic names and store SKUs are insufficient to assign a photo.","Verify manufacturer/model and exact retail package; inspect and acquire its authentic photo. Video is optional."
"WM5U5WA7YOACC752AX5JMVOI","681402053988","","Sugar Skull 6"" Artillery Shells 6 Pack","Sugar Skull 6"" Artillery Shells 6 Pack","Unknown","6 Pack Artillery Shells 5""\, 6""","Sugar Skull","Sugar Skull","6"" | 6 Pack","no_match","No sufficiently specific candidate identified in the two Dynamite catalog files.","Unknown","Manufacturer or UPC/model, exact package/variant and corresponding photo/video.","868","871","871","Items","869","no_verified_identity","","Unknown","Unknown","","""681402053988"" fireworks","","No verified product identity from the searched code/name. Generic names and store SKUs are insufficient to assign a photo.","Verify manufacturer/model and exact retail package; inspect and acquire its authentic photo. Video is optional."
"TAYKK7F435S57FPDLPJYV3OZ","681402054008","","Sugar Skull 6"" Artillery Shells 6 Pack","Sugar Skull 6"" Artillery Shells 6 Pack","Unknown","6 Pack Artillery Shells 5""\, 6""","Sugar Skull","Sugar Skull","6"" | 6 Pack","no_match","No sufficiently specific candidate identified in the two Dynamite catalog files.","Unknown","Manufacturer or UPC/model, exact package/variant and corresponding photo/video.","869","872","872","Items","870","no_verified_identity","","Unknown","Unknown","","""681402054008"" fireworks","","No verified product identity from the searched code/name. Generic names and store SKUs are insufficient to assign a photo.","Verify manufacturer/model and exact retail package; inspect and acquire its authentic photo. Video is optional."
"KCBDFWX3QDQK5IQPOL2VZJ7D","681402053971","","Sugar Skull 6"" Artillery Shells 6 Pack","Sugar Skull 6"" Artillery Shells 6 Pack","Unknown","6 Pack Artillery Shells 5""\, 6""","Sugar Skull","Sugar Skull","6"" | 6 Pack","no_match","No sufficiently specific candidate identified in the two Dynamite catalog files.","Unknown","Manufacturer or UPC/model, exact package/variant and corresponding photo/video.","870","873","873","Items","871","no_verified_identity","","Unknown","Unknown","","""681402053971"" fireworks","","No verified product identity from the searched code/name. Generic names and store SKUs are insufficient to assign a photo.","Verify manufacturer/model and exact retail package; inspect and acquire its authentic photo. Video is optional."
"J3U233NEV6JWQT66GGKT72MN","681402053995","","Sugar Skull 6"" Artillery Shells 6 Pack","Sugar Skull 6"" Artillery Shells 6 Pack","Unknown","6 Pack Artillery Shells 5""\, 6""","Sugar Skull","Sugar Skull","6"" | 6 Pack","no_match","No sufficiently specific candidate identified in the two Dynamite catalog files.","Unknown","Manufacturer or UPC/model, exact package/variant and corresponding photo/video.","871","874","874","Items","872","no_verified_identity","","Unknown","Unknown","","""681402053995"" fireworks","","No verified product identity from the searched code/name. Generic names and store SKUs are insufficient to assign a photo.","Verify manufacturer/model and exact retail package; inspect and acquire its authentic photo. Video is optional."
"FZ4UOHXN2PATZIU7FO7IYHQR","202112120298","","Super Cakes 4","Super Cakes 4","Unknown","Unknown","Regular","Unknown","Unknown","no_match","No sufficiently specific candidate identified in the two Dynamite catalog files.","Unknown","Manufacturer or UPC/model, exact package/variant and corresponding photo/video.","872","875","875","Items","873","candidate_requires_package_review","","Unknown","Unknown","","""202112120298"" fireworks","https://h4fireworks.com/products/SUPER-CAKES-81-SHOTS-p554811939","Code found in public source; package/brand/image and any conflicts still need individual verification.","Verify manufacturer/model and exact retail package; inspect and acquire its authentic photo. Video is optional."
"B5TEHG6TB4E35SHGLJC73JTO","816597940212","","Super Jumbo Crackling Balls","Super Jumbo Crackling Balls","Unknown","Unknown","Regular","Unknown","Unknown","no_match","No sufficiently specific candidate identified in the two Dynamite catalog files.","Unknown","Manufacturer or UPC/model, exact package/variant and corresponding photo/video.","873","876","876","Items","874","no_verified_identity","","Unknown","Unknown","","""816597940212"" fireworks","","No verified product identity from the searched code/name. Generic names and store SKUs are insufficient to assign a photo.","Verify manufacturer/model and exact retail package; inspect and acquire its authentic photo. Video is optional."
"TAESPIMBJC3BD7QYPG2HVSW4","8052530140819","","Super Magnum (12 pcs)","Super Magnum (12 pcs)","Unknown","Artillery/Festival Balls","Regular","Unknown","12 pcs","no_match","No sufficiently specific candidate identified in the two Dynamite catalog files.","Unknown","Manufacturer or UPC/model, exact package/variant and corresponding photo/video.","874","877","877","Items","875","candidate_requires_package_review","","Unknown","Unknown","","""8052530140819"" fireworks","https://thefireworkssuperstore.com/shop/super-magnum-shells","Code found in public source; package/brand/image and any conflicts still need individual verification.","Verify manufacturer/model and exact retail package; inspect and acquire its authentic photo. Video is optional."
"YSJXWKAANWCTCMQCEY3JQUXK","715244003365","","Super Snap Bogo","Super Snap","Unknown","Unknown","Regular","Unknown","Unknown","no_match","No sufficiently specific candidate identified in the two Dynamite catalog files.","Unknown","Manufacturer or UPC/model, exact package/variant and corresponding photo/video.","875","878","878","Items","876","candidate_requires_package_review","","Unknown","Unknown","","Compared code against official Winco UPC reference","https://www.wincofireworks.com/wp-content/uploads/2022/03/UPC-Excel-List_3.25.2022_r2.pdf","Code found in public source; package/brand/image and any conflicts still need individual verification.","Verify manufacturer/model and exact retail package; inspect and acquire its authentic photo. Video is optional."
"AHKZ7C7WXML7I5RH7EVVP3NV","687985434015","","Super Sword Boy","Super Sword Boy","Unknown","Unknown","Regular","Unknown","Unknown","no_match","No sufficiently specific candidate identified in the two Dynamite catalog files.","Unknown","Manufacturer or UPC/model, exact package/variant and corresponding photo/video.","876","879","879","Items","877","candidate_requires_package_review","","Unknown","Unknown","","""687985434015"" fireworks","https://dosgringosfireworks.com/FN359-Super-Sword-R-PC/ | https://fireworkconnection.com/product/super-sword/","Code found in public source; package/brand/image and any conflicts still need individual verification.","Verify manufacturer/model and exact retail package; inspect and acquire its authentic photo. Video is optional."
"IUWUWRCHEBGYJ5VIM5ZNCDV3","757202120028","","Super dragon Fountain","Super dragon Fountain","Unknown","Fountains","Regular","Unknown","Unknown","no_match","No sufficiently specific candidate identified in the two Dynamite catalog files.","Unknown","Manufacturer or UPC/model, exact package/variant and corresponding photo/video.","877","880","880","Items","878","no_verified_identity","","Unknown","Unknown","","""757202120028"" fireworks","","No verified product identity from the searched code/name. Generic names and store SKUs are insufficient to assign a photo.","Verify manufacturer/model and exact retail package; inspect and acquire its authentic photo. Video is optional."
"J5OIPB6TBG4AKLGTG5BA75KD","757201306010","","Supernova 5"" Artillery Shells 6 Pack","Supernova 5"" Artillery Shells 6 Pack","Unknown","6 Pack Artillery Shells 5""\, 6""","Regular","Unknown","5"" | 6 Pack","no_match","No sufficiently specific candidate identified in the two Dynamite catalog files.","Unknown","Manufacturer or UPC/model, exact package/variant and corresponding photo/video.","878","881","881","Items","879","candidate_requires_package_review","","Unknown","Unknown","","""757201306010"" fireworks","https://thefireworkssuperstore.com/shop/supernova-canister-shells","Code found in public source; package/brand/image and any conflicts still need individual verification.","Verify manufacturer/model and exact retail package; inspect and acquire its authentic photo. Video is optional."
"NZZFXOG2QDEBBJWGNJ4F5T3R","887946041133","","Sword","Sword","Unknown","Unknown","Regular","Unknown","Unknown","no_match","No sufficiently specific candidate identified in the two Dynamite catalog files.","Unknown","Manufacturer or UPC/model, exact package/variant and corresponding photo/video.","879","882","882","Items","880","no_verified_identity","","Unknown","Unknown","","""887946041133"" fireworks","","No verified product identity from the searched code/name. Generic names and store SKUs are insufficient to assign a photo.","Verify manufacturer/model and exact retail package; inspect and acquire its authentic photo. Video is optional."
"CFPGEC7FM3M3FLAT3WK62WEY","705108600335","","THAAD 226 Shot Zipper Cake","THAAD 226 Shot Zipper Cake","Unknown","500 GRAM FINALE > 500 GRAM FINALE ZIPPER CAKES","Regular","Unknown","226 Shot","no_match","No sufficiently specific candidate identified in the two Dynamite catalog files.","Unknown","Manufacturer or UPC/model, exact package/variant and corresponding photo/video.","880","883","883","Items","881","candidate_requires_package_review","","Unknown","Unknown","","Compared code against official Winco UPC reference","https://www.wincofireworks.com/wp-content/uploads/2022/03/UPC-Excel-List_3.25.2022_r2.pdf","Code found in public source; package/brand/image and any conflicts still need individual verification.","Verify manufacturer/model and exact retail package; inspect and acquire its authentic photo. Video is optional."
"XPKESM4NEB7FD7MA2UGKJXXQ","027736000104","","TNT Bag Assortment","TNT Bag Assortment","Unknown","Unknown","Regular","Unknown","Unknown","no_match","No sufficiently specific candidate identified in the two Dynamite catalog files.","Unknown","Manufacturer or UPC/model, exact package/variant and corresponding photo/video.","881","884","884","Items","882","no_verified_identity","","Unknown","Unknown","","""027736000104"" fireworks","","No verified product identity from the searched code/name. Generic names and store SKUs are insufficient to assign a photo.","Verify manufacturer/model and exact retail package; inspect and acquire its authentic photo. Video is optional."
"OCNKFMWD4RXNQEOM4RTQQJBQ","705108603008","","Take Me To Your Leader 500 Gram","Take Me To Your Leader 500 Gram","Unknown","500 GRAM FINALE","Regular","Unknown","500 Gram","no_match","No sufficiently specific candidate identified in the two Dynamite catalog files.","Unknown","Manufacturer or UPC/model, exact package/variant and corresponding photo/video.","882","885","885","Items","883","candidate_requires_package_review","","Unknown","Unknown","","""705108603008"" fireworks","https://shop.wazupfireworks.com/take-me-to-your-leader/ | https://www.getwinda.com/product-page/take-me-to-your-leader | https://lowcountryfireworks.com/GM977-Take-Me-To-Your-Leader-R-PC/ | https://americanwholesalefireworks.com/take-me-to-your-leader/ | https://blackkatpyro.com/GM977-Take-Me-To-Your-Leader-R-PC/ | https://americanwholesalefireworks.com/take-me-to-your-leader// | https://blackkatpyro.com/GM977-Take-Me-To-Your-Leader-R-PC// | https://blackkatpyro.com/GM977-Take-Me-To-Your-Leader-R-PC/?setCurrencyId=1%5C","Code found in public source; package/brand/image and any conflicts still need individual verification.","Verify manufacturer/model and exact retail package; inspect and acquire its authentic photo. Video is optional."
"JCZP5TQ5GGDI72GS747HROMU","814527308415","","Taking Care Of Business Family Pk","Taking Care Of Business Family Pk","Unknown","Unknown","Regular","Unknown","Unknown","no_match","No sufficiently specific candidate identified in the two Dynamite catalog files.","Unknown","Manufacturer or UPC/model, exact package/variant and corresponding photo/video.","883","886","886","Items","884","no_verified_identity","","Unknown","Unknown","","""814527308415"" fireworks","","No verified product identity from the searched code/name. Generic names and store SKUs are insufficient to assign a photo.","Verify manufacturer/model and exact retail package; inspect and acquire its authentic photo. Video is optional."
"YL45J65Z3E5TR6CTQSL6ACA3","816597934273","","Tank","Tank","Unknown","Unknown","Regular","Unknown","Unknown","probable","Name identifies a candidate only; manufacturer and exact presentation have not been established.","products.json[115] Fish Tank / Winda / /products/fish-tank.png | products.json[181] Tank Busters / Winda / /products/tank-busters.png","Manufacturer or UPC/model, exact package/variant and corresponding photo/video.","884","887","887","Items","885","no_verified_identity","","Unknown","Unknown","","""816597934273"" fireworks","","No verified product identity from the searched code/name. Generic names and store SKUs are insufficient to assign a photo.","Verify manufacturer/model and exact retail package; inspect and acquire its authentic photo. Video is optional."
"7TEE4O7JK2ZG6OINQEOJJTSV","8145270187210","","Tank","Tank","Unknown","Unknown","Tank","Tank","Unknown","probable","Name identifies a candidate only; manufacturer and exact presentation have not been established.","products.json[115] Fish Tank / Winda / /products/fish-tank.png | products.json[181] Tank Busters / Winda / /products/tank-busters.png","Manufacturer or UPC/model, exact package/variant and corresponding photo/video.","885","888","888","Items","886","no_verified_identity","","Unknown","Unknown","","""8145270187210"" fireworks","","No verified product identity from the searched code/name. Generic names and store SKUs are insufficient to assign a photo.","Verify manufacturer/model and exact retail package; inspect and acquire its authentic photo. Video is optional."
"2KFDHM7PRJCRUR6NIOPWRUXF","285108243850","","Texas Giant Pop Rocket","Texas Giant Pop Rocket","Unknown","Unknown","Regular","Unknown","Unknown","no_match","No sufficiently specific candidate identified in the two Dynamite catalog files.","Unknown","Manufacturer or UPC/model, exact package/variant and corresponding photo/video.","886","889","889","Items","887","no_verified_identity","","Unknown","Unknown","","""285108243850"" fireworks","","No verified product identity from the searched code/name. Generic names and store SKUs are insufficient to assign a photo.","Verify manufacturer/model and exact retail package; inspect and acquire its authentic photo. Video is optional."
"NSQKCL7FFBMVVVFCM4EKI7HF","64883100769","","Texas Pop Rocket","Texas Pop Rocket","Unknown","Unknown","Regular","Unknown","Unknown","no_match","No sufficiently specific candidate identified in the two Dynamite catalog files.","Unknown","Manufacturer or UPC/model, exact package/variant and corresponding photo/video.","887","890","890","Items","888","no_verified_identity","","Unknown","Unknown","","""64883100769"" fireworks","","No verified product identity from the searched code/name. Generic names and store SKUs are insufficient to assign a photo.","Verify manufacturer/model and exact retail package; inspect and acquire its authentic photo. Video is optional."
"EOCYSNQTWRFGASZDKP4QENU7","020164900053","","Texas Sledgehammer 60 Gram 6 Inch","Texas Sledgehammer 60 Gram 6 Inch","Unknown","Unknown","Regular","Unknown","60 Gram | 6 Inch","no_match","No sufficiently specific candidate identified in the two Dynamite catalog files.","Unknown","Manufacturer or UPC/model, exact package/variant and corresponding photo/video.","888","891","891","Items","889","no_verified_identity","","Unknown","Unknown","","""020164900053"" fireworks","","No verified product identity from the searched code/name. Generic names and store SKUs are insufficient to assign a photo.","Verify manufacturer/model and exact retail package; inspect and acquire its authentic photo. Video is optional."
"NJ6SAFHPATCWTVY7P6WUARZ6","765244000000","","The Beast Black Cat","The Beast Black Cat","Black Cat","Family Pack Assortments","Regular","Unknown","Unknown","no_match","No sufficiently specific candidate identified in the two Dynamite catalog files.","Unknown","Manufacturer or UPC/model, exact package/variant and corresponding photo/video.","889","892","892","Items","890","candidate_requires_package_review","","Unknown","Unknown","","Compared code against official Winco UPC reference","https://www.wincofireworks.com/wp-content/uploads/2022/03/UPC-Excel-List_3.25.2022_r2.pdf","Code found in public source; package/brand/image and any conflicts still need individual verification.","Verify manufacturer/model and exact retail package; inspect and acquire its authentic photo. Video is optional."
"75TIIYAM4OKN23TPTHZZN67G","514677005003","","The Beast Roman Candle","The Beast Roman Candle","Unknown","Roman Candles","Regular","Unknown","Unknown","no_match","No sufficiently specific candidate identified in the two Dynamite catalog files.","Unknown","Manufacturer or UPC/model, exact package/variant and corresponding photo/video.","890","893","893","Items","891","candidate_requires_package_review","","Unknown","Unknown","","Compared code against official Winco UPC reference","https://www.wincofireworks.com/wp-content/uploads/2022/03/UPC-Excel-List_3.25.2022_r2.pdf","Code found in public source; package/brand/image and any conflicts still need individual verification.","Verify manufacturer/model and exact retail package; inspect and acquire its authentic photo. Video is optional."
"KOTKW2PJDLTQA7NWSJVETPLO","652009001085","","The Godfather","The Godfather","Unknown","Family Pack Assortments","Regular","Unknown","Unknown","no_match","No sufficiently specific candidate identified in the two Dynamite catalog files.","Unknown","Manufacturer or UPC/model, exact package/variant and corresponding photo/video.","891","894","894","Items","892","candidate_requires_package_review","","Unknown","Unknown","","Compared code against official Winco UPC reference","https://www.wincofireworks.com/wp-content/uploads/2022/03/UPC-Excel-List_3.25.2022_r2.pdf","Code found in public source; package/brand/image and any conflicts still need individual verification.","Verify manufacturer/model and exact retail package; inspect and acquire its authentic photo. Video is optional."
"Z6FPCUDLKJMT6XYLGBPTJAKZ","757201530804","","The Hulk Clap 500 Gram","The Hulk Clap 500 Gram","Unknown","500 GRAM FINALE","Regular","Unknown","500 Gram","no_match","No sufficiently specific candidate identified in the two Dynamite catalog files.","Unknown","Manufacturer or UPC/model, exact package/variant and corresponding photo/video.","892","895","895","Items","893","no_verified_identity","","Unknown","Unknown","","""757201530804"" fireworks","","No verified product identity from the searched code/name. Generic names and store SKUs are insufficient to assign a photo.","Verify manufacturer/model and exact retail package; inspect and acquire its authentic photo. Video is optional."
"CIU2NNTHN47VXQHXXKQQ2NBE","8145271620518","","The Jaws 500 Gram 9 Shots","The Jaws 500 Gram 9 Shots","Unknown","Unknown","Regular","Unknown","500 Gram | 9 Shots","no_match","No sufficiently specific candidate identified in the two Dynamite catalog files.","Unknown","Manufacturer or UPC/model, exact package/variant and corresponding photo/video.","893","896","896","Items","894","candidate_requires_package_review","","Unknown","Unknown","","""8145271620518"" fireworks","https://usa-fireworks.com/products/aerial-all-cakes/aerial-500-gram-cakes/the-jaws/ | https://beta2024.usa-fireworks.com/products/aerial-all-cakes/aerial-500-gram-cakes/the-jaws/","Code found in public source; package/brand/image and any conflicts still need individual verification.","Verify manufacturer/model and exact retail package; inspect and acquire its authentic photo. Video is optional."
"D6T5FNCTMUTHQSDLYJD2YU3X","8052532451319","","The King Assortment","The King Assortment","Unknown","Family Pack Assortments","Regular","Unknown","Unknown","no_match","No sufficiently specific candidate identified in the two Dynamite catalog files.","Unknown","Manufacturer or UPC/model, exact package/variant and corresponding photo/video.","894","897","897","Items","895","no_verified_identity","","Unknown","Unknown","","""8052532451319"" fireworks","","No verified product identity from the searched code/name. Generic names and store SKUs are insufficient to assign a photo.","Verify manufacturer/model and exact retail package; inspect and acquire its authentic photo. Video is optional."
"YY2252GSY24VXZARC2U6X6BL","8052530040119","","The King Assortment","The King Assortment","Unknown","Family Pack Assortments","The King Assortment","The King Assortment","Unknown","no_match","No sufficiently specific candidate identified in the two Dynamite catalog files.","Unknown","Manufacturer or UPC/model, exact package/variant and corresponding photo/video.","895","898","898","Items","896","candidate_requires_package_review","","Unknown","Unknown","","""8052530040119"" fireworks","https://ocfireworks.com/4-fiberglass-mortar-tube-single-tube/ | https://thefireworkssuperstore.com/shop/the-king","Code found in public source; package/brand/image and any conflicts still need individual verification.","Verify manufacturer/model and exact retail package; inspect and acquire its authentic photo. Video is optional."
"UTZ525RYU5BQ7EIDA555B7E5","014002913268","","The Kraken 4"" Artillery Shells 24 Pack","The Kraken 4"" Artillery Shells 24 Pack","Unknown","24 Pack Artillery Shells 4""","Regular","Unknown","4"" | 24 Pack","no_match","No sufficiently specific candidate identified in the two Dynamite catalog files.","Unknown","Manufacturer or UPC/model, exact package/variant and corresponding photo/video.","896","899","899","Items","897","no_verified_identity","","Unknown","Unknown","","""014002913268"" fireworks","","No verified product identity from the searched code/name. Generic names and store SKUs are insufficient to assign a photo.","Verify manufacturer/model and exact retail package; inspect and acquire its authentic photo. Video is optional."
"MPQFHDSFYWL74TFBGIO233PQ","757205301318","","The Next Big Thing 500 Gram","The Next Big Thing 500 Gram","Unknown","500 GRAM FINALE","Regular","Unknown","500 Gram","no_match","No sufficiently specific candidate identified in the two Dynamite catalog files.","Unknown","Manufacturer or UPC/model, exact package/variant and corresponding photo/video.","897","900","900","Items","898","candidate_requires_package_review","","Unknown","Unknown","","""757205301318"" fireworks","https://www.raccoonfireworksusa.com/product-page/the-next-big-thing","Code found in public source; package/brand/image and any conflicts still need individual verification.","Verify manufacturer/model and exact retail package; inspect and acquire its authentic photo. Video is optional."
"DVJJ6D4PS3O75T6GJDQQUVI6","7572015003800","","The Perfect Match","The Perfect Match","Unknown","Unknown","Regular","Unknown","Unknown","no_match","No sufficiently specific candidate identified in the two Dynamite catalog files.","Unknown","Manufacturer or UPC/model, exact package/variant and corresponding photo/video.","898","901","901","Items","899","no_verified_identity","","Unknown","Unknown","","""7572015003800"" fireworks","","No verified product identity from the searched code/name. Generic names and store SKUs are insufficient to assign a photo.","Verify manufacturer/model and exact retail package; inspect and acquire its authentic photo. Video is optional."
"JVJVJDEHKQTOTIG75XHAVP7R","687985290512","","The Red White And Blue Salute","The Red White And Blue Salute","Unknown","Unknown","Regular","Unknown","Unknown","no_match","No sufficiently specific candidate identified in the two Dynamite catalog files.","Unknown","Manufacturer or UPC/model, exact package/variant and corresponding photo/video.","900","903","903","Items","901","candidate_requires_package_review","","Unknown","Unknown","","""687985290512"" fireworks","https://ocfireworks.com/the-red-white-blue-salute/ | https://reiglefamilyfireworks.com/MS188-The-Red-White-and-Blue-Salute-R-PC/ | https://lowcountryfireworks.com/MS188-The-Red-White-and-Blue-Salute-R-PC/ | https://americanwholesalefireworks.com/the-red-white-and-blue-salute// | https://georgiasbestfireworks.com/product/0af7b240-ab8c-11e8-eddc-e476a2fcc4f2/ | https://americanwholesalefireworks.com/the-red-white-and-blue-salute/ | https://blackkatpyro.com/MS188-The-Red-White-and-Blue-Salute-R-PC/","Code found in public source; package/brand/image and any conflicts still need individual verification.","Verify manufacturer/model and exact retail package; inspect and acquire its authentic photo. Video is optional."
"V5J3HQXPDHVHUAOL4TQYISXE","811451013859","","The wicked Witch","The wicked Witch","Unknown","Unknown","Regular","Unknown","Unknown","no_match","No sufficiently specific candidate identified in the two Dynamite catalog files.","Unknown","Manufacturer or UPC/model, exact package/variant and corresponding photo/video.","901","904","904","Items","902","no_verified_identity","","Unknown","Unknown","","""811451013859"" fireworks","","No verified product identity from the searched code/name. Generic names and store SKUs are insufficient to assign a photo.","Verify manufacturer/model and exact retail package; inspect and acquire its authentic photo. Video is optional."
"IR7XAVEQUTZ3OXRPZRYDJDWS","652009112002","","Thor Missle","Thor Missle","Unknown","Unknown","Regular","Unknown","Unknown","no_match","No sufficiently specific candidate identified in the two Dynamite catalog files.","Unknown","Manufacturer or UPC/model, exact package/variant and corresponding photo/video.","902","905","905","Items","903","candidate_requires_package_review","","Unknown","Unknown","","""652009112002"" fireworks","https://beta2024.usa-fireworks.com/products/missiles-rockets/thor-missile/ | https://www.wincofireworks.com/wp-content/uploads/2022/02/Pyro-Scan-UPC-ITEM-Database-February-2022-Sorted-By-Item-Name.pdf","Code found in public source; package/brand/image and any conflicts still need individual verification.","Verify manufacturer/model and exact retail package; inspect and acquire its authentic photo. Video is optional."
"4NKU22OHLIB7KNREHQGNR5LH","8052530051016","","Thunder Bomb 1000ct Firecracker","Thunder Bomb 1000ct Firecracker","Unknown","Unknown","Regular","Unknown","1000ct","no_match","No sufficiently specific candidate identified in the two Dynamite catalog files.","Unknown","Manufacturer or UPC/model, exact package/variant and corresponding photo/video.","903","906","906","Items","904","candidate_requires_package_review","","Unknown","Unknown","","""8052530051016"" fireworks","https://usa-fireworks.com/products/firecrackers/thunder-bomb-firecrackers-1000-roll/ | https://staging.usa-fireworks.com/products/firecrackers/1000-roll-boomer/ | https://beta2024.usa-fireworks.com/products/firecrackers/1000-roll-boomer/","Code found in public source; package/brand/image and any conflicts still need individual verification.","Verify manufacturer/model and exact retail package; inspect and acquire its authentic photo. Video is optional."
"TXJZDX235E43KSVDG4MP7WO6","8052530052525","","Thunder Bomb 640","Thunder Bomb 640","Unknown","Unknown","Regular","Unknown","Unknown","no_match","No sufficiently specific candidate identified in the two Dynamite catalog files.","Unknown","Manufacturer or UPC/model, exact package/variant and corresponding photo/video.","904","907","907","Items","905","candidate_requires_package_review","","Unknown","Unknown","","""8052530052525"" fireworks","https://usa-fireworks.com/products/firecrackers/thunder-bomb-firecrackers-brick-40-16/ | https://ocfireworks.com/thunder-bomb-firecrackers-40-16-half-brick/","Code found in public source; package/brand/image and any conflicts still need individual verification.","Verify manufacturer/model and exact retail package; inspect and acquire its authentic photo. Video is optional."
"EIY7LEWHON2DQBJR5WYIADRP","847294038032","","Thunderbomb 100ct Firecracker","Thunderbomb 100ct Firecracker","Unknown","Unknown","Regular","Unknown","100ct","no_match","No sufficiently specific candidate identified in the two Dynamite catalog files.","Unknown","Manufacturer or UPC/model, exact package/variant and corresponding photo/video.","905","908","908","Items","906","candidate_requires_package_review","","Unknown","Unknown","","""847294038032"" fireworks","https://doczz.net/doc/3271793/2016-catalog---big-fireworks","Code found in public source; package/brand/image and any conflicts still need individual verification.","Verify manufacturer/model and exact retail package; inspect and acquire its authentic photo. Video is optional."
"WFOP4EFT7Q3WECR3URYJ6KNH","757201624022","","Tiger Force 6"" Artillery Shells 24 Pack","Tiger Force 6"" Artillery Shells 24 Pack","Unknown","24 Pack Artillery Shells 6""","Regular","Unknown","6"" | 24 Pack","no_match","No sufficiently specific candidate identified in the two Dynamite catalog files.","Unknown","Manufacturer or UPC/model, exact package/variant and corresponding photo/video.","906","909","909","Items","907","candidate_requires_package_review","","Unknown","Unknown","","""757201624022"" fireworks","https://shop.wazupfireworks.com/tiger-force-6-shells/","Code found in public source; package/brand/image and any conflicts still need individual verification.","Verify manufacturer/model and exact retail package; inspect and acquire its authentic photo. Video is optional."
"KZIPK6N3RIIOP7VY7B5KOGHF","757201530651","","Till Death Do Us Part 30 Shot","Till Death Do Us Part 30 Shot","Unknown","Unknown","Regular","Unknown","30 Shot","no_match","No sufficiently specific candidate identified in the two Dynamite catalog files.","Unknown","Manufacturer or UPC/model, exact package/variant and corresponding photo/video.","907","910","910","Items","908","no_verified_identity","","Unknown","Unknown","","""757201530651"" fireworks","","No verified product identity from the searched code/name. Generic names and store SKUs are insufficient to assign a photo.","Verify manufacturer/model and exact retail package; inspect and acquire its authentic photo. Video is optional."
"X5BMZULGHXXAMM4P3Z32O6CZ","705108309726","","Tiny Snow Cone","Tiny Snow Cone","Unknown","Fountains","Regular","Unknown","Unknown","probable","Name identifies a candidate only; manufacturer and exact presentation have not been established.","products.json[114] Snow Cone / Winda / /products/snow-cone.png","Manufacturer or UPC/model, exact package/variant and corresponding photo/video.","908","911","911","Items","909","candidate_requires_package_review","","Unknown","Unknown","","""705108309726"" fireworks","https://simpsonfireworks.com/FN396-Snow-Cone-Jr-R-PC/","Code found in public source; package/brand/image and any conflicts still need individual verification.","Verify manufacturer/model and exact retail package; inspect and acquire its authentic photo. Video is optional."
"BMUZDH4BBIKV6QQT3EJISDHT","705108309719","","Tiny Snow Cone","Tiny Snow Cone","Unknown","Fountains","Tiny Snowcone","Tiny Snowcone","Unknown","probable","Name identifies a candidate only; manufacturer and exact presentation have not been established.","products.json[114] Snow Cone / Winda / /products/snow-cone.png","Manufacturer or UPC/model, exact package/variant and corresponding photo/video.","909","912","912","Items","910","no_verified_identity","","Unknown","Unknown","","""705108309719"" fireworks","","No verified product identity from the searched code/name. Generic names and store SKUs are insufficient to assign a photo.","Verify manufacturer/model and exact retail package; inspect and acquire its authentic photo. Video is optional."
"YX45DS6EV25H3VDDCVAYS7BG","847294012933","","Tomahawk","Tomahawk","Unknown","Fountains","Regular","Unknown","Unknown","no_match","No sufficiently specific candidate identified in the two Dynamite catalog files.","Unknown","Manufacturer or UPC/model, exact package/variant and corresponding photo/video.","910","913","913","Items","911","no_verified_identity","","Unknown","Unknown","","""847294012933"" fireworks","","No verified product identity from the searched code/name. Generic names and store SKUs are insufficient to assign a photo.","Verify manufacturer/model and exact retail package; inspect and acquire its authentic photo. Video is optional."
"MPDVJ42G6H7A2ORWCX3DJGXI","8052530152218","","Tomahawk Missile","Tomahawk Missile","Unknown","Unknown","Regular","Unknown","Unknown","no_match","No sufficiently specific candidate identified in the two Dynamite catalog files.","Unknown","Manufacturer or UPC/model, exact package/variant and corresponding photo/video.","911","914","914","Items","912","candidate_requires_package_review","","Unknown","Unknown","","""8052530152218"" fireworks","https://usa-fireworks.com/products/missiles-rockets/tomahawk-missile/ | https://thefireworkssuperstore.com/shop/tomahawk","Code found in public source; package/brand/image and any conflicts still need individual verification.","Verify manufacturer/model and exact retail package; inspect and acquire its authentic photo. Video is optional."
"QIAYT2L3TWLWGTLX3UO4IESI","162109350254","","Tommy Gun","Tommy Gun","Unknown","500 GRAM FINALE > 500 GRAM FINALE ZIPPER CAKES","Regular","Unknown","Unknown","no_match","No sufficiently specific candidate identified in the two Dynamite catalog files.","Unknown","Manufacturer or UPC/model, exact package/variant and corresponding photo/video.","912","915","915","Items","913","candidate_requires_package_review","","Unknown","Unknown","","""162109350254"" fireworks","https://www.wincofireworks.com/wp-content/uploads/2022/02/Pyro-Scan-UPC-ITEM-Database-February-2022-Sorted-By-Item-Name.pdf","Code found in public source; package/brand/image and any conflicts still need individual verification.","Verify manufacturer/model and exact retail package; inspect and acquire its authentic photo. Video is optional."
"RINS3N3B7E4VFFP6N7JHNLEC","652009003454","","Torpedo","Torpedo","Unknown","Unknown","Regular","Unknown","Unknown","no_match","No sufficiently specific candidate identified in the two Dynamite catalog files.","Unknown","Manufacturer or UPC/model, exact package/variant and corresponding photo/video.","913","916","916","Items","914","candidate_requires_package_review","","Unknown","Unknown","","""652009003454"" fireworks","https://usa-fireworks.com/products/novelty/torpedo-snappers/ | https://staging.usa-fireworks.com/products/novelty/torpedo-snapper/","Code found in public source; package/brand/image and any conflicts still need individual verification.","Verify manufacturer/model and exact retail package; inspect and acquire its authentic photo. Video is optional."
"T66IVCSZQXKG2EZT7K2CJZ6N","757205301363","","Tower of Power 500 Gram","Tower of Power 500 Gram","Unknown","500 GRAM FINALE","Regular","Unknown","500 Gram","no_match","No sufficiently specific candidate identified in the two Dynamite catalog files.","Unknown","Manufacturer or UPC/model, exact package/variant and corresponding photo/video.","914","917","917","Items","915","no_verified_identity","","Unknown","Unknown","","""757205301363"" fireworks","","No verified product identity from the searched code/name. Generic names and store SKUs are insufficient to assign a photo.","Verify manufacturer/model and exact retail package; inspect and acquire its authentic photo. Video is optional."
"KU3SZ23DSJ3QKFYFOMKZHW5D","757202300017","","Toy Box Backpack Children","Toy Box Backpack Children","Unknown","Family Pack Assortments","Regular","Unknown","Unknown","no_match","No sufficiently specific candidate identified in the two Dynamite catalog files.","Unknown","Manufacturer or UPC/model, exact package/variant and corresponding photo/video.","915","918","918","Items","916","candidate_requires_package_review","","Unknown","Unknown","","""757202300017"" fireworks","https://dosgringosfireworks.com/monkeys-pyro-pack/","Code found in public source; package/brand/image and any conflicts still need individual verification.","Verify manufacturer/model and exact retail package; inspect and acquire its authentic photo. Video is optional."
"CLBWCGZC6RNAPWOITX5MVHAY","514677102030","","Tres Amigos","Tres Amigos","Unknown","Fountains","Regular","Unknown","Unknown","no_match","No sufficiently specific candidate identified in the two Dynamite catalog files.","Unknown","Manufacturer or UPC/model, exact package/variant and corresponding photo/video.","916","919","919","Items","917","candidate_requires_package_review","","Unknown","Unknown","","""514677102030"" fireworks","https://www.wincofireworks.com/wp-content/uploads/2022/02/Pyro-Scan-UPC-ITEM-Database-February-2022-Sorted-By-Item-Name.pdf","Code found in public source; package/brand/image and any conflicts still need individual verification.","Verify manufacturer/model and exact retail package; inspect and acquire its authentic photo. Video is optional."
"MJS4BWTE4RD3SNVJXSBWD7DT","814527304615","","Truck Load Of Fun","Truck Load Of Fun","Unknown","Unknown","Regular","Unknown","Unknown","no_match","No sufficiently specific candidate identified in the two Dynamite catalog files.","Unknown","Manufacturer or UPC/model, exact package/variant and corresponding photo/video.","917","920","920","Items","918","no_verified_identity","","Unknown","Unknown","","""814527304615"" fireworks","","No verified product identity from the searched code/name. Generic names and store SKUs are insufficient to assign a photo.","Verify manufacturer/model and exact retail package; inspect and acquire its authentic photo. Video is optional."
"X2YSWQNHGH422VSAGSM4MDBW","","800882025388","Truckload Of Fire","Truckload Of Fire","Unknown","Unknown","Regular","Unknown","Unknown","no_match","No sufficiently specific candidate identified in the two Dynamite catalog files.","Unknown","Manufacturer or UPC/model, exact package/variant and corresponding photo/video.","918","921","921","Items","919","no_verified_identity","","Unknown","Unknown","","""800882025388"" fireworks","","No verified product identity from the searched code/name. Generic names and store SKUs are insufficient to assign a photo.","Verify manufacturer/model and exact retail package; inspect and acquire its authentic photo. Video is optional."
"IAUSC7I3MXQSAY2SVUYHJUKJ","","800882025456","Truckload Of Fire","Truckload Of Fire","Unknown","Unknown","Wings of the Brave","Wings of the Brave","Unknown","no_match","No sufficiently specific candidate identified in the two Dynamite catalog files.","Unknown","Manufacturer or UPC/model, exact package/variant and corresponding photo/video.","919","922","922","Items","920","no_verified_identity","","Unknown","Unknown","","""800882025456"" fireworks","","No verified product identity from the searched code/name. Generic names and store SKUs are insufficient to assign a photo.","Verify manufacturer/model and exact retail package; inspect and acquire its authentic photo. Video is optional."
"FVQC5I6R3FX2UEIOOYM6DT7Z","","800882025623","Truckload Of Fire","Truckload Of Fire","Unknown","Unknown","Shield of Liberty","Shield of Liberty","Unknown","no_match","No sufficiently specific candidate identified in the two Dynamite catalog files.","Unknown","Manufacturer or UPC/model, exact package/variant and corresponding photo/video.","920","923","923","Items","921","no_verified_identity","","Unknown","Unknown","","""800882025623"" fireworks","","No verified product identity from the searched code/name. Generic names and store SKUs are insufficient to assign a photo.","Verify manufacturer/model and exact retail package; inspect and acquire its authentic photo. Video is optional."
"WDFIOXLCDTEONEOMV4TJMAGP","","805253438910","Truckload Of Fire","Truckload Of Fire","Unknown","Unknown","Monumental Legacy","Monumental Legacy","Unknown","no_match","No sufficiently specific candidate identified in the two Dynamite catalog files.","Unknown","Manufacturer or UPC/model, exact package/variant and corresponding photo/video.","921","924","924","Items","922","no_verified_identity","","Unknown","Unknown","","""805253438910"" fireworks","","No verified product identity from the searched code/name. Generic names and store SKUs are insufficient to assign a photo.","Verify manufacturer/model and exact retail package; inspect and acquire its authentic photo. Video is optional."
"DMIG3XTQAWN4E7WPYKPDNIUO","","805253438712","Truckload Of Fire","Truckload Of Fire","Unknown","Unknown","Aviation Nation","Aviation Nation","Unknown","no_match","No sufficiently specific candidate identified in the two Dynamite catalog files.","Unknown","Manufacturer or UPC/model, exact package/variant and corresponding photo/video.","922","925","925","Items","923","no_verified_identity","","Unknown","Unknown","","""805253438712"" fireworks","","No verified product identity from the searched code/name. Generic names and store SKUs are insufficient to assign a photo.","Verify manufacturer/model and exact retail package; inspect and acquire its authentic photo. Video is optional."
"3IAUJECOLHLP4HEFULWNV7MZ","681402052677","","Turbo roman candle","Turbo roman candle","Unknown","Roman Candles","Regular","Unknown","Unknown","no_match","No sufficiently specific candidate identified in the two Dynamite catalog files.","Unknown","Manufacturer or UPC/model, exact package/variant and corresponding photo/video.","923","926","926","Items","924","no_verified_identity","","Unknown","Unknown","","""681402052677"" fireworks","","No verified product identity from the searched code/name. Generic names and store SKUs are insufficient to assign a photo.","Verify manufacturer/model and exact retail package; inspect and acquire its authentic photo. Video is optional."
"4XNAMHJPDAR3ZZXVWJRVFCN7","687985909049","","Turf War","Turf War","Unknown","Unknown","Regular","Unknown","Unknown","no_match","No sufficiently specific candidate identified in the two Dynamite catalog files.","Unknown","Manufacturer or UPC/model, exact package/variant and corresponding photo/video.","924","927","927","Items","925","candidate_requires_package_review","","Unknown","Unknown","","Compared code against official Winco UPC reference","https://www.wincofireworks.com/wp-content/uploads/2022/03/UPC-Excel-List_3.25.2022_r2.pdf","Code found in public source; package/brand/image and any conflicts still need individual verification.","Verify manufacturer/model and exact retail package; inspect and acquire its authentic photo. Video is optional."
"HFIHZKMFPSJ5AVHXN4OIW6JV","7950165416488","","Turtle 2 Pack","Turtle 2 Pack","Unknown","Unknown","Regular","Unknown","2 Pack","no_match","No sufficiently specific candidate identified in the two Dynamite catalog files.","Unknown","Manufacturer or UPC/model, exact package/variant and corresponding photo/video.","925","928","928","Items","926","no_verified_identity","","Unknown","Unknown","","""7950165416488"" fireworks","","No verified product identity from the searched code/name. Generic names and store SKUs are insufficient to assign a photo.","Verify manufacturer/model and exact retail package; inspect and acquire its authentic photo. Video is optional."
"4CDHEXAIGFVHBCKYZPZPMEUW","8145270182413","","Two Color Spaceship Bogo","Two Color Spaceship","Unknown","Unknown","Regular","Unknown","Unknown","no_match","No sufficiently specific candidate identified in the two Dynamite catalog files.","Unknown","Manufacturer or UPC/model, exact package/variant and corresponding photo/video.","926","929","929","Items","927","candidate_requires_package_review","","Unknown","Unknown","","""8145270182413"" fireworks","https://usa-fireworks.com/products/wheels-wings/two-color-spaceship/","Code found in public source; package/brand/image and any conflicts still need individual verification.","Verify manufacturer/model and exact retail package; inspect and acquire its authentic photo. Video is optional."
"VHMJNYOIR3QENJLJWRTRR3KI","064883100165","","USA Arsenal 36 Shells","USA Arsenal 36 Shells","Unknown","Unknown","Regular","Unknown","36 Shells","no_match","No sufficiently specific candidate identified in the two Dynamite catalog files.","Unknown","Manufacturer or UPC/model, exact package/variant and corresponding photo/video.","927","930","930","Items","928","no_verified_identity","","Unknown","Unknown","","""064883100165"" fireworks","","No verified product identity from the searched code/name. Generic names and store SKUs are insufficient to assign a photo.","Verify manufacturer/model and exact retail package; inspect and acquire its authentic photo. Video is optional."
"FUX3VOQTQWK6EUEVVU74CCYG","8052532451418","","USA Family Pack Assortment","USA Family Pack Assortment","Unknown","Family Pack Assortments","Regular","Unknown","Unknown","no_match","No sufficiently specific candidate identified in the two Dynamite catalog files.","Unknown","Manufacturer or UPC/model, exact package/variant and corresponding photo/video.","928","931","933","Items","929","no_verified_identity","","Unknown","Unknown","","""8052532451418"" fireworks","","No verified product identity from the searched code/name. Generic names and store SKUs are insufficient to assign a photo.","Verify manufacturer/model and exact retail package; inspect and acquire its authentic photo. Video is optional."
"E7IZVD5NDQ6BARD5OAHLMR2S","","","USA Large Assortment","USA Large Assortment","Unknown","Unknown","Regular","Unknown","Unknown","no_match","No sufficiently specific candidate identified in the two Dynamite catalog files.","Unknown","Manufacturer or UPC/model, exact package/variant and corresponding photo/video.","929","934","934","Items","930","no_verified_identity","","Unknown","Unknown","","""USA Large Assortment"" fireworks manufacturer","","No verified product identity from the searched code/name. Generic names and store SKUs are insufficient to assign a photo.","Verify manufacturer/model and exact retail package; inspect and acquire its authentic photo. Video is optional."
"OT6A2P62332JPPNLKF4FO6JT","","805253439610","USA Saturn Missile","USA Saturn Missile","Unknown","Unknown","250 Strong USA Saturn Missile","250 Strong USA Saturn Missile","Unknown","probable","Name identifies a candidate only; manufacturer and exact presentation have not been established.","products.json[74] USA Saturn Missile Battery / Brothers / products/usa-saturn-missile-battery.png","Manufacturer or UPC/model, exact package/variant and corresponding photo/video.","930","935","935","Items","931","no_verified_identity","","Unknown","Unknown","","""805253439610"" fireworks","","No verified product identity from the searched code/name. Generic names and store SKUs are insufficient to assign a photo.","Verify manufacturer/model and exact retail package; inspect and acquire its authentic photo. Video is optional."
"W4LGRYU54PUUUSUHQXD7Y73Y","","805253433014","Ultimate America","Ultimate America","Unknown","Artillery Packs MultiShell MultiBreaks","Regular","Unknown","Unknown","no_match","No sufficiently specific candidate identified in the two Dynamite catalog files.","Unknown","Manufacturer or UPC/model, exact package/variant and corresponding photo/video.","932","937","937","Items","933","no_verified_identity","","Unknown","Unknown","","""805253433014"" fireworks","","No verified product identity from the searched code/name. Generic names and store SKUs are insufficient to assign a photo.","Verify manufacturer/model and exact retail package; inspect and acquire its authentic photo. Video is optional."
"SIA2GNQKKWKEMU3PTSRTX5WT","002013220475","","Uncle Sam 500 Gram","Uncle Sam 500 Gram","Unknown","500 GRAM FINALE","Regular","Unknown","500 Gram","no_match","No sufficiently specific candidate identified in the two Dynamite catalog files.","Unknown","Manufacturer or UPC/model, exact package/variant and corresponding photo/video.","933","938","938","Items","934","no_verified_identity","","Unknown","Unknown","","""002013220475"" fireworks","","No verified product identity from the searched code/name. Generic names and store SKUs are insufficient to assign a photo.","Verify manufacturer/model and exact retail package; inspect and acquire its authentic photo. Video is optional."
"BJRI3SFNDFVOQR6YLSYVEQ4X","514677002163","","Unicorn","Unicorn","Unknown","Unknown","Regular","Unknown","Unknown","no_match","No sufficiently specific candidate identified in the two Dynamite catalog files.","Unknown","Manufacturer or UPC/model, exact package/variant and corresponding photo/video.","934","939","939","Items","935","candidate_requires_package_review","","Unknown","Unknown","","Compared code against official Winco UPC reference","https://www.wincofireworks.com/wp-content/uploads/2022/03/UPC-Excel-List_3.25.2022_r2.pdf","Code found in public source; package/brand/image and any conflicts still need individual verification.","Verify manufacturer/model and exact retail package; inspect and acquire its authentic photo. Video is optional."
"DXLAVO75BIV7EE5NVWMNZOG7","680149048431","","Unicorn Chaser_BOGO","Unicorn Chaser_BOGO","Unknown","Unknown","Regular","Unknown","Unknown","no_match","No sufficiently specific candidate identified in the two Dynamite catalog files.","Unknown","Manufacturer or UPC/model, exact package/variant and corresponding photo/video.","935","940","940","Items","936","candidate_requires_package_review","","Unknown","Unknown","","""680149048431"" fireworks","https://whitelightningfireworks.com/NV154-Unicorn-Chaser-R-PK/","Code found in public source; package/brand/image and any conflicts still need individual verification.","Verify manufacturer/model and exact retail package; inspect and acquire its authentic photo. Video is optional."
"57HEQD66AGXS3E567TGEGWYE","","805253437517","United States of Awesome","United States of Awesome","Unknown","Unknown","Regular","Unknown","Unknown","no_match","No sufficiently specific candidate identified in the two Dynamite catalog files.","Unknown","Manufacturer or UPC/model, exact package/variant and corresponding photo/video.","936","941","941","Items","937","no_verified_identity","","Unknown","Unknown","","""805253437517"" fireworks","","No verified product identity from the searched code/name. Generic names and store SKUs are insufficient to assign a photo.","Verify manufacturer/model and exact retail package; inspect and acquire its authentic photo. Video is optional."
"LLYFGENB2BOJMKH4BIIMI7O7","8052530142714","","United We Stand Assortment","United We Stand Assortment","Unknown","Unknown","Regular","Unknown","Unknown","no_match","No sufficiently specific candidate identified in the two Dynamite catalog files.","Unknown","Manufacturer or UPC/model, exact package/variant and corresponding photo/video.","937","942","942","Items","938","candidate_requires_package_review","","Unknown","Unknown","","""8052530142714"" fireworks","https://beta2024.usa-fireworks.com/products/artillery-shells/united-we-stand/ | https://staging.usa-fireworks.com/products/artillery-shells/united-we-stand/ | https://usa-fireworks.com/products/artillery-shells/united-we-stand/ | https://bigdaddyksfireworksoutlet.com/product/united-we-stand/","Code found in public source; package/brand/image and any conflicts still need individual verification.","Verify manufacturer/model and exact retail package; inspect and acquire its authentic photo. Video is optional."
"6QWKN4NYSMH5FE4SPP4TXZEZ","687985908431","","Vega","Vega","Unknown","Unknown","Regular","Unknown","Unknown","no_match","No sufficiently specific candidate identified in the two Dynamite catalog files.","Unknown","Manufacturer or UPC/model, exact package/variant and corresponding photo/video.","939","944","944","Items","940","no_verified_identity","","Unknown","Unknown","","""687985908431"" fireworks","","No verified product identity from the searched code/name. Generic names and store SKUs are insufficient to assign a photo.","Verify manufacturer/model and exact retail package; inspect and acquire its authentic photo. Video is optional."
"J4X2GNRP7XNRBVM5HXDI77OZ","687985913206","","Vendoworks","Vendoworks","Unknown","Unknown","Regular","Unknown","Unknown","no_match","No sufficiently specific candidate identified in the two Dynamite catalog files.","Unknown","Manufacturer or UPC/model, exact package/variant and corresponding photo/video.","940","945","945","Items","941","no_verified_identity","","Unknown","Unknown","","""687985913206"" fireworks","","No verified product identity from the searched code/name. Generic names and store SKUs are insufficient to assign a photo.","Verify manufacturer/model and exact retail package; inspect and acquire its authentic photo. Video is optional."
"AVJ2UNGCOROG46OCAJARWH27","705108700721","","Venomous Snakes","Venomous Snakes","Unknown","Unknown","Regular","Unknown","Unknown","no_match","No sufficiently specific candidate identified in the two Dynamite catalog files.","Unknown","Manufacturer or UPC/model, exact package/variant and corresponding photo/video.","941","946","946","Items","942","no_verified_identity","","Unknown","Unknown","","""705108700721"" fireworks","","No verified product identity from the searched code/name. Generic names and store SKUs are insufficient to assign a photo.","Verify manufacturer/model and exact retail package; inspect and acquire its authentic photo. Video is optional."
"53PY236TSO7UAIDCPQL23F4D","8145270145913","","Vertical Limit 200 Gram 16 Shot","Vertical Limit 200 Gram 16 Shot","Unknown","Unknown","Regular","Unknown","200 Gram | 16 Shot","no_match","No sufficiently specific candidate identified in the two Dynamite catalog files.","Unknown","Manufacturer or UPC/model, exact package/variant and corresponding photo/video.","942","947","947","Items","943","candidate_requires_package_review","","Unknown","Unknown","","""8145270145913"" fireworks","https://staging.usa-fireworks.com/products/aerial-all-cakes/aerial-200-gram-cakes/vertical-limit/","Code found in public source; package/brand/image and any conflicts still need individual verification.","Verify manufacturer/model and exact retail package; inspect and acquire its authentic photo. Video is optional."
"MPLY3UZKTRRPDCZXXFXRR433","131611802209","","Victory Sword","Victory Sword","Unknown","Unknown","Regular","Unknown","Unknown","no_match","No sufficiently specific candidate identified in the two Dynamite catalog files.","Unknown","Manufacturer or UPC/model, exact package/variant and corresponding photo/video.","943","948","948","Items","944","candidate_requires_package_review","","Unknown","Unknown","","Compared code against official Winco UPC reference","https://www.wincofireworks.com/wp-content/uploads/2022/03/UPC-Excel-List_3.25.2022_r2.pdf","Code found in public source; package/brand/image and any conflicts still need individual verification.","Verify manufacturer/model and exact retail package; inspect and acquire its authentic photo. Video is optional."
"2GOV47XBIMZCDNOV72OJDVYL","","805253432918","Victory Vault","Victory Vault","Unknown","Artillery Packs MultiShell MultiBreaks","Regular","Unknown","Unknown","no_match","No sufficiently specific candidate identified in the two Dynamite catalog files.","Unknown","Manufacturer or UPC/model, exact package/variant and corresponding photo/video.","944","949","949","Items","945","no_verified_identity","","Unknown","Unknown","","""805253432918"" fireworks","","No verified product identity from the searched code/name. Generic names and store SKUs are insufficient to assign a photo.","Verify manufacturer/model and exact retail package; inspect and acquire its authentic photo. Video is optional."
"QA7RJWR5IABYRYQ4RJTZCVD7","8145270113820","","Violet And Crimson Fountain 6pc","Violet And Crimson Fountain 6pc","Unknown","Fountains","Regular","Unknown","6pc","no_match","No sufficiently specific candidate identified in the two Dynamite catalog files.","Unknown","Manufacturer or UPC/model, exact package/variant and corresponding photo/video.","945","950","950","Items","946","no_verified_identity","","Unknown","Unknown","","""8145270113820"" fireworks","","No verified product identity from the searched code/name. Generic names and store SKUs are insufficient to assign a photo.","Verify manufacturer/model and exact retail package; inspect and acquire its authentic photo. Video is optional."
"AM2ZXLJ7TEDJQGPX2YZBW72P","757201225045","","Viper Strike","Viper Strike","Unknown","Unknown","Regular","Unknown","Unknown","no_match","No sufficiently specific candidate identified in the two Dynamite catalog files.","Unknown","Manufacturer or UPC/model, exact package/variant and corresponding photo/video.","946","951","951","Items","947","candidate_requires_package_review","","Unknown","Unknown","","""757201225045"" fireworks","https://501pyro.com/Viper-Strike/ | https://usa-fireworks.com/products/aerial-all-cakes/aerial-200-gram-cakes/viper-strike/ | https://staging.usa-fireworks.com/products/aerial-all-cakes/aerial-200-gram-cakes/viper-strike/","Code found in public source; package/brand/image and any conflicts still need individual verification.","Verify manufacturer/model and exact retail package; inspect and acquire its authentic photo. Video is optional."
"GRLCY6BUJIQP24563LEUEXK4","800000323105","","Viva Mexico 500 Gram","Viva Mexico 500 Gram","Unknown","500 GRAM FINALE","Regular","Unknown","500 Gram","no_match","No sufficiently specific candidate identified in the two Dynamite catalog files.","Unknown","Manufacturer or UPC/model, exact package/variant and corresponding photo/video.","947","952","952","Items","948","candidate_requires_package_review","","Unknown","Unknown","","""800000323105"" fireworks","https://usa-fireworks.com/products/aerial-all-cakes/aerial-500-gram-cakes/viva-mexico/ | https://staging.usa-fireworks.com/products/aerial-all-cakes/aerial-500-gram-cakes/viva-mexico/","Code found in public source; package/brand/image and any conflicts still need individual verification.","Verify manufacturer/model and exact retail package; inspect and acquire its authentic photo. Video is optional."
"XTL5TLDJI3LTZYGCDMI4ODSC","687985250110","","Wacky Tobocey","Wacky Tobocey","Unknown","Unknown","Regular","Unknown","Unknown","no_match","No sufficiently specific candidate identified in the two Dynamite catalog files.","Unknown","Manufacturer or UPC/model, exact package/variant and corresponding photo/video.","948","953","953","Items","949","candidate_requires_package_review","","Unknown","Unknown","","Compared code against official Winco UPC reference","https://www.wincofireworks.com/wp-content/uploads/2022/03/UPC-Excel-List_3.25.2022_r2.pdf","Code found in public source; package/brand/image and any conflicts still need individual verification.","Verify manufacturer/model and exact retail package; inspect and acquire its authentic photo. Video is optional."
"Z5AQ5L7DNIGG2FSAUAZOSQQ5","715244063178","","Walking Dead 19 Shots","Walking Dead 19 Shots","Unknown","Unknown","Regular","Unknown","19 Shots","no_match","No sufficiently specific candidate identified in the two Dynamite catalog files.","Unknown","Manufacturer or UPC/model, exact package/variant and corresponding photo/video.","949","954","954","Items","950","candidate_requires_package_review","","Unknown","Unknown","","Compared code against official Winco UPC reference","https://www.wincofireworks.com/wp-content/uploads/2022/03/UPC-Excel-List_3.25.2022_r2.pdf","Code found in public source; package/brand/image and any conflicts still need individual verification.","Verify manufacturer/model and exact retail package; inspect and acquire its authentic photo. Video is optional."
"KS5452C734MZW35G2BTO3ZX4","887946005616","","Wall of Flame","Wall of Flame","Unknown","500 GRAM FINALE > 500 GRAM FINALE ZIPPER CAKES","Regular","Unknown","Unknown","no_match","No sufficiently specific candidate identified in the two Dynamite catalog files.","Unknown","Manufacturer or UPC/model, exact package/variant and corresponding photo/video.","950","955","955","Items","951","no_verified_identity","","Unknown","Unknown","","""887946005616"" fireworks","","No verified product identity from the searched code/name. Generic names and store SKUs are insufficient to assign a photo.","Verify manufacturer/model and exact retail package; inspect and acquire its authentic photo. Video is optional."
"YIKPT4VA36G77JLEBR336HWV","687985985111","","War Hero 500 Gram","War Hero 500 Gram","Unknown","500 GRAM FINALE","Regular","Unknown","500 Gram","no_match","No sufficiently specific candidate identified in the two Dynamite catalog files.","Unknown","Manufacturer or UPC/model, exact package/variant and corresponding photo/video.","951","956","956","Items","952","candidate_requires_package_review","","Unknown","Unknown","","Compared code against official Winco UPC reference","https://www.wincofireworks.com/wp-content/uploads/2022/03/UPC-Excel-List_3.25.2022_r2.pdf","Code found in public source; package/brand/image and any conflicts still need individual verification.","Verify manufacturer/model and exact retail package; inspect and acquire its authentic photo. Video is optional."
"6NQCWDXZ7TGFXFDOUC2FN5T7","887946061414","","War Machine","War Machine","Unknown","Unknown","Regular","Unknown","Unknown","no_match","No sufficiently specific candidate identified in the two Dynamite catalog files.","Unknown","Manufacturer or UPC/model, exact package/variant and corresponding photo/video.","952","957","957","Items","953","candidate_requires_package_review","","Unknown","Unknown","","""887946061414"" fireworks","https://fliphtml5.com/oyvgf/jwia/Fireworks_and_Special_Effects%3A_A_Selection_Guide/64/","Code found in public source; package/brand/image and any conflicts still need individual verification.","Verify manufacturer/model and exact retail package; inspect and acquire its authentic photo. Video is optional."
"VNEIHGVRRDBQAJWZMKFV4C3O","652009906533","","War Machine 156 shots","War Machine 156 shots","Unknown","500 GRAM FINALE > 500 GRAM FINALE ZIPPER CAKES","Regular","Unknown","156 shots","no_match","No sufficiently specific candidate identified in the two Dynamite catalog files.","Unknown","Manufacturer or UPC/model, exact package/variant and corresponding photo/video.","953","958","958","Items","954","candidate_requires_package_review","","Unknown","Unknown","","Compared code against official Winco UPC reference","https://www.wincofireworks.com/wp-content/uploads/2022/03/UPC-Excel-List_3.25.2022_r2.pdf","Code found in public source; package/brand/image and any conflicts still need individual verification.","Verify manufacturer/model and exact retail package; inspect and acquire its authentic photo. Video is optional."
"IS2XWCPIZV7WPJ7BQP3BAPSP","814527200535","","Warning Avalanche Ahead 500 Gram 26 Shot","Warning Avalanche Ahead 500 Gram 26 Shot","Unknown","Unknown","Regular","Unknown","500 Gram | 26 Shot","probable","Name identifies a candidate only; manufacturer and exact presentation have not been established.","products.json[151] Avalanche / Winda / /products/avalanche.png","Manufacturer or UPC/model, exact package/variant and corresponding photo/video.","954","959","959","Items","955","no_verified_identity","","Unknown","Unknown","","""814527200535"" fireworks","","No verified product identity from the searched code/name. Generic names and store SKUs are insufficient to assign a photo.","Verify manufacturer/model and exact retail package; inspect and acquire its authentic photo. Video is optional."
"CNG6PFTZORZT3VTBUEOOCIHE","","6950165436012","Washinton's Wrath","Washinton's Wrath","Unknown","Unknown","Freedom's Firestorm","Freedom's Firestorm","Unknown","no_match","No sufficiently specific candidate identified in the two Dynamite catalog files.","Unknown","Manufacturer or UPC/model, exact package/variant and corresponding photo/video.","955","960","960","Items","956","no_verified_identity","","Unknown","Unknown","","""6950165436012"" fireworks","","No verified product identity from the searched code/name. Generic names and store SKUs are insufficient to assign a photo.","Verify manufacturer/model and exact retail package; inspect and acquire its authentic photo. Video is optional."
"6UJAXAORFVM7FYGGLZ67623O","","6950165436128","Washinton's Wrath","Washinton's Wrath","Unknown","Unknown","Regular","Unknown","Unknown","no_match","No sufficiently specific candidate identified in the two Dynamite catalog files.","Unknown","Manufacturer or UPC/model, exact package/variant and corresponding photo/video.","956","961","961","Items","957","no_verified_identity","","Unknown","Unknown","","""6950165436128"" fireworks","","No verified product identity from the searched code/name. Generic names and store SKUs are insufficient to assign a photo.","Verify manufacturer/model and exact retail package; inspect and acquire its authentic photo. Video is optional."
"TMUMFZK4FJCUWETKB2JNYRTR","814527311712","","Watching You Fountain","Watching You Fountain","Unknown","Fountains","Regular","Unknown","Unknown","no_match","No sufficiently specific candidate identified in the two Dynamite catalog files.","Unknown","Manufacturer or UPC/model, exact package/variant and corresponding photo/video.","957","962","962","Items","958","no_verified_identity","","Unknown","Unknown","","""814527311712"" fireworks","","No verified product identity from the searched code/name. Generic names and store SKUs are insufficient to assign a photo.","Verify manufacturer/model and exact retail package; inspect and acquire its authentic photo. Video is optional."
"Y67YAJM4MTK2Q3WK6TKIAQSU","705108915040","","Watermelon  Ninja","Watermelon Ninja","Unknown","Fountains","Regular","Unknown","Unknown","no_match","No sufficiently specific candidate identified in the two Dynamite catalog files.","Unknown","Manufacturer or UPC/model, exact package/variant and corresponding photo/video.","958","963","963","Items","959","candidate_requires_package_review","","Unknown","Unknown","","""705108915040"" fireworks","https://76fireworkstore.com/FN150-Watermelon-Ninja-R-PC","Code found in public source; package/brand/image and any conflicts still need individual verification.","Verify manufacturer/model and exact retail package; inspect and acquire its authentic photo. Video is optional."
"C44OQMPI7CLCZ5UOQBGPOVY5","","805253438613","We the People","We the People","Unknown","Unknown","Regular","Unknown","Unknown","no_match","No sufficiently specific candidate identified in the two Dynamite catalog files.","Unknown","Manufacturer or UPC/model, exact package/variant and corresponding photo/video.","959","964","964","Items","960","no_verified_identity","","Unknown","Unknown","","""805253438613"" fireworks","","No verified product identity from the searched code/name. Generic names and store SKUs are insufficient to assign a photo.","Verify manufacturer/model and exact retail package; inspect and acquire its authentic photo. Video is optional."
"52R2ZXKH7VN6XE22HGIYOY7H","","805253437616","We the People Love Fireworks","We the People Love Fireworks","Unknown","Unknown","Regular","Unknown","Unknown","no_match","No sufficiently specific candidate identified in the two Dynamite catalog files.","Unknown","Manufacturer or UPC/model, exact package/variant and corresponding photo/video.","960","965","965","Items","961","no_verified_identity","","Unknown","Unknown","","""805253437616"" fireworks","","No verified product identity from the searched code/name. Generic names and store SKUs are insufficient to assign a photo.","Verify manufacturer/model and exact retail package; inspect and acquire its authentic photo. Video is optional."
"QSQAXZFLM7YY3WE3XR322PCO","8145270155318","","Weapon Of Choice 36 Shot","Weapon Of Choice 36 Shot","Unknown","Unknown","Regular","Unknown","36 Shot","no_match","No sufficiently specific candidate identified in the two Dynamite catalog files.","Unknown","Manufacturer or UPC/model, exact package/variant and corresponding photo/video.","961","966","966","Items","962","no_verified_identity","","Unknown","Unknown","","""8145270155318"" fireworks","","No verified product identity from the searched code/name. Generic names and store SKUs are insufficient to assign a photo.","Verify manufacturer/model and exact retail package; inspect and acquire its authentic photo. Video is optional."
"BNKKQGDEVA5V7GNWV6M7MMU4","887946061681","","Wedding Sparklers No 14 Gold Sparklers 14 Inch 6 Pcs","Wedding Sparklers No 14 Gold Sparklers 14 Inch 6 Pcs","Unknown","Unknown","Regular","Unknown","14 Inch | 6 Pcs","no_match","No sufficiently specific candidate identified in the two Dynamite catalog files.","Unknown","Manufacturer or UPC/model, exact package/variant and corresponding photo/video.","962","967","967","Items","963","no_verified_identity","","Unknown","Unknown","","""887946061681"" fireworks","","No verified product identity from the searched code/name. Generic names and store SKUs are insufficient to assign a photo.","Verify manufacturer/model and exact retail package; inspect and acquire its authentic photo. Video is optional."
"XIJVJE2L4HZMIGUUW74YVCDN","680149045133","","Wedding Sparklers-#20 Gold 20 Inch 8 Pcs","Wedding Sparklers-#20 Gold 20 Inch 8 Pcs","Unknown","Unknown","Regular","Unknown","20 Inch | 8 Pcs","no_match","No sufficiently specific candidate identified in the two Dynamite catalog files.","Unknown","Manufacturer or UPC/model, exact package/variant and corresponding photo/video.","963","968","968","Items","964","no_verified_identity","","Unknown","Unknown","","""680149045133"" fireworks","","No verified product identity from the searched code/name. Generic names and store SKUs are insufficient to assign a photo.","Verify manufacturer/model and exact retail package; inspect and acquire its authentic photo. Video is optional."
"ZYLKLF2LIQFBMRPYETQMEHPO","211325210436","","Welcome To America","Welcome To America","Unknown","Fountains","Regular","Unknown","Unknown","no_match","No sufficiently specific candidate identified in the two Dynamite catalog files.","Unknown","Manufacturer or UPC/model, exact package/variant and corresponding photo/video.","964","969","969","Items","965","no_verified_identity","","Unknown","Unknown","","""211325210436"" fireworks","","No verified product identity from the searched code/name. Generic names and store SKUs are insufficient to assign a photo.","Verify manufacturer/model and exact retail package; inspect and acquire its authentic photo. Video is optional."
"4TIP4COGELAUIDAJ6MST3CFQ","757201536110","","What A Blast","What A Blast","Unknown","Unknown","Regular","Unknown","Unknown","no_match","No sufficiently specific candidate identified in the two Dynamite catalog files.","Unknown","Manufacturer or UPC/model, exact package/variant and corresponding photo/video.","965","970","970","Items","966","no_verified_identity","","Unknown","Unknown","","""757201536110"" fireworks","","No verified product identity from the searched code/name. Generic names and store SKUs are insufficient to assign a photo.","Verify manufacturer/model and exact retail package; inspect and acquire its authentic photo. Video is optional."
"MM3BLPBIRXKHJ5V4YE4XWPAQ","8052530044216","","What Boys Are Made Of","What Boys Are Made Of","Unknown","Unknown","Regular","Unknown","Unknown","no_match","No sufficiently specific candidate identified in the two Dynamite catalog files.","Unknown","Manufacturer or UPC/model, exact package/variant and corresponding photo/video.","966","971","971","Items","967","candidate_requires_package_review","","Unknown","Unknown","","""8052530044216"" fireworks","https://beta2024.usa-fireworks.com/products/assortments/what-boys-are-made-of/ | https://thefireworkssuperstore.com/shop/what-boys-are-made-of-backpack","Code found in public source; package/brand/image and any conflicts still need individual verification.","Verify manufacturer/model and exact retail package; inspect and acquire its authentic photo. Video is optional."
"FLN6Q2HNLPI5J536VFRX5FV3","674662504420","","What's That 500 Gram","What's That 500 Gram","Unknown","500 GRAM FINALE","Regular","Unknown","500 Gram","no_match","No sufficiently specific candidate identified in the two Dynamite catalog files.","Unknown","Manufacturer or UPC/model, exact package/variant and corresponding photo/video.","967","972","972","Items","968","candidate_requires_package_review","","Unknown","Unknown","","""674662504420"" fireworks","https://lowcountryfireworks.com/GM1026-Whats-That-girandola-R-PC/?setCurrencyId=1%5C | https://76fireworkstore.com/whats-that-cake-girandola/","Code found in public source; package/brand/image and any conflicts still need individual verification.","Verify manufacturer/model and exact retail package; inspect and acquire its authentic photo. Video is optional."
"6DOXRDGFLEMBC4IEFOHUXQ33","","705108803965","Whiskey Business","Whiskey Business","Unknown","Unknown","Regular","Unknown","Unknown","no_match","No sufficiently specific candidate identified in the two Dynamite catalog files.","Unknown","Manufacturer or UPC/model, exact package/variant and corresponding photo/video.","968","973","973","Items","969","candidate_requires_package_review","","Unknown","Unknown","","""705108803965"" fireworks","https://www.getwinda.com/product-page/whisky-business-20-s | https://skylinefireworksllc.com/MX184-Whisky-Business-R-PC/ | https://bangersonlyfireworks.com/MX184-Whisky-Business-R-PC/","Code found in public source; package/brand/image and any conflicts still need individual verification.","Verify manufacturer/model and exact retail package; inspect and acquire its authentic photo. Video is optional."
"42AKSK3AMAWJSVSRY2QX2L4D","200300105164","","Whistling Buster","Whistling Buster","Unknown","Unknown","Regular","Unknown","Unknown","no_match","No sufficiently specific candidate identified in the two Dynamite catalog files.","Unknown","Manufacturer or UPC/model, exact package/variant and corresponding photo/video.","969","974","974","Items","970","no_verified_identity","","Unknown","Unknown","","""200300105164"" fireworks","","No verified product identity from the searched code/name. Generic names and store SKUs are insufficient to assign a photo.","Verify manufacturer/model and exact retail package; inspect and acquire its authentic photo. Video is optional."
"UGR7VX5AJCKWYKD5WLDPARD5","652009002549","","Whistling Chaser 8 Pk","Whistling Chaser 8 Pk","Unknown","Unknown","Regular","Unknown","Unknown","no_match","No sufficiently specific candidate identified in the two Dynamite catalog files.","Unknown","Manufacturer or UPC/model, exact package/variant and corresponding photo/video.","970","975","975","Items","971","candidate_requires_package_review","","Unknown","Unknown","","Compared code against official Winco UPC reference","https://www.wincofireworks.com/wp-content/uploads/2022/03/UPC-Excel-List_3.25.2022_r2.pdf","Code found in public source; package/brand/image and any conflicts still need individual verification.","Verify manufacturer/model and exact retail package; inspect and acquire its authentic photo. Video is optional."
"I6JNE43GUTMPUOBCPM36M7QM","705108802760","","Who Runs The World 500g","Who Runs The World 500g","Unknown","Unknown","Regular","Unknown","500g","no_match","No sufficiently specific candidate identified in the two Dynamite catalog files.","Unknown","Manufacturer or UPC/model, exact package/variant and corresponding photo/video.","971","976","976","Items","972","candidate_requires_package_review","","Unknown","Unknown","","""705108802760"" fireworks","https://501pyro.com/who-runs-the-world/","Code found in public source; package/brand/image and any conflicts still need individual verification.","Verify manufacturer/model and exact retail package; inspect and acquire its authentic photo. Video is optional."
"CV664TCU26NIUFZPF425DRAO","192537002890","","Wild Cat 5"" Artillery Shells 24 pack","Wild Cat 5"" Artillery Shells 24 pack","Unknown","24 Pack Canister Artillery Shells 5 INCH","Regular","Unknown","5"" | 24 pack","no_match","No sufficiently specific candidate identified in the two Dynamite catalog files.","Unknown","Manufacturer or UPC/model, exact package/variant and corresponding photo/video.","972","977","977","Items","973","no_verified_identity","","Unknown","Unknown","","""192537002890"" fireworks","","No verified product identity from the searched code/name. Generic names and store SKUs are insufficient to assign a photo.","Verify manufacturer/model and exact retail package; inspect and acquire its authentic photo. Video is optional."
"6SQ25JK3RYG5ECAM3GS2PQ3R","757201220026","","Wild Horses","Wild Horses","Unknown","Unknown","Regular","Unknown","Unknown","no_match","No sufficiently specific candidate identified in the two Dynamite catalog files.","Unknown","Manufacturer or UPC/model, exact package/variant and corresponding photo/video.","973","978","978","Items","974","candidate_requires_package_review","","Unknown","Unknown","","""757201220026"" fireworks","https://www.raccoonfireworksusa.com/product-page/wild-horses | https://501pyro.com/Wild-Horses/ | https://americanwholesalefireworks.com/wild-horses/","Code found in public source; package/brand/image and any conflicts still need individual verification.","Verify manufacturer/model and exact retail package; inspect and acquire its authentic photo. Video is optional."
"DZB6A5PJPGHXV3BGZRJYYKJ7","8572015003793","","Wild Hunt 500 G Pack","Wild Hunt 500 G Pack","Unknown","Unknown","Regular","Unknown","500 G","no_match","No sufficiently specific candidate identified in the two Dynamite catalog files.","Unknown","Manufacturer or UPC/model, exact package/variant and corresponding photo/video.","974","979","979","Items","975","no_verified_identity","","Unknown","Unknown","","""8572015003793"" fireworks","","No verified product identity from the searched code/name. Generic names and store SKUs are insufficient to assign a photo.","Verify manufacturer/model and exact retail package; inspect and acquire its authentic photo. Video is optional."
"VDUDV2IJWJQDR3OXDDXGSYVX","687985292417","","Wild West","Wild West","Unknown","Unknown","Regular","Unknown","Unknown","no_match","No sufficiently specific candidate identified in the two Dynamite catalog files.","Unknown","Manufacturer or UPC/model, exact package/variant and corresponding photo/video.","975","980","980","Items","976","candidate_requires_package_review","","Unknown","Unknown","","""687985292417"" fireworks","https://georgiasbestfireworks.com/product/0af7b240-ab8c-11e8-eddc-e476b1e08cd0/","Code found in public source; package/brand/image and any conflicts still need individual verification.","Verify manufacturer/model and exact retail package; inspect and acquire its authentic photo. Video is optional."
"6HVANF2BUGX7XBWGM6KGJOJI","687985262410","","Wildcard","Wildcard","Unknown","Unknown","Regular","Unknown","Unknown","no_match","No sufficiently specific candidate identified in the two Dynamite catalog files.","Unknown","Manufacturer or UPC/model, exact package/variant and corresponding photo/video.","976","981","981","Items","977","candidate_requires_package_review","","Unknown","Unknown","","""687985262410"" fireworks","https://ocfireworks.com/wildcard/ | https://americanwholesalefireworks.com/wildcard/ | https://bigdaddyksfireworksoutlet.com/product/wildcard/","Code found in public source; package/brand/image and any conflicts still need individual verification.","Verify manufacturer/model and exact retail package; inspect and acquire its authentic photo. Video is optional."
"RIOM3SESJXPNVNW246HUV6UY","757201536318","","Willow Explosion","Willow Explosion","Unknown","Unknown","Regular","Unknown","Unknown","no_match","No sufficiently specific candidate identified in the two Dynamite catalog files.","Unknown","Manufacturer or UPC/model, exact package/variant and corresponding photo/video.","977","982","982","Items","978","candidate_requires_package_review","","Unknown","Unknown","","""757201536318"" fireworks","https://ocfireworks.com/willow-explosion/ | https://www.raccoonfireworksusa.com/product-page/willow-explosion | https://americanwholesalefireworks.com/willow-explosion/","Code found in public source; package/brand/image and any conflicts still need individual verification.","Verify manufacturer/model and exact retail package; inspect and acquire its authentic photo. Video is optional."
"475TU4CYYUU2N4WBJOEXBVVC","757201536301","","Wine O' Clock","Wine O' Clock","Unknown","Unknown","Regular","Unknown","Unknown","no_match","No sufficiently specific candidate identified in the two Dynamite catalog files.","Unknown","Manufacturer or UPC/model, exact package/variant and corresponding photo/video.","978","983","983","Items","979","no_verified_identity","","Unknown","Unknown","","""757201536301"" fireworks","","No verified product identity from the searched code/name. Generic names and store SKUs are insufficient to assign a photo.","Verify manufacturer/model and exact retail package; inspect and acquire its authentic photo. Video is optional."
"RDNMIFK5DN5NS47I3G4DFEK3","757205301028","","Wings Of Desire 500 Gram","Wings Of Desire 500 Gram","Unknown","500 GRAM FINALE","Regular","Unknown","500 Gram","no_match","No sufficiently specific candidate identified in the two Dynamite catalog files.","Unknown","Manufacturer or UPC/model, exact package/variant and corresponding photo/video.","979","984","984","Items","980","no_verified_identity","","Unknown","Unknown","","""757205301028"" fireworks","","No verified product identity from the searched code/name. Generic names and store SKUs are insufficient to assign a photo.","Verify manufacturer/model and exact retail package; inspect and acquire its authentic photo. Video is optional."
"AYTDVARD6EIZWXGX72EAMDXL","703674274196","","Wireless Lighter Firing System","Wireless Lighter Firing System","Unknown","Unknown","Regular","Unknown","Unknown","no_match","No sufficiently specific candidate identified in the two Dynamite catalog files.","Unknown","Manufacturer or UPC/model, exact package/variant and corresponding photo/video.","980","985","985","Items","981","candidate_requires_package_review","","Unknown","Unknown","","""703674274196"" fireworks","https://skylinefireworksllc.com/FS304-R-PC/ | https://dosgringosfireworks.com/FS304-R-PC/ | https://blackkatpyro.com/ignite-lite-6-cue-module/","Code found in public source; package/brand/image and any conflicts still need individual verification.","Verify manufacturer/model and exact retail package; inspect and acquire its authentic photo. Video is optional."
"JYPTK3SJCOV73CE4NJUGOT6J","814527318216","","Wolves","Wolves","Unknown","Unknown","Regular","Unknown","Unknown","no_match","No sufficiently specific candidate identified in the two Dynamite catalog files.","Unknown","Manufacturer or UPC/model, exact package/variant and corresponding photo/video.","981","986","986","Items","982","no_verified_identity","","Unknown","Unknown","","""814527318216"" fireworks","","No verified product identity from the searched code/name. Generic names and store SKUs are insufficient to assign a photo.","Verify manufacturer/model and exact retail package; inspect and acquire its authentic photo. Video is optional."
"RNWQE56DSFMVHJ64MOFUYAR4","","715244022465","Worlds Lagest Fountian","Worlds Lagest Fountian","Unknown","Fountains","Regular","Unknown","Unknown","no_match","No sufficiently specific candidate identified in the two Dynamite catalog files.","Unknown","Manufacturer or UPC/model, exact package/variant and corresponding photo/video.","982","987","987","Items","983","no_verified_identity","","Unknown","Unknown","","""715244022465"" fireworks","","No verified product identity from the searched code/name. Generic names and store SKUs are insufficient to assign a photo.","Verify manufacturer/model and exact retail package; inspect and acquire its authentic photo. Video is optional."
"CPEIQZMDOBTZ3F24F6U4ST5F","680149047755","","X Wing Missle","X Wing Missle","Unknown","Unknown","Regular","Unknown","Unknown","no_match","No sufficiently specific candidate identified in the two Dynamite catalog files.","Unknown","Manufacturer or UPC/model, exact package/variant and corresponding photo/video.","983","988","988","Items","984","candidate_requires_package_review","","Unknown","Unknown","","""680149047755"" fireworks","https://usa-fireworks.com/products/missiles-rockets/x-wing-missile/","Code found in public source; package/brand/image and any conflicts still need individual verification.","Verify manufacturer/model and exact retail package; inspect and acquire its authentic photo. Video is optional."
"JW2FSPRKWWSE6UIL2JIGPHNB","757201312011","","Xtra Large 5"" Artillery Shells 12 pack","Xtra Large 5"" Artillery Shells 12 pack","Unknown","12/16 Pack Artillery Shells 1.75"" RDX\, 4"" Pyro\, 5"" Xtra Lg","Regular","Unknown","5"" | 12 pack","no_match","No sufficiently specific candidate identified in the two Dynamite catalog files.","Unknown","Manufacturer or UPC/model, exact package/variant and corresponding photo/video.","984","989","989","Items","985","candidate_requires_package_review","","Unknown","Unknown","","""757201312011"" fireworks","https://usa-fireworks.com/products/artillery-shells/xtra-large-5-canister-shell/ | https://beta2024.usa-fireworks.com/products/artillery-shells/xtra-large-5-canister-shell/","Code found in public source; package/brand/image and any conflicts still need individual verification.","Verify manufacturer/model and exact retail package; inspect and acquire its authentic photo. Video is optional."
"KTQONGUQYENKCXK6T2CHPF4P","h33887946030311","","Zangers","Zangers","Unknown","Unknown","Regular","Unknown","Unknown","no_match","No sufficiently specific candidate identified in the two Dynamite catalog files.","Unknown","Manufacturer or UPC/model, exact package/variant and corresponding photo/video.","985","990","990","Items","986","no_verified_identity","","Unknown","Unknown","","""h33887946030311"" fireworks","","No verified product identity from the searched code/name. Generic names and store SKUs are insufficient to assign a photo.","Verify manufacturer/model and exact retail package; inspect and acquire its authentic photo. Video is optional."
"SCYFUPEUZPM64WQU4QBY6NKC","887946030311","","Zangers BOGO","Zangers","Unknown","Unknown","Regular","Unknown","Unknown","no_match","No sufficiently specific candidate identified in the two Dynamite catalog files.","Unknown","Manufacturer or UPC/model, exact package/variant and corresponding photo/video.","986","991","991","Items","987","no_verified_identity","","Unknown","Unknown","","""887946030311"" fireworks","","No verified product identity from the searched code/name. Generic names and store SKUs are insufficient to assign a photo.","Verify manufacturer/model and exact retail package; inspect and acquire its authentic photo. Video is optional."
"ABSSOYGSF5XAJ7T3RPHZ6GUX","8052530147214","","Zeus Artillery 24 Shells/36 Breaks","Zeus Artillery 24 Shells/36 Breaks","Unknown","Artillery Packs MultiShell MultiBreaks","Regular","Unknown","24 Shells | 36 Breaks","no_match","No sufficiently specific candidate identified in the two Dynamite catalog files.","Unknown","Manufacturer or UPC/model, exact package/variant and corresponding photo/video.","987","992","992","Items","988","candidate_requires_package_review","","Unknown","Unknown","","""8052530147214"" fireworks","https://usa-fireworks.com/products/artillery-shells/zeus/ | https://thefireworkssuperstore.com/shop/zeus-artillery-shells | https://www.pyromart.com/index.php?category_id=380&company_id=223&dispatch=companies.products&page=23&sort_by=timestamp&sort_order=asc","Code found in public source; package/brand/image and any conflicts still need individual verification.","Verify manufacturer/model and exact retail package; inspect and acquire its authentic photo. Video is optional."
"K4U6AWT3ZSCB7UMQSFTHNS2T","69400360","","Zing. BOGO","Zing.","Unknown","Unknown","Regular","Unknown","Unknown","no_match","No sufficiently specific candidate identified in the two Dynamite catalog files.","Unknown","Manufacturer or UPC/model, exact package/variant and corresponding photo/video.","988","993","993","Items","989","candidate_requires_package_review","","Unknown","Unknown","","Compared code against official Winco UPC reference","https://www.wincofireworks.com/wp-content/uploads/2022/03/UPC-Excel-List_3.25.2022_r2.pdf","Code found in public source; package/brand/image and any conflicts still need individual verification.","Verify manufacturer/model and exact retail package; inspect and acquire its authentic photo. Video is optional."
"TBUBQKGLIPZ3YZ7ACJLUPCHR","601020003035","","Zippers 6pc","Zippers 6pc","Unknown","Unknown","Regular","Unknown","6pc","no_match","No sufficiently specific candidate identified in the two Dynamite catalog files.","Unknown","Manufacturer or UPC/model, exact package/variant and corresponding photo/video.","989","994","994","Items","990","no_verified_identity","","Unknown","Unknown","","""601020003035"" fireworks","","No verified product identity from the searched code/name. Generic names and store SKUs are insufficient to assign a photo.","Verify manufacturer/model and exact retail package; inspect and acquire its authentic photo. Video is optional."
"MLRBPIXQ3OWSYIEEJFU5UA6F","211491323473","","Zombie Killer 5"" Artillery Shells 24 pack","Zombie Killer 5"" Artillery Shells 24 pack","Unknown","24 Pack Canister Artillery Shells 5 INCH","Regular","Unknown","5"" | 24 pack","probable","Name identifies a candidate only; manufacturer and exact presentation have not been established.","products.json[30] Zombie / Monkey Mania / /products/zombie.png","Manufacturer or UPC/model, exact package/variant and corresponding photo/video.","990","995","995","Items","991","no_verified_identity","","Unknown","Unknown","","""211491323473"" fireworks","","No verified product identity from the searched code/name. Generic names and store SKUs are insufficient to assign a photo.","Verify manufacturer/model and exact retail package; inspect and acquire its authentic photo. Video is optional."
"C4H5ALVI5ANGSTY6KKEOP2YJ","6950165423067","","Zombied 9 Shots","Zombied 9 Shots","Unknown","Unknown","Regular","Unknown","9 Shots","probable","Name identifies a candidate only; manufacturer and exact presentation have not been established.","products.json[30] Zombie / Monkey Mania / /products/zombie.png","Manufacturer or UPC/model, exact package/variant and corresponding photo/video.","991","996","996","Items","992","no_verified_identity","","Unknown","Unknown","","""6950165423067"" fireworks","","No verified product identity from the searched code/name. Generic names and store SKUs are insufficient to assign a photo.","Verify manufacturer/model and exact retail package; inspect and acquire its authentic photo. Video is optional."
"ZMSLCMXFLVZU2T7HTZ32QRD5","214345008014","","alien chaser","alien chaser","Unknown","Unknown","Regular","Unknown","Unknown","no_match","No sufficiently specific candidate identified in the two Dynamite catalog files.","Unknown","Manufacturer or UPC/model, exact package/variant and corresponding photo/video.","992","997","997","Items","993","candidate_requires_package_review","","Unknown","Unknown","","Compared code against official Winco UPC reference","https://www.wincofireworks.com/wp-content/uploads/2022/03/UPC-Excel-List_3.25.2022_r2.pdf","Code found in public source; package/brand/image and any conflicts still need individual verification.","Verify manufacturer/model and exact retail package; inspect and acquire its authentic photo. Video is optional."
"FY34EGC4CU3KPIDESMEXQUM6","","674662513897","americas thunderbombs 1000 firecrackers","americas thunderbombs 1000 firecrackers","Unknown","Unknown","Regular","Unknown","Unknown","no_match","No sufficiently specific candidate identified in the two Dynamite catalog files.","Unknown","Manufacturer or UPC/model, exact package/variant and corresponding photo/video.","993","998","998","Items","994","no_verified_identity","","Unknown","Unknown","","""674662513897"" fireworks","","No verified product identity from the searched code/name. Generic names and store SKUs are insufficient to assign a photo.","Verify manufacturer/model and exact retail package; inspect and acquire its authentic photo. Video is optional."
"L5C5YKYKI6P6RTTUFZUQAN67","100000100226","","artificial satellite","artificial satellite","Unknown","Unknown","Regular","Unknown","Unknown","no_match","No sufficiently specific candidate identified in the two Dynamite catalog files.","Unknown","Manufacturer or UPC/model, exact package/variant and corresponding photo/video.","994","999","999","Items","995","no_verified_identity","","Unknown","Unknown","","""100000100226"" fireworks","","No verified product identity from the searched code/name. Generic names and store SKUs are insufficient to assign a photo.","Verify manufacturer/model and exact retail package; inspect and acquire its authentic photo. Video is optional."
"CYOD2EG37BSGJSX2PMIA745V","816597943091","","big mudder trucker","big mudder trucker","Unknown","Unknown","Regular","Unknown","Unknown","no_match","No sufficiently specific candidate identified in the two Dynamite catalog files.","Unknown","Manufacturer or UPC/model, exact package/variant and corresponding photo/video.","996","1001","1001","Items","997","no_verified_identity","","Unknown","Unknown","","""816597943091"" fireworks","","No verified product identity from the searched code/name. Generic names and store SKUs are insufficient to assign a photo.","Verify manufacturer/model and exact retail package; inspect and acquire its authentic photo. Video is optional."
"FWD36HGV7A4TLSAPI2MAT4HL","687985430819","","cat calls","cat calls","Unknown","Fountains","Regular","Unknown","Unknown","no_match","No sufficiently specific candidate identified in the two Dynamite catalog files.","Unknown","Manufacturer or UPC/model, exact package/variant and corresponding photo/video.","999","1004","1004","Items","1000","no_verified_identity","","Unknown","Unknown","","""687985430819"" fireworks","","No verified product identity from the searched code/name. Generic names and store SKUs are insufficient to assign a photo.","Verify manufacturer/model and exact retail package; inspect and acquire its authentic photo. Video is optional."
"ESLZA7PGFA42ZX5QDNW7DNQS","715244033447","","colored snakes","colored snakes","Unknown","Unknown","Regular","Unknown","Unknown","no_match","No sufficiently specific candidate identified in the two Dynamite catalog files.","Unknown","Manufacturer or UPC/model, exact package/variant and corresponding photo/video.","1000","1005","1005","Items","1001","no_verified_identity","","Unknown","Unknown","","""715244033447"" fireworks","","No verified product identity from the searched code/name. Generic names and store SKUs are insufficient to assign a photo.","Verify manufacturer/model and exact retail package; inspect and acquire its authentic photo. Video is optional."
"FRFVWA6OPHD7DZENTVJS2RBE","687985904624","","container load assortment","container load assortment","Unknown","Unknown","Regular","Unknown","Unknown","no_match","No sufficiently specific candidate identified in the two Dynamite catalog files.","Unknown","Manufacturer or UPC/model, exact package/variant and corresponding photo/video.","1001","1006","1006","Items","1002","candidate_requires_package_review","","Unknown","Unknown","","""687985904624"" fireworks","https://arfireworks.com/AT131-Brothers-Container-Load-R-PC/ | https://simpsonfireworks.com/AT131-Brothers-Container-Load-R-PC/ | https://shop.wazupfireworks.com/AT131-Brothers-Container-Load-R-PC/ | https://www.ronsfireworks.com/products/assortments/container-load/ | https://nbfireworks.com/AT131-Brothers-Container-Load-R-PC/ | https://whitelightningfireworks.com/AT131-Brothers-Container-Load-R-PC/","Code found in public source; package/brand/image and any conflicts still need individual verification.","Verify manufacturer/model and exact retail package; inspect and acquire its authentic photo. Video is optional."
"ZBY55IANNELVIVADDGQEEIVP","715244020140","","cuckoo","cuckoo","Unknown","Unknown","Regular","Unknown","Unknown","no_match","No sufficiently specific candidate identified in the two Dynamite catalog files.","Unknown","Manufacturer or UPC/model, exact package/variant and corresponding photo/video.","1002","1007","1007","Items","1003","candidate_requires_package_review","","Unknown","Unknown","","""715244020140"" fireworks","https://www.wincofireworks.com/wp-content/uploads/2022/02/Pyro-Scan-UPC-ITEM-Database-February-2022-Sorted-By-Item-Name.pdf","Code found in public source; package/brand/image and any conflicts still need individual verification.","Verify manufacturer/model and exact retail package; inspect and acquire its authentic photo. Video is optional."
"JHH35X7EGHAJV5SLSC7BDZSK","687985901395","","da big box o' bombs","da big box o' bombs","Unknown","Unknown","Regular","Unknown","Unknown","probable","Name identifies a candidate only; manufacturer and exact presentation have not been established.","products.json[98] Da Big Box O' Bombs / Brothers / /products/da-big-box-o'-bombs.png","Manufacturer or UPC/model, exact package/variant and corresponding photo/video.","1003","1008","1008","Items","1004","identified_missing_image","","Brothers","BP-A013","https://www.youtube.com/watch?v=gK4SO7LKMJM","Compared code against official Winco UPC reference","https://www.brotherspyrotechnics.com/ProductDetails/1159 | https://www.wincofireworks.com/wp-content/uploads/2022/03/UPC-Excel-List_3.25.2022_r2.pdf","Exact Winco UPC 687985901395 identifies the four-cake assortment. Local photo has baked white background. Background-only ImageGen attempt changed printed model codes to BP-A025-* and warning text; rejected. Keep original photo in audit, not publish generated packaging.","Obtain faithful transparent photo or a pixel-preserving manual background isolation. Individual Atom/Hydrogen/Neutron/Cobalt Square rows are different retail products."
"CVAUNE4ODRI6N6BCYCLHK4WS","841527110298","","dino bomb","dino bomb","Unknown","Unknown","Regular","Unknown","Unknown","no_match","No sufficiently specific candidate identified in the two Dynamite catalog files.","Unknown","Manufacturer or UPC/model, exact package/variant and corresponding photo/video.","1004","1009","1009","Items","1005","candidate_requires_package_review","","Unknown","Unknown","","""841527110298"" fireworks","https://usa-fireworks.com/products/firecrackers-salutes/dino-bomb/ | https://staging.usa-fireworks.com/products/firecrackers-salutes/dino-bomb/ | https://www.t-skyfireworks.com/wp-content/uploads/2025/07/2026-Mecha-Product-Catalog.pdf","Code found in public source; package/brand/image and any conflicts still need individual verification.","Verify manufacturer/model and exact retail package; inspect and acquire its authentic photo. Video is optional."
"YAR54WJZVKSVXZJB6WIGGNJ7","112233000259","","dragon artillery shell","dragon artillery shell","Unknown","Unknown","Regular","Unknown","Unknown","no_match","No sufficiently specific candidate identified in the two Dynamite catalog files.","Unknown","Manufacturer or UPC/model, exact package/variant and corresponding photo/video.","1005","1010","1010","Items","1006","no_verified_identity","","Unknown","Unknown","","""112233000259"" fireworks","","No verified product identity from the searched code/name. Generic names and store SKUs are insufficient to assign a photo.","Verify manufacturer/model and exact retail package; inspect and acquire its authentic photo. Video is optional."
"6QO63UPD5GZPJBJPTPD76VNT","112233000242","","dragon artillery shell","dragon artillery shell","Unknown","Unknown","Dragon Artillery Shell","Dragon Artillery Shell","Unknown","no_match","No sufficiently specific candidate identified in the two Dynamite catalog files.","Unknown","Manufacturer or UPC/model, exact package/variant and corresponding photo/video.","1006","1011","1011","Items","1007","no_verified_identity","","Unknown","Unknown","","""112233000242"" fireworks","","No verified product identity from the searched code/name. Generic names and store SKUs are insufficient to assign a photo.","Verify manufacturer/model and exact retail package; inspect and acquire its authentic photo. Video is optional."
"RLY2XMX3UEEYIBZHJTFOND6V","811451011763","","dragon artillery shell","dragon artillery shell","Unknown","Unknown","Dragon Artillery Shell","Dragon Artillery Shell","Unknown","no_match","No sufficiently specific candidate identified in the two Dynamite catalog files.","Unknown","Manufacturer or UPC/model, exact package/variant and corresponding photo/video.","1007","1012","1012","Items","1008","no_verified_identity","","Unknown","Unknown","","""811451011763"" fireworks","","No verified product identity from the searched code/name. Generic names and store SKUs are insufficient to assign a photo.","Verify manufacturer/model and exact retail package; inspect and acquire its authentic photo. Video is optional."
"T52ZOHQ6LBMGDIOFIZ22YDPN","811451013422","","dragon artillery shell","dragon artillery shell","Unknown","Unknown","Dragon Artillery Shell","Dragon Artillery Shell","Unknown","no_match","No sufficiently specific candidate identified in the two Dynamite catalog files.","Unknown","Manufacturer or UPC/model, exact package/variant and corresponding photo/video.","1008","1013","1013","Items","1009","no_verified_identity","","Unknown","Unknown","","""811451013422"" fireworks","","No verified product identity from the searched code/name. Generic names and store SKUs are insufficient to assign a photo.","Verify manufacturer/model and exact retail package; inspect and acquire its authentic photo. Video is optional."
"EU6L6PVTJT2WVTO3IXNXKD4T","715244064694","","fiesta grande 216 shot","fiesta grande 216 shot","Unknown","Unknown","Regular","Unknown","216 shot","no_match","No sufficiently specific candidate identified in the two Dynamite catalog files.","Unknown","Manufacturer or UPC/model, exact package/variant and corresponding photo/video.","1009","1014","1014","Items","1010","candidate_requires_package_review","","Unknown","Unknown","","""715244064694"" fireworks","https://usa-fireworks.com/products/aerial-all-cakes/aerial-500-gram-cakes/fiesta-grande-216-shot-cake/","Code found in public source; package/brand/image and any conflicts still need individual verification.","Verify manufacturer/model and exact retail package; inspect and acquire its authentic photo. Video is optional."
"JOZNARA424EEK6F2KF7HBTKU","687985285617","","flying colors","flying colors","Unknown","Unknown","Regular","Unknown","Unknown","no_match","No sufficiently specific candidate identified in the two Dynamite catalog files.","Unknown","Manufacturer or UPC/model, exact package/variant and corresponding photo/video.","1010","1015","1015","Items","1011","candidate_requires_package_review","","Unknown","Unknown","","""687985285617"" fireworks","https://georgiasbestfireworks.com/product/flying-colors-41-shots/ | https://arfireworks.com/MS691-Flying-Colors-BP2856-R-PC/","Code found in public source; package/brand/image and any conflicts still need individual verification.","Verify manufacturer/model and exact retail package; inspect and acquire its authentic photo. Video is optional."
"DXJSL22TCSMUGGQINAP24X5T","8052531144915","","frog princess","frog princess","Unknown","Fountains","Frog Princess","Frog Princess","Unknown","no_match","No sufficiently specific candidate identified in the two Dynamite catalog files.","Unknown","Manufacturer or UPC/model, exact package/variant and corresponding photo/video.","1011","1016","1016","Items","1012","candidate_requires_package_review","","Unknown","Unknown","","""8052531144915"" fireworks","https://usa-fireworks.com/products/fountains/fountains-200-gram/frog-princess/","Code found in public source; package/brand/image and any conflicts still need individual verification.","Verify manufacturer/model and exact retail package; inspect and acquire its authentic photo. Video is optional."
"C5IJRH4ATYMQXYAVEYHQW35A","8052531137719","","frog princess","frog princess","Unknown","Fountains","Frog Prince","Frog Prince","Unknown","no_match","No sufficiently specific candidate identified in the two Dynamite catalog files.","Unknown","Manufacturer or UPC/model, exact package/variant and corresponding photo/video.","1012","1017","1017","Items","1013","candidate_requires_package_review","","Unknown","Unknown","","""8052531137719"" fireworks","https://usa-fireworks.com/products/fountains/fountains-200-gram/frog-prince/ | https://beta2024.usa-fireworks.com/products/fountains/fountains-200-gram/frog-prince/ | https://fireworkconnection.com/product/frog-prince/","Code found in public source; package/brand/image and any conflicts still need individual verification.","Verify manufacturer/model and exact retail package; inspect and acquire its authentic photo. Video is optional."
"M4YZJHNICGF76SSOFNVQBUVQ","022210013236","","game on","game on","Unknown","Fountains","Regular","Unknown","Unknown","no_match","No sufficiently specific candidate identified in the two Dynamite catalog files.","Unknown","Manufacturer or UPC/model, exact package/variant and corresponding photo/video.","1013","1018","1018","Items","1014","no_verified_identity","","Unknown","Unknown","","""022210013236"" fireworks","","No verified product identity from the searched code/name. Generic names and store SKUs are insufficient to assign a photo.","Verify manufacturer/model and exact retail package; inspect and acquire its authentic photo. Video is optional."
"MCBS7WIPTOROQZQTI2VDVBOC","688130233668","","glow pops BOGO","glow pops","Unknown","Unknown","Regular","Unknown","Unknown","no_match","No sufficiently specific candidate identified in the two Dynamite catalog files.","Unknown","Manufacturer or UPC/model, exact package/variant and corresponding photo/video.","1014","1019","1019","Items","1015","no_verified_identity","","Unknown","Unknown","","""688130233668"" fireworks","","No verified product identity from the searched code/name. Generic names and store SKUs are insufficient to assign a photo.","Verify manufacturer/model and exact retail package; inspect and acquire its authentic photo. Video is optional."
"4RIXDLTM62EP3YANE6EI3ISQ","805253026520","","goliath","goliath","Unknown","Unknown","Regular","Unknown","Unknown","no_match","No sufficiently specific candidate identified in the two Dynamite catalog files.","Unknown","Manufacturer or UPC/model, exact package/variant and corresponding photo/video.","1015","1020","1020","Items","1016","candidate_requires_package_review","","Unknown","Unknown","","""805253026520"" fireworks","https://bigdaddyksfireworksoutlet.com/product/goliath/","Code found in public source; package/brand/image and any conflicts still need individual verification.","Verify manufacturer/model and exact retail package; inspect and acquire its authentic photo. Video is optional."
"I2Z6MQ67VGNRLP3ESDV4GHX4","681402052691","","gumball barrage","gumball barrage","Unknown","Unknown","Regular","Unknown","Unknown","no_match","No sufficiently specific candidate identified in the two Dynamite catalog files.","Unknown","Manufacturer or UPC/model, exact package/variant and corresponding photo/video.","1016","1021","1021","Items","1017","no_verified_identity","","Unknown","Unknown","","""681402052691"" fireworks","","No verified product identity from the searched code/name. Generic names and store SKUs are insufficient to assign a photo.","Verify manufacturer/model and exact retail package; inspect and acquire its authentic photo. Video is optional."
"Q3FVGPX5GRZZUNS42RW7JQQJ","077021322923","","happy 16 shot","happy 16 shot","Unknown","Unknown","Regular","Unknown","16 shot","no_match","No sufficiently specific candidate identified in the two Dynamite catalog files.","Unknown","Manufacturer or UPC/model, exact package/variant and corresponding photo/video.","1017","1022","1022","Items","1018","no_verified_identity","","Unknown","Unknown","","""077021322923"" fireworks","","No verified product identity from the searched code/name. Generic names and store SKUs are insufficient to assign a photo.","Verify manufacturer/model and exact retail package; inspect and acquire its authentic photo. Video is optional."
"PGK3TNKD3K42HUIFSRTEXDRZ","177021322944","","happy 36 shot","happy 36 shot","Unknown","Unknown","Regular","Unknown","36 shot","no_match","No sufficiently specific candidate identified in the two Dynamite catalog files.","Unknown","Manufacturer or UPC/model, exact package/variant and corresponding photo/video.","1018","1023","1023","Items","1019","no_verified_identity","","Unknown","Unknown","","""177021322944"" fireworks","","No verified product identity from the searched code/name. Generic names and store SKUs are insufficient to assign a photo.","Verify manufacturer/model and exact retail package; inspect and acquire its authentic photo. Video is optional."
"S7H4K7C6I5R4F5NP7HHUWFBX","676821059819","","home run","home run","Unknown","Unknown","Regular","Unknown","Unknown","no_match","No sufficiently specific candidate identified in the two Dynamite catalog files.","Unknown","Manufacturer or UPC/model, exact package/variant and corresponding photo/video.","1019","1024","1024","Items","1020","no_verified_identity","","Unknown","Unknown","","""676821059819"" fireworks","","No verified product identity from the searched code/name. Generic names and store SKUs are insufficient to assign a photo.","Verify manufacturer/model and exact retail package; inspect and acquire its authentic photo. Video is optional."
"4OVKMNYNTWXUH5ITGCIUIWW5","705108321902","","hoot hoot hooray","hoot hoot hooray","Unknown","Fountains","Regular","Unknown","Unknown","no_match","No sufficiently specific candidate identified in the two Dynamite catalog files.","Unknown","Manufacturer or UPC/model, exact package/variant and corresponding photo/video.","1020","1025","1025","Items","1021","candidate_requires_package_review","","Unknown","Unknown","","""705108321902"" fireworks","https://76fireworkstore.com/FN485-Hoot-Hoot-Hooray-P3219-R-PC","Code found in public source; package/brand/image and any conflicts still need individual verification.","Verify manufacturer/model and exact retail package; inspect and acquire its authentic photo. Video is optional."
"O5NCK6FZ4MGSKN2QNW6ZPXSA","019471322627","","ice cream","ice cream","Unknown","Fountains","Regular","Unknown","Unknown","no_match","No sufficiently specific candidate identified in the two Dynamite catalog files.","Unknown","Manufacturer or UPC/model, exact package/variant and corresponding photo/video.","1021","1026","1026","Items","1022","no_verified_identity","","Unknown","Unknown","","""019471322627"" fireworks","","No verified product identity from the searched code/name. Generic names and store SKUs are insufficient to assign a photo.","Verify manufacturer/model and exact retail package; inspect and acquire its authentic photo. Video is optional."
"LGRKTS64MSYDTY5XMOR7KCXT","616612189141","","its a Texas thing","its a Texas thing","Unknown","Unknown","Regular","Unknown","Unknown","no_match","No sufficiently specific candidate identified in the two Dynamite catalog files.","Unknown","Manufacturer or UPC/model, exact package/variant and corresponding photo/video.","1022","1027","1027","Items","1023","no_verified_identity","","Unknown","Unknown","","""616612189141"" fireworks","","No verified product identity from the searched code/name. Generic names and store SKUs are insufficient to assign a photo.","Verify manufacturer/model and exact retail package; inspect and acquire its authentic photo. Video is optional."
"OZBSOY3CHLT2YRYKF2N5V3XT","193936959136","","jack in tall box","jack in tall box","Unknown","Fountains","Regular","Unknown","Unknown","no_match","No sufficiently specific candidate identified in the two Dynamite catalog files.","Unknown","Manufacturer or UPC/model, exact package/variant and corresponding photo/video.","1023","1028","1028","Items","1024","no_verified_identity","","Unknown","Unknown","","""193936959136"" fireworks","","No verified product identity from the searched code/name. Generic names and store SKUs are insufficient to assign a photo.","Verify manufacturer/model and exact retail package; inspect and acquire its authentic photo. Video is optional."
"Q2YEM7OLG2QINNCEQZ3JAB3Z","020162001004","","jurrasic pack","jurrasic pack","Unknown","Unknown","Regular","Unknown","Unknown","no_match","No sufficiently specific candidate identified in the two Dynamite catalog files.","Unknown","Manufacturer or UPC/model, exact package/variant and corresponding photo/video.","1024","1029","1029","Items","1025","no_verified_identity","","Unknown","Unknown","","""020162001004"" fireworks","","No verified product identity from the searched code/name. Generic names and store SKUs are insufficient to assign a photo.","Verify manufacturer/model and exact retail package; inspect and acquire its authentic photo. Video is optional."
"MU54DYAZM5S7JB6NWNK4MI7R","020162001028","","jurrasic pack","jurrasic pack","Unknown","Unknown","Jurassic Pack","Jurassic Pack","Unknown","no_match","No sufficiently specific candidate identified in the two Dynamite catalog files.","Unknown","Manufacturer or UPC/model, exact package/variant and corresponding photo/video.","1025","1030","1030","Items","1026","no_verified_identity","","Unknown","Unknown","","""020162001028"" fireworks","","No verified product identity from the searched code/name. Generic names and store SKUs are insufficient to assign a photo.","Verify manufacturer/model and exact retail package; inspect and acquire its authentic photo. Video is optional."
"MJMGOCFCGNQDJHMU55JEXXLY","020162001011","","jurrasic pack","jurrasic pack","Unknown","Unknown","Jurassic Pack","Jurassic Pack","Unknown","no_match","No sufficiently specific candidate identified in the two Dynamite catalog files.","Unknown","Manufacturer or UPC/model, exact package/variant and corresponding photo/video.","1026","1031","1031","Items","1027","no_verified_identity","","Unknown","Unknown","","""020162001011"" fireworks","","No verified product identity from the searched code/name. Generic names and store SKUs are insufficient to assign a photo.","Verify manufacturer/model and exact retail package; inspect and acquire its authentic photo. Video is optional."
"D6KC2VBTV4GXBX33BTY3XCEK","688130232920","","ka kaw","ka kaw","Unknown","Unknown","Regular","Unknown","Unknown","no_match","No sufficiently specific candidate identified in the two Dynamite catalog files.","Unknown","Manufacturer or UPC/model, exact package/variant and corresponding photo/video.","1027","1032","1032","Items","1028","no_verified_identity","","Unknown","Unknown","","""688130232920"" fireworks","","No verified product identity from the searched code/name. Generic names and store SKUs are insufficient to assign a photo.","Verify manufacturer/model and exact retail package; inspect and acquire its authentic photo. Video is optional."
"3YRUR4A6SXEFR6QHEBZ666DA","715244020157","","killer bees bc","killer bees bc","Unknown","Unknown","Regular","Unknown","Unknown","no_match","No sufficiently specific candidate identified in the two Dynamite catalog files.","Unknown","Manufacturer or UPC/model, exact package/variant and corresponding photo/video.","1028","1033","1033","Items","1029","candidate_requires_package_review","","Unknown","Unknown","","""715244020157"" fireworks","https://www.wincofireworks.com/wp-content/uploads/2022/02/Pyro-Scan-UPC-ITEM-Database-February-2022-Sorted-By-Item-Name.pdf","Code found in public source; package/brand/image and any conflicts still need individual verification.","Verify manufacturer/model and exact retail package; inspect and acquire its authentic photo. Video is optional."
"UD6CLHKRDFQGYA4FZA3XQSKP","805253401013","","let's go brandon","let's go brandon","Unknown","Unknown","Regular","Unknown","Unknown","no_match","No sufficiently specific candidate identified in the two Dynamite catalog files.","Unknown","Manufacturer or UPC/model, exact package/variant and corresponding photo/video.","1029","1034","1034","Items","1030","no_verified_identity","","Unknown","Unknown","","""805253401013"" fireworks","","No verified product identity from the searched code/name. Generic names and store SKUs are insufficient to assign a photo.","Verify manufacturer/model and exact retail package; inspect and acquire its authentic photo. Video is optional."
"FSQXUREBL7AO6TFFDCHCHLLN","847294000510","","magic whip backpack","magic whip backpack","Unknown","Unknown","Regular","Unknown","Unknown","no_match","No sufficiently specific candidate identified in the two Dynamite catalog files.","Unknown","Manufacturer or UPC/model, exact package/variant and corresponding photo/video.","1030","1035","1035","Items","1031","candidate_requires_package_review","","Unknown","Unknown","","""847294000510"" fireworks","https://doczz.net/doc/3271793/2016-catalog---big-fireworks","Code found in public source; package/brand/image and any conflicts still need individual verification.","Verify manufacturer/model and exact retail package; inspect and acquire its authentic photo. Video is optional."
"OTTYNEVXAQXMAOLNIB6I3DVW","8145270102718","","mighty cracker","mighty cracker","Unknown","Unknown","Regular","Unknown","Unknown","no_match","No sufficiently specific candidate identified in the two Dynamite catalog files.","Unknown","Manufacturer or UPC/model, exact package/variant and corresponding photo/video.","1031","1036","1036","Items","1032","candidate_requires_package_review","","Unknown","Unknown","","""8145270102718"" fireworks","https://thefireworkssuperstore.com/shop/mighty-cracker","Code found in public source; package/brand/image and any conflicts still need individual verification.","Verify manufacturer/model and exact retail package; inspect and acquire its authentic photo. Video is optional."
"ZQ5P53VXBJ5IS573IJDOWKNB","687985909094","","mob madness","mob madness","Unknown","Unknown","Regular","Unknown","Unknown","no_match","No sufficiently specific candidate identified in the two Dynamite catalog files.","Unknown","Manufacturer or UPC/model, exact package/variant and corresponding photo/video.","1032","1037","1037","Items","1033","candidate_requires_package_review","","Unknown","Unknown","","Compared code against official Winco UPC reference","https://www.wincofireworks.com/wp-content/uploads/2022/03/UPC-Excel-List_3.25.2022_r2.pdf","Code found in public source; package/brand/image and any conflicts still need individual verification.","Verify manufacturer/model and exact retail package; inspect and acquire its authentic photo. Video is optional."
"TFA6F7IDN346GXHIFJMRO3O7","821200018257","","monster crusher","monster crusher","Unknown","Fountains","Regular","Unknown","Unknown","no_match","No sufficiently specific candidate identified in the two Dynamite catalog files.","Unknown","Manufacturer or UPC/model, exact package/variant and corresponding photo/video.","1033","1038","1038","Items","1034","no_verified_identity","","Unknown","Unknown","","""821200018257"" fireworks","","No verified product identity from the searched code/name. Generic names and store SKUs are insufficient to assign a photo.","Verify manufacturer/model and exact retail package; inspect and acquire its authentic photo. Video is optional."
"RSAUYRX3JUNFGEO3PQIFPQVB","715244313242","","morning Glory's 36"" sparklers","morning Glory's 36"" sparklers","Unknown","Unknown","Regular","Unknown","36""","no_match","No sufficiently specific candidate identified in the two Dynamite catalog files.","Unknown","Manufacturer or UPC/model, exact package/variant and corresponding photo/video.","1034","1039","1039","Items","1035","candidate_requires_package_review","","Unknown","Unknown","","Compared code against official Winco UPC reference","https://www.wincofireworks.com/wp-content/uploads/2022/03/UPC-Excel-List_3.25.2022_r2.pdf","Code found in public source; package/brand/image and any conflicts still need individual verification.","Verify manufacturer/model and exact retail package; inspect and acquire its authentic photo. Video is optional."
"WL3IO2FYENLAKA7Q3QLLT2IM","","630128918309","neon 5"" canister artillery shells","neon 5"" canister artillery shells","Unknown","Unknown","Regular","Unknown","5""","no_match","No sufficiently specific candidate identified in the two Dynamite catalog files.","Unknown","Manufacturer or UPC/model, exact package/variant and corresponding photo/video.","1035","1040","1040","Items","1036","candidate_requires_package_review","","Unknown","Unknown","","""630128918309"" fireworks","https://americanwholesalefireworks.com/neon-canisters-5/","Code found in public source; package/brand/image and any conflicts still need individual verification.","Verify manufacturer/model and exact retail package; inspect and acquire its authentic photo. Video is optional."
"TMC3YHZW3USJLNP2YNAQF35V","757201572125","","neon jellyfish","neon jellyfish","Unknown","Unknown","Regular","Unknown","Unknown","no_match","No sufficiently specific candidate identified in the two Dynamite catalog files.","Unknown","Manufacturer or UPC/model, exact package/variant and corresponding photo/video.","1036","1041","1041","Items","1037","candidate_requires_package_review","","Unknown","Unknown","","""757201572125"" fireworks","https://americanwholesalefireworks.com/neon-jellyfish/ | https://www.raccoonfireworksusa.com/product-page/neon-jellyfish | https://dynamitefireworkswarehouse.com/products/Neon-Jellyfish-9S-p604650813 | https://fireworks-superstore.myshopify.com/products/neon-jellyfish-3-rack-raccoon","Code found in public source; package/brand/image and any conflicts still need individual verification.","Verify manufacturer/model and exact retail package; inspect and acquire its authentic photo. Video is optional."
"UMEMVODOJHAOQS33WJIBL5QB","","805253332515","night saber","night saber","Unknown","Unknown","Regular","Unknown","Unknown","no_match","No sufficiently specific candidate identified in the two Dynamite catalog files.","Unknown","Manufacturer or UPC/model, exact package/variant and corresponding photo/video.","1037","1042","1042","Items","1038","candidate_requires_package_review","","Unknown","Unknown","","""805253332515"" fireworks","https://beta2024.usa-fireworks.com/products/fountains/fountains-200-gram/night-saber-2/","Code found in public source; package/brand/image and any conflicts still need individual verification.","Verify manufacturer/model and exact retail package; inspect and acquire its authentic photo. Video is optional."
"62NZGL7IH4FIILNOQNQQQOYU","651137423813","","og kush 150 shot","og kush 150 shot","Unknown","Unknown","Regular","Unknown","150 shot","no_match","No sufficiently specific candidate identified in the two Dynamite catalog files.","Unknown","Manufacturer or UPC/model, exact package/variant and corresponding photo/video.","1038","1043","1043","Items","1039","no_verified_identity","","Unknown","Unknown","","""651137423813"" fireworks","","No verified product identity from the searched code/name. Generic names and store SKUs are insufficient to assign a photo.","Verify manufacturer/model and exact retail package; inspect and acquire its authentic photo. Video is optional."
"5WQT32QXFG6ARL7YBA6ND6NF","705108502165","","overload burger","overload burger","Unknown","Fountains","Regular","Unknown","Unknown","no_match","No sufficiently specific candidate identified in the two Dynamite catalog files.","Unknown","Manufacturer or UPC/model, exact package/variant and corresponding photo/video.","1039","1044","1044","Items","1040","no_verified_identity","","Unknown","Unknown","","""705108502165"" fireworks","","No verified product identity from the searched code/name. Generic names and store SKUs are insufficient to assign a photo.","Verify manufacturer/model and exact retail package; inspect and acquire its authentic photo. Video is optional."
"WD4UKVVQLK62VDXAMJEYHTDB","715244001200","","party animal assortment pack","party animal assortment pack","Unknown","Unknown","Regular","Unknown","Unknown","no_match","No sufficiently specific candidate identified in the two Dynamite catalog files.","Unknown","Manufacturer or UPC/model, exact package/variant and corresponding photo/video.","1040","1045","1045","Items","1041","candidate_requires_package_review","","Unknown","Unknown","","Compared code against official Winco UPC reference","https://www.wincofireworks.com/wp-content/uploads/2022/03/UPC-Excel-List_3.25.2022_r2.pdf","Code found in public source; package/brand/image and any conflicts still need individual verification.","Verify manufacturer/model and exact retail package; inspect and acquire its authentic photo. Video is optional."
"Y3GNKR7ETF7UXZDUEI7GRN3Q","705108901210","","party sparklers","party sparklers","Unknown","Unknown","Regular","Unknown","Unknown","no_match","No sufficiently specific candidate identified in the two Dynamite catalog files.","Unknown","Manufacturer or UPC/model, exact package/variant and corresponding photo/video.","1041","1046","1046","Items","1042","candidate_requires_package_review","","Unknown","Unknown","","""705108901210"" fireworks","https://www.getwinda.com/product-page/party-sparklers","Code found in public source; package/brand/image and any conflicts still need individual verification.","Verify manufacturer/model and exact retail package; inspect and acquire its authentic photo. Video is optional."
"ANW2NNK77LR3WPA2LXT3TGB4","705108901203","","party sparklers 4","party sparklers 4","Unknown","Unknown","Regular","Unknown","Unknown","no_match","No sufficiently specific candidate identified in the two Dynamite catalog files.","Unknown","Manufacturer or UPC/model, exact package/variant and corresponding photo/video.","1042","1047","1047","Items","1043","candidate_requires_package_review","","Unknown","Unknown","","""705108901203"" fireworks","https://www.getwinda.com/product-page/party-sparklers | https://shop.pyrocrate.com/SP208-Party-Sparklers-R-PC/","Code found in public source; package/brand/image and any conflicts still need individual verification.","Verify manufacturer/model and exact retail package; inspect and acquire its authentic photo. Video is optional."
"C4AV5GYQO3IGFIS46EKOJHON","821700020231","","pikachu","pikachu","Unknown","Fountains","Regular","Unknown","Unknown","no_match","No sufficiently specific candidate identified in the two Dynamite catalog files.","Unknown","Manufacturer or UPC/model, exact package/variant and corresponding photo/video.","1043","1048","1048","Items","1044","no_verified_identity","","Unknown","Unknown","","""821700020231"" fireworks","","No verified product identity from the searched code/name. Generic names and store SKUs are insufficient to assign a photo.","Verify manufacturer/model and exact retail package; inspect and acquire its authentic photo. Video is optional."
"72YAFHVRGOCXMFTRMJYMR6L4","","705108805709","raise the dead 7"" 60G canister shells","raise the dead 7"" 60G canister shells","Unknown","Unknown","Regular","Unknown","7"" | 60G","no_match","No sufficiently specific candidate identified in the two Dynamite catalog files.","Unknown","Manufacturer or UPC/model, exact package/variant and corresponding photo/video.","1044","1049","1049","Items","1045","candidate_requires_package_review","","Unknown","Unknown","","""705108805709"" fireworks","https://www.getwinda.com/product-page/raise-the-dead-7-inch","Code found in public source; package/brand/image and any conflicts still need individual verification.","Verify manufacturer/model and exact retail package; inspect and acquire its authentic photo. Video is optional."
"Y6MI6RAGXGJYOLDXHW5XZHNL","020162000014","","rebel yell","rebel yell","Unknown","Unknown","Regular","Unknown","Unknown","no_match","No sufficiently specific candidate identified in the two Dynamite catalog files.","Unknown","Manufacturer or UPC/model, exact package/variant and corresponding photo/video.","1045","1050","1050","Items","1046","no_verified_identity","","Unknown","Unknown","","""020162000014"" fireworks","","No verified product identity from the searched code/name. Generic names and store SKUs are insufficient to assign a photo.","Verify manufacturer/model and exact retail package; inspect and acquire its authentic photo. Video is optional."
"3VIAP3SJEY55A36QYXXCBVQ2","821700020705","","rubber duck","rubber duck","Unknown","Fountains","Regular","Unknown","Unknown","no_match","No sufficiently specific candidate identified in the two Dynamite catalog files.","Unknown","Manufacturer or UPC/model, exact package/variant and corresponding photo/video.","1046","1051","1051","Items","1047","no_verified_identity","","Unknown","Unknown","","""821700020705"" fireworks","","No verified product identity from the searched code/name. Generic names and store SKUs are insufficient to assign a photo.","Verify manufacturer/model and exact retail package; inspect and acquire its authentic photo. Video is optional."
"ZE4FE7QJPUKGI2BXBCDRUTYE","849107066034","","rwb Coated Sparklers","rwb Coated Sparklers","Unknown","Unknown","Regular","Unknown","Unknown","no_match","No sufficiently specific candidate identified in the two Dynamite catalog files.","Unknown","Manufacturer or UPC/model, exact package/variant and corresponding photo/video.","1047","1052","1052","Items","1048","no_verified_identity","","Unknown","Unknown","","""849107066034"" fireworks","","No verified product identity from the searched code/name. Generic names and store SKUs are insufficient to assign a photo.","Verify manufacturer/model and exact retail package; inspect and acquire its authentic photo. Video is optional."
"C2NFT2NRLE754AUOXI7TKD3Q","674662508152","","sky latern","sky latern","Unknown","Unknown","Regular","Unknown","Unknown","no_match","No sufficiently specific candidate identified in the two Dynamite catalog files.","Unknown","Manufacturer or UPC/model, exact package/variant and corresponding photo/video.","1048","1053","1053","Items","1049","no_verified_identity","","Unknown","Unknown","","""674662508152"" fireworks","","No verified product identity from the searched code/name. Generic names and store SKUs are insufficient to assign a photo.","Verify manufacturer/model and exact retail package; inspect and acquire its authentic photo. Video is optional."
"JHSEIAM24BK6XQH6KT7HOR6W","674662505397","","smoke crayon 8pc","smoke crayon 8pc","Unknown","Unknown","Regular","Unknown","8pc","no_match","No sufficiently specific candidate identified in the two Dynamite catalog files.","Unknown","Manufacturer or UPC/model, exact package/variant and corresponding photo/video.","1049","1054","1054","Items","1050","candidate_requires_package_review","","Unknown","Unknown","","""674662505397"" fireworks","https://centraliowafireworks.com/SK114-Smoke-Crayon-R-PC/","Code found in public source; package/brand/image and any conflicts still need individual verification.","Verify manufacturer/model and exact retail package; inspect and acquire its authentic photo. Video is optional."
"6TBSZ3NSH4TUPQG4DCAMUEZO","","715244023448","snakes","snakes","Unknown","Unknown","Regular","Unknown","Unknown","probable","Name identifies a candidate only; manufacturer and exact presentation have not been established.","products.json[139] Assorted Snakes / Black Cat / /products/assorted-snakes.png","Manufacturer or UPC/model, exact package/variant and corresponding photo/video.","1050","1055","1055","Items","1051","no_verified_identity","","Unknown","Unknown","","""715244023448"" fireworks","","No verified product identity from the searched code/name. Generic names and store SKUs are insufficient to assign a photo.","Verify manufacturer/model and exact retail package; inspect and acquire its authentic photo. Video is optional."
"IRVHL3P2ISRPTNGSOEKIU34M","715244013449","","snakes","snakes","Unknown","Unknown","Regular","Unknown","Unknown","probable","Name identifies a candidate only; manufacturer and exact presentation have not been established.","products.json[139] Assorted Snakes / Black Cat / /products/assorted-snakes.png","Manufacturer or UPC/model, exact package/variant and corresponding photo/video.","1051","1056","1056","Items","1052","no_verified_identity","","Unknown","Unknown","","""715244013449"" fireworks","","No verified product identity from the searched code/name. Generic names and store SKUs are insufficient to assign a photo.","Verify manufacturer/model and exact retail package; inspect and acquire its authentic photo. Video is optional."
"6MRMR67QMNNCTTRHZE2254MW","687985425211","","super fountain","super fountain","Unknown","Fountains","Regular","Unknown","Unknown","no_match","No sufficiently specific candidate identified in the two Dynamite catalog files.","Unknown","Manufacturer or UPC/model, exact package/variant and corresponding photo/video.","1052","1057","1057","Items","1053","no_verified_identity","","Unknown","Unknown","","""687985425211"" fireworks","","No verified product identity from the searched code/name. Generic names and store SKUs are insufficient to assign a photo.","Verify manufacturer/model and exact retail package; inspect and acquire its authentic photo. Video is optional."
"P4QS4KKFFSLNRX55JFVFNNWS","715244300327","","the excellent bag assortment","the excellent bag assortment","Unknown","Unknown","Regular","Unknown","Unknown","no_match","No sufficiently specific candidate identified in the two Dynamite catalog files.","Unknown","Manufacturer or UPC/model, exact package/variant and corresponding photo/video.","1053","1058","1058","Items","1054","candidate_requires_package_review","","Unknown","Unknown","","Compared code against official Winco UPC reference","https://www.wincofireworks.com/wp-content/uploads/2022/03/UPC-Excel-List_3.25.2022_r2.pdf","Code found in public source; package/brand/image and any conflicts still need individual verification.","Verify manufacturer/model and exact retail package; inspect and acquire its authentic photo. Video is optional."
"NDEHHITUQAUEJKUOJNMFS5HR","687985908899","","the max assortment","the max assortment","Unknown","Unknown","Regular","Unknown","Unknown","no_match","No sufficiently specific candidate identified in the two Dynamite catalog files.","Unknown","Manufacturer or UPC/model, exact package/variant and corresponding photo/video.","1054","1059","1059","Items","1055","candidate_requires_package_review","","Unknown","Unknown","","""687985908899"" fireworks","https://captainjimsfireworks.com/AT273-The-Max-Assortment/ | https://dosgringosfireworks.com/AT273-The-Max-Assortment-R-PC/ | https://76fireworkstore.com/AT273-The-Max-Assortment | https://76fireworkstore.com/AT273-The-Max-Assortment-R-PC","Code found in public source; package/brand/image and any conflicts still need individual verification.","Verify manufacturer/model and exact retail package; inspect and acquire its authentic photo. Video is optional."
"DS2LOLMZJR6IDEHXFFHGCYWG","821711120692","","tim","tim","Unknown","Fountains","Regular","Unknown","Unknown","no_match","No sufficiently specific candidate identified in the two Dynamite catalog files.","Unknown","Manufacturer or UPC/model, exact package/variant and corresponding photo/video.","1055","1060","1060","Items","1056","no_verified_identity","","Unknown","Unknown","","""821711120692"" fireworks","","No verified product identity from the searched code/name. Generic names and store SKUs are insufficient to assign a photo.","Verify manufacturer/model and exact retail package; inspect and acquire its authentic photo. Video is optional."
"G2V6V67KQKVUJQFAKAF6VVH3","687985152315","","topsy turvy","topsy turvy","Unknown","Unknown","Regular","Unknown","Unknown","no_match","No sufficiently specific candidate identified in the two Dynamite catalog files.","Unknown","Manufacturer or UPC/model, exact package/variant and corresponding photo/video.","1056","1061","1061","Items","1057","candidate_requires_package_review","","Unknown","Unknown","","""687985152315"" fireworks","https://georgiasbestfireworks.com/product/topsy-turvy-30-shots/ | https://reiglefamilyfireworks.com/MS693-Topsy-Turvy-FB2805-R-PC/","Code found in public source; package/brand/image and any conflicts still need individual verification.","Verify manufacturer/model and exact retail package; inspect and acquire its authentic photo. Video is optional."
"VHFD2RMJF2FNH7YGT2NOMQIA","705108403103","","trooper turret","trooper turret","Unknown","Unknown","Regular","Unknown","Unknown","no_match","No sufficiently specific candidate identified in the two Dynamite catalog files.","Unknown","Manufacturer or UPC/model, exact package/variant and corresponding photo/video.","1057","1062","1062","Items","1058","candidate_requires_package_review","","Unknown","Unknown","","""705108403103"" fireworks","https://www.getwinda.com/product-page/trooper-turret-240-s | https://americanwholesalefireworks.com/trooper-turret//","Code found in public source; package/brand/image and any conflicts still need individual verification.","Verify manufacturer/model and exact retail package; inspect and acquire its authentic photo. Video is optional."
"S3KO4A6HCLBITFYFPLZJUXHS","715244019304","","uav","uav","Unknown","Unknown","Regular","Unknown","Unknown","no_match","No sufficiently specific candidate identified in the two Dynamite catalog files.","Unknown","Manufacturer or UPC/model, exact package/variant and corresponding photo/video.","1058","1063","1063","Items","1059","no_verified_identity","","Unknown","Unknown","","""715244019304"" fireworks","","No verified product identity from the searched code/name. Generic names and store SKUs are insufficient to assign a photo.","Verify manufacturer/model and exact retail package; inspect and acquire its authentic photo. Video is optional."
"U4VMQYNRVE7JHWKOKZQ6PKCC","757201216050","","wings of wrath","wings of wrath","Unknown","Unknown","Regular","Unknown","Unknown","no_match","No sufficiently specific candidate identified in the two Dynamite catalog files.","Unknown","Manufacturer or UPC/model, exact package/variant and corresponding photo/video.","1060","1065","1065","Items","1061","candidate_requires_package_review","","Unknown","Unknown","","""757201216050"" fireworks","https://gbfireworks.com/products/wings-of-wrath-1 | https://americanwholesalefireworks.com/wings-of-wrath/ | https://www.raccoonfireworksusa.com/product-page/wings-of-wrath","Code found in public source; package/brand/image and any conflicts still need individual verification.","Verify manufacturer/model and exact retail package; inspect and acquire its authentic photo. Video is optional."
"HLPJXNKPP5GGLLNGHTQTVE73","705108955626","","wingspan","wingspan","Unknown","Unknown","Regular","Unknown","Unknown","no_match","No sufficiently specific candidate identified in the two Dynamite catalog files.","Unknown","Manufacturer or UPC/model, exact package/variant and corresponding photo/video.","1061","1066","1066","Items","1062","no_verified_identity","","Unknown","Unknown","","""705108955626"" fireworks","","No verified product identity from the searched code/name. Generic names and store SKUs are insufficient to assign a photo.","Verify manufacturer/model and exact retail package; inspect and acquire its authentic photo. Video is optional."
