"id","name","brand","category","presentation","manufacturer_code","square_rows","square_tokens","square_original_names","identity_code","sources","evidence","reference_image","reference_sha256","source_image_url","image_review","video","video_review","batch"
"2-minute-bomb","2-Minute Bomb","Raccoon","Cakes","500 gram · 70 shots","RA530259","59 | 62","K5DWDAJDWJNG6DTWEO5DGLHG | NPIALSN4V63R3R64QQOCWAML","2 Minute Bomb | 2 minute bomb","757205302599","https://www.raccoonfireworksusa.com/product-page/2-minute-bomb | https://dosgringosfireworks.com/2-minute-bomb/","Square row 59, token K5DWDAJDWJNG6DTWEO5DGLHG, code 757205302599, name '2 Minute Bomb'; manufacturer model RA530259 and exact retail presentation reviewed against the official page and authentic package photograph. No name-only or store-SKU-only approval. Rows 59 and 62 carry the same manufacturer UPC 757205302599 and Regular presentation; one public identity, second record linked as a duplicate.","docs/catalog/enrichment-2026-09/references/2-minute-bomb-original.png","f2f56d45be2dd8122c4e56634b9d361c4bc38f97f25e90524cedba1c29f2163b","https://raccoonfireworksusa.com/wp-content/uploads/2026/08/RA530259.png","Official photograph inspected at original resolution/contact sheet. Correct name, brand, retail count and package; real alpha. Only resizing and encoding, no generated packaging.","https://www.youtube.com/watch?v=dEeBqT5yOWw","{'status': 'verified', 'source': 'https://www.raccoonfireworksusa.com/product-page/2-minute-bomb', 'title': 'RA530259 2 Minute Bomb Raccoon 2025 New 500G Cake 70 Shots', 'channel': 'Raccoon Fireworks', 'evidence': 'Exact model and product name in the official Raccoon channel title; demonstration embedded by the manufacturer. Retail presentation verified separately.'}","2026-09-24-official-1"
"250-paratroopers","250 Paratroopers","Winda","Parachutes","250 parachutes","P5614","72","4HWFFPKQHZTJ2Q7APAMG44QB","250 Paratroopers","705108561407","https://www.getwinda.com/product-page/250-paratroopers","Square row 72, token 4HWFFPKQHZTJ2Q7APAMG44QB, code 705108561407, name '250 Paratroopers'; manufacturer model P5614 and exact retail presentation reviewed against the official page and authentic package photograph. No name-only or store-SKU-only approval.","docs/catalog/enrichment-2026-09/references/250-paratroopers-original.png","026baea00fe01bad82190e8e83c0b502be65c5caef21e50daf08161963adf615","https://static.wixstatic.com/media/ecdf0c_3d6136ceec4542b2a7a4f1105ca7037c~mv2.png/v1/fit/w_500,h_500,q_90/file.png","Official photograph inspected at original resolution/contact sheet. Correct name, brand, retail count and package; real alpha. Only resizing and encoding, no generated packaging.","","Product/model and simpler name/brand YouTube queries checked; no exact, sufficiently supported demonstration was approved. Optional field intentionally empty.","2026-09-24-official-1"
"american-anthem","American Anthem","Raccoon","Cakes","9-shot rack","RA57218","130","NX53FTYFRKZQY6WLTR2DY3WJ","American Anthem","757201572187","https://www.raccoonfireworksusa.com/product-page/american-anthem | https://americanwholesalefireworks.com/american-anthem/","Square row 130, token NX53FTYFRKZQY6WLTR2DY3WJ, code 757201572187, name 'American Anthem'; manufacturer model RA57218 and exact retail presentation reviewed against the official page and authentic package photograph. No name-only or store-SKU-only approval.","docs/catalog/enrichment-2026-09/references/american-anthem-original.png","ae92df99dcfefa1c40614639ec37e0ceb555d6c15cbacfa17772ea69a5c81b7f","https://raccoonfireworksusa.com/wp-content/uploads/2026/08/RA57218.png","Official photograph inspected at original resolution/contact sheet. Correct name, brand, retail count and package; real alpha. Only resizing and encoding, no generated packaging.","https://www.youtube.com/watch?v=XlKS1F6et98","{'status': 'verified', 'source': 'https://www.raccoonfireworksusa.com/product-page/american-anthem', 'title': 'American Anthem RA57218 by Raccoon Fireworks', 'channel': 'Raccoon Fireworks', 'evidence': 'Exact model and product name in the official Raccoon channel title; demonstration embedded by the manufacturer. Retail presentation verified separately.'}","2026-09-24-official-1"
"ant-chant","Ant Chant","Raccoon","Cakes","500 gram · 180 shots","RA530167","138","XEHFK3MLUWNJO53ONKR3COLJ","Ant Chant","757205301677","https://www.raccoonfireworksusa.com/product-page/ant-chant","Square row 138, token XEHFK3MLUWNJO53ONKR3COLJ, code 757205301677, name 'Ant Chant'; manufacturer model RA530167 and exact retail presentation reviewed against the official page and authentic package photograph. No name-only or store-SKU-only approval.","docs/catalog/enrichment-2026-09/references/ant-chant-original.png","58998b7eb7c2cb08cd02ca57ef0cfa67cb43a9fa05915feeb1be1090f37ed1ca","https://raccoonfireworksusa.com/wp-content/uploads/2026/08/RA530167.png","Official photograph inspected at original resolution/contact sheet. Correct name, brand, retail count and package; real alpha. Only resizing and encoding, no generated packaging.","https://www.youtube.com/watch?v=Vi0sYfaM0GA","{'status': 'verified', 'source': 'https://www.raccoonfireworksusa.com/product-page/ant-chant', 'title': 'Ant Chant RA530167 by Raccoon Fireworks', 'channel': 'Raccoon Fireworks', 'evidence': 'Exact model and product name in the official Raccoon channel title; demonstration embedded by the manufacturer. Retail presentation verified separately.'}","2026-09-24-official-1"
"band-of-brothers","Band of Brothers","Raccoon","Cakes","500 gram · 12 shots","RA53653","173","5WOBUE3YYS4WYVYLWDNIR7WP","Band Of Brothers","757201536530","https://www.raccoonfireworksusa.com/product-page/band-of-brothers","Square row 173, token 5WOBUE3YYS4WYVYLWDNIR7WP, code 757201536530, name 'Band Of Brothers'; manufacturer model RA53653 and exact retail presentation reviewed against the official page and authentic package photograph. No name-only or store-SKU-only approval.","docs/catalog/enrichment-2026-09/references/band-of-brothers-original.png","4686a532cc198349b8e991bf5f0fd1ed320e80fcf3f6c2c5a8c94cd7841cf7ce","https://raccoonfireworksusa.com/wp-content/uploads/2026/08/RA53653.png","Official photograph inspected at original resolution/contact sheet. Correct name, brand, retail count and package; real alpha. Only resizing and encoding, no generated packaging.","https://www.youtube.com/watch?v=Ndro9los2fk","{'status': 'verified', 'source': 'https://www.raccoonfireworksusa.com/product-page/band-of-brothers', 'title': 'Band of Brothers RA53653 Raccoon Fireworks 2021 New Product 12 shots', 'channel': 'Raccoon Fireworks', 'evidence': 'Exact model and product name in the official Raccoon channel title; demonstration embedded by the manufacturer. Retail presentation verified separately.'}","2026-09-24-official-1"
"born-leaders","Born Leaders","Winda","Cakes","3-cake set · 757 shots","P5599","234","IGG6JYTEMGHDBF5V5HAML3QY","Born Leaders","705108955992","https://www.getwinda.com/product-page/born-leaders-757-s","Square row 234, token IGG6JYTEMGHDBF5V5HAML3QY, code 705108955992, name 'Born Leaders'; manufacturer model P5599 and exact retail presentation reviewed against the official page and authentic package photograph. No name-only or store-SKU-only approval. Square code is the manufacturer case UPC, not one of the three individual cake UPCs; publish only complete three-cake set.","docs/catalog/enrichment-2026-09/references/born-leaders-original.png","d5d39a0824e60cc02716a453f8874080859f0df6ce611f0305e58a81c6b1d933","https://static.wixstatic.com/media/ecdf0c_565b2614436948f4bb85de5a3f29093f~mv2.png/v1/fit/w_500,h_500,q_90/file.png","Official photograph inspected at original resolution/contact sheet. Correct name, brand, retail count and package; real alpha. Only resizing and encoding, no generated packaging.","","Product/model and simpler name/brand YouTube queries checked; no exact, sufficiently supported demonstration was approved. Optional field intentionally empty.","2026-09-24-official-1"
"ceo-of-assortments","CEO of Assortments","Winda","Assortments","Aerial assortment","Unknown","247","EEB6GYW6OKUONPAP7CIMSVUX","CEO Family Pack Assortment","705108003907","https://www.getwinda.com/product-page/ceo-of-assortments | https://littlejsfireworks.com/product/ceo-of-assortments/ | https://nbfireworks.com/ceo-of-assortments-a-b-case/","Square row 247, token EEB6GYW6OKUONPAP7CIMSVUX, code 705108003907, name 'CEO Family Pack Assortment'; manufacturer model not published (inconsistent source field) and exact retail presentation reviewed against the official page and authentic package photograph. No name-only or store-SKU-only approval. Manufacturer page Item # P3207 conflicts with code/name pattern; model omitted, not silently corrected. Exact UPC 705108003907, CEO name and assortment photograph agree.","docs/catalog/enrichment-2026-09/references/ceo-of-assortments-original.png","89b4ecacf153d1ff425debb5880fd2406df410c5135ece82e591f686d2733656","https://static.wixstatic.com/media/ecdf0c_9412dbe0e75a45ea84720d448cbd7b07~mv2.png/v1/fit/w_500,h_500,q_90/file.png","Official photograph inspected at original resolution/contact sheet. Correct name, brand, retail count and package; real alpha. Only resizing and encoding, no generated packaging.","","Product/model and simpler name/brand YouTube queries checked; no exact, sufficiently supported demonstration was approved. Optional field intentionally empty.","2026-09-24-official-1"
"chameleon-shells-24-pack","Chameleon Shells","Winda","Artillery Shells","5-inch shells · 24 pack","P8050","249","7KHVOFXS6SBVFD3SWNDZTBNE","Cameleon 5"" Artillery Shells 24 pack","705108805006","https://www.getwinda.com/product-page/chameleon-shells-5-inch | https://501pyro.com/chameleon-shells/ | https://www.youtube.com/watch?v=3M1DRGY7mYI","Square row 249, token 7KHVOFXS6SBVFD3SWNDZTBNE, code 705108805006, name 'Cameleon 5"" Artillery Shells 24 pack'; manufacturer model P8050 and exact retail presentation reviewed against the official page and authentic package photograph. No name-only or store-SKU-only approval.","docs/catalog/enrichment-2026-09/references/chameleon-shells-24-pack-original.png","54ccb556e447080414de213204e3802372e22c406cd91934fdd250ae16047cc3","https://static.wixstatic.com/media/ecdf0c_fed6391afd194e73b7ee128d5ab300a9~mv2.png/v1/fit/w_500,h_500,q_90/file.png","Official photograph inspected at original resolution/contact sheet. Correct name, brand, retail count and package; real alpha. Only resizing and encoding, no generated packaging.","https://www.youtube.com/watch?v=3M1DRGY7mYI","Reviewed exact product/model and presentation against the approved source page, indexed demo information and YouTube oEmbed metadata. Not a general search link or different package. Full playback of every video was not performed.","2026-09-24-official-1"
"cluster-bomb","Cluster Bomb","Raccoon","Cakes","500 gram · 40 shots","RA530119","271","ILCUK2NMBSHM2346N44FLBD4","Cluster Bomb 500 Gram","757205301196","https://www.raccoonfireworksusa.com/product-page/cluster-bomb | https://americanwholesalefireworks.com/cluster-bomb/","Square row 271, token ILCUK2NMBSHM2346N44FLBD4, code 757205301196, name 'Cluster Bomb 500 Gram'; manufacturer model RA530119 and exact retail presentation reviewed against the official page and authentic package photograph. No name-only or store-SKU-only approval.","docs/catalog/enrichment-2026-09/references/cluster-bomb-original.png","9fdefa7ac67ac197c7989f677b55aab086e7ad84d2729dd794ca63a0355b3399","https://raccoonfireworksusa.com/wp-content/uploads/2026/08/RA530119.png","Official photograph inspected at original resolution/contact sheet. Correct name, brand, retail count and package; real alpha. Only resizing and encoding, no generated packaging.","https://www.youtube.com/watch?v=ZRbTtKDS3Uw","{'status': 'verified', 'source': 'https://www.raccoonfireworksusa.com/product-page/cluster-bomb', 'title': 'Cluster Bomb RA530119 Raccoon Fireworks 2021 New Product 40 shots', 'channel': 'Raccoon Fireworks', 'evidence': 'Exact model and product name in the official Raccoon channel title; demonstration embedded by the manufacturer. Retail presentation verified separately.'}","2026-09-24-official-1"
"colorful-skies","Colorful Skies","Raccoon","Cakes","200 gram · 25 shots","RA22003","286","7URDOO5AVQK3XPYBFVZG3BCI","Colorful Skies","757201220033","https://www.raccoonfireworksusa.com/product-page/colorful-skies | https://ocfireworks.com/colorful-skies/ | https://gbfireworks.com/products/colorful-skies | https://americanwholesalefireworks.com/colorful-skies-raccoon/","Square row 286, token 7URDOO5AVQK3XPYBFVZG3BCI, code 757201220033, name 'Colorful Skies'; manufacturer model RA22003 and exact retail presentation reviewed against the official page and authentic package photograph. No name-only or store-SKU-only approval.","docs/catalog/enrichment-2026-09/references/colorful-skies-original.png","a7e4848cfea13d91ecf8626a87c81e980cafb6ea5f84d2a2996811eca4c79914","https://raccoonfireworksusa.com/wp-content/uploads/2026/08/RA22003.png","Official photograph inspected at original resolution/contact sheet. Correct name, brand, retail count and package; real alpha. Only resizing and encoding, no generated packaging.","https://www.youtube.com/watch?v=7gcAO4M6p8s","{'status': 'verified', 'source': 'https://www.raccoonfireworksusa.com/product-page/colorful-skies', 'title': 'Colorful Skies RA22003 by Raccoon Fireworks', 'channel': 'Raccoon Fireworks', 'evidence': 'Exact model and product name in the official Raccoon channel title; demonstration embedded by the manufacturer. Retail presentation verified separately.'}","2026-09-24-official-1"
"dance-in-the-rain","Dance in the Rain","Raccoon","Cakes","500 gram · 23 shots","RA530146","311","TPBOMNN4CK7ETI3SUSVUTQZ7","Dance In The Rain 500 Gram","757205301462","https://www.raccoonfireworksusa.com/product-page/dance-in-the-rain | https://gbfireworks.com/products/dance-in-the-rain","Square row 311, token TPBOMNN4CK7ETI3SUSVUTQZ7, code 757205301462, name 'Dance In The Rain 500 Gram'; manufacturer model RA530146 and exact retail presentation reviewed against the official page and authentic package photograph. No name-only or store-SKU-only approval.","docs/catalog/enrichment-2026-09/references/dance-in-the-rain-original.png","10f246cf32c58ecbc97c1cdfc492daa2a375ec6ce7ddf23ea2b50ad25b32ee48","https://raccoonfireworksusa.com/wp-content/uploads/2026/08/RA530146.png","Official photograph inspected at original resolution/contact sheet. Correct name, brand, retail count and package; real alpha. Only resizing and encoding, no generated packaging.","https://www.youtube.com/watch?v=JMIKiAhQ2m4","{'status': 'verified', 'source': 'https://www.raccoonfireworksusa.com/product-page/dance-in-the-rain', 'title': 'Dance in the Rain RA530146 by Raccoon Fireworks', 'channel': 'Raccoon Fireworks', 'evidence': 'Exact model and product name in the official Raccoon channel title; demonstration embedded by the manufacturer. Retail presentation verified separately.'}","2026-09-24-official-1"
"flying-pig-rockets","Flying Pig Rocket","Monkey Mania","Rockets","5-stick pack","MM-8201","374","6HTTDB3PZXERBXUHKFQRZ4JS","Flying Pig Rocket (5 sticks)","757202282016","https://www.raccoonfireworksusa.com/product-page/flying-pig-rocket | https://americanwholesalefireworks.com/flying-pig-rocket/","Square row 374, token 6HTTDB3PZXERBXUHKFQRZ4JS, code 757202282016, name 'Flying Pig Rocket (5 sticks)'; manufacturer model MM-8201 and exact retail presentation reviewed against the official page and authentic package photograph. No name-only or store-SKU-only approval.","docs/catalog/enrichment-2026-09/references/flying-pig-rockets-original.png","edb18cac06f39fdae14ea4de9bcdb6b05d1c4254eac813b8dd781a3919332702","https://raccoonfireworksusa.com/wp-content/uploads/2026/08/MM-8201.png","Official photograph inspected at original resolution/contact sheet. Correct name, brand, retail count and package; real alpha. Only resizing and encoding, no generated packaging.","https://www.youtube.com/watch?v=IaTy9tbOmtg","{'status': 'verified', 'source': 'https://www.raccoonfireworksusa.com/product-page/flying-pig-rocket', 'title': '2023 Monkey Mania MM 8201 Flying Pig', 'channel': 'Raccoon Fireworks', 'evidence': 'Exact model and product name in the official Raccoon channel title; demonstration embedded by the manufacturer. Retail presentation verified separately.'}","2026-09-24-official-1"
"freedoms-wings","Freedom’s Wings","Winda","Fountains","Fountain","P6036","385","2CYKZ3ADBOY7HQ3VRW2OTG76","Freedom Wings BOGO Fountain","705108603602","https://www.getwinda.com/product-page/freedom-s-wings","Square row 385, token 2CYKZ3ADBOY7HQ3VRW2OTG76, code 705108603602, name 'Freedom Wings BOGO Fountain'; manufacturer model P6036 and exact retail presentation reviewed against the official page and authentic package photograph. No name-only or store-SKU-only approval.","docs/catalog/enrichment-2026-09/references/freedoms-wings-original.png","920de33565cdfd677ba251175a4817e9aa08e974a1107daf3882eb28f06ad2b2","https://static.wixstatic.com/media/ecdf0c_ab5a259a36d643838a08bdeb7736dad7~mv2.png/v1/fit/w_500,h_500,q_90/file.png","Official photograph inspected at original resolution/contact sheet. Correct name, brand, retail count and package; real alpha. Only resizing and encoding, no generated packaging.","","Product/model and simpler name/brand YouTube queries checked; no exact, sufficiently supported demonstration was approved. Optional field intentionally empty.","2026-09-24-official-1"
"g-force-24-pack","G-Force","Winda","Artillery Shells","4-inch shells · 24 pack","P8031","397","N6OTOY4DNT3WRUBLSUR5YSC7","G Force 4"" Artillery Shells 24 Pack","705108803101","https://www.getwinda.com/product-page/g-force | https://americanwholesalefireworks.com/g-force/ | https://www.youtube.com/watch?v=7pGhF7fvvN0","Square row 397, token N6OTOY4DNT3WRUBLSUR5YSC7, code 705108803101, name 'G Force 4"" Artillery Shells 24 Pack'; manufacturer model P8031 and exact retail presentation reviewed against the official page and authentic package photograph. No name-only or store-SKU-only approval.","docs/catalog/enrichment-2026-09/references/g-force-24-pack-original.png","538dd629bc34241e74fe6c9442afc037c33c71dcf75a2429003a037239d74c28","https://static.wixstatic.com/media/ecdf0c_e40ec0a2cb974dfe82328f928d64fd2b~mv2.png/v1/fit/w_500,h_500,q_90/file.png","Official photograph inspected at original resolution/contact sheet. Correct name, brand, retail count and package; real alpha. Only resizing and encoding, no generated packaging.","https://www.youtube.com/watch?v=7pGhF7fvvN0","Reviewed exact product/model and presentation against the approved source page, indexed demo information and YouTube oEmbed metadata. Not a general search link or different package. Full playback of every video was not performed.","2026-09-24-official-1"
"galactic-empire","Galactic Empire","Raccoon","Cakes","500 gram · 21 shots","RA530126","398","R4GQVTO4EUT5C4LHMA44BP2K","Galactic Empire","757205301264","https://www.raccoonfireworksusa.com/product-page/galactic-empire","Square row 398, token R4GQVTO4EUT5C4LHMA44BP2K, code 757205301264, name 'Galactic Empire'; manufacturer model RA530126 and exact retail presentation reviewed against the official page and authentic package photograph. No name-only or store-SKU-only approval.","docs/catalog/enrichment-2026-09/references/galactic-empire-original.png","17f1ec207127783a0a99a65b59d29ecc12ca591dfc267ca1d3350d34664485e5","https://raccoonfireworksusa.com/wp-content/uploads/2026/08/RA530126.png","Official photograph inspected at original resolution/contact sheet. Correct name, brand, retail count and package; real alpha. Only resizing and encoding, no generated packaging.","https://www.youtube.com/watch?v=0OkveYwscvs","{'status': 'verified', 'source': 'https://www.raccoonfireworksusa.com/product-page/galactic-empire', 'title': 'Galactic Empire RA530126 by Raccoon Fireworks', 'channel': 'Raccoon Fireworks', 'evidence': 'Exact model and product name in the official Raccoon channel title; demonstration embedded by the manufacturer. Retail presentation verified separately.'}","2026-09-24-official-1"
"ghost-dragon","Ghost Dragon","Raccoon","Cakes","9-shot rack","RA57219","410","CX3WJWBLRRX53W7VQZFUUZ5C","Ghost Dragon","757201572194","https://www.raccoonfireworksusa.com/product-page/ghost-dragon | https://dosgringosfireworks.com/ghost-dragon/ | https://americanwholesalefireworks.com/ghost-dragon/ | https://americanwholesalefireworks.com/ghost-dragon//","Square row 410, token CX3WJWBLRRX53W7VQZFUUZ5C, code 757201572194, name 'Ghost Dragon'; manufacturer model RA57219 and exact retail presentation reviewed against the official page and authentic package photograph. No name-only or store-SKU-only approval.","docs/catalog/enrichment-2026-09/references/ghost-dragon-original.png","1efb53166f5ea51598020c51b3a00bd0f7d99feed90e63d19f84afcf1297c610","https://raccoonfireworksusa.com/wp-content/uploads/2026/08/RA57219.png","Official photograph inspected at original resolution/contact sheet. Correct name, brand, retail count and package; real alpha. Only resizing and encoding, no generated packaging.","https://www.youtube.com/watch?v=6zFLJt1m7q8","{'status': 'verified', 'source': 'https://www.raccoonfireworksusa.com/product-page/ghost-dragon', 'title': 'Ghost Dragon by  RA57219 Raccoon Fireworks', 'channel': 'Raccoon Fireworks', 'evidence': 'Exact model and product name in the official Raccoon channel title; demonstration embedded by the manufacturer. Retail presentation verified separately.'}","2026-09-24-official-1"
"ghost-killer","Ghost Killer","Raccoon","Cakes","9-shot rack","RA57217","411","Q5DCX2MGZHMYFX7ADSL5C6FU","Ghost Killer","757201572170","https://www.raccoonfireworksusa.com/product-page/ghost-killer | https://americanwholesalefireworks.com/ghost-killer-raccoon/","Square row 411, token Q5DCX2MGZHMYFX7ADSL5C6FU, code 757201572170, name 'Ghost Killer'; manufacturer model RA57217 and exact retail presentation reviewed against the official page and authentic package photograph. No name-only or store-SKU-only approval.","docs/catalog/enrichment-2026-09/references/ghost-killer-original.png","531e69ff945bf75f83770126497ea1a3afe8e4bfebd21481ab31651cbac664ce","https://raccoonfireworksusa.com/wp-content/uploads/2026/08/RA57217.png","Official photograph inspected at original resolution/contact sheet. Correct name, brand, retail count and package; real alpha. Only resizing and encoding, no generated packaging.","https://www.youtube.com/watch?v=oqXARGKUAXk","{'status': 'verified', 'source': 'https://www.raccoonfireworksusa.com/product-page/ghost-killer', 'title': 'Ghost Killer RA57217 by Raccoon Fireworks', 'channel': 'Raccoon Fireworks', 'evidence': 'Exact model and product name in the official Raccoon channel title; demonstration embedded by the manufacturer. Retail presentation verified separately.'}","2026-09-24-official-1"
"ghost-rings","Ghost Rings","Winda","Cakes","9-shot rack","P5498","412","DK52TXNEXPJ5HDJE6462D23I","Ghost Rings","705108549801","https://www.getwinda.com/product-page/ghost-rings-9-s","Square row 412, token DK52TXNEXPJ5HDJE6462D23I, code 705108549801, name 'Ghost Rings'; manufacturer model P5498 and exact retail presentation reviewed against the official page and authentic package photograph. No name-only or store-SKU-only approval.","docs/catalog/enrichment-2026-09/references/ghost-rings-original.png","53de2ac8bd44ffe0eeba901d471772e83a11ff6c72af76bee14f2a0a9c843b8b","https://static.wixstatic.com/media/ecdf0c_5f264a2b06804428a5a67777575bc8c8~mv2.png/v1/fit/w_500,h_500,q_90/file.png","Official photograph inspected at original resolution/contact sheet. Correct name, brand, retail count and package; real alpha. Only resizing and encoding, no generated packaging.","","Product/model and simpler name/brand YouTube queries checked; no exact, sufficiently supported demonstration was approved. Optional field intentionally empty.","2026-09-24-official-1"
"grand-cannon","Grand Cannon","Winda","Fountains","Fountain","P3215","426","FUX46WMJ6KKMB42MBGW2QFQB","Grand Cannon Fountain","705108321506","https://www.getwinda.com/product-page/grand-cannon","Square row 426, token FUX46WMJ6KKMB42MBGW2QFQB, code 705108321506, name 'Grand Cannon Fountain'; manufacturer model P3215 and exact retail presentation reviewed against the official page and authentic package photograph. No name-only or store-SKU-only approval.","docs/catalog/enrichment-2026-09/references/grand-cannon-original.png","0583ccc87200c9b36397d073905aaf263fef8b90714f4754b7754510740e4953","https://static.wixstatic.com/media/ecdf0c_a6303df2aa904de197008162b5307f23~mv2.png/v1/fit/w_500,h_500,q_90/file.png","Official photograph inspected at original resolution/contact sheet. Correct name, brand, retail count and package; real alpha. Only resizing and encoding, no generated packaging.","","Product/model and simpler name/brand YouTube queries checked; no exact, sufficiently supported demonstration was approved. Optional field intentionally empty.","2026-09-24-official-1"
"howling-commandos","Howling Commandos","Winda","Rockets","6-stick pack","P2030","465","XSHQZDOB32OQODB4SVTRD6EY","Howling Commandos (6 sticks)","705108203000","https://www.getwinda.com/product-page/howling-commandos | https://americanwholesalefireworks.com/howling-commandos/ | https://americanwholesalefireworks.com/howling-commandos-rocket/ | https://www.youtube.com/watch?v=MiXprVX1qxc","Square row 465, token XSHQZDOB32OQODB4SVTRD6EY, code 705108203000, name 'Howling Commandos (6 sticks)'; manufacturer model P2030 and exact retail presentation reviewed against the official page and authentic package photograph. No name-only or store-SKU-only approval.","docs/catalog/enrichment-2026-09/references/howling-commandos-original.png","77f70bd8977a50b840f453e8a379a9e2b80ddf9af70a58c079e46bdd44804cb3","https://static.wixstatic.com/media/ecdf0c_6cd706b4bf414c42b3c863f95ac955f2~mv2.png/v1/fit/w_500,h_500,q_90/file.png","Official photograph inspected at original resolution/contact sheet. Correct name, brand, retail count and package; real alpha. Only resizing and encoding, no generated packaging.","https://www.youtube.com/watch?v=MiXprVX1qxc","Reviewed exact product/model and presentation against the approved source page, indexed demo information and YouTube oEmbed metadata. Not a general search link or different package. Full playback of every video was not performed.","2026-09-24-official-1"
"jawbreaker","Jawbreaker","Raccoon","Cakes","200 gram · 25 shots","RA22009","491","2I2ITQB4TQZX3IXYE3UZJNMR","Jawbreaker 25 Shots","757201220095","https://www.raccoonfireworksusa.com/product-page/jawbreaker","Square row 491, token 2I2ITQB4TQZX3IXYE3UZJNMR, code 757201220095, name 'Jawbreaker 25 Shots'; manufacturer model RA22009 and exact retail presentation reviewed against the official page and authentic package photograph. No name-only or store-SKU-only approval.","docs/catalog/enrichment-2026-09/references/jawbreaker-original.png","53a49fa9bc0feb41c8eeca6bdb1957467798c6bb8c87e34e69b77f27476efd49","https://raccoonfireworksusa.com/wp-content/uploads/2026/08/RA22009.png","Official photograph inspected at original resolution/contact sheet. Correct name, brand, retail count and package; real alpha. Only resizing and encoding, no generated packaging.","https://www.youtube.com/watch?v=Vm9Ug3rc84A","{'status': 'verified', 'source': 'https://www.raccoonfireworksusa.com/product-page/jawbreaker', 'title': 'Jawbreaker RA22009 by Raccoon Fireworks', 'channel': 'Raccoon Fireworks', 'evidence': 'Exact model and product name in the official Raccoon channel title; demonstration embedded by the manufacturer. Retail presentation verified separately.'}","2026-09-24-official-1"
"king-dragon-24-pack","King Dragon","Raccoon","Artillery Shells","6-inch shells · 24 pack","RA62401A/B/C/D","525","PWYZQFTHJFKS7DQI5MFQSDSU","King Dragon 6"" Artillery Shells 24 pack","757201624015","https://www.raccoonfireworksusa.com/product-page/6-king-dragon | https://americanwholesalefireworks.com/king-dragon/","Square row 525, token PWYZQFTHJFKS7DQI5MFQSDSU, code 757201624015, name 'King Dragon 6"" Artillery Shells 24 pack'; manufacturer model RA62401A/B/C/D and exact retail presentation reviewed against the official page and authentic package photograph. No name-only or store-SKU-only approval.","docs/catalog/enrichment-2026-09/references/king-dragon-24-pack-original.png","91db588fb7096ee9fadb9a360e319b52d4bceb995942e4ee18bf062258f29d48","https://raccoonfireworksusa.com/wp-content/uploads/2026/08/RA62401ABCD.png","Official photograph inspected at original resolution/contact sheet. Correct name, brand, retail count and package; real alpha. Only resizing and encoding, no generated packaging.","https://www.youtube.com/watch?v=IKgzCr-3u10","{'status': 'verified', 'source': 'https://www.raccoonfireworksusa.com/product-page/6-king-dragon', 'title': '6” King Dragon Canister Shell RA62401 Raccoon Fireworks 2021 New Product', 'channel': 'Raccoon Fireworks', 'evidence': 'Exact model and product name in the official Raccoon channel title; demonstration embedded by the manufacturer. Retail presentation verified separately.'}","2026-09-24-official-1"
"lucky-streak","Lucky Streak","Bright Star","Cakes","66 shots","BS6020","550","DM4RMWLVBBUGLXYFTBGIJX3N","Lucky Streak","705108602063","https://www.getwinda.com/product-page/lucky-streak | https://www.youtube.com/watch?v=Yf7BARQKKck","Square row 550, token DM4RMWLVBBUGLXYFTBGIJX3N, code 705108602063, name 'Lucky Streak'; manufacturer model BS6020 and exact retail presentation reviewed against the official page and authentic package photograph. No name-only or store-SKU-only approval.","docs/catalog/enrichment-2026-09/references/lucky-streak-original.png","10ef23c5ed389d1e75a6cc49de42cea62fd57f9c309e19d2011292ee616cd42a","https://static.wixstatic.com/media/ecdf0c_11b2b1a4e8584d6f89aa3ca03cb8b150~mv2.png/v1/fit/w_500,h_500,q_90/file.png","Official photograph inspected at original resolution/contact sheet. Correct name, brand, retail count and package; real alpha. Only resizing and encoding, no generated packaging.","https://www.youtube.com/watch?v=Yf7BARQKKck","Reviewed exact product/model and presentation against the approved source page, indexed demo information and YouTube oEmbed metadata. Not a general search link or different package. Full playback of every video was not performed.","2026-09-24-official-1"
"magnum-tremors","Magnum Tremors","Raccoon","Cakes","9-shot rack","RA57206","575","BATDQ2BB2DBWSRLIYDMUHFPI","Magnum Tremors","757201572064","https://www.raccoonfireworksusa.com/product-page/magnum-tremors | https://americanwholesalefireworks.com/magnum-tremors/ | https://fireworks-superstore.myshopify.com/products/magnum-tremors-3-rack-raccoon","Square row 575, token BATDQ2BB2DBWSRLIYDMUHFPI, code 757201572064, name 'Magnum Tremors'; manufacturer model RA57206 and exact retail presentation reviewed against the official page and authentic package photograph. No name-only or store-SKU-only approval.","docs/catalog/enrichment-2026-09/references/magnum-tremors-original.png","0de103f36ad8b5778e7daf3021dbef549803bb9486ac406ed8b18426e984f28c","https://raccoonfireworksusa.com/wp-content/uploads/2026/08/RA57206.png","Official photograph inspected at original resolution/contact sheet. Correct name, brand, retail count and package; real alpha. Only resizing and encoding, no generated packaging.","https://www.youtube.com/watch?v=VihP3cMcJi4","{'status': 'verified', 'source': 'https://www.raccoonfireworksusa.com/product-page/magnum-tremors', 'title': 'Magnum Tremors RA57206 by Raccoon Fireworks', 'channel': 'Raccoon Fireworks', 'evidence': 'Exact model and product name in the official Raccoon channel title; demonstration embedded by the manufacturer. Retail presentation verified separately.'}","2026-09-24-official-1"
"migraine","Migraine","Raccoon","Cakes","9-shot rack","RA57207","600","OKCB2UOBBJRUB7NBKFRGDTUE","Migraine","757201572071","https://www.raccoonfireworksusa.com/product-page/migraine","Square row 600, token OKCB2UOBBJRUB7NBKFRGDTUE, code 757201572071, name 'Migraine'; manufacturer model RA57207 and exact retail presentation reviewed against the official page and authentic package photograph. No name-only or store-SKU-only approval.","docs/catalog/enrichment-2026-09/references/migraine-original.png","2270f55a9d1ef7726db191a37b220f263435fa38b9b46ac4b72ad82fa70e3183","https://raccoonfireworksusa.com/wp-content/uploads/2026/08/RA57207.png","Official photograph inspected at original resolution/contact sheet. Correct name, brand, retail count and package; real alpha. Only resizing and encoding, no generated packaging.","https://www.youtube.com/watch?v=ElEOhs6JI0U","{'status': 'verified', 'source': 'https://www.raccoonfireworksusa.com/product-page/migraine', 'title': 'Migraine RA57207 by Raccoon Fireworks', 'channel': 'Raccoon Fireworks', 'evidence': 'Exact model and product name in the official Raccoon channel title; demonstration embedded by the manufacturer. Retail presentation verified separately.'}","2026-09-24-official-1"
"monkey-business","Monkey Business","Raccoon","Cakes","200 gram · 24 shots","RA22521","604","KHQGTUGPX2ABWY6TBLOAXTS7","Monkey Business","757201225212","https://www.raccoonfireworksusa.com/product-page/monkey-business | https://americanwholesalefireworks.com/monkey-business/","Square row 604, token KHQGTUGPX2ABWY6TBLOAXTS7, code 757201225212, name 'Monkey Business'; manufacturer model RA22521 and exact retail presentation reviewed against the official page and authentic package photograph. No name-only or store-SKU-only approval.","docs/catalog/enrichment-2026-09/references/monkey-business-original.png","c9466c4ff1f5ecde603e85a4dffef8902764f4c86ecaf46fe32fb8d274ce68fb","https://raccoonfireworksusa.com/wp-content/uploads/2026/08/RA22521.png","Official photograph inspected at original resolution/contact sheet. Correct name, brand, retail count and package; real alpha. Only resizing and encoding, no generated packaging.","https://www.youtube.com/watch?v=2WLNk8n4KPg","{'status': 'verified', 'source': 'https://www.raccoonfireworksusa.com/product-page/monkey-business', 'title': 'Monkey Business RA22521 Raccoon Fireworks 2021 New Product 24 Shots', 'channel': 'Raccoon Fireworks', 'evidence': 'Exact model and product name in the official Raccoon channel title; demonstration embedded by the manufacturer. Retail presentation verified separately.'}","2026-09-24-official-1"
"neon-boom","Neon Boom","Raccoon","Cakes","500 gram · 25 shots","RA53040","622","6XC2CG64XOVFC5ZSL4AL6TQS","Neon Boom 25 Shot","757201530408","https://www.raccoonfireworksusa.com/product-page/neon-boom | https://shop.intergalacticfireworks.com/neon-boom.html","Square row 622, token 6XC2CG64XOVFC5ZSL4AL6TQS, code 757201530408, name 'Neon Boom 25 Shot'; manufacturer model RA53040 and exact retail presentation reviewed against the official page and authentic package photograph. No name-only or store-SKU-only approval.","docs/catalog/enrichment-2026-09/references/neon-boom-original.png","0e7aee6c4eab2305e692bc1e2a02c08de79ab322684cd039b6a16914f28a93d1","https://raccoonfireworksusa.com/wp-content/uploads/2026/08/RA53040.png","Official photograph inspected at original resolution/contact sheet. Correct name, brand, retail count and package; real alpha. Only resizing and encoding, no generated packaging.","https://www.youtube.com/watch?v=CR1TTvKxTCo","{'status': 'verified', 'source': 'https://www.raccoonfireworksusa.com/product-page/neon-boom', 'title': 'Neon Boom RA53040 by Raccoon Fireworks', 'channel': 'Raccoon Fireworks', 'evidence': 'Exact model and product name in the official Raccoon channel title; demonstration embedded by the manufacturer. Retail presentation verified separately.'}","2026-09-24-official-1"
"occupy-mars","Occupy Mars","Winda","Cakes","10 shots · girandola finale","P6037","649","PIXOQTBXHYSS7P6ZG56QBEEV","Occupy Mars 500 Gram","705108603701","https://www.getwinda.com/product-page/occupy-mars | https://leefamilyfirework.com/MX188-Occupy-Mars-Girandola-Cake-P6037-R-PC/ | https://leefamilyfirework.com/MX188-Occupy-Mars-Girandola-Cake-P6037-R-PC/?setCurrencyId=1%5C | https://www.youtube.com/watch?v=R1BXlnwc260","Square row 649, token PIXOQTBXHYSS7P6ZG56QBEEV, code 705108603701, name 'Occupy Mars 500 Gram'; manufacturer model P6037 and exact retail presentation reviewed against the official page and authentic package photograph. No name-only or store-SKU-only approval.","docs/catalog/enrichment-2026-09/references/occupy-mars-original.png","ceeaa4e2aab118c20a50c1e12fc50109c2557c2b2ea0bb5b90dcba6fb462d953","https://static.wixstatic.com/media/ecdf0c_a20b38ff0b784566a11afa124dad995c~mv2.png/v1/fit/w_500,h_500,q_90/file.png","Official photograph inspected at original resolution/contact sheet. Correct name, brand, retail count and package; real alpha. Only resizing and encoding, no generated packaging.","https://www.youtube.com/watch?v=R1BXlnwc260","Reviewed exact product/model and presentation against the approved source page, indexed demo information and YouTube oEmbed metadata. Not a general search link or different package. Full playback of every video was not performed.","2026-09-24-official-1"
"party-like-its-1776","Party Like It’s 1776","Winda","Cakes","156 shots","P5554","663","GTJEOQD2CEPZLB6IG34L5DJL","Party Like Its 1776 500 Gram","705108555406","https://www.getwinda.com/product-page/party-like-it-s-1776-156-s | https://bangersonlyfireworks.com/GM876-Party-Like-Its-1776-R-PC/ | https://www.youtube.com/watch?v=Md5UiOmVtG4","Square row 663, token GTJEOQD2CEPZLB6IG34L5DJL, code 705108555406, name 'Party Like Its 1776 500 Gram'; manufacturer model P5554 and exact retail presentation reviewed against the official page and authentic package photograph. No name-only or store-SKU-only approval.","docs/catalog/enrichment-2026-09/references/party-like-its-1776-original.png","f738c58dd30097e5da3cf3da121b0dcf7ce2460c9e466f4e215e99ff28381317","https://static.wixstatic.com/media/ecdf0c_25a1fbdf3afc424baaadbc6e89438cbe~mv2.png/v1/fit/w_500,h_500,q_90/file.png","Official photograph inspected at original resolution/contact sheet. Correct name, brand, retail count and package; real alpha. Only resizing and encoding, no generated packaging.","https://www.youtube.com/watch?v=Md5UiOmVtG4","Reviewed exact product/model and presentation against the approved source page, indexed demo information and YouTube oEmbed metadata. Not a general search link or different package. Full playback of every video was not performed.","2026-09-24-official-1"
"peacock-spider-24-pack","Peacock Spider","Raccoon","Artillery Shells","5-inch shells · 24 pack","RA32408","679","LV65VKZH67LIUO4NCR3MY7E3","Peacock Spider 5"" Artillery Shells 24 pack","757201324083","https://www.raccoonfireworksusa.com/product-page/5-peacock-spider | https://americanwholesalefireworks.com/peacock-spider-compact/","Square row 679, token LV65VKZH67LIUO4NCR3MY7E3, code 757201324083, name 'Peacock Spider 5"" Artillery Shells 24 pack'; manufacturer model RA32408 and exact retail presentation reviewed against the official page and authentic package photograph. No name-only or store-SKU-only approval.","docs/catalog/enrichment-2026-09/references/peacock-spider-24-pack-original.png","f379dbbc1fa2eca06e2531cf0e95e00ff3c6b823953483a0955040ecde73418b","https://raccoonfireworksusa.com/wp-content/uploads/2026/08/RA32408.png","Official photograph inspected at original resolution/contact sheet. Correct name, brand, retail count and package; real alpha. Only resizing and encoding, no generated packaging.","https://www.youtube.com/watch?v=b2bpAABo2NI","{'status': 'verified', 'source': 'https://www.raccoonfireworksusa.com/product-page/5-peacock-spider', 'title': '5"" Peacock Spider RA32408 by Raccoon Fireworks', 'channel': 'Raccoon Fireworks', 'evidence': 'Exact model and product name in the official Raccoon channel title; demonstration embedded by the manufacturer. Retail presentation verified separately.'}","2026-09-24-official-1"
"battle-of-princeton","Battle of Princeton","Raccoon","Cakes","500 gram · 36 shots","RA52542","705","3U776SJS6U6ZARDKVW3VDN6F","Princeton 500g","757201525428","https://www.raccoonfireworksusa.com/product-page/battle-of-princeton","Square row 705, token 3U776SJS6U6ZARDKVW3VDN6F, code 757201525428, name 'Princeton 500g'; manufacturer model RA52542 and exact retail presentation reviewed against the official page and authentic package photograph. No name-only or store-SKU-only approval.","docs/catalog/enrichment-2026-09/references/battle-of-princeton-original.png","346ce3328b7cc61843d2e0671c47c229c63b74552bdb8b8e5358d9a102b9ce87","https://raccoonfireworksusa.com/wp-content/uploads/2026/08/RA52542.png","Official photograph inspected at original resolution/contact sheet. Correct name, brand, retail count and package; real alpha. Only resizing and encoding, no generated packaging.","https://www.youtube.com/watch?v=X5CKkC6qPxI","{'status': 'verified', 'source': 'https://www.raccoonfireworksusa.com/product-page/battle-of-princeton', 'title': 'RA52542 Battle of Princeton Raccoon 2025 New 500G Cake 36 Shots-RWB Series', 'channel': 'Raccoon Fireworks', 'evidence': 'Exact model and product name in the official Raccoon channel title; demonstration embedded by the manufacturer. Retail presentation verified separately.'}","2026-09-24-official-1"
"raging-willow","Raging Willow","Raccoon","Cakes","200 gram · 19 shots","RA22512","742","TNYRSG3Q5J6EIUJNPKI3XOSD","Raging Willow","757201225120","https://www.raccoonfireworksusa.com/product-page/raging-willow | https://americanwholesalefireworks.com/raging-willow// | https://americanwholesalefireworks.com/raging-willow/","Square row 742, token TNYRSG3Q5J6EIUJNPKI3XOSD, code 757201225120, name 'Raging Willow'; manufacturer model RA22512 and exact retail presentation reviewed against the official page and authentic package photograph. No name-only or store-SKU-only approval.","docs/catalog/enrichment-2026-09/references/raging-willow-original.png","b194c373a83463cdbe65bef9eb685aec7876a31eb8b2024865723dc954d56c68","https://raccoonfireworksusa.com/wp-content/uploads/2026/08/RA22512.png","Official photograph inspected at original resolution/contact sheet. Correct name, brand, retail count and package; real alpha. Only resizing and encoding, no generated packaging.","https://www.youtube.com/watch?v=PnXkPdmX0NE","{'status': 'verified', 'source': 'https://www.raccoonfireworksusa.com/product-page/raging-willow', 'title': 'Raging Willow RA22512 by Raccoon Fireworks', 'channel': 'Raccoon Fireworks', 'evidence': 'Exact model and product name in the official Raccoon channel title; demonstration embedded by the manufacturer. Retail presentation verified separately.'}","2026-09-24-official-1"
"rainbow-ghost","Rainbow Ghost","Raccoon","Cakes","500 gram · 195 shots","RA530118","743","LAFSLBBO5TCGIGANK6PD6X6T","Rainbow Ghost 195 Shot Zipper Cake","757205301189","https://www.raccoonfireworksusa.com/product-page/rainbow-ghost | https://americanwholesalefireworks.com/rainbow-ghost// | https://americanwholesalefireworks.com/rainbow-ghost/","Square row 743, token LAFSLBBO5TCGIGANK6PD6X6T, code 757205301189, name 'Rainbow Ghost 195 Shot Zipper Cake'; manufacturer model RA530118 and exact retail presentation reviewed against the official page and authentic package photograph. No name-only or store-SKU-only approval.","docs/catalog/enrichment-2026-09/references/rainbow-ghost-original.png","02e2b7ef9137dbf86bec9df60174588dd2b2a5ecf5b6dd9959b73d0828f4a0bb","https://raccoonfireworksusa.com/wp-content/uploads/2026/08/RA530118.png","Official photograph inspected at original resolution/contact sheet. Correct name, brand, retail count and package; real alpha. Only resizing and encoding, no generated packaging.","https://www.youtube.com/watch?v=Fg-sEyV_LzA","{'status': 'verified', 'source': 'https://www.raccoonfireworksusa.com/product-page/rainbow-ghost', 'title': 'Rainbow Ghost RA530118 Raccoon Fireworks 2021 New Product 195 shots', 'channel': 'Raccoon Fireworks', 'evidence': 'Exact model and product name in the official Raccoon channel title; demonstration embedded by the manufacturer. Retail presentation verified separately.'}","2026-09-24-official-1"
"revolution-now","Revolution Now","Raccoon","Cakes","500 gram · 30 shots","RA53071","755","RXXAJBEZGNQ5F3XLRYKTDH6B","Revolution Now 500 Gram","757201530712","https://www.raccoonfireworksusa.com/product-page/revolution-now | https://shop.intergalacticfireworks.com/revolution-now.html","Square row 755, token RXXAJBEZGNQ5F3XLRYKTDH6B, code 757201530712, name 'Revolution Now 500 Gram'; manufacturer model RA53071 and exact retail presentation reviewed against the official page and authentic package photograph. No name-only or store-SKU-only approval.","docs/catalog/enrichment-2026-09/references/revolution-now-original.png","30120f4d7090aaad3b94cdeca0bd369aab8984201d71511f336ddfb20088cf53","https://raccoonfireworksusa.com/wp-content/uploads/2026/08/RA53071.png","Official photograph inspected at original resolution/contact sheet. Correct name, brand, retail count and package; real alpha. Only resizing and encoding, no generated packaging.","https://www.youtube.com/watch?v=DBZVSoZg_-k","{'status': 'verified', 'source': 'https://www.raccoonfireworksusa.com/product-page/revolution-now', 'title': 'Revolution Now by Raccoon Fireworks RA53071', 'channel': 'Raccoon Fireworks', 'evidence': 'Exact model and product name in the official Raccoon channel title; demonstration embedded by the manufacturer. Retail presentation verified separately.'}","2026-09-24-official-1"
"road-rage-bright-star","Road Rage","Bright Star","Cakes","500 gram cake","BS8047","758","VDKQHYGJDBMFBXL65I3TCORF","Road Rage","705108804764","https://www.getwinda.com/product-page/road-rage","Square row 758, token VDKQHYGJDBMFBXL65I3TCORF, code 705108804764, name 'Road Rage'; manufacturer model BS8047 and exact retail presentation reviewed against the official page and authentic package photograph. No name-only or store-SKU-only approval. Previous Dynamite image rejected; current official BS8047 photograph resolves that resource conflict. Bright Star is the printed brand, not Winda.","docs/catalog/enrichment-2026-09/references/road-rage-bright-star-original.png","42cbe90d55376b0f164eb73e275d418be8965b9ffc1ebecdecfccc07f43b5c7a","https://static.wixstatic.com/media/ecdf0c_494c5372e2e5497da9285f2cda7d1358~mv2.png/v1/fit/w_500,h_500,q_90/file.png","Official photograph inspected at original resolution/contact sheet. Correct name, brand, retail count and package; real alpha. Only resizing and encoding, no generated packaging.","","Product/model and simpler name/brand YouTube queries checked; no exact, sufficiently supported demonstration was approved. Optional field intentionally empty.","2026-09-24-official-1"
"assorted-roman-candles-4-pack","10S Assorted Roman Candle","Monkey Mania","Roman Candles","4 candles · 10 shots each","MM-RM1807A/B/C/D","768","VRVRESOI3PY3GDDSSGJYXK4S","Roman Candle Assortment (4 pk/10 Shot)","757201018074","https://www.raccoonfireworksusa.com/product-page/10s-assorted-roman-candle","Square row 768, token VRVRESOI3PY3GDDSSGJYXK4S, code 757201018074, name 'Roman Candle Assortment (4 pk/10 Shot)'; manufacturer model MM-RM1807A/B/C/D and exact retail presentation reviewed against the official page and authentic package photograph. No name-only or store-SKU-only approval.","docs/catalog/enrichment-2026-09/references/assorted-roman-candles-4-pack-original.png","55d4282c7d8ea819c70cfc8b1a33dd14e2bea7239c3fb7b3a3f066051b1e5834","https://raccoonfireworksusa.com/wp-content/uploads/2026/08/MM-RM1807ABCD.png","Official photograph inspected at original resolution/contact sheet. Correct name, brand, retail count and package; real alpha. Only resizing and encoding, no generated packaging.","https://www.youtube.com/watch?v=aPJZMnWuujc","{'status': 'verified', 'source': 'https://www.raccoonfireworksusa.com/product-page/10s-assorted-roman-candle', 'title': 'MM RM1807ABCD 10S Assorted Roman Candle', 'channel': 'Raccoon Fireworks', 'evidence': 'Exact model and product name in the official Raccoon channel title; demonstration embedded by the manufacturer. Retail presentation verified separately.'}","2026-09-24-official-1"
"strato-launcher","Strato Launcher","Monkey Mania","Cakes","200 gram · 100 shots","MM-RM1001","862","PFUMNN4F7CTUD6OCYKHDPQLR","Strato Launcher 100 Shot","757202110012","https://www.raccoonfireworksusa.com/product-page/strato-launcher | https://americanwholesalefireworks.com/strato-launcher-100s/ | https://fireworks-superstore.myshopify.com/products/strato-launcher","Square row 862, token PFUMNN4F7CTUD6OCYKHDPQLR, code 757202110012, name 'Strato Launcher 100 Shot'; manufacturer model MM-RM1001 and exact retail presentation reviewed against the official page and authentic package photograph. No name-only or store-SKU-only approval.","docs/catalog/enrichment-2026-09/references/strato-launcher-original.png","61bb67996b70b9ce73cfec95dff38e8e9dd64fb55df616841e6d18533040f339","https://raccoonfireworksusa.com/wp-content/uploads/2026/08/MM-RM1001.png","Official photograph inspected at original resolution/contact sheet. Correct name, brand, retail count and package; real alpha. Only resizing and encoding, no generated packaging.","https://www.youtube.com/watch?v=dCPxXYGNVQg","{'status': 'verified', 'source': 'https://www.raccoonfireworksusa.com/product-page/strato-launcher', 'title': 'STRATO LAUNCHER MM-RM1001 BY MONKEY MANIA FIREWORKS', 'channel': 'Raccoon Fireworks', 'evidence': 'Exact model and product name in the official Raccoon channel title; demonstration embedded by the manufacturer. Retail presentation verified separately.'}","2026-09-24-official-1"
"strobing-willow","Strobing Willow","Raccoon","Cakes","200 gram · 25 shots","RA22004","864","3UA3DE63WWEIXYDEIHWR6NFD","Strobing Willow","757201220040","https://www.raccoonfireworksusa.com/product-page/strobing-willow | https://ocfireworks.com/strobing-willow/ | https://americanwholesalefireworks.com/strobing-willow/ | https://501pyro.com/Strobing-Willow/","Square row 864, token 3UA3DE63WWEIXYDEIHWR6NFD, code 757201220040, name 'Strobing Willow'; manufacturer model RA22004 and exact retail presentation reviewed against the official page and authentic package photograph. No name-only or store-SKU-only approval.","docs/catalog/enrichment-2026-09/references/strobing-willow-original.png","06634c6b951e48c9c2b41c345cccfb4e7d9f0800d4fae9f6c4c5265cff3d3334","https://raccoonfireworksusa.com/wp-content/uploads/2026/08/RA22004.png","Official photograph inspected at original resolution/contact sheet. Correct name, brand, retail count and package; real alpha. Only resizing and encoding, no generated packaging.","https://www.youtube.com/watch?v=prG4cr0TASo","{'status': 'verified', 'source': 'https://www.raccoonfireworksusa.com/product-page/strobing-willow', 'title': 'Strobing Willow RA22004 by Raccoon Fireworks', 'channel': 'Raccoon Fireworks', 'evidence': 'Exact model and product name in the official Raccoon channel title; demonstration embedded by the manufacturer. Retail presentation verified separately.'}","2026-09-24-official-1"
"take-me-to-your-leader","Take Me to Your Leader","Winda","Spinners","2-stage girandola","P6030","882","OCNKFMWD4RXNQEOM4RTQQJBQ","Take Me To Your Leader 500 Gram","705108603008","https://www.getwinda.com/product-page/take-me-to-your-leader | https://americanwholesalefireworks.com/take-me-to-your-leader/ | https://americanwholesalefireworks.com/take-me-to-your-leader// | https://www.youtube.com/watch?v=uqMID7-IziA","Square row 882, token OCNKFMWD4RXNQEOM4RTQQJBQ, code 705108603008, name 'Take Me To Your Leader 500 Gram'; manufacturer model P6030 and exact retail presentation reviewed against the official page and authentic package photograph. No name-only or store-SKU-only approval.","docs/catalog/enrichment-2026-09/references/take-me-to-your-leader-original.png","1a75fb970d0071e190ccc1dff336fd18cb3edd784bf72f194d47b66930c7bb01","https://static.wixstatic.com/media/ecdf0c_895249063f364da9a44681a49eb96b13~mv2.png/v1/fit/w_500,h_500,q_90/file.png","Official photograph inspected at original resolution/contact sheet. Correct name, brand, retail count and package; real alpha. Only resizing and encoding, no generated packaging.","https://www.youtube.com/watch?v=uqMID7-IziA","Reviewed exact product/model and presentation against the approved source page, indexed demo information and YouTube oEmbed metadata. Not a general search link or different package. Full playback of every video was not performed.","2026-09-24-official-1"
"whisky-business","Whisky Business","Bright Star","Cakes","20 shots","BS8039","968","6DOXRDGFLEMBC4IEFOHUXQ33","Whiskey Business","705108803965","https://www.getwinda.com/product-page/whisky-business-20-s | https://skylinefireworksllc.com/MX184-Whisky-Business-R-PC/ | https://bangersonlyfireworks.com/MX184-Whisky-Business-R-PC/ | https://www.youtube.com/watch?v=SxzplhvlmUk","Square row 968, token 6DOXRDGFLEMBC4IEFOHUXQ33, code 705108803965, name 'Whiskey Business'; manufacturer model BS8039 and exact retail presentation reviewed against the official page and authentic package photograph. No name-only or store-SKU-only approval.","docs/catalog/enrichment-2026-09/references/whisky-business-original.png","c022fec7927f696ff0f1d61848ee91e6f916c38b363d7cdc2d38adf9e3a63bd7","https://static.wixstatic.com/media/ecdf0c_75065cf4008d452e8a84ff514daa636f~mv2.png/v1/fit/w_500,h_500,q_90/file.png","Official photograph inspected at original resolution/contact sheet. Correct name, brand, retail count and package; real alpha. Only resizing and encoding, no generated packaging.","https://www.youtube.com/watch?v=SxzplhvlmUk","Reviewed exact product/model and presentation against the approved source page, indexed demo information and YouTube oEmbed metadata. Not a general search link or different package. Full playback of every video was not performed.","2026-09-24-official-1"
"wild-horses","Wild Horses","Raccoon","Cakes","200 gram · 25 shots","RA22002","973","6SQ25JK3RYG5ECAM3GS2PQ3R","Wild Horses","757201220026","https://www.raccoonfireworksusa.com/product-page/wild-horses | https://501pyro.com/Wild-Horses/ | https://americanwholesalefireworks.com/wild-horses/","Square row 973, token 6SQ25JK3RYG5ECAM3GS2PQ3R, code 757201220026, name 'Wild Horses'; manufacturer model RA22002 and exact retail presentation reviewed against the official page and authentic package photograph. No name-only or store-SKU-only approval.","docs/catalog/enrichment-2026-09/references/wild-horses-original.png","6c3286a6bc522794d72e0ec3f4e72e90eba172217fb550802c31bd9c249642b3","https://raccoonfireworksusa.com/wp-content/uploads/2026/08/RA22002.png","Official photograph inspected at original resolution/contact sheet. Correct name, brand, retail count and package; real alpha. Only resizing and encoding, no generated packaging.","https://www.youtube.com/watch?v=w5QUlnKoDnA","{'status': 'verified', 'source': 'https://www.raccoonfireworksusa.com/product-page/wild-horses', 'title': 'Wild Horses RA22002 by Raccoon Fireworks', 'channel': 'Raccoon Fireworks', 'evidence': 'Exact model and product name in the official Raccoon channel title; demonstration embedded by the manufacturer. Retail presentation verified separately.'}","2026-09-24-official-1"
"willow-explosion","Willow Explosion","Raccoon","Cakes","500 gram · 24 shots","RA53631","977","RIOM3SESJXPNVNW246HUV6UY","Willow Explosion","757201536318","https://www.raccoonfireworksusa.com/product-page/willow-explosion | https://ocfireworks.com/willow-explosion/ | https://americanwholesalefireworks.com/willow-explosion/","Square row 977, token RIOM3SESJXPNVNW246HUV6UY, code 757201536318, name 'Willow Explosion'; manufacturer model RA53631 and exact retail presentation reviewed against the official page and authentic package photograph. No name-only or store-SKU-only approval.","docs/catalog/enrichment-2026-09/references/willow-explosion-original.png","07b1fb408bad7ffe4d428d76a4b854927cd33fff155acbfbbc1d27fb578a164b","https://raccoonfireworksusa.com/wp-content/uploads/2026/08/RA53631.png","Official photograph inspected at original resolution/contact sheet. Correct name, brand, retail count and package; real alpha. Only resizing and encoding, no generated packaging.","https://www.youtube.com/watch?v=AtqiNrQGq-0","{'status': 'verified', 'source': 'https://www.raccoonfireworksusa.com/product-page/willow-explosion', 'title': 'Willow Explosion RA53631 by Raccoon Fireworks', 'channel': 'Raccoon Fireworks', 'evidence': 'Exact model and product name in the official Raccoon channel title; demonstration embedded by the manufacturer. Retail presentation verified separately.'}","2026-09-24-official-1"
"neon-jellyfish","Neon Jellyfish","Raccoon","Cakes","9-shot rack","RA57212","1036","TMC3YHZW3USJLNP2YNAQF35V","neon jellyfish","757201572125","https://www.raccoonfireworksusa.com/product-page/neon-jellyfish | https://americanwholesalefireworks.com/neon-jellyfish/ | https://dynamitefireworkswarehouse.com/products/Neon-Jellyfish-9S-p604650813 | https://fireworks-superstore.myshopify.com/products/neon-jellyfish-3-rack-raccoon","Square row 1036, token TMC3YHZW3USJLNP2YNAQF35V, code 757201572125, name 'neon jellyfish'; manufacturer model RA57212 and exact retail presentation reviewed against the official page and authentic package photograph. No name-only or store-SKU-only approval.","docs/catalog/enrichment-2026-09/references/neon-jellyfish-original.png","d180ff7da0ddf9b2024146ca66670a228b8a6c170acfd864c39e37ede00eddc6","https://raccoonfireworksusa.com/wp-content/uploads/2026/08/RA57212.png","Official photograph inspected at original resolution/contact sheet. Correct name, brand, retail count and package; real alpha. Only resizing and encoding, no generated packaging.","https://www.youtube.com/watch?v=UG_3QDM9310","{'status': 'verified', 'source': 'https://www.raccoonfireworksusa.com/product-page/neon-jellyfish', 'title': 'Neon Jellyfish RA57212 by Raccoon Fireworks', 'channel': 'Raccoon Fireworks', 'evidence': 'Exact model and product name in the official Raccoon channel title; demonstration embedded by the manufacturer. Retail presentation verified separately.'}","2026-09-24-official-1"
"party-sparklers-display","Party Sparklers","Winda","Sparklers","Display · 20 packs of 4","P9012","1041","Y3GNKR7ETF7UXZDUEI7GRN3Q","party sparklers","705108901210","https://www.getwinda.com/product-page/party-sparklers","Square row 1041, token Y3GNKR7ETF7UXZDUEI7GRN3Q, code 705108901210, name 'party sparklers'; manufacturer model P9012 and exact retail presentation reviewed against the official page and authentic package photograph. No name-only or store-SKU-only approval. Manufacturer explicitly labels 705108901210 as Display Tray; distinct small-box UPC 705108901203 is not merged.","docs/catalog/enrichment-2026-09/references/party-sparklers-display-original.png","b74d9910b7ad4de3d31c18766b2501cd3f58ee3cb77282eca5d0388b4dbdb5c3","https://static.wixstatic.com/media/ecdf0c_b70fa674832344d2a26b84f706d43cb0~mv2.png/v1/fit/w_500,h_500,q_90/file.png","Official photograph inspected at original resolution/contact sheet. Correct name, brand, retail count and package; real alpha. Only resizing and encoding, no generated packaging.","","Product/model and simpler name/brand YouTube queries checked; no exact, sufficiently supported demonstration was approved. Optional field intentionally empty.","2026-09-24-official-1"
"raise-the-dead-24-pack","Raise the Dead","Winda","Artillery Shells","7-inch shells · 24 pack","P8057","1044","72YAFHVRGOCXMFTRMJYMR6L4","raise the dead 7"" 60G canister shells","705108805709","https://www.getwinda.com/product-page/raise-the-dead-7-inch","Square row 1044, token 72YAFHVRGOCXMFTRMJYMR6L4, code 705108805709, name 'raise the dead 7"" 60G canister shells'; manufacturer model P8057 and exact retail presentation reviewed against the official page and authentic package photograph. No name-only or store-SKU-only approval.","docs/catalog/enrichment-2026-09/references/raise-the-dead-24-pack-original.png","9038613d951731c1ffe3404827a05fdaf2fa74da3e364a1bb60d8be787812d06","https://static.wixstatic.com/media/ecdf0c_87d045f5a4e747279461e3f50e863fa6~mv2.png/v1/fit/w_500,h_500,q_90/file.png","Official photograph inspected at original resolution/contact sheet. Correct name, brand, retail count and package; real alpha. Only resizing and encoding, no generated packaging.","","Product/model and simpler name/brand YouTube queries checked; no exact, sufficiently supported demonstration was approved. Optional field intentionally empty.","2026-09-24-official-1"
"trooper-turret","Trooper Turret","Winda","Roman Candles","240 shots","P4031","1057","VHFD2RMJF2FNH7YGT2NOMQIA","trooper turret","705108403103","https://www.getwinda.com/product-page/trooper-turret-240-s | https://americanwholesalefireworks.com/trooper-turret// | https://www.youtube.com/watch?v=wqqWednU3wY","Square row 1057, token VHFD2RMJF2FNH7YGT2NOMQIA, code 705108403103, name 'trooper turret'; manufacturer model P4031 and exact retail presentation reviewed against the official page and authentic package photograph. No name-only or store-SKU-only approval.","docs/catalog/enrichment-2026-09/references/trooper-turret-original.png","148f8e219e7d35caf7d8f70ca6787ead937d41849889aabc968463aaf07806cb","https://static.wixstatic.com/media/ecdf0c_05acdaa2f4ea403e9b0af4ff97c9b979~mv2.png/v1/fit/w_500,h_500,q_90/file.png","Official photograph inspected at original resolution/contact sheet. Correct name, brand, retail count and package; real alpha. Only resizing and encoding, no generated packaging.","https://www.youtube.com/watch?v=wqqWednU3wY","Reviewed exact product/model and presentation against the approved source page, indexed demo information and YouTube oEmbed metadata. Not a general search link or different package. Full playback of every video was not performed.","2026-09-24-official-1"
"wings-of-wrath","Wings of Wrath","Raccoon","Cakes","200 gram · 35 shots","RA21605","1060","U4VMQYNRVE7JHWKOKZQ6PKCC","wings of wrath","757201216050","https://www.raccoonfireworksusa.com/product-page/wings-of-wrath | https://gbfireworks.com/products/wings-of-wrath-1 | https://americanwholesalefireworks.com/wings-of-wrath/","Square row 1060, token U4VMQYNRVE7JHWKOKZQ6PKCC, code 757201216050, name 'wings of wrath'; manufacturer model RA21605 and exact retail presentation reviewed against the official page and authentic package photograph. No name-only or store-SKU-only approval.","docs/catalog/enrichment-2026-09/references/wings-of-wrath-original.png","8c7355ec6a34fea161711b38f9bdf50ce6ce703a090a2e566ac09f5f79218d55","https://raccoonfireworksusa.com/wp-content/uploads/2026/08/RA21605.png","Official photograph inspected at original resolution/contact sheet. Correct name, brand, retail count and package; real alpha. Only resizing and encoding, no generated packaging.","https://www.youtube.com/watch?v=7L0NtDmfqCI","{'status': 'verified', 'source': 'https://www.raccoonfireworksusa.com/product-page/wings-of-wrath', 'title': '2023 New Item - RA21605-""Wings of Wrath"" 35\'S by Raccoon Fireworks', 'channel': 'Raccoon Fireworks', 'evidence': 'Exact model and product name in the official Raccoon channel title; demonstration embedded by the manufacturer. Retail presentation verified separately.'}","2026-09-24-official-1"
"no-3-cone-fountain-2-pack","No. 3 Cone Fountain","Monkey Mania","Fountains","2-cone pack","MM-FC06A/B","6","OJQE63ODOA5VPD3QCXH5T5YC","#3 Cone","757201000062","https://www.raccoonfireworksusa.com/product-page/no-3-cone-fountain","Square row 6 GTIN 757201000062 matches official manufacturer UPC and MM-FC06A/B two-cone presentation (48/2). Dynamite photograph visibly carries Monkey Mania logo, No.3 Cone Fountain, MM-FC06A/MM-FC06B and two cones in a single retail bag. Other generic #3 Cone rows have different codes and are not merged. Live manufacturer route now returns 404; indexed official specification and saved search evidence retained.","docs/catalog/enrichment-2026-09/references/no-3-cone-fountain-2-pack-original.png","ee1fe3c2a40b01892f40e86bd87bb88852e645c4eac52e4677f68b3a1e851f97","Dynamite/public/products/no3-cone-fountain.png","Inspected original local photo: exact two-pack, transparent background, no Dynamite branding.","","Product/model and simpler name/brand YouTube queries checked; no exact, sufficiently supported demonstration was approved. Optional field intentionally empty.","2026-09-24-official-1"
"atom-bomb","Atom Bomb","Brothers","Cakes","36 shots","BP-A013-1","159","5FGW7K44ZLKLWCCNLF46GVBU","Atom Bomb","687985901319","https://www.brotherspyrotechnics.com/ProductDetails/1397 | https://www.wincofireworks.com/wp-content/uploads/2022/03/UPC-Excel-List_3.25.2022_r2.pdf","Square row 159: Atom Bomb / Regular / code 687985901319. Exact commercial name, manufacturer model BP-A013-1, package and count compared with the official Brothers product page and its authentic photograph. Official Winco UPC reference independently maps the Square code to this named product; current Brothers model suffix takes precedence over inconsistent historic assortment suffixes, without changing the Square code.","docs/catalog/enrichment-2026-09/references/atom-bomb-original.png","38b0de7c696e1a01197ee503f363f8a3d6e072a4a8f1a6267affe13b6a2ff57c","https://www.brotherspyrotechnics.com/api/Resource/GetImage?fileId=918&width=900&height=900","Manufacturer photograph visually inspected at full/contact-sheet scale: correct model, name, logo, retail presentation and complete package; real alpha retained; only resize/encoding allowed.","","Product/model and simpler name/brand YouTube queries checked; no exact, sufficiently supported demonstration was approved. Optional field intentionally empty.","2026-09-24-official-2"
"bamboozle","Bamboozle","Brothers","Cakes","42 shots","BP2455","171","AREZ7BUJBZVK2OEMOVNEZLRN","Bamboozle 500 Gram","687985245512","https://www.brotherspyrotechnics.com/ProductDetails/1107 | https://www.wincofireworks.com/wp-content/uploads/2022/03/UPC-Excel-List_3.25.2022_r2.pdf","Square row 171: Bamboozle 500 Gram / Regular / code 687985245512. Exact commercial name, manufacturer model BP2455, package and count compared with the official Brothers product page and its authentic photograph. Official Winco UPC reference independently maps the Square code to this named product; current Brothers model suffix takes precedence over inconsistent historic assortment suffixes, without changing the Square code.","docs/catalog/enrichment-2026-09/references/bamboozle-original.png","ff45830c8d8ef8b03e482b86893e1e6015012881626a263b4e1bbbd257c04c25","https://www.brotherspyrotechnics.com/api/Resource/GetImage?fileId=471&width=900&height=900","Manufacturer photograph visually inspected at full/contact-sheet scale: correct model, name, logo, retail presentation and complete package; real alpha retained; only resize/encoding allowed.","","Product/model and simpler name/brand YouTube queries checked; no exact, sufficiently supported demonstration was approved. Optional field intentionally empty.","2026-09-24-official-2"
"big-top","Big Top","Brothers","Cakes","42 shots","BP2035","182","BNWVUD62G4H3RHAG6WM5WJ7D","Big Top","687985203512","https://www.brotherspyrotechnics.com/ProductDetails/1067 | https://bigdaddyksfireworksoutlet.com/product/big-top/","Square row 182: Big Top / Regular / code 687985203512. Exact commercial name, manufacturer model BP2035, package and count compared with the official Brothers product page and its authentic photograph. The current BP2035 product page and photograph both specify 42 shots, agreeing with the real package; the previously reported 145-shot source is not used.","docs/catalog/enrichment-2026-09/references/big-top-original.png","ef74f45e49cf73dd50e6857656c64eee8eba5f5b2144e176a3f9ce10206012b7","https://www.brotherspyrotechnics.com/api/Resource/GetImage?fileId=375&width=900&height=900","Manufacturer photograph visually inspected at full/contact-sheet scale: correct model, name, logo, retail presentation and complete package; real alpha retained; only resize/encoding allowed.","","Product/model and simpler name/brand YouTube queries checked; no exact, sufficiently supported demonstration was approved. Optional field intentionally empty.","2026-09-24-official-2"
"blood-money","Blood Money","Brothers","Cakes","49 shots","BP-A090-3","226","XLO7UDEHBHTQYPEROBAO3RV4","Blood Money","687985909032","https://www.brotherspyrotechnics.com/ProductDetails/909 | https://www.wincofireworks.com/wp-content/uploads/2022/03/UPC-Excel-List_3.25.2022_r2.pdf | https://www.youtube.com/watch?v=CG05DMsgT1s","Square row 226: Blood Money / Regular / code 687985909032. Exact commercial name, manufacturer model BP-A090-3, package and count compared with the official Brothers product page and its authentic photograph. Official Winco UPC reference independently maps the Square code to this named product; current Brothers model suffix takes precedence over inconsistent historic assortment suffixes, without changing the Square code.","docs/catalog/enrichment-2026-09/references/blood-money-original.png","18fbb424e6ad8c7e7fe9abab5b9cec63f7a798faae3bc4fd1217d3600d19ad26","https://www.brotherspyrotechnics.com/api/Resource/GetImage?fileId=2166&width=900&height=900","Manufacturer photograph visually inspected at full/contact-sheet scale: correct model, name, logo, retail presentation and complete package; real alpha retained; only resize/encoding allowed.","https://www.youtube.com/watch?v=CG05DMsgT1s","Reviewed exact product/model and presentation against the approved source page, indexed demo information and YouTube oEmbed metadata. Not a general search link or different package. Full playback of every video was not performed.","2026-09-24-official-2"
"canopus","Canopus","Brothers","Cakes","48 shots","BP-A084-1","252","BZM75VLS7V57JD3765BT6ND4","Canopus","687985908417","https://www.brotherspyrotechnics.com/ProductDetails/990 | https://georgiasbestfireworks.com/product/canopus/","Square row 252: Canopus / Regular / code 687985908417. Exact commercial name, manufacturer model BP-A084-1, package and count compared with the official Brothers product page and its authentic photograph.","docs/catalog/enrichment-2026-09/references/canopus-original.png","d8175c88642af9a0c861d570cc19ef50d190b4073da528b7578861530178417c","https://www.brotherspyrotechnics.com/api/Resource/GetImage?fileId=954&width=900&height=900","Manufacturer photograph visually inspected at full/contact-sheet scale: correct model, name, logo, retail presentation and complete package; real alpha retained; only resize/encoding allowed.","","Product/model and simpler name/brand YouTube queries checked; no exact, sufficiently supported demonstration was approved. Optional field intentionally empty.","2026-09-24-official-2"
"capella","Capella","Brothers","Cakes","48 shots","BP-A084-4","253","RGD7OXT4MUNLMZKZWWNOE6YH","Capella","687985908448","https://www.brotherspyrotechnics.com/ProductDetails/995 | https://georgiasbestfireworks.com/product/capellastars48shot/","Square row 253: Capella / Regular / code 687985908448. Exact commercial name, manufacturer model BP-A084-4, package and count compared with the official Brothers product page and its authentic photograph.","docs/catalog/enrichment-2026-09/references/capella-original.png","3f441c47fb8bd10555018ae54374c7629d004b4af3413bf1faed3c1cd0daf878","https://www.brotherspyrotechnics.com/api/Resource/GetImage?fileId=956&width=900&height=900","Manufacturer photograph visually inspected at full/contact-sheet scale: correct model, name, logo, retail presentation and complete package; real alpha retained; only resize/encoding allowed.","","Product/model and simpler name/brand YouTube queries checked; no exact, sufficiently supported demonstration was approved. Optional field intentionally empty.","2026-09-24-official-2"
"captain-sam","Captain Sam","Brothers","Cakes","30 shots · Daytime parachutes","BP2228","254","4BECHQGPMIFJ2I3VL7Q6BJWV","Captain Sam 500 Gram","687985222810","https://www.brotherspyrotechnics.com/ProductDetails/625 | https://lowcountryfireworks.com/PC121-Captain-Sam-formerly-Captain-America-R-PC/ | https://whitelightningfireworks.com/PC121-Captain-Sam-formerly-Captain-America-R-PC/ | https://76fireworkstore.com/PC121-Captain-Sam-formerly-Captain-America-R-PC","Square row 254: Captain Sam 500 Gram / Regular / code 687985222810. Exact commercial name, manufacturer model BP2228, package and count compared with the official Brothers product page and its authentic photograph.","docs/catalog/enrichment-2026-09/references/captain-sam-original.png","123e0e3df9e1473af88767b4a5fd47eb3c8e30e0cae2221ab691a024dbaf3447","https://www.brotherspyrotechnics.com/api/Resource/GetImage?fileId=439&width=900&height=900","Manufacturer photograph visually inspected at full/contact-sheet scale: correct model, name, logo, retail presentation and complete package; real alpha retained; only resize/encoding allowed.","","Product/model and simpler name/brand YouTube queries checked; no exact, sufficiently supported demonstration was approved. Optional field intentionally empty.","2026-09-24-official-2"
"centauri","Centauri","Brothers","Cakes","48 shots","BP-A084-2","257","5SOYZ27LJ73CYTCXGVI6XIJN","Centauri","687985908424","https://www.brotherspyrotechnics.com/ProductDetails/993 | https://georgiasbestfireworks.com/product/centauri/","Square row 257: Centauri / Regular / code 687985908424. Exact commercial name, manufacturer model BP-A084-2, package and count compared with the official Brothers product page and its authentic photograph.","docs/catalog/enrichment-2026-09/references/centauri-original.png","dd91a33ee19046d78d4fa858448c30fd52004fd7b69e7b21580c7c4994bc9d5d","https://www.brotherspyrotechnics.com/api/Resource/GetImage?fileId=955&width=900&height=900","Manufacturer photograph visually inspected at full/contact-sheet scale: correct model, name, logo, retail presentation and complete package; real alpha retained; only resize/encoding allowed.","","Product/model and simpler name/brand YouTube queries checked; no exact, sufficiently supported demonstration was approved. Optional field intentionally empty.","2026-09-24-official-2"
"cobalt-bomb","Cobalt Bomb","Brothers","Cakes","36 shots","BP-A013-4","272","MGK6SZ2H563SI4HJP3OBSS5U","Cobalt Bomb","687985901340","https://www.brotherspyrotechnics.com/ProductDetails/1400 | https://www.wincofireworks.com/wp-content/uploads/2022/03/UPC-Excel-List_3.25.2022_r2.pdf","Square row 272: Cobalt Bomb / Regular / code 687985901340. Exact commercial name, manufacturer model BP-A013-4, package and count compared with the official Brothers product page and its authentic photograph. Official Winco UPC reference independently maps the Square code to this named product; current Brothers model suffix takes precedence over inconsistent historic assortment suffixes, without changing the Square code.","docs/catalog/enrichment-2026-09/references/cobalt-bomb-original.png","4ee7fea4c97a4734b1eb3ecdc0ac44551f5a3d99073ce01c09f732bab20d55c0","https://www.brotherspyrotechnics.com/api/Resource/GetImage?fileId=922&width=900&height=900","Manufacturer photograph visually inspected at full/contact-sheet scale: correct model, name, logo, retail presentation and complete package; real alpha retained; only resize/encoding allowed.","","Product/model and simpler name/brand YouTube queries checked; no exact, sufficiently supported demonstration was approved. Optional field intentionally empty.","2026-09-24-official-2"
"crime-scene","Crime Scene","Brothers","Cakes","49 shots","BP-A090-1","300","GFUHBZGQTVWBTZPNL5L4BB4L","Crime Scene","687985909018","https://www.brotherspyrotechnics.com/ProductDetails/907 | https://www.wincofireworks.com/wp-content/uploads/2022/03/UPC-Excel-List_3.25.2022_r2.pdf | https://www.youtube.com/watch?v=XLFL_7QO1bA","Square row 300: Crime Scene / Regular / code 687985909018. Exact commercial name, manufacturer model BP-A090-1, package and count compared with the official Brothers product page and its authentic photograph. Official Winco UPC reference independently maps the Square code to this named product; current Brothers model suffix takes precedence over inconsistent historic assortment suffixes, without changing the Square code.","docs/catalog/enrichment-2026-09/references/crime-scene-original.png","8db68513c255022c4b707d17d25a2f9a93b26db5a33a9f74a6a6271eff124082","https://www.brotherspyrotechnics.com/api/Resource/GetImage?fileId=965&width=900&height=900","Manufacturer photograph visually inspected at full/contact-sheet scale: correct model, name, logo, retail presentation and complete package; real alpha retained; only resize/encoding allowed.","https://www.youtube.com/watch?v=XLFL_7QO1bA","Reviewed exact product/model and presentation against the approved source page, indexed demo information and YouTube oEmbed metadata. Not a general search link or different package. Full playback of every video was not performed.","2026-09-24-official-2"
"daffodil","Daffodil","Brothers","Cakes","200 gram · 16 shots","BP2115","309","J6SLR7ZFLS7GBVRMGAEKIT4T","Daffodil 200 Gram","687985211517","https://www.brotherspyrotechnics.com/ProductDetails/948 | https://americanwholesalefireworks.com/daffodil/ | https://www.youtube.com/watch?v=_8IthnKIchA","Square row 309: Daffodil 200 Gram / Regular / code 687985211517. Exact commercial name, manufacturer model BP2115, package and count compared with the official Brothers product page and its authentic photograph.","docs/catalog/enrichment-2026-09/references/daffodil-original.png","8b2846901e30d3622e4b605caa4be949f3e51b476040c116a152f33e33536944","https://www.brotherspyrotechnics.com/api/Resource/GetImage?fileId=393&width=900&height=900","Manufacturer photograph visually inspected at full/contact-sheet scale: correct model, name, logo, retail presentation and complete package; real alpha retained; only resize/encoding allowed.","https://www.youtube.com/watch?v=_8IthnKIchA","Reviewed exact product/model and presentation against the approved source page, indexed demo information and YouTube oEmbed metadata. Not a general search link or different package. Full playback of every video was not performed.","2026-09-24-official-2"
"the-deadly-dozen","The Deadly Dozen","Brothers","Assortments","12 cakes · 200 gram cakes","BP-A085","314","XES5VOPMCWFHSSS2Z36CIXHS","Deadly Dozen","687985908592","https://www.brotherspyrotechnics.com/ProductDetails/998 | https://bigdaddyksfireworksoutlet.com/product/the-deadly-dozen/ | https://shop.midnightmadnessfireworks.com/MS499-The-Deadly-Dozen/ | https://blackkatpyro.com/MS499-The-Deadly-Dozen/ | https://www.lastchancefireworks.com/shop/c/p/The-Deadly-Dozen-12-cake-assortment-x63066822.htm | https://www.youtube.com/watch?v=xtr2jlpZ7b4","Square row 314: Deadly Dozen / Regular / code 687985908592. Exact commercial name, manufacturer model BP-A085, package and count compared with the official Brothers product page and its authentic photograph.","docs/catalog/enrichment-2026-09/references/the-deadly-dozen-original.png","ed2adcd808e1456d0a1fe377a24633417e3e0aac8b3c5bf1ce872edd433381a4","https://www.brotherspyrotechnics.com/api/Resource/GetImage?fileId=959&width=900&height=900","Manufacturer photograph visually inspected at full/contact-sheet scale: correct model, name, logo, retail presentation and complete package; real alpha retained; only resize/encoding allowed.","https://www.youtube.com/watch?v=xtr2jlpZ7b4","Reviewed exact product/model and presentation against the approved source page, indexed demo information and YouTube oEmbed metadata. Not a general search link or different package. Full playback of every video was not performed.","2026-09-24-official-2"
"fairies-in-a-jar","Fairies in a Jar","Brothers","Fountains","Fountain","BP4315","352","TZ7NZC3KAQMF42QI6KKDPPCB","Fairies in a Jar","687985431519","https://www.brotherspyrotechnics.com/ProductDetails/1139","Square row 352: Fairies in a Jar / Regular / code 687985431519. Exact commercial name, manufacturer model BP4315, package and count compared with the official Brothers product page and its authentic photograph.","docs/catalog/enrichment-2026-09/references/fairies-in-a-jar-original.png","198ac5ddca0847f66d7c70d3de6e798735d5753276165301a20ebf191af7490a","https://www.brotherspyrotechnics.com/api/Resource/GetImage?fileId=826&width=900&height=900","Manufacturer photograph visually inspected at full/contact-sheet scale: correct model, name, logo, retail presentation and complete package; real alpha retained; only resize/encoding allowed.","","Product/model and simpler name/brand YouTube queries checked; no exact, sufficiently supported demonstration was approved. Optional field intentionally empty.","2026-09-24-official-2"
"flash-flood-assortment","Flash Flood","Brothers","Assortments","Assortment","BP-A106","368","TCSRFBWF6NWLUY3OTAFYOKXD","Flash Flood","687985910601","https://www.brotherspyrotechnics.com/ProductDetails/937","Square row 368: Flash Flood / Regular / code 687985910601. Exact commercial name, manufacturer model BP-A106, package and count compared with the official Brothers product page and its authentic photograph.","docs/catalog/enrichment-2026-09/references/flash-flood-assortment-original.png","da2d8b55c4c5f0dbde29cfef7ddcb16ce71ff591adb569f964e09ea1a35dd176","https://www.brotherspyrotechnics.com/api/Resource/GetImage?fileId=988&width=900&height=900","Manufacturer photograph visually inspected at full/contact-sheet scale: correct model, name, logo, retail presentation and complete package; real alpha retained; only resize/encoding allowed.","","Product/model and simpler name/brand YouTube queries checked; no exact, sufficiently supported demonstration was approved. Optional field intentionally empty.","2026-09-24-official-2"
"full-speed-24-pack","Full Speed Fireworks","Brothers","Reloadables","7-inch shells · 24 shells","BP-A113","390","33MRBL6PIMW3VFZZO24AOADU","Full Speed Firework 7 Inch","687985911301","https://www.brotherspyrotechnics.com/ProductDetails/801 | https://leefamilyfirework.com/RL348-full-speed-7-inch-canister-shell-R-PC/ | https://simpsonfireworks.com/RL348-full-speed-7-inch-canister-shell-R-PC/ | https://lowcountryfireworks.com/RL348-full-speed-7-inch-canister-shell-R-PC/ | https://killervfireworks.com/RL348-full-speed-7-inch-canister-shell-R-PC/ | https://www.lastchancefireworks.com/shop/c/p/Full-Speed-7-24-shells-x63779181.htm | https://www.youtube.com/watch?v=CLfZr6AahYg","Square row 390: Full Speed Firework 7 Inch / Regular / code 687985911301. Exact commercial name, manufacturer model BP-A113, package and count compared with the official Brothers product page and its authentic photograph.","docs/catalog/enrichment-2026-09/references/full-speed-24-pack-original.png","a561ba476c74d313ba454fd220af949a06bd31153111b448cbc2bb76a9d11836","https://www.brotherspyrotechnics.com/api/Resource/GetImage?fileId=1002&width=900&height=900","Manufacturer photograph visually inspected at full/contact-sheet scale: correct model, name, logo, retail presentation and complete package; real alpha retained; only resize/encoding allowed.","https://www.youtube.com/watch?v=CLfZr6AahYg","Reviewed exact product/model and presentation against the approved source page, indexed demo information and YouTube oEmbed metadata. Not a general search link or different package. Full playback of every video was not performed.","2026-09-24-official-2"
"golden-peacock","Golden Peacock","Brothers","Cakes","200 gram · 16 shots","BP2112","421","6AVGKVTQYLP3PSQNTCP4MSM4","Golden Peacock","687985211210","https://www.brotherspyrotechnics.com/ProductDetails/949 | https://americanwholesalefireworks.com/golden-peacock-16s/ | https://freedompatchfirework.com/MS187-Golden-Peacock-R-PC/ | https://76fireworkstore.com/MS187-Golden-Peacock-R-PC | https://www.youtube.com/watch?v=0ZGF8eiJvcc","Square row 421: Golden Peacock / Regular / code 687985211210. Exact commercial name, manufacturer model BP2112, package and count compared with the official Brothers product page and its authentic photograph.","docs/catalog/enrichment-2026-09/references/golden-peacock-original.png","1f0e1a72c8393e06f0297ea29cf37129fb62cbc20561430635bfbb97d9660fa0","https://www.brotherspyrotechnics.com/api/Resource/GetImage?fileId=395&width=900&height=900","Manufacturer photograph visually inspected at full/contact-sheet scale: correct model, name, logo, retail presentation and complete package; real alpha retained; only resize/encoding allowed.","https://www.youtube.com/watch?v=0ZGF8eiJvcc","Reviewed exact product/model and presentation against the approved source page, indexed demo information and YouTube oEmbed metadata. Not a general search link or different package. Full playback of every video was not performed.","2026-09-24-official-2"
"hydrogen-bomb","Hydrogen Bomb","Brothers","Cakes","36 shots","BP-A013-2","468","AKI3KKIBYKNIRZHLPMG6HPDE","Hydrogen Bomb","687985901326","https://www.brotherspyrotechnics.com/ProductDetails/1398 | https://www.wincofireworks.com/wp-content/uploads/2022/03/UPC-Excel-List_3.25.2022_r2.pdf","Square row 468: Hydrogen Bomb / Regular / code 687985901326. Exact commercial name, manufacturer model BP-A013-2, package and count compared with the official Brothers product page and its authentic photograph. Official Winco UPC reference independently maps the Square code to this named product; current Brothers model suffix takes precedence over inconsistent historic assortment suffixes, without changing the Square code.","docs/catalog/enrichment-2026-09/references/hydrogen-bomb-original.png","e20fb499fc29feb6bbaffd08fbf3c114a4a7db69ce76890d3656c42aeb9db235","https://www.brotherspyrotechnics.com/api/Resource/GetImage?fileId=920&width=900&height=900","Manufacturer photograph visually inspected at full/contact-sheet scale: correct model, name, logo, retail presentation and complete package; real alpha retained; only resize/encoding allowed.","","Product/model and simpler name/brand YouTube queries checked; no exact, sufficiently supported demonstration was approved. Optional field intentionally empty.","2026-09-24-official-2"
"inside-job","Inside Job","Brothers","Cakes","49 shots","BP-A090-2","483","PB4BRS3FE2O4BB5DDXL53LT6","Inside Job","687985909025","https://www.brotherspyrotechnics.com/ProductDetails/908 | https://www.wincofireworks.com/wp-content/uploads/2022/03/UPC-Excel-List_3.25.2022_r2.pdf | https://www.youtube.com/watch?v=ZeYCnVqun4g","Square row 483: Inside Job / Regular / code 687985909025. Exact commercial name, manufacturer model BP-A090-2, package and count compared with the official Brothers product page and its authentic photograph. Official Winco UPC reference independently maps the Square code to this named product; current Brothers model suffix takes precedence over inconsistent historic assortment suffixes, without changing the Square code.","docs/catalog/enrichment-2026-09/references/inside-job-original.png","83b0ff5b5ac2aa6723acd45700a23ed20bd50170fd2642bd4f30bbf9d59a607c","https://www.brotherspyrotechnics.com/api/Resource/GetImage?fileId=966&width=900&height=900","Manufacturer photograph visually inspected at full/contact-sheet scale: correct model, name, logo, retail presentation and complete package; real alpha retained; only resize/encoding allowed.","https://www.youtube.com/watch?v=ZeYCnVqun4g","Reviewed exact product/model and presentation against the approved source page, indexed demo information and YouTube oEmbed metadata. Not a general search link or different package. Full playback of every video was not performed.","2026-09-24-official-2"
"jaws-brothers","Jaws","Brothers","Cakes","16 shots","BP2377","492","UZCBBHPKUEH64KANXEM37JVQ","Jaws 16 Shot","687985237715","https://www.brotherspyrotechnics.com/ProductDetails/1081 | https://georgiasbestfireworks.com/product/jaws16shot/","Square row 492: Jaws 16 Shot / Regular / code 687985237715. Exact commercial name, manufacturer model BP2377, package and count compared with the official Brothers product page and its authentic photograph.","docs/catalog/enrichment-2026-09/references/jaws-brothers-original.png","cc357e97a5763bed461243d3126e9f53a6d68bac6bb1c96c55935baeaae4489f","https://www.brotherspyrotechnics.com/api/Resource/GetImage?fileId=453&width=900&height=900","Manufacturer photograph visually inspected at full/contact-sheet scale: correct model, name, logo, retail presentation and complete package; real alpha retained; only resize/encoding allowed.","","Product/model and simpler name/brand YouTube queries checked; no exact, sufficiently supported demonstration was approved. Optional field intentionally empty.","2026-09-24-official-2"
"jumboshell-fountain","Jumboshell Fountain","Brothers","Fountains","Fountain","BP4247","509","G5DP2C4PMD5CQGRSTL3IRSZA","Jumboshell Fountain","687985424719","https://www.brotherspyrotechnics.com/ProductDetails/1044 | https://www.youtube.com/watch?v=hOgReJdyXEs","Square row 509: Jumboshell Fountain / Regular / code 687985424719. Exact commercial name, manufacturer model BP4247, package and count compared with the official Brothers product page and its authentic photograph.","docs/catalog/enrichment-2026-09/references/jumboshell-fountain-original.png","8ce921b6d24f0209c0a0ccb6fba9dcc536d3abf4a7106071503fd4856d8510e6","https://www.brotherspyrotechnics.com/api/Resource/GetImage?fileId=811&width=900&height=900","Manufacturer photograph visually inspected at full/contact-sheet scale: correct model, name, logo, retail presentation and complete package; real alpha retained; only resize/encoding allowed.","https://www.youtube.com/watch?v=hOgReJdyXEs","Reviewed exact product/model and presentation against the approved source page, indexed demo information and YouTube oEmbed metadata. Not a general search link or different package. Full playback of every video was not performed.","2026-09-24-official-2"
"m1-abrams-2-pack","M1 Abrams","Brothers","Novelties","2 tanks","BP7127","560","VNSBHW2JFT7YH7Z45FOYZXPC","M1 Abrams","687985712700","https://www.brotherspyrotechnics.com/ProductDetails/976","Square row 560: M1 Abrams / Regular / code 687985712700. Exact commercial name, manufacturer model BP7127, package and count compared with the official Brothers product page and its authentic photograph.","docs/catalog/enrichment-2026-09/references/m1-abrams-2-pack-original.png","078530052d39d7f22078b5c48c2297959a748f60b507103123100dc74b95b7db","https://www.brotherspyrotechnics.com/api/Resource/GetImage?fileId=906&width=900&height=900","Manufacturer photograph visually inspected at full/contact-sheet scale: correct model, name, logo, retail presentation and complete package; real alpha retained; only resize/encoding allowed.","","Product/model and simpler name/brand YouTube queries checked; no exact, sufficiently supported demonstration was approved. Optional field intentionally empty.","2026-09-24-official-2"
"maelstrom-24-pack","Maelstrom","Brothers","Reloadables","6-inch shells · 24 shells","BP-A109","564","4TG53MYUHLIM42CZSPF6DYWV","Maelstrom  24 Shell 6""","687985910908","https://www.brotherspyrotechnics.com/ProductDetails/827 | https://georgiasbestfireworks.com/product/maelstrom6canistershells/","Square row 564: Maelstrom  24 Shell 6"" / Regular / code 687985910908. Exact commercial name, manufacturer model BP-A109, package and count compared with the official Brothers product page and its authentic photograph.","docs/catalog/enrichment-2026-09/references/maelstrom-24-pack-original.png","19676ce7790aae2ac3dbdcb67dd42f65cce172f86623f2653a9e6e8591a7f4c2","https://www.brotherspyrotechnics.com/api/Resource/GetImage?fileId=2040&width=900&height=900","Manufacturer photograph visually inspected at full/contact-sheet scale: correct model, name, logo, retail presentation and complete package; real alpha retained; only resize/encoding allowed.","","Product/model and simpler name/brand YouTube queries checked; no exact, sufficiently supported demonstration was approved. Optional field intentionally empty.","2026-09-24-official-2"
"magic-crystal-4-pack","Magic Crystal","Brothers","Spinners","4 pieces","BP5028","568","DNK6Z7PLBHKQRMCA3SSJLZ3T","Magic Crystal","687985502820","https://www.brotherspyrotechnics.com/ProductDetails/977 | https://www.wincofireworks.com/wp-content/uploads/2022/03/UPC-Excel-List_3.25.2022_r2.pdf","Square row 568: Magic Crystal / Regular / code 687985502820. Exact commercial name, manufacturer model BP5028, package and count compared with the official Brothers product page and its authentic photograph. Official Winco UPC reference independently maps the Square code to this named product; current Brothers model suffix takes precedence over inconsistent historic assortment suffixes, without changing the Square code.","docs/catalog/enrichment-2026-09/references/magic-crystal-4-pack-original.png","597fc8f40b89f9084d984f70968cc779bc29af73a2e77cc8487db5c8f3324bc3","https://www.brotherspyrotechnics.com/api/Resource/GetImage?fileId=885&width=900&height=900","Manufacturer photograph visually inspected at full/contact-sheet scale: correct model, name, logo, retail presentation and complete package; real alpha retained; only resize/encoding allowed.","","Product/model and simpler name/brand YouTube queries checked; no exact, sufficiently supported demonstration was approved. Optional field intentionally empty.","2026-09-24-official-2"
"maximum-altitude-4-pack","Maximum Altitude","Brothers","Rockets","4 rockets","BP1212","584","7OHLMFFWUS7NBPRKIHKWX3HX","Maximum Altitude","687985121229","https://www.brotherspyrotechnics.com/ProductDetails/1042 | https://beta2024.usa-fireworks.com/products/missiles-rockets/maximum-altitude/ | https://whitelightningfireworks.com/SR122-Maximum-Altitude-124-R-PC/ | https://www.youtube.com/watch?v=ufp-Re3i0Z4","Square row 584: Maximum Altitude / Regular / code 687985121229. Exact commercial name, manufacturer model BP1212, package and count compared with the official Brothers product page and its authentic photograph.","docs/catalog/enrichment-2026-09/references/maximum-altitude-4-pack-original.png","412524179d16afdec82badb6ac9c53612ef27818513d3fc2c60f17a57c719c4b","https://www.brotherspyrotechnics.com/api/Resource/GetImage?fileId=2035&width=900&height=900","Manufacturer photograph visually inspected at full/contact-sheet scale: correct model, name, logo, retail presentation and complete package; real alpha retained; only resize/encoding allowed.","https://www.youtube.com/watch?v=ufp-Re3i0Z4","Reviewed exact product/model and presentation against the approved source page, indexed demo information and YouTube oEmbed metadata. Not a general search link or different package. Full playback of every video was not performed.","2026-09-24-official-2"
"mechanical-bug","Mechanical Bug","Brothers","Cakes","100 shots","BP2838","585","MD45INUFCC64T2JKSK5NHQNX","Mechanical Bug 100 Shots","687985283811","https://www.brotherspyrotechnics.com/ProductDetails/991 | https://www.lastchancefireworks.com/shop/Multishot-Cakes/p/Mechanical-Bug-100-shot.htm","Square row 585: Mechanical Bug 100 Shots / Regular / code 687985283811. Exact commercial name, manufacturer model BP2838, package and count compared with the official Brothers product page and its authentic photograph. The old retailer Millennium Bug photograph is replaced by the manufacturer Mechanical Bug BP2838 photograph, matching Square.","docs/catalog/enrichment-2026-09/references/mechanical-bug-original.png","b40a588c50d85c9e579e7a71875838d92111e39ae9f6e44c3794f3df6f3cb28e","https://www.brotherspyrotechnics.com/api/Resource/GetImage?fileId=689&width=900&height=900","Manufacturer photograph visually inspected at full/contact-sheet scale: correct model, name, logo, retail presentation and complete package; real alpha retained; only resize/encoding allowed.","","Product/model and simpler name/brand YouTube queries checked; no exact, sufficiently supported demonstration was approved. Optional field intentionally empty.","2026-09-24-official-2"
"megawatt","MegaWatt","Brothers","Cakes","295 shots","BP2608","591","JZSYHXE4DQ7QGMED4JK76XXM","Megawatt-295 Shots","687985260812","https://www.brotherspyrotechnics.com/ProductDetails/1141 | https://bigdaddyksfireworksoutlet.com/product/megawatt/","Square row 591: Megawatt-295 Shots / Regular / code 687985260812. Exact commercial name, manufacturer model BP2608, package and count compared with the official Brothers product page and its authentic photograph.","docs/catalog/enrichment-2026-09/references/megawatt-original.png","73ebd60818fdb16dc806f0c656b3017ef04507739a47e0fbba1df4103b673b3a","https://www.brotherspyrotechnics.com/api/Resource/GetImage?fileId=2242&width=900&height=900","Manufacturer photograph visually inspected at full/contact-sheet scale: correct model, name, logo, retail presentation and complete package; real alpha retained; only resize/encoding allowed.","","Product/model and simpler name/brand YouTube queries checked; no exact, sufficiently supported demonstration was approved. Optional field intentionally empty.","2026-09-24-official-2"
"midnight","Midnight","Brothers","Cakes","204 shots","BP2346","594","E3UXSYRN2VAH4HHUW5HI4IHN","Midnight 500 Gram","687985234615","https://www.brotherspyrotechnics.com/ProductDetails/1082 | https://www.wincofireworks.com/wp-content/uploads/2022/03/UPC-Excel-List_3.25.2022_r2.pdf","Square row 594: Midnight 500 Gram / Regular / code 687985234615. Exact commercial name, manufacturer model BP2346, package and count compared with the official Brothers product page and its authentic photograph. Official Winco UPC reference independently maps the Square code to this named product; current Brothers model suffix takes precedence over inconsistent historic assortment suffixes, without changing the Square code.","docs/catalog/enrichment-2026-09/references/midnight-original.png","f1bd6481ddd8ec498802ef237bfbcec942516bf068070f08df9ce624a7621c1a","https://www.brotherspyrotechnics.com/api/Resource/GetImage?fileId=451&width=900&height=900","Manufacturer photograph visually inspected at full/contact-sheet scale: correct model, name, logo, retail presentation and complete package; real alpha retained; only resize/encoding allowed.","","Product/model and simpler name/brand YouTube queries checked; no exact, sufficiently supported demonstration was approved. Optional field intentionally empty.","2026-09-24-official-2"
"movie-time","Movie Time","Brothers","Fountains","Fountain","BP4213","617","Z3OHILX3F5STN22AG3IR2YH7","Movie Time","687985421312","https://www.brotherspyrotechnics.com/ProductDetails/1005","Square row 617: Movie Time / Regular / code 687985421312. Exact commercial name, manufacturer model BP4213, package and count compared with the official Brothers product page and its authentic photograph.","docs/catalog/enrichment-2026-09/references/movie-time-original.png","c93b5839b7903f6a25122855cec50155cefebe3e772a760f88439b3bb35d1a33","https://www.brotherspyrotechnics.com/api/Resource/GetImage?fileId=805&width=900&height=900","Manufacturer photograph visually inspected at full/contact-sheet scale: correct model, name, logo, retail presentation and complete package; real alpha retained; only resize/encoding allowed.","","Product/model and simpler name/brand YouTube queries checked; no exact, sufficiently supported demonstration was approved. Optional field intentionally empty.","2026-09-24-official-2"
"neutron-bomb","Neutron Bomb","Brothers","Cakes","36 shots","BP-A013-3","639","73ZKYLH5IUS5MUMFLKHERCSJ","Neutron Bomb","687985901333","https://www.brotherspyrotechnics.com/ProductDetails/1399 | https://www.wincofireworks.com/wp-content/uploads/2022/03/UPC-Excel-List_3.25.2022_r2.pdf","Square row 639: Neutron Bomb / Regular / code 687985901333. Exact commercial name, manufacturer model BP-A013-3, package and count compared with the official Brothers product page and its authentic photograph. Official Winco UPC reference independently maps the Square code to this named product; current Brothers model suffix takes precedence over inconsistent historic assortment suffixes, without changing the Square code.","docs/catalog/enrichment-2026-09/references/neutron-bomb-original.png","714414211120613b32cdb4faf4ce715fa7b71032d1768ef14836ca3df7c6cd07","https://www.brotherspyrotechnics.com/api/Resource/GetImage?fileId=924&width=900&height=900","Manufacturer photograph visually inspected at full/contact-sheet scale: correct model, name, logo, retail presentation and complete package; real alpha retained; only resize/encoding allowed.","","Product/model and simpler name/brand YouTube queries checked; no exact, sufficiently supported demonstration was approved. Optional field intentionally empty.","2026-09-24-official-2"
"old-ironsides","Old Ironsides","Brothers","Cakes","30 shots","BP2452","652","TJCEVYQKEURJTZKRXDKTT7TF","Old Ironsides 500 Gram","687985245215","https://www.brotherspyrotechnics.com/ProductDetails/1109 | https://georgiasbestfireworks.com/product/oldironsides/ | https://usa-fireworks.com/products/aerial-all-cakes/aerial-500-gram-cakes/old-ironsides/ | https://bigdaddyksfireworksoutlet.com/product/old-ironsides/ | https://dosgringosfireworks.com/MX120-Old-Ironsides-R-PC/ | https://americanwholesalefireworks.com/old-ironsides/ | https://www.youtube.com/watch?v=3d8P_pGNLc4","Square row 652: Old Ironsides 500 Gram / Regular / code 687985245215. Exact commercial name, manufacturer model BP2452, package and count compared with the official Brothers product page and its authentic photograph. Square says 500 gram; retailer sources also say 350 gram. Gram weight is deliberately omitted pending clarification; identity and 30-shot package are confirmed.","docs/catalog/enrichment-2026-09/references/old-ironsides-original.png","8f627694746349f52621e6ed0ccf09875071d004117180198273b868310bb494","https://www.brotherspyrotechnics.com/api/Resource/GetImage?fileId=468&width=900&height=900","Manufacturer photograph visually inspected at full/contact-sheet scale: correct model, name, logo, retail presentation and complete package; real alpha retained; only resize/encoding allowed.","https://www.youtube.com/watch?v=3d8P_pGNLc4","Reviewed exact product/model and presentation against the approved source page, indexed demo information and YouTube oEmbed metadata. Not a general search link or different package. Full playback of every video was not performed.","2026-09-24-official-2"
"quest-24-pack","Quest","Brothers","Reloadables","4-inch shells · 24 shells","BP-A053-2/24","736","7TS7HQ3JDS5V5H6BDNGX3J66","Quest 4"" Artillery Shells 24 Pack","687985905300","https://www.brotherspyrotechnics.com/ProductDetails/1156 | https://www.wincofireworks.com/wp-content/uploads/2022/03/UPC-Excel-List_3.25.2022_r2.pdf","Square row 736: Quest 4"" Artillery Shells 24 Pack / Regular / code 687985905300. Exact commercial name, manufacturer model BP-A053-2/24, package and count compared with the official Brothers product page and its authentic photograph. Official Winco UPC reference independently maps the Square code to this named product; current Brothers model suffix takes precedence over inconsistent historic assortment suffixes, without changing the Square code.","docs/catalog/enrichment-2026-09/references/quest-24-pack-original.png","47b8b138d17ef6cd7ff7a81c47f74529667532f6d8ab3e848e26dad81d9b9cd3","https://www.brotherspyrotechnics.com/api/Resource/GetImage?fileId=949&width=900&height=900","Manufacturer photograph visually inspected at full/contact-sheet scale: correct model, name, logo, retail presentation and complete package; real alpha retained; only resize/encoding allowed.","","Product/model and simpler name/brand YouTube queries checked; no exact, sufficiently supported demonstration was approved. Optional field intentionally empty.","2026-09-24-official-2"
"ruckus-12-pack","Ruckus","Brothers","Reloadables","12 ball shells","BP2690","779","Q6KGAOERMQ3NMSBOJ2GJTR22","Ruckus (12 pcs)","687985269013","https://www.brotherspyrotechnics.com/ProductDetails/829","Square row 779: Ruckus (12 pcs) / Regular / code 687985269013. Exact commercial name, manufacturer model BP2690, package and count compared with the official Brothers product page and its authentic photograph.","docs/catalog/enrichment-2026-09/references/ruckus-12-pack-original.png","62f2cd81c63a13efdcf959e274b3c5b5f95557768583d1ea31da7eca1fe34a29","https://www.brotherspyrotechnics.com/api/Resource/GetImage?fileId=571&width=900&height=900","Manufacturer photograph visually inspected at full/contact-sheet scale: correct model, name, logo, retail presentation and complete package; real alpha retained; only resize/encoding allowed.","","Product/model and simpler name/brand YouTube queries checked; no exact, sufficiently supported demonstration was approved. Optional field intentionally empty.","2026-09-24-official-2"
"serious-equipment","Serious Equipment","Brothers","Reloadables","48 shells · 82 breaks","BP-A011","798","HBOU625S5LEK4PCVRH53HOQG","Serious Equipment 48 Shells","687985901104","https://www.brotherspyrotechnics.com/ProductDetails/1004","Square row 798: Serious Equipment 48 Shells / Regular / code 687985901104. Exact commercial name, manufacturer model BP-A011, package and count compared with the official Brothers product page and its authentic photograph.","docs/catalog/enrichment-2026-09/references/serious-equipment-original.png","1ad336db74a5836f63a67847e9563571fc3eeea3c4b03a36cffef47d16ae7fe8","https://www.brotherspyrotechnics.com/api/Resource/GetImage?fileId=919&width=900&height=900","Manufacturer photograph visually inspected at full/contact-sheet scale: correct model, name, logo, retail presentation and complete package; real alpha retained; only resize/encoding allowed.","","Product/model and simpler name/brand YouTube queries checked; no exact, sufficiently supported demonstration was approved. Optional field intentionally empty.","2026-09-24-official-2"
"smash-hit","Smash Hit","Brothers","Fountains","Fountain","BP4354","825","EUMY5KCK234U6I7QG6EPUBCY","Smash Hit","687985435418","https://www.brotherspyrotechnics.com/ProductDetails/793 | https://americanwholesalefireworks.com/smash-hit/ | https://lowcountryfireworks.com/FN430-R-PC/ | https://dosgringosfireworks.com/FN430-R-PC/ | https://www.youtube.com/watch?v=KFtrrmeIb-s","Square row 825: Smash Hit / Regular / code 687985435418. Exact commercial name, manufacturer model BP4354, package and count compared with the official Brothers product page and its authentic photograph.","docs/catalog/enrichment-2026-09/references/smash-hit-original.png","e7ed6d07517ace9370557ec615ceb5ab2bd7a9adc87bbcede38c5a884d9fc79c","https://www.brotherspyrotechnics.com/api/Resource/GetImage?fileId=839&width=900&height=900","Manufacturer photograph visually inspected at full/contact-sheet scale: correct model, name, logo, retail presentation and complete package; real alpha retained; only resize/encoding allowed.","https://www.youtube.com/watch?v=KFtrrmeIb-s","Reviewed exact product/model and presentation against the approved source page, indexed demo information and YouTube oEmbed metadata. Not a general search link or different package. Full playback of every video was not performed.","2026-09-24-official-2"
"sons-of-liberty","Sons of Liberty","Brothers","Cakes","500 gram · 36 shots","BP2472","846","5D6GORADGNMEPLTPWFS3A6BA","Sons of Liberty 500 Gram","687985247219","https://www.brotherspyrotechnics.com/ProductDetails/1122 | https://americanwholesalefireworks.com/sons-of-liberty/ | https://www.youtube.com/watch?v=UvEESO3wl_8","Square row 846: Sons of Liberty 500 Gram / Regular / code 687985247219. Exact commercial name, manufacturer model BP2472, package and count compared with the official Brothers product page and its authentic photograph.","docs/catalog/enrichment-2026-09/references/sons-of-liberty-original.png","f6a9f1220a87b4508afa5ff3e2e8b8cc4a22793040068c8650e09e31fa2e734a","https://www.brotherspyrotechnics.com/api/Resource/GetImage?fileId=477&width=900&height=900","Manufacturer photograph visually inspected at full/contact-sheet scale: correct model, name, logo, retail presentation and complete package; real alpha retained; only resize/encoding allowed.","https://www.youtube.com/watch?v=UvEESO3wl_8","Reviewed exact product/model and presentation against the approved source page, indexed demo information and YouTube oEmbed metadata. Not a general search link or different package. Full playback of every video was not performed.","2026-09-24-official-2"
"the-red-white-and-blue-salute","The Red, White and Blue Salute","Brothers","Cakes","24 shots","BP2905","900","JVJVJDEHKQTOTIG75XHAVP7R","The Red White And Blue Salute","687985290512","https://www.brotherspyrotechnics.com/ProductDetails/632 | https://georgiasbestfireworks.com/product/0af7b240-ab8c-11e8-eddc-e476a2fcc4f2/ | https://ocfireworks.com/the-red-white-blue-salute/ | https://reiglefamilyfireworks.com/MS188-The-Red-White-and-Blue-Salute-R-PC/ | https://lowcountryfireworks.com/MS188-The-Red-White-and-Blue-Salute-R-PC/ | https://americanwholesalefireworks.com/the-red-white-and-blue-salute// | https://americanwholesalefireworks.com/the-red-white-and-blue-salute/ | https://blackkatpyro.com/MS188-The-Red-White-and-Blue-Salute-R-PC/ | https://www.youtube.com/watch?v=c0yqJUHTdkQ","Square row 900: The Red White And Blue Salute / Regular / code 687985290512. Exact commercial name, manufacturer model BP2905, package and count compared with the official Brothers product page and its authentic photograph.","docs/catalog/enrichment-2026-09/references/the-red-white-and-blue-salute-original.png","b6293c166639fca36252ae0fef81a5971d6a629c7712f9593b7f6206e928dd93","https://www.brotherspyrotechnics.com/api/Resource/GetImage?fileId=747&width=900&height=900","Manufacturer photograph visually inspected at full/contact-sheet scale: correct model, name, logo, retail presentation and complete package; real alpha retained; only resize/encoding allowed.","https://www.youtube.com/watch?v=c0yqJUHTdkQ","Reviewed exact product/model and presentation against the approved source page, indexed demo information and YouTube oEmbed metadata. Not a general search link or different package. Full playback of every video was not performed.","2026-09-24-official-2"
"turf-war","Turf War","Brothers","Cakes","49 shots","BP-A090-4","924","4XNAMHJPDAR3ZZXVWJRVFCN7","Turf War","687985909049","https://www.brotherspyrotechnics.com/ProductDetails/910 | https://www.wincofireworks.com/wp-content/uploads/2022/03/UPC-Excel-List_3.25.2022_r2.pdf | https://www.youtube.com/watch?v=Qrs8rEAhXRE","Square row 924: Turf War / Regular / code 687985909049. Exact commercial name, manufacturer model BP-A090-4, package and count compared with the official Brothers product page and its authentic photograph. Official Winco UPC reference independently maps the Square code to this named product; current Brothers model suffix takes precedence over inconsistent historic assortment suffixes, without changing the Square code.","docs/catalog/enrichment-2026-09/references/turf-war-original.png","79e34d9bd014eaee6be6dc82a5ea0f79ea6cbef88ad6bc98a2cb7f493ddd2973","https://www.brotherspyrotechnics.com/api/Resource/GetImage?fileId=971&width=900&height=900","Manufacturer photograph visually inspected at full/contact-sheet scale: correct model, name, logo, retail presentation and complete package; real alpha retained; only resize/encoding allowed.","https://www.youtube.com/watch?v=Qrs8rEAhXRE","Reviewed exact product/model and presentation against the approved source page, indexed demo information and YouTube oEmbed metadata. Not a general search link or different package. Full playback of every video was not performed.","2026-09-24-official-2"
"vega","Vega","Brothers","Cakes","48 shots","BP-A084-3","939","6QWKN4NYSMH5FE4SPP4TXZEZ","Vega","687985908431","https://www.brotherspyrotechnics.com/ProductDetails/994 | https://www.youtube.com/watch?v=H3oBKOX2QnM","Square row 939: Vega / Regular / code 687985908431. Exact commercial name, manufacturer model BP-A084-3, package and count compared with the official Brothers product page and its authentic photograph.","docs/catalog/enrichment-2026-09/references/vega-original.png","19b2ec41924a2348b03548d0e3036aaee1632a63270ff5d95849b31e2ea59ad0","https://www.brotherspyrotechnics.com/api/Resource/GetImage?fileId=958&width=900&height=900","Manufacturer photograph visually inspected at full/contact-sheet scale: correct model, name, logo, retail presentation and complete package; real alpha retained; only resize/encoding allowed.","https://www.youtube.com/watch?v=H3oBKOX2QnM","Reviewed exact product/model and presentation against the approved source page, indexed demo information and YouTube oEmbed metadata. Not a general search link or different package. Full playback of every video was not performed.","2026-09-24-official-2"
"wild-west","Wild West","Brothers","Cakes","25 shots","BP2924","975","VDUDV2IJWJQDR3OXDDXGSYVX","Wild West","687985292417","https://www.brotherspyrotechnics.com/ProductDetails/980 | https://georgiasbestfireworks.com/product/0af7b240-ab8c-11e8-eddc-e476b1e08cd0/","Square row 975: Wild West / Regular / code 687985292417. Exact commercial name, manufacturer model BP2924, package and count compared with the official Brothers product page and its authentic photograph.","docs/catalog/enrichment-2026-09/references/wild-west-original.png","9335679450b45b1930311aa9cf6c59cca19d74405d31e8104300662c092b8c8e","https://www.brotherspyrotechnics.com/api/Resource/GetImage?fileId=755&width=900&height=900","Manufacturer photograph visually inspected at full/contact-sheet scale: correct model, name, logo, retail presentation and complete package; real alpha retained; only resize/encoding allowed.","","Product/model and simpler name/brand YouTube queries checked; no exact, sufficiently supported demonstration was approved. Optional field intentionally empty.","2026-09-24-official-2"
"wildcard","Wildcard","Brothers","Cakes","200 gram · 49 shots","BP2624","976","6HVANF2BUGX7XBWGM6KGJOJI","Wildcard","687985262410","https://www.brotherspyrotechnics.com/ProductDetails/954 | https://bigdaddyksfireworksoutlet.com/product/wildcard/ | https://ocfireworks.com/wildcard/ | https://americanwholesalefireworks.com/wildcard/ | https://www.youtube.com/watch?v=R9QML3hq5kM","Square row 976: Wildcard / Regular / code 687985262410. Exact commercial name, manufacturer model BP2624, package and count compared with the official Brothers product page and its authentic photograph.","docs/catalog/enrichment-2026-09/references/wildcard-original.png","3ce1c9b005831cd79914a7208762264ed88041510a067641fac255c28c08d563","https://www.brotherspyrotechnics.com/api/Resource/GetImage?fileId=531&width=900&height=900","Manufacturer photograph visually inspected at full/contact-sheet scale: correct model, name, logo, retail presentation and complete package; real alpha retained; only resize/encoding allowed.","https://www.youtube.com/watch?v=R9QML3hq5kM","Reviewed exact product/model and presentation against the approved source page, indexed demo information and YouTube oEmbed metadata. Not a general search link or different package. Full playback of every video was not performed.","2026-09-24-official-2"
"da-big-box-o-bombs","Da Big Box O' Bombs","Brothers","Assortments","4 cakes · 144 shots total","BP-A013","1003","JHH35X7EGHAJV5SLSC7BDZSK","da big box o' bombs","687985901395","https://www.brotherspyrotechnics.com/ProductDetails/1159 | https://elevatedfireworks.com/collections/brothers/products/da-big-bomb-box-36-shots | https://www.wincofireworks.com/wp-content/uploads/2022/03/UPC-Excel-List_3.25.2022_r2.pdf","Square row 1003: da big box o' bombs / Regular / code 687985901395. Exact commercial name, manufacturer model BP-A013, package and count compared with the official Brothers product page and its authentic photograph. Official Winco UPC reference independently maps the Square code to this named product; current Brothers model suffix takes precedence over inconsistent historic assortment suffixes, without changing the Square code. The official photograph visibly carries UPC 687985901395 and BP-A013/G; this resolves the previous missing-image issue. Four 36-shot cakes, not one 36-shot cake.","docs/catalog/enrichment-2026-09/references/da-big-box-o-bombs-original.png","762d72d7647c0ea119ddf401ff8b42a7997e5913607d70406c2be7afb48a3de4","https://www.brotherspyrotechnics.com/api/Resource/GetImage?fileId=923&width=900&height=900","Manufacturer photograph visually inspected at full/contact-sheet scale: correct model, name, logo, retail presentation and complete package; real alpha retained; only resize/encoding allowed.","","Product/model and simpler name/brand YouTube queries checked; no exact, sufficiently supported demonstration was approved. Optional field intentionally empty.","2026-09-24-official-2"
"flying-colors","Flying Colors","Brothers","Cakes","41 shots","BP2856","1010","JOZNARA424EEK6F2KF7HBTKU","flying colors","687985285617","https://www.brotherspyrotechnics.com/ProductDetails/631 | https://georgiasbestfireworks.com/product/flying-colors-41-shots/","Square row 1010: flying colors / Regular / code 687985285617. Exact commercial name, manufacturer model BP2856, package and count compared with the official Brothers product page and its authentic photograph.","docs/catalog/enrichment-2026-09/references/flying-colors-original.png","fe6a01f3b73e0bd5ca877287db2a1b19abb267ada2f869c826e571ef2bba6a5e","https://www.brotherspyrotechnics.com/api/Resource/GetImage?fileId=709&width=900&height=900","Manufacturer photograph visually inspected at full/contact-sheet scale: correct model, name, logo, retail presentation and complete package; real alpha retained; only resize/encoding allowed.","","Product/model and simpler name/brand YouTube queries checked; no exact, sufficiently supported demonstration was approved. Optional field intentionally empty.","2026-09-24-official-2"
"mob-madness","Mob Madness","Brothers","Assortments","4 cakes · 49 shots per cake","BP-A090","1032","ZQ5P53VXBJ5IS573IJDOWKNB","mob madness","687985909094","https://www.brotherspyrotechnics.com/ProductDetails/906 | https://www.wincofireworks.com/wp-content/uploads/2022/03/UPC-Excel-List_3.25.2022_r2.pdf | https://www.youtube.com/watch?v=lJoOR04XnO4","Square row 1032: mob madness / Regular / code 687985909094. Exact commercial name, manufacturer model BP-A090, package and count compared with the official Brothers product page and its authentic photograph. Official Winco UPC reference independently maps the Square code to this named product; current Brothers model suffix takes precedence over inconsistent historic assortment suffixes, without changing the Square code.","docs/catalog/enrichment-2026-09/references/mob-madness-original.png","6b48048a52e7a9b681588bc5a367dc8fb980ca54662ab497493e395f6215187e","https://www.brotherspyrotechnics.com/api/Resource/GetImage?fileId=2244&width=900&height=900","Manufacturer photograph visually inspected at full/contact-sheet scale: correct model, name, logo, retail presentation and complete package; real alpha retained; only resize/encoding allowed.","https://www.youtube.com/watch?v=lJoOR04XnO4","Reviewed exact product/model and presentation against the approved source page, indexed demo information and YouTube oEmbed metadata. Not a general search link or different package. Full playback of every video was not performed.","2026-09-24-official-2"
"super-fountain","Super Fountain","Brothers","Fountains","Fountain","BP4252","1052","6MRMR67QMNNCTTRHZE2254MW","super fountain","687985425211","https://www.brotherspyrotechnics.com/ProductDetails/1043","Square row 1052: super fountain / Regular / code 687985425211. Exact commercial name, manufacturer model BP4252, package and count compared with the official Brothers product page and its authentic photograph.","docs/catalog/enrichment-2026-09/references/super-fountain-original.png","25096ea9184d9f41dca0d8686390798869a1ca1eaaeebc6cca35f196ca027a9b","https://www.brotherspyrotechnics.com/api/Resource/GetImage?fileId=810&width=900&height=900","Manufacturer photograph visually inspected at full/contact-sheet scale: correct model, name, logo, retail presentation and complete package; real alpha retained; only resize/encoding allowed.","","Product/model and simpler name/brand YouTube queries checked; no exact, sufficiently supported demonstration was approved. Optional field intentionally empty.","2026-09-24-official-2"
"brothers-container-load","Brothers Container Load","Brothers","Assortments","30-piece assortment","BP-A046","1001","FRFVWA6OPHD7DZENTVJS2RBE","container load assortment","687985904624","https://www.brotherspyrotechnics.com/ProductDetails/1157 | https://simpsonfireworks.com/AT131-Brothers-Container-Load-R-PC/ | https://www.ronsfireworks.com/products/assortments/container-load/ | https://nbfireworks.com/AT131-Brothers-Container-Load-R-PC/ | https://whitelightningfireworks.com/AT131-Brothers-Container-Load-R-PC/ | https://www.youtube.com/watch?v=rTS1GHs0QG8","Square row 1001: container load assortment / Regular / code 687985904624. Exact commercial name, manufacturer model BP-A046, package and count compared with the official Brothers product page and its authentic photograph.","docs/catalog/enrichment-2026-09/references/brothers-container-load-original.png","9cb0b724f09769352b2314be05f3b23e125231834c76a27afb94c3daddec0e3b","https://www.brotherspyrotechnics.com/api/Resource/GetImage?fileId=941&width=900&height=900","Manufacturer photograph visually inspected at full/contact-sheet scale: correct model, name, logo, retail presentation and complete package; real alpha retained; only resize/encoding allowed.","https://www.youtube.com/watch?v=rTS1GHs0QG8","Reviewed exact product/model and presentation against the approved source page, indexed demo information and YouTube oEmbed metadata. Not a general search link or different package. Full playback of every video was not performed.","2026-09-24-official-2"
"solar-flare-no-3","Solar Flare #3","Black Cat","Fountains","Cone fountain","Unknown","12","HPCVXOYT2OFAXABHQZESYK6X","#3 Solar Flare (BC)","715244102884","https://www.wincofireworks.com/product/3-solar-wave-cone/ | https://www.wincofireworks.com/wp-content/uploads/2022/03/UPC-Excel-List_3.25.2022_r2.pdf","Square code 715244102884 matches the current Winco supplier UPC after removing display hyphens. Original name '#3 Solar Flare (BC)', variant 'Regular', actual packaging and retail count were compared visually and against supplier packing; no retailer SKU equality alone is used. Supplier title says Solar Wave, while Square, historical Winco reference and the photographed label say Solar Flare; retain Solar Flare.","docs/catalog/enrichment-2026-09/references/solar-flare-no-3-original.png","44129c7ae1c2b53c367e5411827adbddf8c01a6180869e2ba527ec7aceab3036","https://www.wincofireworks.com/wp-content/uploads/2025/08/Solar-Wave.png","Real supplier photo visually inspected: complete matching retail presentation and genuine alpha. No generated packaging, watermark, crop or redraw.","","Product/model and simpler name/brand YouTube queries checked; no exact, sufficiently supported demonstration was approved. Optional field intentionally empty.","2026-09-24-supplier-3"
"turbo-flash-no-4","Turbo Flash #4","Black Cat","Fountains","Cone fountain","Unknown","15","2ZRYMSNE7SUXC3BUQPGZSS6L","#4 Cone","715244002894","https://www.wincofireworks.com/product/4-turbo-flash-cone/ | https://www.wincofireworks.com/wp-content/uploads/2022/03/UPC-Excel-List_3.25.2022_r2.pdf","Square code 715244002894 matches the current Winco supplier UPC after removing display hyphens. Original name '#4 Cone', variant '#4 Turbo Flash (Black Cat)', actual packaging and retail count were compared visually and against supplier packing; no retailer SKU equality alone is used.","docs/catalog/enrichment-2026-09/references/turbo-flash-no-4-original.png","0cd9dd858ffff483489a99a1071162d07addd15e7b13dadc9234486ac3475bad","https://www.wincofireworks.com/wp-content/uploads/2025/08/Turbo-Flash.png","Real supplier photo visually inspected: complete matching retail presentation and genuine alpha. No generated packaging, watermark, crop or redraw.","","Product/model and simpler name/brand YouTube queries checked; no exact, sufficiently supported demonstration was approved. Optional field intentionally empty.","2026-09-24-supplier-3"
"pharaohs-treasure-no-8","Pharaoh's Treasure #8","Black Cat","Fountains","Cone fountain","Unknown","23","OIJ7TSC5JP2IUVH2VMHIEGIM","#8 Pharaoh's Treasure (BC)","715244002900","https://www.wincofireworks.com/product/8-pharaohs-treasure/ | https://www.wincofireworks.com/wp-content/uploads/2022/03/UPC-Excel-List_3.25.2022_r2.pdf","Square code 715244002900 matches the current Winco supplier UPC after removing display hyphens. Original name '#8 Pharaoh's Treasure (BC)', variant 'Regular', actual packaging and retail count were compared visually and against supplier packing; no retailer SKU equality alone is used.","docs/catalog/enrichment-2026-09/references/pharaohs-treasure-no-8-original.png","2b2586ef185b1da7f8ba69654b49201a99fa589f1342288fd9df33a7b6fc26a4","https://www.wincofireworks.com/wp-content/uploads/2025/08/Pharaohs-Treasure.png","Real supplier photo visually inspected: complete matching retail presentation and genuine alpha. No generated packaging, watermark, crop or redraw.","","Product/model and simpler name/brand YouTube queries checked; no exact, sufficiently supported demonstration was approved. Optional field intentionally empty.","2026-09-24-supplier-3"
"120-shot-camo-pack","120 Shot Camo Pack","Unknown","Roman Candles","12 candles · 120 shots total","Unknown","49","45N4PAZ53P7YTNQENWTOP3XJ","120 Shot Camp Pk","652009905109","https://www.wincofireworks.com/product/120-shot-camo-pack/ | https://www.wincofireworks.com/wp-content/uploads/2022/03/UPC-Excel-List_3.25.2022_r2.pdf","Square code 652009905109 matches the current Winco supplier UPC after removing display hyphens. Original name '120 Shot Camp Pk', variant 'Regular', actual packaging and retail count were compared visually and against supplier packing; no retailer SKU equality alone is used. The supplier identity is confirmed, but a separate consumer brand is not stated reliably; brand remains unset rather than inventing Winco as the brand.","docs/catalog/enrichment-2026-09/references/120-shot-camo-pack-original.png","14abd159b72b38cf90c4fc8459b0f8dc082e7fb44850ecfc72d6d974545976d5","https://www.wincofireworks.com/wp-content/uploads/2025/08/120-shot-camo-pack.png","Real supplier photo visually inspected: complete matching retail presentation and genuine alpha. No generated packaging, watermark, crop or redraw.","","Product/model and simpler name/brand YouTube queries checked; no exact, sufficiently supported demonstration was approved. Optional field intentionally empty.","2026-09-24-supplier-3"
"snow-cone-jr-4-pack","Snow Cone Jr.","Winda","Fountains","4 fountains","Unknown","85","5O66QKT6BJQUWDBZEA64YIJ4","4 Pk Mini Snow Cones","705108309702","https://www.wincofireworks.com/product/snow-cone-jr/ | https://www.wincofireworks.com/wp-content/uploads/2022/03/UPC-Excel-List_3.25.2022_r2.pdf","Square code 705108309702 matches the current Winco supplier UPC after removing display hyphens. Original name '4 Pk Mini Snow Cones', variant 'Regular', actual packaging and retail count were compared visually and against supplier packing; no retailer SKU equality alone is used.","docs/catalog/enrichment-2026-09/references/snow-cone-jr-4-pack-original.png","31d52211009f6da72f5e868f2078410657fde5746c29b72aabf6c75115b5e24e","https://www.wincofireworks.com/wp-content/uploads/2025/08/Snow-Cone-Jr.png","Real supplier photo visually inspected: complete matching retail presentation and genuine alpha. No generated packaging, watermark, crop or redraw.","","Product/model and simpler name/brand YouTube queries checked; no exact, sufficiently supported demonstration was approved. Optional field intentionally empty.","2026-09-24-supplier-3"
"above-the-law-assortment","Above the Law","Unknown","Assortments","Assortment","Unknown","114","DJGH4MOSEAF477EDNI4PRQ4O","Above The Law Family Pack BC","652009200020","https://www.wincofireworks.com/product/above-the-law/ | https://www.wincofireworks.com/wp-content/uploads/2022/03/UPC-Excel-List_3.25.2022_r2.pdf","Square code 652009200020 matches the current Winco supplier UPC after removing display hyphens. Original name 'Above The Law Family Pack BC', variant 'Regular', actual packaging and retail count were compared visually and against supplier packing; no retailer SKU equality alone is used. The supplier identity is confirmed, but a separate consumer brand is not stated reliably; brand remains unset rather than inventing Winco as the brand.","docs/catalog/enrichment-2026-09/references/above-the-law-assortment-original.png","292d711ce3a70cded9f708791e6bee10a6eedb50f925a8300f926960ff34306d","https://www.wincofireworks.com/wp-content/uploads/2025/08/Above-the-Law.png","Real supplier photo visually inspected: complete matching retail presentation and genuine alpha. No generated packaging, watermark, crop or redraw.","","Product/model and simpler name/brand YouTube queries checked; no exact, sufficiently supported demonstration was approved. Optional field intentionally empty.","2026-09-24-supplier-3"
"absolute-pyro","Absolute Pyro","Unknown","Cakes","156 shots","Unknown","115","A3TTFCDNXBESWGPAC4RVRVLA","Absolute Pyro","652009906540","https://www.wincofireworks.com/product/absolute-pyro/ | https://www.wincofireworks.com/wp-content/uploads/2022/03/UPC-Excel-List_3.25.2022_r2.pdf","Square code 652009906540 matches the current Winco supplier UPC after removing display hyphens. Original name 'Absolute Pyro', variant 'Regular', actual packaging and retail count were compared visually and against supplier packing; no retailer SKU equality alone is used. The supplier identity is confirmed, but a separate consumer brand is not stated reliably; brand remains unset rather than inventing Winco as the brand.","docs/catalog/enrichment-2026-09/references/absolute-pyro-original.png","b39ac0d3fd3c4dcd9c8df86a3d8e97749a06d2dd804a28c09ed9e9642e22937d","https://www.wincofireworks.com/wp-content/uploads/2025/08/absolute-pyro.png","Real supplier photo visually inspected: complete matching retail presentation and genuine alpha. No generated packaging, watermark, crop or redraw.","","Product/model and simpler name/brand YouTube queries checked; no exact, sufficiently supported demonstration was approved. Optional field intentionally empty.","2026-09-24-supplier-3"
"big-city-display","Big City Display","Unknown","Assortments","Assortment","Unknown","178","4UDECG7T6TXR37II5JLGEPWG","Big City Display Family Pack","652009001092","https://www.wincofireworks.com/product/big-city-display/ | https://www.wincofireworks.com/wp-content/uploads/2022/03/UPC-Excel-List_3.25.2022_r2.pdf","Square code 652009001092 matches the current Winco supplier UPC after removing display hyphens. Original name 'Big City Display Family Pack', variant 'Regular', actual packaging and retail count were compared visually and against supplier packing; no retailer SKU equality alone is used. The supplier identity is confirmed, but a separate consumer brand is not stated reliably; brand remains unset rather than inventing Winco as the brand.","docs/catalog/enrichment-2026-09/references/big-city-display-original.png","96000c0cbce4b33a5b4c46c5c097247d587d4fc6d2f88a58d56dd7246bc3f620","https://www.wincofireworks.com/wp-content/uploads/2025/08/big-city-display.png","Real supplier photo visually inspected: complete matching retail presentation and genuine alpha. No generated packaging, watermark, crop or redraw.","","Product/model and simpler name/brand YouTube queries checked; no exact, sufficiently supported demonstration was approved. Optional field intentionally empty.","2026-09-24-supplier-3"
"big-and-bad-rockets","Big and Bad","Black Cat","Rockets","6 rockets","Unknown","181","4TH237NF56TPMUBWACH7JUXN","Big N Bad (6 sticks)","715244004768","https://www.wincofireworks.com/product/big-and-bad/ | https://www.wincofireworks.com/wp-content/uploads/2022/03/UPC-Excel-List_3.25.2022_r2.pdf","Square code 715244004768 matches the current Winco supplier UPC after removing display hyphens. Original name 'Big N Bad (6 sticks)', variant 'Regular', actual packaging and retail count were compared visually and against supplier packing; no retailer SKU equality alone is used.","docs/catalog/enrichment-2026-09/references/big-and-bad-rockets-original.png","172eea1746aa027d55901b09008936db3794279c8eba7169b1fd2cac0beffa8d","https://www.wincofireworks.com/wp-content/uploads/2025/08/big-and-bad.png","Real supplier photo visually inspected: complete matching retail presentation and genuine alpha. No generated packaging, watermark, crop or redraw.","","Product/model and simpler name/brand YouTube queries checked; no exact, sufficiently supported demonstration was approved. Optional field intentionally empty.","2026-09-24-supplier-3"
"black-cat-four-assorted-9-inch","Four Assorted 9-inch Fountains","Black Cat","Fountains","9-inch fountains · 4-pack","Unknown","194","WE4BJSDDQ2RUISDGUILR7WWQ","Black Cat 4ct Fountain","715244020454","https://www.wincofireworks.com/product/9-inch-four-assorted/ | https://www.wincofireworks.com/wp-content/uploads/2022/03/UPC-Excel-List_3.25.2022_r2.pdf | https://www.youtube.com/watch?v=G3KOjofzkho","Square code 715244020454 matches the current Winco supplier UPC after removing display hyphens. Original name 'Black Cat 4ct Fountain', variant 'Regular', actual packaging and retail count were compared visually and against supplier packing; no retailer SKU equality alone is used.","docs/catalog/enrichment-2026-09/references/black-cat-four-assorted-9-inch-original.png","93c5819c32cab9ef04a0938ea094a2031d1eecfcb16f737fe0b5a84a31979bb9","https://www.wincofireworks.com/wp-content/uploads/2025/08/9-inch-four-assorted.png","Real supplier photo visually inspected: complete matching retail presentation and genuine alpha. No generated packaging, watermark, crop or redraw.","https://www.youtube.com/watch?v=G3KOjofzkho","Reviewed exact product/model and presentation against the approved source page, indexed demo information and YouTube oEmbed metadata. Not a general search link or different package. Full playback of every video was not performed.","2026-09-24-supplier-3"
"black-cat-four-assorted-6-inch","Four Assorted 6-inch Fountains","Black Cat","Fountains","6-inch fountains · 4-pack","Unknown","199","SZ5GTVLHSQZHQZF36S76IXVT","Black Cat 4ct Fountain","715244200115","https://www.wincofireworks.com/product/6-inch-four-assorted/ | https://www.wincofireworks.com/wp-content/uploads/2022/03/UPC-Excel-List_3.25.2022_r2.pdf","Square code 715244200115 matches the current Winco supplier UPC after removing display hyphens. Original name 'Black Cat 4ct Fountain', variant 'Black Cat 6 In Fountain', actual packaging and retail count were compared visually and against supplier packing; no retailer SKU equality alone is used.","docs/catalog/enrichment-2026-09/references/black-cat-four-assorted-6-inch-original.png","fdee420eb93715b230623e6e67b54f2b26ad0b9432332d3f0b5f6268f9b974e5","https://www.wincofireworks.com/wp-content/uploads/2025/08/6-inch-four-assorted.png","Real supplier photo visually inspected: complete matching retail presentation and genuine alpha. No generated packaging, watermark, crop or redraw.","","Product/model and simpler name/brand YouTube queries checked; no exact, sufficiently supported demonstration was approved. Optional field intentionally empty.","2026-09-24-supplier-3"
"cat-eyes-3-pack","Cat Eyes","Black Cat","Spinners","3 spinners","Unknown","204","ZJCPCWGRIODBVZMR7O2VBAP7","Black Cat Cat Eyes- Spinners","715244084203","https://www.wincofireworks.com/product/cat-eyes/ | https://www.wincofireworks.com/wp-content/uploads/2022/03/UPC-Excel-List_3.25.2022_r2.pdf","Square code 715244084203 matches the current Winco supplier UPC after removing display hyphens. Original name 'Black Cat Cat Eyes- Spinners', variant 'Regular', actual packaging and retail count were compared visually and against supplier packing; no retailer SKU equality alone is used.","docs/catalog/enrichment-2026-09/references/cat-eyes-3-pack-original.png","9311f6f47f2ae1b5534ef9645df2b67b43017368734ca638ae4c3d42729b9fe0","https://www.wincofireworks.com/wp-content/uploads/2025/08/Cat-eyes.png","Real supplier photo visually inspected: complete matching retail presentation and genuine alpha. No generated packaging, watermark, crop or redraw.","","Product/model and simpler name/brand YouTube queries checked; no exact, sufficiently supported demonstration was approved. Optional field intentionally empty.","2026-09-24-supplier-3"
"fountastic","Fountastic","Black Cat","Fountains","Fountain","Unknown","209","2CAQEPKBJEJ3RLNNXOSPI2WJ","Black Cat Fountain","715244021741","https://www.wincofireworks.com/product/fountastic/ | https://www.wincofireworks.com/wp-content/uploads/2022/03/UPC-Excel-List_3.25.2022_r2.pdf","Square code 715244021741 matches the current Winco supplier UPC after removing display hyphens. Original name 'Black Cat Fountain', variant 'Regular', actual packaging and retail count were compared visually and against supplier packing; no retailer SKU equality alone is used.","docs/catalog/enrichment-2026-09/references/fountastic-original.png","554fa19be8b0bb855f879144060f7c40053d4881db94b4e516ad79d1e5b7e07d","https://www.wincofireworks.com/wp-content/uploads/2025/08/Fountastic.png","Real supplier photo visually inspected: complete matching retail presentation and genuine alpha. No generated packaging, watermark, crop or redraw.","","Product/model and simpler name/brand YouTube queries checked; no exact, sufficiently supported demonstration was approved. Optional field intentionally empty.","2026-09-24-supplier-3"
"black-cat-four-assorted-7-inch","Four Assorted 7-inch Fountains","Black Cat","Fountains","7-inch fountains · 4-pack","Unknown","210","Z42WT7QYMWVQSGSLZELGXT3L","Black Cat Fountain Assortment","715244201921","https://www.wincofireworks.com/product/7-inch-four-assorted/ | https://www.wincofireworks.com/wp-content/uploads/2022/03/UPC-Excel-List_3.25.2022_r2.pdf","Square code 715244201921 matches the current Winco supplier UPC after removing display hyphens. Original name 'Black Cat Fountain Assortment', variant 'Regular', actual packaging and retail count were compared visually and against supplier packing; no retailer SKU equality alone is used.","docs/catalog/enrichment-2026-09/references/black-cat-four-assorted-7-inch-original.png","5901e30fa674441ccd5ab109ecf32c383f79e5d78d6dcf9f011cc63f6cc99067","https://www.wincofireworks.com/wp-content/uploads/2025/08/7-inch-four-assorted.png","Real supplier photo visually inspected: complete matching retail presentation and genuine alpha. No generated packaging, watermark, crop or redraw.","","Product/model and simpler name/brand YouTube queries checked; no exact, sufficiently supported demonstration was approved. Optional field intentionally empty.","2026-09-24-supplier-3"
"little-dynamite-100","Little Dynamite","Black Cat","Firecrackers","100 firecrackers","Unknown","213","FKOTG65DY2KEAIG72E6ZQNZX","Black Cat Little Dynamite 100ct BOGO","715244001057","https://www.wincofireworks.com/product/little-dynamite/ | https://www.wincofireworks.com/wp-content/uploads/2022/03/UPC-Excel-List_3.25.2022_r2.pdf","Square code 715244001057 matches the current Winco supplier UPC after removing display hyphens. Original name 'Black Cat Little Dynamite 100ct BOGO', variant 'Regular', actual packaging and retail count were compared visually and against supplier packing; no retailer SKU equality alone is used.","docs/catalog/enrichment-2026-09/references/little-dynamite-100-original.png","cb2b4c36ade1fc2833b9cc45fde8f6bc362b23d2825ac932349ceb2e4b58c588","https://www.wincofireworks.com/wp-content/uploads/2025/08/Little-Dynamite.png","Real supplier photo visually inspected: complete matching retail presentation and genuine alpha. No generated packaging, watermark, crop or redraw.","","Product/model and simpler name/brand YouTube queries checked; no exact, sufficiently supported demonstration was approved. Optional field intentionally empty.","2026-09-24-supplier-3"
"3-for-1-fountains","3 For 1!","Black Cat","Fountains","3 fountains","Unknown","225","EKGYPF5RGKPY6227FPL5HPLT","Blackcat 3 For 1","715244022243","https://www.wincofireworks.com/product/3-for-1/ | https://www.wincofireworks.com/wp-content/uploads/2022/03/UPC-Excel-List_3.25.2022_r2.pdf","Square code 715244022243 matches the current Winco supplier UPC after removing display hyphens. Original name 'Blackcat 3 For 1', variant 'Regular', actual packaging and retail count were compared visually and against supplier packing; no retailer SKU equality alone is used.","docs/catalog/enrichment-2026-09/references/3-for-1-fountains-original.png","b818453d8528cce421eafdf7a5352eeccf030083c1e2d6fe56b794ae48ad5b78","https://www.wincofireworks.com/wp-content/uploads/2025/08/3-for-1.png","Real supplier photo visually inspected: complete matching retail presentation and genuine alpha. No generated packaging, watermark, crop or redraw.","","Product/model and simpler name/brand YouTube queries checked; no exact, sufficiently supported demonstration was approved. Optional field intentionally empty.","2026-09-24-supplier-3"
"camo-smoke","Camo Smoke","Unknown","Smoke","Single smoke tube","Unknown","251","YQ5XSAV4O7JC4DVQKJAPRWIR","Camo Smoke","652009001757","https://www.wincofireworks.com/product/camo-smoke/ | https://www.wincofireworks.com/wp-content/uploads/2022/03/UPC-Excel-List_3.25.2022_r2.pdf","Square code 652009001757 matches the current Winco supplier UPC after removing display hyphens. Original name 'Camo Smoke', variant 'Regular', actual packaging and retail count were compared visually and against supplier packing; no retailer SKU equality alone is used. The supplier identity is confirmed, but a separate consumer brand is not stated reliably; brand remains unset rather than inventing Winco as the brand.","docs/catalog/enrichment-2026-09/references/camo-smoke-original.png","9a421fa8cd111e807ccd02ceeeb0cdf8d773298bce4e03ff207caaab3d1241ee","https://www.wincofireworks.com/wp-content/uploads/2025/08/Camo-Smoke.png","Real supplier photo visually inspected: complete matching retail presentation and genuine alpha. No generated packaging, watermark, crop or redraw.","","Product/model and simpler name/brand YouTube queries checked; no exact, sufficiently supported demonstration was approved. Optional field intentionally empty.","2026-09-24-supplier-3"
"confetti-blaster-24-inch","Confetti Blaster","Unknown","Novelties","24-inch confetti blaster","Unknown","288","ZYEQGHWQMW24XASSI2XV3ECG","Confetti Blaster","777319994121","https://www.wincofireworks.com/product/confetti-blasters-24/ | https://www.wincofireworks.com/wp-content/uploads/2022/03/UPC-Excel-List_3.25.2022_r2.pdf","Square code 777319994121 matches the current Winco supplier UPC after removing display hyphens. Original name 'Confetti Blaster', variant 'Regular', actual packaging and retail count were compared visually and against supplier packing; no retailer SKU equality alone is used. The supplier identity is confirmed, but a separate consumer brand is not stated reliably; brand remains unset rather than inventing Winco as the brand.","docs/catalog/enrichment-2026-09/references/confetti-blaster-24-inch-original.png","1f0aa26c59ac3b11fcfdd950f6703e71546294fe1eccd2cdbf10b54ab89d5659","https://www.wincofireworks.com/wp-content/uploads/2025/08/NV1741.png","Real supplier photo visually inspected: complete matching retail presentation and genuine alpha. No generated packaging, watermark, crop or redraw.","","Product/model and simpler name/brand YouTube queries checked; no exact, sufficiently supported demonstration was approved. Optional field intentionally empty.","2026-09-24-supplier-3"
"cracker-balls-6-pack","Cracker Balls","Black Cat","Novelties","6-pack","Unknown","292","ODY4X5F35PDVTDU6QVKBRWBZ","Cracker Balls","715244003402","https://www.wincofireworks.com/product/cracker-balls/ | https://www.wincofireworks.com/wp-content/uploads/2022/03/UPC-Excel-List_3.25.2022_r2.pdf","Square code 715244003402 matches the current Winco supplier UPC after removing display hyphens. Original name 'Cracker Balls', variant 'Regular', actual packaging and retail count were compared visually and against supplier packing; no retailer SKU equality alone is used.","docs/catalog/enrichment-2026-09/references/cracker-balls-6-pack-original.png","104094ee9f420d8264fb38084c1f6ef8bd9a18fbe08855548aed600d010133b6","https://www.wincofireworks.com/wp-content/uploads/2025/08/Cracker-balls.png","Real supplier photo visually inspected: complete matching retail presentation and genuine alpha. No generated packaging, watermark, crop or redraw.","","Product/model and simpler name/brand YouTube queries checked; no exact, sufficiently supported demonstration was approved. Optional field intentionally empty.","2026-09-24-supplier-3"
"cracker-bomb-3-pack","Cracker Bomb","Black Cat","Firecrackers","3 sticks · 50 firecrackers per stick","Unknown","293","LKBNUIDOVUHJUQVVRHSX2VM3","Cracker Bomb","715244001187","https://www.wincofireworks.com/product/cracker-bomb/ | https://www.wincofireworks.com/wp-content/uploads/2022/03/UPC-Excel-List_3.25.2022_r2.pdf | https://www.youtube.com/watch?v=_a758WuyXkM","Square code 715244001187 matches the current Winco supplier UPC after removing display hyphens. Original name 'Cracker Bomb', variant 'Regular', actual packaging and retail count were compared visually and against supplier packing; no retailer SKU equality alone is used.","docs/catalog/enrichment-2026-09/references/cracker-bomb-3-pack-original.png","883152d21d24ecc86cb2bef1b5a400af172ce24c954183877ef24ade283e3562","https://www.wincofireworks.com/wp-content/uploads/2025/08/Cracker-Bomb.png","Real supplier photo visually inspected: complete matching retail presentation and genuine alpha. No generated packaging, watermark, crop or redraw.","https://www.youtube.com/watch?v=_a758WuyXkM","Reviewed exact product/model and presentation against the approved source page, indexed demo information and YouTube oEmbed metadata. Not a general search link or different package. Full playback of every video was not performed.","2026-09-24-supplier-3"
"fallout","Fallout","Fox","Cakes","500 gram · 24 shots","Unknown","353","Y6HDHYHSC4SVETG4GORA6KKQ","Fallout 24 Shot","514677060231","https://www.wincofireworks.com/product/fallout/ | https://www.wincofireworks.com/wp-content/uploads/2022/03/UPC-Excel-List_3.25.2022_r2.pdf | https://glowfireworks.com/retailers/catalog/ | https://www.youtube.com/watch?v=cieneeS7rKc","Square code 514677060231 matches the current Winco supplier UPC after removing display hyphens. Original name 'Fallout 24 Shot', variant 'Regular', actual packaging and retail count were compared visually and against supplier packing; no retailer SKU equality alone is used.","docs/catalog/enrichment-2026-09/references/fallout-original.png","354b9acd883f12daf04b3136bfdf15477658ea51af5e05385acc4eb87ffb141a","https://www.wincofireworks.com/wp-content/uploads/2025/08/Fallout.png","Real supplier photo visually inspected: complete matching retail presentation and genuine alpha. No generated packaging, watermark, crop or redraw.","https://www.youtube.com/watch?v=cieneeS7rKc","Reviewed exact product/model and presentation against the approved source page, indexed demo information and YouTube oEmbed metadata. Not a general search link or different package. Full playback of every video was not performed.","2026-09-24-supplier-3"
"joker-black-cat-fountain","Joker","Black Cat","Fountains","Fountain","Unknown","493","JUSF3HFQOT35RZT5ID4CJ5CF","Joker","715244021840","https://www.wincofireworks.com/product/joker/ | https://www.wincofireworks.com/wp-content/uploads/2022/03/UPC-Excel-List_3.25.2022_r2.pdf","Square code 715244021840 matches the current Winco supplier UPC after removing display hyphens. Original name 'Joker', variant 'Regular', actual packaging and retail count were compared visually and against supplier packing; no retailer SKU equality alone is used.","docs/catalog/enrichment-2026-09/references/joker-black-cat-fountain-original.png","56c0ecdc4cac08e5e62e93459950be635bef4aa25c49749e7c248cc16e10be5f","https://www.wincofireworks.com/wp-content/uploads/2025/08/Joker.png","Real supplier photo visually inspected: complete matching retail presentation and genuine alpha. No generated packaging, watermark, crop or redraw.","","Product/model and simpler name/brand YouTube queries checked; no exact, sufficiently supported demonstration was approved. Optional field intentionally empty.","2026-09-24-supplier-3"
"jr-pyro-backpack-black-cat","Jr. Pyro Backpack","Black Cat","Assortments","Backpack assortment","Unknown","497","VFDWZ7GPUOWDTWBKHLSGJRVM","Jr. Pyro Backpack","715244000890","https://www.wincofireworks.com/product/jr-pyro-backpack/ | https://www.wincofireworks.com/wp-content/uploads/2022/03/UPC-Excel-List_3.25.2022_r2.pdf","Square code 715244000890 matches the current Winco supplier UPC after removing display hyphens. Original name 'Jr. Pyro Backpack', variant 'Regular', actual packaging and retail count were compared visually and against supplier packing; no retailer SKU equality alone is used.","docs/catalog/enrichment-2026-09/references/jr-pyro-backpack-black-cat-original.png","4896c6c7d40fdd14fecec09580dd4bb91edc58fbceff3b4fefa31b9f6baaf4d6","https://www.wincofireworks.com/wp-content/uploads/2025/08/Jr-Pyro-Backpack.png","Real supplier photo visually inspected: complete matching retail presentation and genuine alpha. No generated packaging, watermark, crop or redraw.","","Product/model and simpler name/brand YouTube queries checked; no exact, sufficiently supported demonstration was approved. Optional field intentionally empty.","2026-09-24-supplier-3"
"jumbo-assorted-candles-4-pack","Jumbo Assorted Candles","Unknown","Roman Candles","4 candles · 8 shots per candle","Unknown","500","U4RZFA74W7UMWQXRGYKXPVE6","Jumbo 8 ball roman candle","111218312882","https://www.wincofireworks.com/product/jumbo-assorted-candles/ | https://www.wincofireworks.com/wp-content/uploads/2022/03/UPC-Excel-List_3.25.2022_r2.pdf","Square code 111218312882 matches the current Winco supplier UPC after removing display hyphens. Original name 'Jumbo 8 ball roman candle', variant 'Regular', actual packaging and retail count were compared visually and against supplier packing; no retailer SKU equality alone is used. The supplier identity is confirmed, but a separate consumer brand is not stated reliably; brand remains unset rather than inventing Winco as the brand.","docs/catalog/enrichment-2026-09/references/jumbo-assorted-candles-4-pack-original.png","abc64e32b7e73536d197a92e842ace387eb09969bab6c6cf8d4b2a624df6935c","https://www.wincofireworks.com/wp-content/uploads/2025/08/jumbo-assorted-candles.png","Real supplier photo visually inspected: complete matching retail presentation and genuine alpha. No generated packaging, watermark, crop or redraw.","","Product/model and simpler name/brand YouTube queries checked; no exact, sufficiently supported demonstration was approved. Optional field intentionally empty.","2026-09-24-supplier-3"
"texas-bandit-rockets","Texas Bandit Rocket","Black Cat","Rockets","6 rockets","Unknown","508","MOXRWPWWMQ5SUT4WOH6OQJLB","Jumbo Texas Rocket (6 sticks)","715244004843","https://www.wincofireworks.com/product/texas-bandit-rocket/ | https://www.wincofireworks.com/wp-content/uploads/2022/03/UPC-Excel-List_3.25.2022_r2.pdf","Square code 715244004843 matches the current Winco supplier UPC after removing display hyphens. Original name 'Jumbo Texas Rocket (6 sticks)', variant 'Texas Bandit Rocket', actual packaging and retail count were compared visually and against supplier packing; no retailer SKU equality alone is used.","docs/catalog/enrichment-2026-09/references/texas-bandit-rockets-original.png","36d7e9ac5ae2485b47047a1aca598b99bdf4ad1324fa1eefcac766c792b153d0","https://www.wincofireworks.com/wp-content/uploads/2025/08/BC484-Texas-Bandit.png","Real supplier photo visually inspected: complete matching retail presentation and genuine alpha. No generated packaging, watermark, crop or redraw.","","Product/model and simpler name/brand YouTube queries checked; no exact, sufficiently supported demonstration was approved. Optional field intentionally empty.","2026-09-24-supplier-3"
"junior-pyro-assortment","Junior Pyro","Unknown","Assortments","Assortment","Unknown","514","PCD2Q6Z2XMIGC4HW3QMTTN4K","Junior Pyro Pack","952009001017","https://www.wincofireworks.com/product/junior-pyro/ | https://www.wincofireworks.com/wp-content/uploads/2022/03/UPC-Excel-List_3.25.2022_r2.pdf","Square code 952009001017 matches the current Winco supplier UPC after removing display hyphens. Original name 'Junior Pyro Pack', variant 'Regular', actual packaging and retail count were compared visually and against supplier packing; no retailer SKU equality alone is used. The supplier identity is confirmed, but a separate consumer brand is not stated reliably; brand remains unset rather than inventing Winco as the brand.","docs/catalog/enrichment-2026-09/references/junior-pyro-assortment-original.png","09fc881b03a5f4cec44bcbd9d105c280014cd4c940050397a11cb813d2116ac2","https://www.wincofireworks.com/wp-content/uploads/2020/10/Junior-Pyro-2026.png","Real supplier photo visually inspected: complete matching retail presentation and genuine alpha. No generated packaging, watermark, crop or redraw.","","Product/model and simpler name/brand YouTube queries checked; no exact, sufficiently supported demonstration was approved. Optional field intentionally empty.","2026-09-24-supplier-3"
"kids-pack-black-cat","Kids Pack","Black Cat","Assortments","Assortment","Unknown","520","QKRK7IYAFXKSB4YNKICGHL7J","Kids Pack Family Pack","715244001705","https://www.wincofireworks.com/product/kids-pack/ | https://www.wincofireworks.com/wp-content/uploads/2022/03/UPC-Excel-List_3.25.2022_r2.pdf","Square code 715244001705 matches the current Winco supplier UPC after removing display hyphens. Original name 'Kids Pack Family Pack', variant 'Regular', actual packaging and retail count were compared visually and against supplier packing; no retailer SKU equality alone is used.","docs/catalog/enrichment-2026-09/references/kids-pack-black-cat-original.png","eb2c758c000fe547559e6740948884bc1a0dacf7268b8cad58d52f69d14172b8","https://www.wincofireworks.com/wp-content/uploads/2025/08/kids-pack.png","Real supplier photo visually inspected: complete matching retail presentation and genuine alpha. No generated packaging, watermark, crop or redraw.","","Product/model and simpler name/brand YouTube queries checked; no exact, sufficiently supported demonstration was approved. Optional field intentionally empty.","2026-09-24-supplier-3"
"light-brigade","Light Brigade","Brothers","Cakes","42 shots","Unknown","541","GP4VTTYIGJ6FXPLM52AVKSEX","Light Bergade","687985245314","https://www.wincofireworks.com/product/light-brigade/ | https://www.wincofireworks.com/wp-content/uploads/2022/03/UPC-Excel-List_3.25.2022_r2.pdf | https://www.youtube.com/watch?v=eKDVVEhl6ss","Square code 687985245314 matches the current Winco supplier UPC after removing display hyphens. Original name 'Light Bergade', variant 'Regular', actual packaging and retail count were compared visually and against supplier packing; no retailer SKU equality alone is used.","docs/catalog/enrichment-2026-09/references/light-brigade-original.png","7b1d5f71a4e8a17f7ba44123dda0b8f0a75bbb2a52ab4a2c0889a6cce1f5367b","https://www.wincofireworks.com/wp-content/uploads/2025/08/light-brigade.png","Real supplier photo visually inspected: complete matching retail presentation and genuine alpha. No generated packaging, watermark, crop or redraw.","https://www.youtube.com/watch?v=eKDVVEhl6ss","Reviewed exact product/model and presentation against the approved source page, indexed demo information and YouTube oEmbed metadata. Not a general search link or different package. Full playback of every video was not performed.","2026-09-24-supplier-3"
"m150-red-12-pack","M-150 Red Salute","Black Cat","Firecrackers","12 firecrackers","Unknown","553","X7P67M6U25SNAVKSLJSSR6XU","M-150BlackCat 12 ct.   BOGO $6.00 TOTAL","715244001170","https://www.wincofireworks.com/product/m-150-red-salute/ | https://www.wincofireworks.com/wp-content/uploads/2022/03/UPC-Excel-List_3.25.2022_r2.pdf","Square code 715244001170 matches the current Winco supplier UPC after removing display hyphens. Original name 'M-150BlackCat 12 ct.   BOGO $6.00 TOTAL', variant 'Regular', actual packaging and retail count were compared visually and against supplier packing; no retailer SKU equality alone is used.","docs/catalog/enrichment-2026-09/references/m150-red-12-pack-original.png","74c75dff343e1984d7ba3010009991e49cd059c9b04ef6a1dd0893ddf0ebbb56","https://www.wincofireworks.com/wp-content/uploads/2025/08/BC117-M-150-1.png","Real supplier photo visually inspected: complete matching retail presentation and genuine alpha. No generated packaging, watermark, crop or redraw.","","Product/model and simpler name/brand YouTube queries checked; no exact, sufficiently supported demonstration was approved. Optional field intentionally empty.","2026-09-24-supplier-3"
"m150-red-silver-36-pack","M-150 Red/Silver Salute","Black Cat","Firecrackers","36 firecrackers","Unknown","561","MYGOS6NQDT54NB7PCTWKCZ3Z","M150","715244001149","https://www.wincofireworks.com/product/m-150-red-silver-salute-assorted/ | https://www.wincofireworks.com/wp-content/uploads/2022/03/UPC-Excel-List_3.25.2022_r2.pdf","Square code 715244001149 matches the current Winco supplier UPC after removing display hyphens. Original name 'M150', variant 'Regular', actual packaging and retail count were compared visually and against supplier packing; no retailer SKU equality alone is used.","docs/catalog/enrichment-2026-09/references/m150-red-silver-36-pack-original.png","b53e3485770d7273c8fc58241576ce17180cf20e1214081ef7011b747de00a1d","https://www.wincofireworks.com/wp-content/uploads/2025/08/BC114-M-150-1.png","Real supplier photo visually inspected: complete matching retail presentation and genuine alpha. No generated packaging, watermark, crop or redraw.","","Product/model and simpler name/brand YouTube queries checked; no exact, sufficiently supported demonstration was approved. Optional field intentionally empty.","2026-09-24-supplier-3"
"magical-barrage-100","Magical Barrage","Black Cat","Cakes","100 shots","Unknown","573","ELISRVGSZLOV7VVRCNLZLY5O","Magical Garage 100 shot","715244064120","https://www.wincofireworks.com/product/magical-barrage/ | https://www.wincofireworks.com/wp-content/uploads/2022/03/UPC-Excel-List_3.25.2022_r2.pdf","Square code 715244064120 matches the current Winco supplier UPC after removing display hyphens. Original name 'Magical Garage 100 shot', variant 'Regular', actual packaging and retail count were compared visually and against supplier packing; no retailer SKU equality alone is used.","docs/catalog/enrichment-2026-09/references/magical-barrage-100-original.png","980c385bf5a9d4cef22ceaaa9f72c4c75319ef5100246ebbf5c061d59c9c7df8","https://www.wincofireworks.com/wp-content/uploads/2025/08/BC6412-Magical-Barrage.png","Real supplier photo visually inspected: complete matching retail presentation and genuine alpha. No generated packaging, watermark, crop or redraw.","","Product/model and simpler name/brand YouTube queries checked; no exact, sufficiently supported demonstration was approved. Optional field intentionally empty.","2026-09-24-supplier-3"
"neon-camo-smoke-4-pack","Neon Camo Smoke","Black Cat","Smoke","4 smoke tubes","Unknown","624","65SPR36TT4PVNGW7PZMKA67K","Neon Camo Smoke","715244007257","https://www.wincofireworks.com/product/neon-camo-smoke/ | https://www.wincofireworks.com/wp-content/uploads/2022/03/UPC-Excel-List_3.25.2022_r2.pdf","Square code 715244007257 matches the current Winco supplier UPC after removing display hyphens. Original name 'Neon Camo Smoke', variant 'Regular', actual packaging and retail count were compared visually and against supplier packing; no retailer SKU equality alone is used.","docs/catalog/enrichment-2026-09/references/neon-camo-smoke-4-pack-original.png","f0e1c7d865572be395f706f4500795bd233a959c24cfa9880a29cef47fb55591","https://www.wincofireworks.com/wp-content/uploads/2025/08/Neon-Camo-Smoke.png","Real supplier photo visually inspected: complete matching retail presentation and genuine alpha. No generated packaging, watermark, crop or redraw.","","Product/model and simpler name/brand YouTube queries checked; no exact, sufficiently supported demonstration was approved. Optional field intentionally empty.","2026-09-24-supplier-3"
"outlaw-justice","Outlaw Justice","Fox","Cakes","500 gram · 36 shots","Unknown","658","RJI3L3ZOH6A34DOCTHDC2W66","Outlaw Justice","514677060194","https://www.wincofireworks.com/product/outlaw-justice/ | https://www.wincofireworks.com/wp-content/uploads/2022/03/UPC-Excel-List_3.25.2022_r2.pdf | https://glowfireworks.com/retailers/catalog/","Square code 514677060194 matches the current Winco supplier UPC after removing display hyphens. Original name 'Outlaw Justice', variant 'Regular', actual packaging and retail count were compared visually and against supplier packing; no retailer SKU equality alone is used.","docs/catalog/enrichment-2026-09/references/outlaw-justice-original.png","96368a964b9f9253effcd56418912c8c4964b10c5ed1474c7aa0c2989f51b340","https://www.wincofireworks.com/wp-content/uploads/2025/08/Outlaw-Justice.png","Real supplier photo visually inspected: complete matching retail presentation and genuine alpha. No generated packaging, watermark, crop or redraw.","","Product/model and simpler name/brand YouTube queries checked; no exact, sufficiently supported demonstration was approved. Optional field intentionally empty.","2026-09-24-supplier-3"
"packin-purple","Packin' Purple","Black Cat","Fountains","Fountain","Unknown","659","35NAPEUSRBXWA6VJOXXS2P2K","Pakin` Purple Fountain","715244021994","https://www.wincofireworks.com/product/packin-purple/ | https://www.wincofireworks.com/wp-content/uploads/2022/03/UPC-Excel-List_3.25.2022_r2.pdf","Square code 715244021994 matches the current Winco supplier UPC after removing display hyphens. Original name 'Pakin` Purple Fountain', variant 'Regular', actual packaging and retail count were compared visually and against supplier packing; no retailer SKU equality alone is used.","docs/catalog/enrichment-2026-09/references/packin-purple-original.png","5786ac3f1a70b338afa4efddb63ce04e9bc216906b54176aa5d4efd750421c71","https://www.wincofireworks.com/wp-content/uploads/2025/08/Packin-Purple-2.png","Real supplier photo visually inspected: complete matching retail presentation and genuine alpha. No generated packaging, watermark, crop or redraw.","","Product/model and simpler name/brand YouTube queries checked; no exact, sufficiently supported demonstration was approved. Optional field intentionally empty.","2026-09-24-supplier-3"
"party-animal-assortment","Party Animal","Black Cat","Assortments","Assortment","Unknown","662 | 1040","OYYJWZFHABFVJ2I5GEN3BXNW | WD4UKVVQLK62VDXAMJEYHTDB","Party Animal Black Cat Assortment | party animal assortment pack","715244001200","https://www.wincofireworks.com/product/party-animal/ | https://www.wincofireworks.com/wp-content/uploads/2022/03/UPC-Excel-List_3.25.2022_r2.pdf","Square code 715244001200 matches the current Winco supplier UPC after removing display hyphens. Original name 'Party Animal Black Cat Assortment', variant 'Regular', actual packaging and retail count were compared visually and against supplier packing; no retailer SKU equality alone is used. Square rows 662 and 1040 have the identical UPC, regular variant and same named assortment; publish one stable product and retain both original rows.","docs/catalog/enrichment-2026-09/references/party-animal-assortment-original.png","9f1c0437da5cb9032c507153a3febfa61411ded42103f5fb75fc8819048fc7ff","https://www.wincofireworks.com/wp-content/uploads/2025/08/Party-Animal.png","Real supplier photo visually inspected: complete matching retail presentation and genuine alpha. No generated packaging, watermark, crop or redraw.","","Product/model and simpler name/brand YouTube queries checked; no exact, sufficiently supported demonstration was approved. Optional field intentionally empty.","2026-09-24-supplier-3"
"black-cat-party-pack-5","Party Pack #5","Black Cat","Assortments","Assortment","Unknown","665","LVDV62MTB2UNJZMKZAAKZHU4","Party Pack 5 Black Cat","715244000654","https://www.wincofireworks.com/product/party-pack-5/ | https://www.wincofireworks.com/wp-content/uploads/2022/03/UPC-Excel-List_3.25.2022_r2.pdf","Square code 715244000654 matches the current Winco supplier UPC after removing display hyphens. Original name 'Party Pack 5 Black Cat', variant 'Regular', actual packaging and retail count were compared visually and against supplier packing; no retailer SKU equality alone is used.","docs/catalog/enrichment-2026-09/references/black-cat-party-pack-5-original.png","816aa86f9c25cc96bae1e4cab86d0bf28279dcaba5695d8bca81a3151fa7169b","https://www.wincofireworks.com/wp-content/uploads/2020/10/Party-Pack-5-2026.png","Real supplier photo visually inspected: complete matching retail presentation and genuine alpha. No generated packaging, watermark, crop or redraw.","","Product/model and simpler name/brand YouTube queries checked; no exact, sufficiently supported demonstration was approved. Optional field intentionally empty.","2026-09-24-supplier-3"
"black-cat-party-pack-5-safe-sane","Party Pack #5 Safe and Sane","Black Cat","Assortments","Safe and sane assortment","Unknown","666","EYHLYQPZXEA34ZHLVD4GS3EJ","Party Pack 5 S And S","715244100651","https://www.wincofireworks.com/product/party-pack-5-safe-and-sane/ | https://www.wincofireworks.com/wp-content/uploads/2022/03/UPC-Excel-List_3.25.2022_r2.pdf","Square code 715244100651 matches the current Winco supplier UPC after removing display hyphens. Original name 'Party Pack 5 S And S', variant 'Regular', actual packaging and retail count were compared visually and against supplier packing; no retailer SKU equality alone is used.","docs/catalog/enrichment-2026-09/references/black-cat-party-pack-5-safe-sane-original.png","080361056ab1344493bfb0caa6aee08fe14a0e9b97257d28897fbe1eb7aa8732","https://www.wincofireworks.com/wp-content/uploads/2025/08/party-pack-5-safe-sane.png","Real supplier photo visually inspected: complete matching retail presentation and genuine alpha. No generated packaging, watermark, crop or redraw.","","Product/model and simpler name/brand YouTube queries checked; no exact, sufficiently supported demonstration was approved. Optional field intentionally empty.","2026-09-24-supplier-3"
"black-cat-party-pack-6","Party Pack #6","Black Cat","Assortments","Assortment","Unknown","667","Y4WMTYEVPETUZALRIL7GZSZ7","Party Pack 6 Black Cat","715244000456","https://www.wincofireworks.com/product/party-pack-6/ | https://www.wincofireworks.com/wp-content/uploads/2022/03/UPC-Excel-List_3.25.2022_r2.pdf","Square code 715244000456 matches the current Winco supplier UPC after removing display hyphens. Original name 'Party Pack 6 Black Cat', variant 'Regular', actual packaging and retail count were compared visually and against supplier packing; no retailer SKU equality alone is used.","docs/catalog/enrichment-2026-09/references/black-cat-party-pack-6-original.png","6747026a9ff514744dff8064f26ec7d8041467cb7e9e3f2121c493717983ade0","https://www.wincofireworks.com/wp-content/uploads/2020/10/Party-Pack-6-2026.png","Real supplier photo visually inspected: complete matching retail presentation and genuine alpha. No generated packaging, watermark, crop or redraw.","","Product/model and simpler name/brand YouTube queries checked; no exact, sufficiently supported demonstration was approved. Optional field intentionally empty.","2026-09-24-supplier-3"
"party-poppers-6-pack","Party Poppers","Black Cat","Novelties","6 party poppers","Unknown","668","RUDFKSIOWOO6EYLP2XIK2POM","Party Popper BOGO","715244034161","https://www.wincofireworks.com/product/party-popper-2/ | https://www.wincofireworks.com/wp-content/uploads/2022/03/UPC-Excel-List_3.25.2022_r2.pdf","Square code 715244034161 matches the current Winco supplier UPC after removing display hyphens. Original name 'Party Popper BOGO', variant 'Regular', actual packaging and retail count were compared visually and against supplier packing; no retailer SKU equality alone is used.","docs/catalog/enrichment-2026-09/references/party-poppers-6-pack-original.png","45715928de4aa4d73927bec58d440323744b0ae4b395141f446c56245a3a1153","https://www.wincofireworks.com/wp-content/uploads/2025/08/Party-Popper-BC-2.png","Real supplier photo visually inspected: complete matching retail presentation and genuine alpha. No generated packaging, watermark, crop or redraw.","","Product/model and simpler name/brand YouTube queries checked; no exact, sufficiently supported demonstration was approved. Optional field intentionally empty.","2026-09-24-supplier-3"
"doggie-doo-doo","Doggie Doo Doo","Unknown","Novelties","Novelty","Unknown","691","DJDD3CC7XZW5XMFZ5UOFKY3S","Pooping Dog","652009903457","https://www.wincofireworks.com/product/doggie-doo-doo/ | https://www.wincofireworks.com/wp-content/uploads/2022/03/UPC-Excel-List_3.25.2022_r2.pdf","Square code 652009903457 matches the current Winco supplier UPC after removing display hyphens. Original name 'Pooping Dog', variant 'Regular', actual packaging and retail count were compared visually and against supplier packing; no retailer SKU equality alone is used. The supplier identity is confirmed, but a separate consumer brand is not stated reliably; brand remains unset rather than inventing Winco as the brand.","docs/catalog/enrichment-2026-09/references/doggie-doo-doo-original.png","bf2eeb8b424848ac9be5f24123ca0ceb2826f5fee9b48986dcbed311349d42d6","https://www.wincofireworks.com/wp-content/uploads/2025/08/Doggie-doo-doo.png","Real supplier photo visually inspected: complete matching retail presentation and genuine alpha. No generated packaging, watermark, crop or redraw.","","Product/model and simpler name/brand YouTube queries checked; no exact, sufficiently supported demonstration was approved. Optional field intentionally empty.","2026-09-24-supplier-3"
"pride-and-honor-6","Pride and Honor #6","Black Cat","Assortments","Assortment","Unknown","700","BNUXKTUCJZD4IZ3NBI22JUGD","Pride And Honor","715244800032","https://www.wincofireworks.com/product/black-cat-pride-and-honor-6/ | https://www.wincofireworks.com/wp-content/uploads/2022/03/UPC-Excel-List_3.25.2022_r2.pdf","Square code 715244800032 matches the current Winco supplier UPC after removing display hyphens. Original name 'Pride And Honor', variant 'Regular', actual packaging and retail count were compared visually and against supplier packing; no retailer SKU equality alone is used.","docs/catalog/enrichment-2026-09/references/pride-and-honor-6-original.png","45b5ff813d15c9e19d106331244dd4c8d8ffeee926a2503fd0961ddd08c6a4c5","https://www.wincofireworks.com/wp-content/uploads/2020/10/Pride-and-Honor-2026.png","Real supplier photo visually inspected: complete matching retail presentation and genuine alpha. No generated packaging, watermark, crop or redraw.","","Product/model and simpler name/brand YouTube queries checked; no exact, sufficiently supported demonstration was approved. Optional field intentionally empty.","2026-09-24-supplier-3"
"princess-power-sword","Princess Power Sword","Unknown","Fountains","Pink sword fountain","Unknown","704","IJJCFG2L4D6373CWLT7PDNSV","Princess Power Sword Fountain- Pink","201606802214","https://www.wincofireworks.com/product/princess-sword/ | https://www.wincofireworks.com/wp-content/uploads/2022/03/UPC-Excel-List_3.25.2022_r2.pdf","Square code 201606802214 matches the current Winco supplier UPC after removing display hyphens. Original name 'Princess Power Sword Fountain- Pink', variant 'Regular', actual packaging and retail count were compared visually and against supplier packing; no retailer SKU equality alone is used. The supplier identity is confirmed, but a separate consumer brand is not stated reliably; brand remains unset rather than inventing Winco as the brand.","docs/catalog/enrichment-2026-09/references/princess-power-sword-original.png","b406ee3f43435b79e00b5e4e33b939fc8f6e0896c73a1140505a201b2b7a5296","https://www.wincofireworks.com/wp-content/uploads/2025/08/princess-sword.png","Real supplier photo visually inspected: complete matching retail presentation and genuine alpha. No generated packaging, watermark, crop or redraw.","","Product/model and simpler name/brand YouTube queries checked; no exact, sufficiently supported demonstration was approved. Optional field intentionally empty.","2026-09-24-supplier-3"
"pyro-city-safe-sane","Pyro City Safe and Sane","Unknown","Assortments","Safe and sane assortment","Unknown","720","XVGJDTRZN6G72H74OTSIEYPV","Pyro City","652009101112","https://www.wincofireworks.com/product/pyro-city-safe-and-sane/ | https://www.wincofireworks.com/wp-content/uploads/2022/03/UPC-Excel-List_3.25.2022_r2.pdf","Square code 652009101112 matches the current Winco supplier UPC after removing display hyphens. Original name 'Pyro City', variant 'Regular', actual packaging and retail count were compared visually and against supplier packing; no retailer SKU equality alone is used. The supplier identity is confirmed, but a separate consumer brand is not stated reliably; brand remains unset rather than inventing Winco as the brand.","docs/catalog/enrichment-2026-09/references/pyro-city-safe-sane-original.png","301081c92279755545d87765b589d346b4ee772f53a10e025ef080cbcf87a232","https://www.wincofireworks.com/wp-content/uploads/2025/08/pyro-city-safe-sane.png","Real supplier photo visually inspected: complete matching retail presentation and genuine alpha. No generated packaging, watermark, crop or redraw.","","Product/model and simpler name/brand YouTube queries checked; no exact, sufficiently supported demonstration was approved. Optional field intentionally empty.","2026-09-24-supplier-3"
"pyro-city-assortment","Pyro City","Unknown","Assortments","Assortment","Unknown","721","K3TMBZV5CNPFOAJ6D63VE66G","Pyro City 2","652009001115","https://www.wincofireworks.com/product/pyro-city/ | https://www.wincofireworks.com/wp-content/uploads/2022/03/UPC-Excel-List_3.25.2022_r2.pdf","Square code 652009001115 matches the current Winco supplier UPC after removing display hyphens. Original name 'Pyro City 2', variant 'Regular', actual packaging and retail count were compared visually and against supplier packing; no retailer SKU equality alone is used. The supplier identity is confirmed, but a separate consumer brand is not stated reliably; brand remains unset rather than inventing Winco as the brand.","docs/catalog/enrichment-2026-09/references/pyro-city-assortment-original.png","3c4e49521435657bee393c86830354782cff9aece2942c3a28dd266a0dd4d709","https://www.wincofireworks.com/wp-content/uploads/2020/10/Pyro-City-2024.png","Real supplier photo visually inspected: complete matching retail presentation and genuine alpha. No generated packaging, watermark, crop or redraw.","","Product/model and simpler name/brand YouTube queries checked; no exact, sufficiently supported demonstration was approved. Optional field intentionally empty.","2026-09-24-supplier-3"
"pyro-pack","Pyro Pack","Black Cat","Assortments","Assortment","Unknown","722","H6UVAEIGHB6OJOGWCNMV7HRI","Pyro Pack","952009001024","https://www.wincofireworks.com/product/pyro-pack/ | https://www.wincofireworks.com/wp-content/uploads/2022/03/UPC-Excel-List_3.25.2022_r2.pdf","Square code 952009001024 matches the current Winco supplier UPC after removing display hyphens. Original name 'Pyro Pack', variant 'Regular', actual packaging and retail count were compared visually and against supplier packing; no retailer SKU equality alone is used.","docs/catalog/enrichment-2026-09/references/pyro-pack-original.png","f18e6fe0c65f3d057ff9cc8d6d87ee5a18aa3532dd05c521ae95f18a37eb60aa","https://www.wincofireworks.com/wp-content/uploads/2020/10/Pyro-Pack-2026.png","Real supplier photo visually inspected: complete matching retail presentation and genuine alpha. No generated packaging, watermark, crop or redraw.","","Product/model and simpler name/brand YouTube queries checked; no exact, sufficiently supported demonstration was approved. Optional field intentionally empty.","2026-09-24-supplier-3"
"the-beast-black-cat","The Beast","Black Cat","Assortments","Assortment","Unknown","889","NJ6SAFHPATCWTVY7P6WUARZ6","The Beast Black Cat","765244000000","https://www.wincofireworks.com/product/the-beast/ | https://www.wincofireworks.com/wp-content/uploads/2022/03/UPC-Excel-List_3.25.2022_r2.pdf","Square code 765244000000 matches the current Winco supplier UPC after removing display hyphens. Original name 'The Beast Black Cat', variant 'Regular', actual packaging and retail count were compared visually and against supplier packing; no retailer SKU equality alone is used. Supplier repeats the unusual historical code 765244000000; do not relabel it a valid GTIN. Name, Black Cat branding and full assortment independently agree.","docs/catalog/enrichment-2026-09/references/the-beast-black-cat-original.png","a5c39ebb9b8d464ca830b394610c51a28dd47ecabc23439216acf71aed0f2cd7","https://www.wincofireworks.com/wp-content/uploads/2020/10/The-Beast-2025.png","Real supplier photo visually inspected: complete matching retail presentation and genuine alpha. No generated packaging, watermark, crop or redraw.","","Product/model and simpler name/brand YouTube queries checked; no exact, sufficiently supported demonstration was approved. Optional field intentionally empty.","2026-09-24-supplier-3"
"beast-candle","Beast","Fox","Roman Candles","666 shots","Unknown","890","75TIIYAM4OKN23TPTHZZN67G","The Beast Roman Candle","514677005003","https://www.wincofireworks.com/product/beast/ | https://www.wincofireworks.com/wp-content/uploads/2022/03/UPC-Excel-List_3.25.2022_r2.pdf | https://www.elitefireworks.com/products/beast-candle","Square code 514677005003 matches the current Winco supplier UPC after removing display hyphens. Original name 'The Beast Roman Candle', variant 'Regular', actual packaging and retail count were compared visually and against supplier packing; no retailer SKU equality alone is used.","docs/catalog/enrichment-2026-09/references/beast-candle-original.png","b4b639e5c19f4c0302cad48bffaef05891b35ae7dc96f396d78779311e4c3de6","https://www.wincofireworks.com/wp-content/uploads/2025/08/Beast.png","Real supplier photo visually inspected: complete matching retail presentation and genuine alpha. No generated packaging, watermark, crop or redraw.","","Product/model and simpler name/brand YouTube queries checked; no exact, sufficiently supported demonstration was approved. Optional field intentionally empty.","2026-09-24-supplier-3"
"victory-sword","Victory Sword","Unknown","Fountains","Sword fountain","Unknown","943","MPLY3UZKTRRPDCZXXFXRR433","Victory Sword","131611802209","https://www.wincofireworks.com/product/victory-sword/ | https://www.wincofireworks.com/wp-content/uploads/2022/03/UPC-Excel-List_3.25.2022_r2.pdf","Square code 131611802209 matches the current Winco supplier UPC after removing display hyphens. Original name 'Victory Sword', variant 'Regular', actual packaging and retail count were compared visually and against supplier packing; no retailer SKU equality alone is used. The supplier identity is confirmed, but a separate consumer brand is not stated reliably; brand remains unset rather than inventing Winco as the brand.","docs/catalog/enrichment-2026-09/references/victory-sword-original.png","53740373acea7d6bb0568f543392256d82e92324f2539ef20046afe9c1569d60","https://www.wincofireworks.com/wp-content/uploads/2025/08/Victory-Sword.png","Real supplier photo visually inspected: complete matching retail presentation and genuine alpha. No generated packaging, watermark, crop or redraw.","","Product/model and simpler name/brand YouTube queries checked; no exact, sufficiently supported demonstration was approved. Optional field intentionally empty.","2026-09-24-supplier-3"
"whacky-tobacky","Whacky Tobacky","Brothers","Cakes","9-shot rack","Unknown","948","XTL5TLDJI3LTZYGCDMI4ODSC","Wacky Tobocey","687985250110","https://www.wincofireworks.com/product/whacky-tobacky/ | https://www.wincofireworks.com/wp-content/uploads/2022/03/UPC-Excel-List_3.25.2022_r2.pdf","Square code 687985250110 matches the current Winco supplier UPC after removing display hyphens. Original name 'Wacky Tobocey', variant 'Regular', actual packaging and retail count were compared visually and against supplier packing; no retailer SKU equality alone is used.","docs/catalog/enrichment-2026-09/references/whacky-tobacky-original.png","b445514d77fe29f11696c6357e20f81b11cf3443c9af5df495c0ecf37d57c457","https://www.wincofireworks.com/wp-content/uploads/2025/08/Wacky-Tobacky.png","Real supplier photo visually inspected: complete matching retail presentation and genuine alpha. No generated packaging, watermark, crop or redraw.","","Product/model and simpler name/brand YouTube queries checked; no exact, sufficiently supported demonstration was approved. Optional field intentionally empty.","2026-09-24-supplier-3"
"walkin-dead","Walkin' Dead","Black Cat","Cakes","200 gram · 19 shots","Unknown","949","Z5AQ5L7DNIGG2FSAUAZOSQQ5","Walking Dead 19 Shots","715244063178","https://www.wincofireworks.com/product/walkin-dead/ | https://www.wincofireworks.com/wp-content/uploads/2022/03/UPC-Excel-List_3.25.2022_r2.pdf","Square code 715244063178 matches the current Winco supplier UPC after removing display hyphens. Original name 'Walking Dead 19 Shots', variant 'Regular', actual packaging and retail count were compared visually and against supplier packing; no retailer SKU equality alone is used.","docs/catalog/enrichment-2026-09/references/walkin-dead-original.png","901fa0f28841629acc7b8b816130f3457fd4934be852c9de69c4e710a5097594","https://www.wincofireworks.com/wp-content/uploads/2025/08/walkin-dead.png","Real supplier photo visually inspected: complete matching retail presentation and genuine alpha. No generated packaging, watermark, crop or redraw.","","Product/model and simpler name/brand YouTube queries checked; no exact, sufficiently supported demonstration was approved. Optional field intentionally empty.","2026-09-24-supplier-3"
"war-hero","War Hero","Unknown","Cakes","500 gram · 30 shots","Unknown","951","YIKPT4VA36G77JLEBR336HWV","War Hero 500 Gram","687985985111","https://www.wincofireworks.com/product/war-hero/ | https://www.wincofireworks.com/wp-content/uploads/2022/03/UPC-Excel-List_3.25.2022_r2.pdf","Square code 687985985111 matches the current Winco supplier UPC after removing display hyphens. Original name 'War Hero 500 Gram', variant 'Regular', actual packaging and retail count were compared visually and against supplier packing; no retailer SKU equality alone is used. The supplier identity is confirmed, but a separate consumer brand is not stated reliably; brand remains unset rather than inventing Winco as the brand.","docs/catalog/enrichment-2026-09/references/war-hero-original.png","850faece18921e82070f2f96efc3ee452170c96d7baa764779d11fea7734f72c","https://www.wincofireworks.com/wp-content/uploads/2025/08/War-Hero.png","Real supplier photo visually inspected: complete matching retail presentation and genuine alpha. No generated packaging, watermark, crop or redraw.","","Product/model and simpler name/brand YouTube queries checked; no exact, sufficiently supported demonstration was approved. Optional field intentionally empty.","2026-09-24-supplier-3"
"whistling-chaser-8-pack","Whistling Chaser","Unknown","Spinners","8-pack","Unknown","970","UGR7VX5AJCKWYKD5WLDPARD5","Whistling Chaser 8 Pk","652009002549","https://www.wincofireworks.com/product/whistling-chaser/ | https://www.wincofireworks.com/wp-content/uploads/2022/03/UPC-Excel-List_3.25.2022_r2.pdf","Square code 652009002549 matches the current Winco supplier UPC after removing display hyphens. Original name 'Whistling Chaser 8 Pk', variant 'Regular', actual packaging and retail count were compared visually and against supplier packing; no retailer SKU equality alone is used. The supplier identity is confirmed, but a separate consumer brand is not stated reliably; brand remains unset rather than inventing Winco as the brand.","docs/catalog/enrichment-2026-09/references/whistling-chaser-8-pack-original.png","657e4edb1467eece86bfdbe6b2a2d1106545f095b7801d175c8c6903b46d708e","https://www.wincofireworks.com/wp-content/uploads/2025/08/Whistling-chaser.png","Real supplier photo visually inspected: complete matching retail presentation and genuine alpha. No generated packaging, watermark, crop or redraw.","","Product/model and simpler name/brand YouTube queries checked; no exact, sufficiently supported demonstration was approved. Optional field intentionally empty.","2026-09-24-supplier-3"
"black-cat-morning-glory-36-inch","36-inch Morning Glory","Black Cat","Sparklers","36-inch sparklers · 6-pack","Unknown","1034","RSAUYRX3JUNFGEO3PQIFPQVB","morning Glory's 36"" sparklers","715244313242","https://www.wincofireworks.com/product/36-morning-glory/ | https://www.wincofireworks.com/wp-content/uploads/2022/03/UPC-Excel-List_3.25.2022_r2.pdf","Square code 715244313242 matches the current Winco supplier UPC after removing display hyphens. Original name 'morning Glory's 36"" sparklers', variant 'Regular', actual packaging and retail count were compared visually and against supplier packing; no retailer SKU equality alone is used.","docs/catalog/enrichment-2026-09/references/black-cat-morning-glory-36-inch-original.png","efb84f5d184a69d8a5ce7acc1cfa2a12c5f933a33daea52893c38e140e618c48","https://www.wincofireworks.com/wp-content/uploads/2025/08/Morning-Glory-36.png","Real supplier photo visually inspected: complete matching retail presentation and genuine alpha. No generated packaging, watermark, crop or redraw.","","Product/model and simpler name/brand YouTube queries checked; no exact, sufficiently supported demonstration was approved. Optional field intentionally empty.","2026-09-24-supplier-3"
"excellent-bag","Excellent Bag","Black Cat","Assortments","Assortment","Unknown","1053","P4QS4KKFFSLNRX55JFVFNNWS","the excellent bag assortment","715244300327","https://www.wincofireworks.com/product/excellent-bag/ | https://www.wincofireworks.com/wp-content/uploads/2022/03/UPC-Excel-List_3.25.2022_r2.pdf","Square code 715244300327 matches the current Winco supplier UPC after removing display hyphens. Original name 'the excellent bag assortment', variant 'Regular', actual packaging and retail count were compared visually and against supplier packing; no retailer SKU equality alone is used.","docs/catalog/enrichment-2026-09/references/excellent-bag-original.png","e8d862acf2b9f2446c2f3db7c8ec8118781b6e60ab9d159a1ba7cce4f5d039e4","https://www.wincofireworks.com/wp-content/uploads/2025/08/Excellent-Bag.png","Real supplier photo visually inspected: complete matching retail presentation and genuine alpha. No generated packaging, watermark, crop or redraw.","","Product/model and simpler name/brand YouTube queries checked; no exact, sufficiently supported demonstration was approved. Optional field intentionally empty.","2026-09-24-supplier-3"
"call-the-cops","Call the Cops","Black Cat","Cakes","200 gram · 87 shots","Unknown","248","YBTSQXW5MJG6UTYHOSOYIBRG","Call The Cops 200G","715244165100","https://www.wincofireworks.com/product/call-the-cops/ | https://www.wincofireworks.com/wp-content/uploads/2022/03/UPC-Excel-List_3.25.2022_r2.pdf","Square code 715244165100 matches the current Winco supplier UPC after removing display hyphens. Original name 'Call The Cops 200G', variant 'Regular', actual packaging and retail count were compared visually and against supplier packing; no retailer SKU equality alone is used.","docs/catalog/enrichment-2026-09/references/call-the-cops-original.png","6d27b1ae5f1dec3bf4543284a1560dd6259a7cb2e93c705c7aed90acfcb8057c","https://www.wincofireworks.com/wp-content/uploads/2026/01/Call-The-Cops.png","Real supplier photo visually inspected: complete matching retail presentation and genuine alpha. No generated packaging, watermark, crop or redraw.","","Product/model and simpler name/brand YouTube queries checked; no exact, sufficiently supported demonstration was approved. Optional field intentionally empty.","2026-09-24-supplier-3"
"cowboy-rockets-9-pack","Cowboy Rocket","Black Cat","Rockets","9 rockets","Unknown","290","YOI6577F23QO7PGR4CUPKEPI","Cowboy Rockets (9 sticks)","715244004867","https://www.wincofireworks.com/product/cowboy-rocket/ | https://www.wincofireworks.com/wp-content/uploads/2022/03/UPC-Excel-List_3.25.2022_r2.pdf","Square code 715244004867 matches the current Winco supplier UPC after removing display hyphens. Original name 'Cowboy Rockets (9 sticks)', variant 'Regular', actual packaging and retail count were compared visually and against supplier packing; no retailer SKU equality alone is used.","docs/catalog/enrichment-2026-09/references/cowboy-rockets-9-pack-original.png","fcf716f2e4aab78eb1bcac22f3793dfa697b45edacf38076339783f98060f9f3","https://www.wincofireworks.com/wp-content/uploads/2025/08/Cowboy-Rocket.png","Real supplier photo visually inspected: complete matching retail presentation and genuine alpha. No generated packaging, watermark, crop or redraw.","","Product/model and simpler name/brand YouTube queries checked; no exact, sufficiently supported demonstration was approved. Optional field intentionally empty.","2026-09-24-supplier-3"
"drone","Drone","Fox","Spinners","Spinning aerial novelty","Unknown","334","UV4AAU7AWTUYZJHIN2BGVUDU","Drone","514677009001","https://www.wincofireworks.com/product/drone/ | https://www.wincofireworks.com/wp-content/uploads/2022/03/UPC-Excel-List_3.25.2022_r2.pdf | https://www.youtube.com/watch?v=Q7CVhPLCopc","Square code 514677009001 matches the current Winco supplier UPC after removing display hyphens. Original name 'Drone', variant 'Regular', actual packaging and retail count were compared visually and against supplier packing; no retailer SKU equality alone is used.","docs/catalog/enrichment-2026-09/references/drone-original.png","b4352273f237fec82e239d101ecfd479aec0a17f9830cf3a820c412f90f27bf1","https://www.wincofireworks.com/wp-content/uploads/2025/08/WGF800-Drone.png","Real supplier photo visually inspected: complete matching retail presentation and genuine alpha. No generated packaging, watermark, crop or redraw.","https://www.youtube.com/watch?v=Q7CVhPLCopc","Reviewed exact product/model and presentation against the approved source page, indexed demo information and YouTube oEmbed metadata. Not a general search link or different package. Full playback of every video was not performed.","2026-09-24-supplier-3"
"festival-fountain","Festival Fountain","Black Cat","Fountains","Fountain","Unknown","361","UHU3VWJJGHU7PL66542PKXTI","Festival Fountain Black Cat. Quiet","715244022472","https://www.wincofireworks.com/product/festival-fountain/ | https://www.wincofireworks.com/wp-content/uploads/2022/03/UPC-Excel-List_3.25.2022_r2.pdf","Square code 715244022472 matches the current Winco supplier UPC after removing display hyphens. Original name 'Festival Fountain Black Cat. Quiet', variant 'Regular', actual packaging and retail count were compared visually and against supplier packing; no retailer SKU equality alone is used. Reject the USA Fireworks Fox brand field; Square explicitly says Black Cat and current supplier model FNBC2247/UPC identify the Black Cat item.","docs/catalog/enrichment-2026-09/references/festival-fountain-original.png","0806da55da1602e0701407542ef70aab73a9a2f0415e9308fb24baf63c235635","https://www.wincofireworks.com/wp-content/uploads/2025/08/Festival-Fountain.png","Real supplier photo visually inspected: complete matching retail presentation and genuine alpha. No generated packaging, watermark, crop or redraw.","","Product/model and simpler name/brand YouTube queries checked; no exact, sufficiently supported demonstration was approved. Optional field intentionally empty.","2026-09-24-supplier-3"
"forever-loyal","Forever Loyal","Pyro Shine","Cakes","500 gram · 25 shots","Unknown","378","ERZ4KRTZQCD4FRIINSYC7KN6","Forever Loyal Pyro Shine 500 Gram","702367266043","https://www.wincofireworks.com/product/forever-loyal/ | https://www.wincofireworks.com/wp-content/uploads/2022/03/UPC-Excel-List_3.25.2022_r2.pdf | https://www.youtube.com/watch?v=meX3dU3eNm4","Square code 702367266043 matches the current Winco supplier UPC after removing display hyphens. Original name 'Forever Loyal Pyro Shine 500 Gram', variant 'Regular', actual packaging and retail count were compared visually and against supplier packing; no retailer SKU equality alone is used.","docs/catalog/enrichment-2026-09/references/forever-loyal-original.png","05005917ff783a2d1eb536034bbe49164e561f281aaf88ff188f45546c270bed","https://www.wincofireworks.com/wp-content/uploads/2025/08/PS-238-Forever-Loyal.png","Real supplier photo visually inspected: complete matching retail presentation and genuine alpha. No generated packaging, watermark, crop or redraw.","https://www.youtube.com/watch?v=meX3dU3eNm4","Reviewed exact product/model and presentation against the approved source page, indexed demo information and YouTube oEmbed metadata. Not a general search link or different package. Full playback of every video was not performed.","2026-09-24-supplier-3"
"fuego-loco","Fuego Loco","Black Cat","Cakes","200 gram · 20 shots","Unknown","389","7EQHCPTRPGKCHMZ72HTQHAWQ","Fuego Loco 200G","715244065370","https://www.wincofireworks.com/product/fuego-loco/ | https://www.wincofireworks.com/wp-content/uploads/2022/03/UPC-Excel-List_3.25.2022_r2.pdf","Square code 715244065370 matches the current Winco supplier UPC after removing display hyphens. Original name 'Fuego Loco 200G', variant 'Regular', actual packaging and retail count were compared visually and against supplier packing; no retailer SKU equality alone is used.","docs/catalog/enrichment-2026-09/references/fuego-loco-original.png","ec64cd80eab6ca9e2f544176ebcbf4f64eb84a2b9fa113ef60c80bb4aafa4160","https://www.wincofireworks.com/wp-content/uploads/2026/01/Fuego-Loco.png","Real supplier photo visually inspected: complete matching retail presentation and genuine alpha. No generated packaging, watermark, crop or redraw.","","Product/model and simpler name/brand YouTube queries checked; no exact, sufficiently supported demonstration was approved. Optional field intentionally empty.","2026-09-24-supplier-3"
"holiday-lights","Holiday Lights","Black Cat","Fountains","Fountain","Unknown","453","HJTMDSKH3C53TJXF64R6QW53","Holiday Lights Fountain Black Cat Quiet","715244022489","https://www.wincofireworks.com/product/holiday-lights/ | https://www.wincofireworks.com/wp-content/uploads/2022/03/UPC-Excel-List_3.25.2022_r2.pdf","Square code 715244022489 matches the current Winco supplier UPC after removing display hyphens. Original name 'Holiday Lights Fountain Black Cat Quiet', variant 'Regular', actual packaging and retail count were compared visually and against supplier packing; no retailer SKU equality alone is used.","docs/catalog/enrichment-2026-09/references/holiday-lights-original.png","6886f13e88249403161e149dd6d14a06bf16c0958e341644e4e80f2b573ce130","https://www.wincofireworks.com/wp-content/uploads/2025/08/Holiday-Lights.png","Real supplier photo visually inspected: complete matching retail presentation and genuine alpha. No generated packaging, watermark, crop or redraw.","","Product/model and simpler name/brand YouTube queries checked; no exact, sufficiently supported demonstration was approved. Optional field intentionally empty.","2026-09-24-supplier-3"
"mass-confusion","Mass Confusion","Black Cat","Cakes","500 gram · 45 shots","Unknown","581","5JPUFA6DW2VVHUQEXK7JAJC3","Mass Confusion 500G 45 Shot","715244065356","https://www.wincofireworks.com/product/mass-confusion/ | https://www.wincofireworks.com/wp-content/uploads/2022/03/UPC-Excel-List_3.25.2022_r2.pdf | https://www.youtube.com/watch?v=S1dUXLCc8fw","Square code 715244065356 matches the current Winco supplier UPC after removing display hyphens. Original name 'Mass Confusion 500G 45 Shot', variant 'Regular', actual packaging and retail count were compared visually and against supplier packing; no retailer SKU equality alone is used.","docs/catalog/enrichment-2026-09/references/mass-confusion-original.png","25a8187c8cd254a2e3baa0651310472f488afd4bc64d9873d2e6908b6c774dce","https://www.wincofireworks.com/wp-content/uploads/2026/01/Mass-Confusion.png","Real supplier photo visually inspected: complete matching retail presentation and genuine alpha. No generated packaging, watermark, crop or redraw.","https://www.youtube.com/watch?v=S1dUXLCc8fw","Reviewed exact product/model and presentation against the approved source page, indexed demo information and YouTube oEmbed metadata. Not a general search link or different package. Full playback of every video was not performed.","2026-09-24-supplier-3"
"sky-ink","Sky Ink","Black Cat","Cakes","200 gram · 16 shots","Unknown","809","WTLUAOGLASBOLXA3LAEELXAQ","Sky Ink 200G","715244065301","https://www.wincofireworks.com/product/sky-ink/ | https://www.wincofireworks.com/wp-content/uploads/2022/03/UPC-Excel-List_3.25.2022_r2.pdf","Square code 715244065301 matches the current Winco supplier UPC after removing display hyphens. Original name 'Sky Ink 200G', variant 'Regular', actual packaging and retail count were compared visually and against supplier packing; no retailer SKU equality alone is used.","docs/catalog/enrichment-2026-09/references/sky-ink-original.png","83be7c1922f581aab2f7df959f4d1672009c8351205f85e8fef71f87ab3261bf","https://www.wincofireworks.com/wp-content/uploads/2026/01/Sky-Ink.png","Real supplier photo visually inspected: complete matching retail presentation and genuine alpha. No generated packaging, watermark, crop or redraw.","","Product/model and simpler name/brand YouTube queries checked; no exact, sufficiently supported demonstration was approved. Optional field intentionally empty.","2026-09-24-supplier-3"
"stealth-bomber-2-pack","Stealth Bomber","Black Cat","Spinners","2-pack","Unknown","858","5O3KCZV7HWLL2CDEY4VOSTEL","Stealth Bomber","715244009312","https://www.wincofireworks.com/product/stealth-bomber/ | https://www.wincofireworks.com/wp-content/uploads/2022/03/UPC-Excel-List_3.25.2022_r2.pdf","Square code 715244009312 matches the current Winco supplier UPC after removing display hyphens. Original name 'Stealth Bomber', variant 'Regular', actual packaging and retail count were compared visually and against supplier packing; no retailer SKU equality alone is used.","docs/catalog/enrichment-2026-09/references/stealth-bomber-2-pack-original.png","e37c646a3afeb2edcdb898527a78c5585c93f0a20fb8d2d1fdba8444a439957d","https://www.wincofireworks.com/wp-content/uploads/2026/01/Stealth-Bomber.png","Real supplier photo visually inspected: complete matching retail presentation and genuine alpha. No generated packaging, watermark, crop or redraw.","","Product/model and simpler name/brand YouTube queries checked; no exact, sufficiently supported demonstration was approved. Optional field intentionally empty.","2026-09-24-supplier-3"
"sugar-pop","Sugar Pop","Fox","Fountains","Fountain","Unknown","867","MCJREXVVQE3QRAECUUUZUCYQ","Sugar Pop","514677002323","https://www.wincofireworks.com/product/sugar-pop/ | https://www.wincofireworks.com/wp-content/uploads/2022/03/UPC-Excel-List_3.25.2022_r2.pdf | https://elevatedfireworks.com/collections/new-2026/products/sugar-pop-standard-handheld-fountain","Square code 514677002323 matches the current Winco supplier UPC after removing display hyphens. Original name 'Sugar Pop', variant 'Regular', actual packaging and retail count were compared visually and against supplier packing; no retailer SKU equality alone is used.","docs/catalog/enrichment-2026-09/references/sugar-pop-original.png","56a48d2cf668655e69505f32ad196ac99a2ed0e70034a710ec4b99d73b86ca72","https://www.wincofireworks.com/wp-content/uploads/2026/01/Sugar_Pop1.png","Real supplier photo visually inspected: complete matching retail presentation and genuine alpha. No generated packaging, watermark, crop or redraw.","","Product/model and simpler name/brand YouTube queries checked; no exact, sufficiently supported demonstration was approved. Optional field intentionally empty.","2026-09-24-supplier-3"
"worlds-largest-fountain","World's Largest Fountain","Black Cat","Fountains","Fountain","Unknown","982","RNWQE56DSFMVHJ64MOFUYAR4","Worlds Lagest Fountian","715244022465","https://www.wincofireworks.com/product/worlds-largest-fountain/ | https://www.wincofireworks.com/wp-content/uploads/2022/03/UPC-Excel-List_3.25.2022_r2.pdf","Square code 715244022465 matches the current Winco supplier UPC after removing display hyphens. Original name 'Worlds Lagest Fountian', variant 'Regular', actual packaging and retail count were compared visually and against supplier packing; no retailer SKU equality alone is used.","docs/catalog/enrichment-2026-09/references/worlds-largest-fountain-original.png","39ef08f3077c40ebb5b8c2b1af136163f2c2ba9878023b3f1510b0915110bdb7","https://www.wincofireworks.com/wp-content/uploads/2025/08/Worlds-Largest-Fountain.png","Real supplier photo visually inspected: complete matching retail presentation and genuine alpha. No generated packaging, watermark, crop or redraw.","","Product/model and simpler name/brand YouTube queries checked; no exact, sufficiently supported demonstration was approved. Optional field intentionally empty.","2026-09-24-supplier-3"
"aggression","Aggression","Raccoon","Cakes","200 gram · 25 shots","RA22007","119","SRP2KXXSRJ5ZLRYNRYPEYTA3","Aggression","757201220071","https://raccoonfireworksusa.com/product/aggression/ | https://americanwholesalefireworks.com/aggression/ | https://www.youtube.com/watch?v=fLGTxYPM494","Square UPC 757201220071, name 'Aggression' and retail presentation match the code-bearing distributor reference and current manufacturer model RA22007. Official image visually inspected for name, brand, package form and count.","docs/catalog/enrichment-2026-09/references/aggression-original.png","d140283cf47cf25359b687606111ac4861bb8cc9b186caf81b4d538f059988df","https://raccoonfireworksusa.com/wp-content/uploads/2026/08/RA22007.png","Official complete product photograph inspected; exact retail packaging retained with real alpha and no redraw.","https://www.youtube.com/watch?v=fLGTxYPM494","Reviewed exact product/model and presentation against the approved source page, indexed demo information and YouTube oEmbed metadata. Not a general search link or different package. Full playback of every video was not performed.","2026-09-24-official-4"
"arms-depot-16-pack","Arms Depot","Raccoon","Reloadables","4-inch shells · 16 shells","RA11601","146","Y4SXCZVSAVHO2GCBJYKJPQZO","Arms Depot 4"" Artillery Shells 16 pack","757201116015","https://raccoonfireworksusa.com/product/4-arms-depot/ | https://beta2024.usa-fireworks.com/products/artillery-shells/arms-depot/ | https://www.youtube.com/watch?v=Lo4tueGSQgs","Square UPC 757201116015, name 'Arms Depot 4"" Artillery Shells 16 pack' and retail presentation match the code-bearing distributor reference and current manufacturer model RA11601. Official image visually inspected for name, brand, package form and count. Selected the separate legacy RA11601 page and tall 16-shell package, not RA11601C compact. Omit contradictory case-packing and tube-count fields.","docs/catalog/enrichment-2026-09/references/arms-depot-16-pack-original.png","18df05dda83a78015f447fe9f6893dfa88520ddb41db43097bb55c6f24d2db8f","https://raccoonfireworksusa.com/wp-content/uploads/2026/08/RA11601.png","Official complete product photograph inspected; exact retail packaging retained with real alpha and no redraw.","https://www.youtube.com/watch?v=Lo4tueGSQgs","Reviewed exact product/model and presentation against the approved source page, indexed demo information and YouTube oEmbed metadata. Not a general search link or different package. Full playback of every video was not performed.","2026-09-24-official-4"
"bang-bros","Bang Bros","Raccoon","Cakes","500 gram · 44 shots","RA53078","174","C2C7EL6NNRTZWJT3IFXTDJMD","Bang Bros","757201530781","https://raccoonfireworksusa.com/product/bang-bros/ | https://americanwholesalefireworks.com/bang-bros/ | https://www.youtube.com/watch?v=ifr85jVKpT8","Square UPC 757201530781, name 'Bang Bros' and retail presentation match the code-bearing distributor reference and current manufacturer model RA53078. Official image visually inspected for name, brand, package form and count.","docs/catalog/enrichment-2026-09/references/bang-bros-original.png","575e42185ed3d5a1d3ddcbfaecebc94f9a493ee5b4e0bf6a6a1479368822f606","https://raccoonfireworksusa.com/wp-content/uploads/2026/08/RA53078.png","Official complete product photograph inspected; exact retail packaging retained with real alpha and no redraw.","https://www.youtube.com/watch?v=ifr85jVKpT8","Reviewed exact product/model and presentation against the approved source page, indexed demo information and YouTube oEmbed metadata. Not a general search link or different package. Full playback of every video was not performed.","2026-09-24-official-4"
"battle-cry","Battle Cry","Raccoon","Cakes","9-shot rack","RA57203","175","TCFS7DODQT6FOX5OZPYXNCX3","Battle Cry","757201572033","https://raccoonfireworksusa.com/product/battle-cry/ | https://georgiasbestfireworks.com/product/battle-cry/","Square UPC 757201572033, name 'Battle Cry' and retail presentation match the code-bearing distributor reference and current manufacturer model RA57203. Official image visually inspected for name, brand, package form and count.","docs/catalog/enrichment-2026-09/references/battle-cry-original.png","ea9cc8f5755ba111bb19209d2444028052434e7a3f995df63b4322110050edad","https://raccoonfireworksusa.com/wp-content/uploads/2026/08/RA57203.png","Official complete product photograph inspected; exact retail packaging retained with real alpha and no redraw.","","Product/model and simpler name/brand YouTube queries checked; no exact, sufficiently supported demonstration was approved. Optional field intentionally empty.","2026-09-24-official-4"
"break-the-rules-6-pack","Break the Rules","Raccoon","Reloadables","6-inch shells · 6 shells","RA60601","238","LC3DT2FV6CELZXJO3R6PA5GY","Break The Rules 6"" Artillery Shells 6 Pack","757201606011","https://raccoonfireworksusa.com/product/6-break-the-rules/ | https://elevatedfireworks.com/collections/reloadable-shell-kits/products/break-the-rules-6-shot-6-in-canister-shells | https://www.youtube.com/watch?v=QiCjafNQrhI","Square UPC 757201606011, name 'Break The Rules 6"" Artillery Shells 6 Pack' and retail presentation match the code-bearing distributor reference and current manufacturer model RA60601. Official image visually inspected for name, brand, package form and count. Selected RA60601 legacy 6-shell photo; no compact variant substitution.","docs/catalog/enrichment-2026-09/references/break-the-rules-6-pack-original.png","3c354caccf4ee74599eb4d11a00f4344dac452b1b8b6f8a195b72d352c307dfd","https://raccoonfireworksusa.com/wp-content/uploads/2026/08/RA60601.png","Official complete product photograph inspected; exact retail packaging retained with real alpha and no redraw.","https://www.youtube.com/watch?v=QiCjafNQrhI","Reviewed exact product/model and presentation against the approved source page, indexed demo information and YouTube oEmbed metadata. Not a general search link or different package. Full playback of every video was not performed.","2026-09-24-official-4"
"color-rage","Color Rage","Raccoon","Cakes","500 gram · 30 shots","RA53072","280","VLK3AKYITHQA2VRQ2QD7MWRS","Color Rage","757201530729","https://raccoonfireworksusa.com/product/color-rage/ | https://americanwholesalefireworks.com/color-rage/ | https://www.youtube.com/watch?v=NvDuDojoKT4","Square UPC 757201530729, name 'Color Rage' and retail presentation match the code-bearing distributor reference and current manufacturer model RA53072. Official image visually inspected for name, brand, package form and count.","docs/catalog/enrichment-2026-09/references/color-rage-original.png","a052708d9aaa9beb52ec5add6077f9b564110d5abd1dadd2959db841e8b25a61","https://raccoonfireworksusa.com/wp-content/uploads/2026/08/RA53072.png","Official complete product photograph inspected; exact retail packaging retained with real alpha and no redraw.","https://www.youtube.com/watch?v=NvDuDojoKT4","Reviewed exact product/model and presentation against the approved source page, indexed demo information and YouTube oEmbed metadata. Not a general search link or different package. Full playback of every video was not performed.","2026-09-24-official-4"
"flawless-24-pack","Flawless","Raccoon","Reloadables","5-inch shells · 24 shells","RA32409","371","NKVGAJ4J2IE4Q36QIMNWDHPG","Flawless","757201324090","https://raccoonfireworksusa.com/product/5-flawless/ | https://usa-fireworks.com/products/artillery-shells/flawless/ | https://www.youtube.com/watch?v=YEuMKW3NufM","Square UPC 757201324090, name 'Flawless' and retail presentation match the code-bearing distributor reference and current manufacturer model RA32409. Official image visually inspected for name, brand, package form and count.","docs/catalog/enrichment-2026-09/references/flawless-24-pack-original.png","7dbff95372dda0854161b5e3d0e2bc3aab7ad224892693b46ab9fafd083bb930","https://raccoonfireworksusa.com/wp-content/uploads/2026/08/RA32409.png","Official complete product photograph inspected; exact retail packaging retained with real alpha and no redraw.","https://www.youtube.com/watch?v=YEuMKW3NufM","Reviewed exact product/model and presentation against the approved source page, indexed demo information and YouTube oEmbed metadata. Not a general search link or different package. Full playback of every video was not performed.","2026-09-24-official-4"
"ghostacular-24-pack","Ghostacular","Raccoon","Reloadables","5-inch shells · 24 shells","RA32406","415","RAXEGL5PWHZOIT73XXXQK362","Ghostacular 5"" Artillery Shells 24 pack","757201324069","https://raccoonfireworksusa.com/product/5-ghostacular/ | https://fireworks-superstore.myshopify.com/products/ghostacular-5-shells","Square UPC 757201324069, name 'Ghostacular 5"" Artillery Shells 24 pack' and retail presentation match the code-bearing distributor reference and current manufacturer model RA32406. Official image visually inspected for name, brand, package form and count.","docs/catalog/enrichment-2026-09/references/ghostacular-24-pack-original.png","29118a9919bf72851d28f03946421e9a22657ca1f127149e815e5c23975cb63f","https://raccoonfireworksusa.com/wp-content/uploads/2026/08/RA32406.png","Official complete product photograph inspected; exact retail packaging retained with real alpha and no redraw.","","Product/model and simpler name/brand YouTube queries checked; no exact, sufficiently supported demonstration was approved. Optional field intentionally empty.","2026-09-24-official-4"
"home-of-the-brave","Home of the Brave","Monkey Mania","Reloadables","48 shells · 72 breaks","MM40003","456","PF7MSTRWM3LEPHVVTJHTUGRH","Home Of The Brave 48 Shells/72 Breaks","757201400039","https://raccoonfireworksusa.com/product/home-of-the-brave/ | https://americanwholesalefireworks.com/home-of-the-brave-case-of-2/ | https://dosgringosfireworks.com/home-of-the-brave-48-pack/ | https://www.youtube.com/watch?v=CW7K1Ln8Dnw","Square UPC 757201400039, name 'Home Of The Brave 48 Shells/72 Breaks' and retail presentation match the code-bearing distributor reference and current manufacturer model MM40003. Official image visually inspected for name, brand, package form and count. Manufacturer confirms Monkey Mania, correcting distributor parent-brand Raccoon labels for this new import.","docs/catalog/enrichment-2026-09/references/home-of-the-brave-original.png","08becd4c45ce5ac386b063f56083e5910a9803d96e07da8befaa4b13928cfe36","https://raccoonfireworksusa.com/wp-content/uploads/2026/08/MM40003.png","Official complete product photograph inspected; exact retail packaging retained with real alpha and no redraw.","https://www.youtube.com/watch?v=CW7K1Ln8Dnw","Reviewed exact product/model and presentation against the approved source page, indexed demo information and YouTube oEmbed metadata. Not a general search link or different package. Full playback of every video was not performed.","2026-09-24-official-4"
"hot-as-hell","Hot as Hell","Raccoon","Cakes","9-shot rack","RA57216","458","VO5VKMURGPFHWLH2WHVHDHTY","Hot As Hell 9 Rack","757201572163","https://raccoonfireworksusa.com/product/hot-as-hell/ | https://fireworks-superstore.myshopify.com/products/hot-as-hell-3-rack-raccoon | https://americanwholesalefireworks.com/hot-as-hell/ | https://www.youtube.com/watch?v=yFp0xaHG-qY","Square UPC 757201572163, name 'Hot As Hell 9 Rack' and retail presentation match the code-bearing distributor reference and current manufacturer model RA57216. Official image visually inspected for name, brand, package form and count.","docs/catalog/enrichment-2026-09/references/hot-as-hell-original.png","8f680133b97652f2c172f6c61de127ffa1fc04ee31f401d387371c721f7b4a2d","https://raccoonfireworksusa.com/wp-content/uploads/2026/08/RA57216.png","Official complete product photograph inspected; exact retail packaging retained with real alpha and no redraw.","https://www.youtube.com/watch?v=yFp0xaHG-qY","Reviewed exact product/model and presentation against the approved source page, indexed demo information and YouTube oEmbed metadata. Not a general search link or different package. Full playback of every video was not performed.","2026-09-24-official-4"
"joker-raccoon","Joker","Raccoon","Cakes","200 gram · 20 shots","RA22517","495","KIQSPT7TDOXOPH6FPCTYHWUM","Joker","757201225175","https://raccoonfireworksusa.com/product/joker/ | https://americanwholesalefireworks.com/joker/ | https://www.youtube.com/watch?v=5gunJrX6dQc","Square UPC 757201225175, name 'Joker' and retail presentation match the code-bearing distributor reference and current manufacturer model RA22517. Official image visually inspected for name, brand, package form and count.","docs/catalog/enrichment-2026-09/references/joker-raccoon-original.png","5bcd04245bfc7a408be342f08267ac07f59810e9009b8d8473cbbd647b878e32","https://raccoonfireworksusa.com/wp-content/uploads/2026/08/RA22517.png","Official complete product photograph inspected; exact retail packaging retained with real alpha and no redraw.","https://www.youtube.com/watch?v=5gunJrX6dQc","Reviewed exact product/model and presentation against the approved source page, indexed demo information and YouTube oEmbed metadata. Not a general search link or different package. Full playback of every video was not performed.","2026-09-24-official-4"
"let-freedom-ring-24-pack","Let Freedom Ring","Raccoon","Reloadables","5-inch shells · 24 shells","RA32405A/B/C/D","538","XV7KE6QBZI7WEMU4JOBKEQJ2","Let Freedom Ring 5"" Artillery Shells 24 pack","757201324052","https://raccoonfireworksusa.com/product/let-freedom-ring/ | https://beta2024.usa-fireworks.com/products/artillery-shells/let-freedom-ring/ | https://gbfireworks.com/products/let-freedom-ring-24-shells | https://americanwholesalefireworks.com/let-freedom-ring-pack-of-24/ | https://www.youtube.com/watch?v=q6wcbHeNBqo","Square UPC 757201324052, name 'Let Freedom Ring 5"" Artillery Shells 24 pack' and retail presentation match the code-bearing distributor reference and current manufacturer model RA32405A/B/C/D. Official image visually inspected for name, brand, package form and count. Count is the complete 24-shell kit; omit inconsistent current shipping-case field 12/6.","docs/catalog/enrichment-2026-09/references/let-freedom-ring-24-pack-original.png","6703c213007a0362f936ac7c3bcc9f6ffdb02749e52bee1a2ab171bc3a9eff51","https://raccoonfireworksusa.com/wp-content/uploads/2026/08/RA32405ABCD.png","Official complete product photograph inspected; exact retail packaging retained with real alpha and no redraw.","https://www.youtube.com/watch?v=q6wcbHeNBqo","Reviewed exact product/model and presentation against the approved source page, indexed demo information and YouTube oEmbed metadata. Not a general search link or different package. Full playback of every video was not performed.","2026-09-24-official-4"
"neon-celebration","Neon Celebration","Raccoon","Cakes","500 gram · 60 shots","RA52003","625","6SA6Q2XJKOHET5CW5VO67ZPO","Neon Celebration","757201520034","https://raccoonfireworksusa.com/product/neon-celebration/ | https://americanwholesalefireworks.com/neon-celebration/ | https://www.youtube.com/watch?v=JKspqiO_2Ag","Square UPC 757201520034, name 'Neon Celebration' and retail presentation match the code-bearing distributor reference and current manufacturer model RA52003. Official image visually inspected for name, brand, package form and count.","docs/catalog/enrichment-2026-09/references/neon-celebration-original.png","4d810e78a35fa17eed85d92430b6279c514ad99c8676d42075e6dbf6028fd905","https://raccoonfireworksusa.com/wp-content/uploads/2026/08/RA52003.png","Official complete product photograph inspected; exact retail packaging retained with real alpha and no redraw.","https://www.youtube.com/watch?v=JKspqiO_2Ag","Reviewed exact product/model and presentation against the approved source page, indexed demo information and YouTube oEmbed metadata. Not a general search link or different package. Full playback of every video was not performed.","2026-09-24-official-4"
"monkey-mania-10-ball-candles-6-pack","10 Ball Roman Candle","Monkey Mania","Roman Candles","6 candles · 10 shots per candle","MM-T6515A/B/C","763","CDDJKC5ST2S5CBCDNCNFXT5A","Roman Candle 10 Ball","757201065153","https://raccoonfireworksusa.com/product/10-ball-roman-candle/ | https://gbfireworks.com/products/10-ball-roman-candles-1","Square UPC 757201065153, name 'Roman Candle 10 Ball' and retail presentation match the code-bearing distributor reference and current manufacturer model MM-T6515A/B/C. Official image visually inspected for name, brand, package form and count. Manufacturer confirms Monkey Mania, correcting distributor parent-brand Raccoon labels for this new import.","docs/catalog/enrichment-2026-09/references/monkey-mania-10-ball-candles-6-pack-original.png","abbef39092bc256ab19ae59e98dd6611ca3435b9fe18f9645281e4d997e34162","https://raccoonfireworksusa.com/wp-content/uploads/2026/08/MM-T6515ABC.png","Official complete product photograph inspected; exact retail packaging retained with real alpha and no redraw.","","Product/model and simpler name/brand YouTube queries checked; no exact, sufficiently supported demonstration was approved. Optional field intentionally empty.","2026-09-24-official-4"
"sky-painter-fountain","Sky Painter","Monkey Mania","Fountains","Fountain","MM-F1802","812","C3Z2RS7D6ATU276R6GFDRQJY","Sky Painter Fountain","757202118025","https://raccoonfireworksusa.com/product/sky-painter/ | https://gbfireworks.com/products/sky-painter | https://www.youtube.com/watch?v=Re0a-0BOEYg","Square UPC 757202118025, name 'Sky Painter Fountain' and retail presentation match the code-bearing distributor reference and current manufacturer model MM-F1802. Official image visually inspected for name, brand, package form and count. Manufacturer confirms Monkey Mania, correcting distributor parent-brand Raccoon labels for this new import.","docs/catalog/enrichment-2026-09/references/sky-painter-fountain-original.png","91568b9e1ed1c532d2a44e65c9d7ab2a527e9b076176b5430027c55b979d0a7b","https://raccoonfireworksusa.com/wp-content/uploads/2026/08/MM-F1802.png","Official complete product photograph inspected; exact retail packaging retained with real alpha and no redraw.","https://www.youtube.com/watch?v=Re0a-0BOEYg","Reviewed exact product/model and presentation against the approved source page, indexed demo information and YouTube oEmbed metadata. Not a general search link or different package. Full playback of every video was not performed.","2026-09-24-official-4"
"sniper-fire-12-pack","Sniper Fire","Raccoon","Reloadables","4-inch shells · 12 shells","RA11201","839","KR3RZM5CYN7RTB47WMIVTE3H","Sniper Fire 12 Shot","757201112017","https://raccoonfireworksusa.com/product/4-sniper-fire/ | https://usa-fireworks.com/products/artillery-shells/sniper-fire/ | https://www.youtube.com/watch?v=66butJ3I7Tw","Square UPC 757201112017, name 'Sniper Fire 12 Shot' and retail presentation match the code-bearing distributor reference and current manufacturer model RA11201. Official image visually inspected for name, brand, package form and count. Official description, visible package and Square agree on 12 shells; omit the inconsistent 6/16 shipping-case field.","docs/catalog/enrichment-2026-09/references/sniper-fire-12-pack-original.png","ee7767217cc4399199fa7ec67082f8ba3f932052e2074aee0cd45c906dd983fc","https://raccoonfireworksusa.com/wp-content/uploads/2026/08/RA11201.png","Official complete product photograph inspected; exact retail packaging retained with real alpha and no redraw.","https://www.youtube.com/watch?v=66butJ3I7Tw","Reviewed exact product/model and presentation against the approved source page, indexed demo information and YouTube oEmbed metadata. Not a general search link or different package. Full playback of every video was not performed.","2026-09-24-official-4"
"tiger-force-24-pack","Tiger Force","Raccoon","Reloadables","6-inch shells · 24 shells","RA62402","906","WFOP4EFT7Q3WECR3URYJ6KNH","Tiger Force 6"" Artillery Shells 24 Pack","757201624022","https://raccoonfireworksusa.com/product/6-tiger-force/ | https://shop.wazupfireworks.com/tiger-force-6-shells/ | https://www.youtube.com/watch?v=EZrkTwF0GgQ","Square UPC 757201624022, name 'Tiger Force 6"" Artillery Shells 24 Pack' and retail presentation match the code-bearing distributor reference and current manufacturer model RA62402. Official image visually inspected for name, brand, package form and count.","docs/catalog/enrichment-2026-09/references/tiger-force-24-pack-original.png","051e1ab455ee840ccd3a28f7fe72347d96381daa0908775d87fe28c6ca73c70c","https://raccoonfireworksusa.com/wp-content/uploads/2026/08/RA62402.png","Official complete product photograph inspected; exact retail packaging retained with real alpha and no redraw.","https://www.youtube.com/watch?v=EZrkTwF0GgQ","Reviewed exact product/model and presentation against the approved source page, indexed demo information and YouTube oEmbed metadata. Not a general search link or different package. Full playback of every video was not performed.","2026-09-24-official-4"
"8-oz-rockets-cutting-edge","8 oz Rockets","Cutting Edge","Rockets","12 rockets","Unknown","24","6AOFMZL7Z7QDPXT3DX7Y3D2M","#8 Rocket","8145270170700","https://shop.intergalacticfireworks.com/8-oz-rocket.html","Square row 24, code 8145270170700, original name '#8 Rocket' and variant 'Regular' were checked against the linked product-level code, retail presentation, actual package photograph and corroborating catalog sources. Internal retailer model equality alone was not used. The displayed quantity and brand were checked on the package and sources; unverified durations, effects and prices are omitted.","docs/catalog/enrichment-2026-09/references/8-oz-rockets-cutting-edge-original.png","aeab2733d0881900aef671bdbc04f67668d94785efbe76a5c802e7bb64171f0a","https://shop.intergalacticfireworks.com/media/catalog/product/cache/74c1057f7991b4edb2bc7bdaa94de933/8/_/8_oz_rocket_rockets_cutting_edge-240x600-1.png","Original photograph inspected in contact sheets and package rechecks. Correct full retail presentation; real alpha; no third-party watermark or generated packaging. Optimized without upscaling.","","Product/model and simpler name/brand YouTube queries checked; no exact, sufficiently supported demonstration was approved. Optional field intentionally empty.","2026-09-24-reviewed-5"
"mini-artillery-12-pack","1-inch Mini Artillery Shells","Cutting Edge","Artillery Shells","1-inch shells · 12-pack","Unknown","28","WX7GBZIXZKXMZNUV7AGQX36N","1"" Mini Artillery Shells 12 pcs","8145270161111","https://thefireworkssuperstore.com/shop/1in-mini-artillery-shells-12-pack","Square row 28, code 8145270161111, original name '1"" Mini Artillery Shells 12 pcs' and variant 'Regular' were checked against the linked product-level code, retail presentation, actual package photograph and corroborating catalog sources. Internal retailer model equality alone was not used. The displayed quantity and brand were checked on the package and sources; unverified durations, effects and prices are omitted.","docs/catalog/enrichment-2026-09/references/mini-artillery-12-pack-original.png","62b2e46da55a00123e501e1869f6a2babff2d8c2c163b13eeace8ee564e195b2","https://thefireworkssuperstore.com/wp-content/uploads/2020/05/1in-Mini-Artillery-Shells-12pk.png","Original photograph inspected in contact sheets and package rechecks. Correct full retail presentation; real alpha; no third-party watermark or generated packaging. Optimized without upscaling.","","Product/model and simpler name/brand YouTube queries checked; no exact, sufficiently supported demonstration was approved. Optional field intentionally empty.","2026-09-24-reviewed-5"
"2-minutes-extravaganza","2 Minutes Extravaganza","TNT","Cakes","Multi-aerial cake","Unknown","58","T3AVLYCRGWAKT6BREUWYYAAL","2 Min Extravaganza","887946004213","https://www.tntfireworks.com/fireworks/cat/multi-aerials/4100-2-minutes-extravaganza | https://www.youtube.com/watch?v=Mz9Fq2UKTfU","Square row 58, code 887946004213, original name '2 Min Extravaganza' and variant 'Regular' were checked against the linked product-level code, retail presentation, actual package photograph and corroborating catalog sources. Internal retailer model equality alone was not used. The displayed quantity and brand were checked on the package and sources; unverified durations, effects and prices are omitted.","docs/catalog/enrichment-2026-09/references/2-minutes-extravaganza-original.png","72fc7791644e22a146d232ac639779a5ba85d5ec2c3a54f6c8be13bde3ae36a7","https://s1.tntfireworks.com/d/products/4100/77c364e937bbbba468a525bbaa92d164-large.png","Original photograph inspected in contact sheets and package rechecks. Correct full retail presentation; real alpha; no third-party watermark or generated packaging. Optimized without upscaling.","https://www.youtube.com/watch?v=Mz9Fq2UKTfU","Reviewed exact product/model and presentation against the approved source page, indexed demo information and YouTube oEmbed metadata. Not a general search link or different package. Full playback of every video was not performed.","2026-09-24-reviewed-5"
"black-cat-2000-roll","Black Cat 2000 Roll","Black Cat","Firecrackers","2000-count roll","Unknown","65","PHBTZYIQ3GDXQH5VRHBKTPWF","2000 Blk Cat Fire Crk Roll","715244120000","https://bigdaddyksfireworksoutlet.com/product/black-cat-2000-roll/ | https://www.wincofireworks.com/product/black-cat-2000-roll/","Square row 65, code 715244120000, original name '2000 Blk Cat Fire Crk Roll' and variant 'Regular' were checked against the linked product-level code, retail presentation, actual package photograph and corroborating catalog sources. Internal retailer model equality alone was not used. The displayed quantity and brand were checked on the package and sources; unverified durations, effects and prices are omitted.","docs/catalog/enrichment-2026-09/references/black-cat-2000-roll-original.png","82779db346a4b3ae362320aaec3060e78207c888dc50a839583f585b93976131","https://bigdaddyksfireworksoutlet.com/wp-content/uploads/2018/04/2000-Roll.png","Original photograph inspected in contact sheets and package rechecks. Correct full retail presentation; real alpha; no third-party watermark or generated packaging. Optimized without upscaling.","","Product/model and simpler name/brand YouTube queries checked; no exact, sufficiently supported demonstration was approved. Optional field intentionally empty.","2026-09-24-reviewed-5"
"world-class-2000-roll","World Class 2000 Roll","World-Class","Firecrackers","2000-count roll","Unknown","66","KLGDXTOQZJLOLLWXZYP77NBO","2000 Special Firecrackers","8052530057117","https://usa-fireworks.com/products/firecrackers/world-class-firecrackers-2000-roll/ | https://thefireworkssuperstore.com/shop/2000-special-firecrackers | https://ocfireworks.com/2000-shot-special-firecrackers/ | https://www.youtube.com/watch?v=kUfk3TABS3A","Square row 66, code 8052530057117, original name '2000 Special Firecrackers' and variant 'Regular' were checked against the linked product-level code, retail presentation, actual package photograph and corroborating catalog sources. Internal retailer model equality alone was not used. The displayed quantity and brand were checked on the package and sources; unverified durations, effects and prices are omitted.","docs/catalog/enrichment-2026-09/references/world-class-2000-roll-original.png","6dcd819ecb1d6b0acf25a1cbe4f6fbcbe49b11e9d5878830120b10281ad2b747","https://usa-fireworks.com/wp-content/uploads/2026/09/original-264.png","Original photograph inspected in contact sheets and package rechecks. Correct full retail presentation; real alpha; no third-party watermark or generated packaging. Optimized without upscaling.","https://www.youtube.com/watch?v=kUfk3TABS3A","Reviewed exact product/model and presentation against the approved source page, indexed demo information and YouTube oEmbed metadata. Not a general search link or different package. Full playback of every video was not performed.","2026-09-24-reviewed-5"
"world-class-saturn-25","25 Shot Saturn Missile","World-Class","Missiles","25 shots · Plastic base","Unknown","69","QEODFH2T6BC2CTTMDFAN3ILS","25 Shot Sasturn Missiles","805253354814","https://bigdaddyksfireworksoutlet.com/product/25-shot-saturn-missile-plastic/","Square row 69, code 805253354814, original name '25 Shot Sasturn Missiles' and variant 'Regular' were checked against the linked product-level code, retail presentation, actual package photograph and corroborating catalog sources. Internal retailer model equality alone was not used. The displayed quantity and brand were checked on the package and sources; unverified durations, effects and prices are omitted.","docs/catalog/enrichment-2026-09/references/world-class-saturn-25-original.png","0857307de46868e352f08ce9778a93adadc6b665e2ff58e84cc62c2a1a58b525","https://bigdaddyksfireworksoutlet.com/wp-content/uploads/2020/04/25-Shot-Saturn-Missile-Plastic.png","Original photograph inspected in contact sheets and package rechecks. Correct full retail presentation; real alpha; no third-party watermark or generated packaging. Optimized without upscaling.","","Product/model and simpler name/brand YouTube queries checked; no exact, sufficiently supported demonstration was approved. Optional field intentionally empty.","2026-09-24-reviewed-5"
"whistling-buster-6-pack","Whistling Buster","T-Sky","Artillery Shells","6 shells · 1 tube","Unknown","96","ZX3TJ5FTJU4TSBNYYZ25OE5P","6 pc Artillery Shells Assorted","841527101258","https://usa-fireworks.com/products/artillery-shells/whistling-buster-6-shots/","Square row 96, code 841527101258, original name '6 pc Artillery Shells Assorted' and variant 'Whistling Buster' were checked against the linked product-level code, retail presentation, actual package photograph and corroborating catalog sources. Internal retailer model equality alone was not used. The actual inspected box reads T-Sky, Whistling Buster and six shells. Generic Shogun results do not establish this UPC and are not used.","docs/catalog/enrichment-2026-09/references/whistling-buster-6-pack-original.png","45ce5770e590cc70f03d07183fb22998d2c42016aa929dfcedb4e1e2ee39874c","https://usa-fireworks.com/wp-content/uploads/2026/09/original-1269.png","Original photograph inspected in contact sheets and package rechecks. Correct full retail presentation; real alpha; no third-party watermark or generated packaging. Optimized without upscaling.","","Product/model and simpler name/brand YouTube queries checked; no exact, sufficiently supported demonstration was approved. Optional field intentionally empty.","2026-09-24-reviewed-5"
"america-enduring","America Enduring","Sky Bacon","Fountains","Fountain","Unknown","127","P4V5UWFOA4QKR7HDTQ2Y7NTA","America Enduring ","192537122338","https://fireworkconnection.com/product/america-enduring/ | https://dosgringosfireworks.com/FN144-America-Enduring-R-PC/ | https://killervfireworks.com/FN144-America-Enduring-R-PC/ | https://76fireworkstore.com/FN144-America-Enduring-R-PC | https://www.youtube.com/watch?v=AuuWxMWy1kQ","Square row 127, code 192537122338, original name 'America Enduring ' and variant 'Regular' were checked against the linked product-level code, retail presentation, actual package photograph and corroborating catalog sources. Internal retailer model equality alone was not used. The displayed quantity and brand were checked on the package and sources; unverified durations, effects and prices are omitted. Supplier FN144 description and demonstration confirm a fountain, not a cake.","docs/catalog/enrichment-2026-09/references/america-enduring-original.png","0d08f333e309cae03b9685826adfddf194a7d453a56ddb3b2d4188da73a216a7","https://fireworkconnection.com/wp-content/uploads/2021/06/america-enduring.png","Original photograph inspected in contact sheets and package rechecks. Correct full retail presentation; real alpha; no third-party watermark or generated packaging. Optimized without upscaling.","https://www.youtube.com/watch?v=AuuWxMWy1kQ","Reviewed exact product/model and presentation against the approved source page, indexed demo information and YouTube oEmbed metadata. Not a general search link or different package. Full playback of every video was not performed.","2026-09-24-reviewed-5"
"american-pride-fountain","American Pride","World-Class","Fountains","Fountain","Unknown","133","EJ67OI6GG3MOJJGKU6K6YPHX","American Pride Fountain","805253311817","https://beta2024.usa-fireworks.com/products/fountains/fountains-200-gram/american-pride/ | https://www.youtube.com/watch?v=M8g-kGHj9bA","Square row 133, code 805253311817, original name 'American Pride Fountain' and variant 'Regular' were checked against the linked product-level code, retail presentation, actual package photograph and corroborating catalog sources. Internal retailer model equality alone was not used. The displayed quantity and brand were checked on the package and sources; unverified durations, effects and prices are omitted.","docs/catalog/enrichment-2026-09/references/american-pride-fountain-original.png","293eb3e4a3762327bf6d0fc7d89f29d687e34ae0800560c2a4b0759770d608f9","https://beta2024.usa-fireworks.com/wp-content/uploads/2022/02/original-601.png","Original photograph inspected in contact sheets and package rechecks. Correct full retail presentation; real alpha; no third-party watermark or generated packaging. Optimized without upscaling.","https://www.youtube.com/watch?v=M8g-kGHj9bA","Reviewed exact product/model and presentation against the approved source page, indexed demo information and YouTube oEmbed metadata. Not a general search link or different package. Full playback of every video was not performed.","2026-09-24-reviewed-5"
"american-wildcard","American Wildcard","Brothers","Cakes","49 shots · 200 gram","Unknown","135","QF4SJO5A26QPFJ3INJVAWKZB","American Wildcard 200G","687985961214","https://usa-fireworks.com/products/new-products/american-wildcard-49-shot-cake/ | https://76fireworkstore.com/MS590US-American-Wildcard-R-PC/ | https://www.youtube.com/watch?v=QMXEm96HtVE","Square row 135, code 687985961214, original name 'American Wildcard 200G' and variant 'Regular' were checked against the linked product-level code, retail presentation, actual package photograph and corroborating catalog sources. Internal retailer model equality alone was not used. Keep the patriotic American Wildcard UPC separate from the ordinary Wildcard UPC 687985262410.","docs/catalog/enrichment-2026-09/references/american-wildcard-original.png","b754e6500d9c09b58a6da7c540c12b1af4c7ab64e0dc4bd9a0ecd4d982b2a38b","https://usa-fireworks.com/wp-content/uploads/2026/09/original-1336.png","Original photograph inspected in contact sheets and package rechecks. Correct full retail presentation; real alpha; no third-party watermark or generated packaging. Optimized without upscaling.","https://www.youtube.com/watch?v=QMXEm96HtVE","Reviewed exact product/model and presentation against the approved source page, indexed demo information and YouTube oEmbed metadata. Not a general search link or different package. Full playback of every video was not performed.","2026-09-24-reviewed-5"
"americas-best-snappers","America's Best Snappers","Sky Bacon","Novelties","Red, white and blue snappers","Unknown","137","CP7RE6RLLTS5YYWJJ5KWFDGD","Americas best snappers","816597941578","https://centraliowafireworks.com/SN109-Americas-Best-Snappers-RWB-R-PC/ | https://nbfireworks.com/SN109-Americas-Best-Snappers-RWB-R-PC/ | https://www.youtube.com/watch?v=NqCWt5awbrI","Square row 137, code 816597941578, original name 'Americas best snappers' and variant 'Regular' were checked against the linked product-level code, retail presentation, actual package photograph and corroborating catalog sources. Internal retailer model equality alone was not used. The displayed quantity and brand were checked on the package and sources; unverified durations, effects and prices are omitted.","docs/catalog/enrichment-2026-09/references/americas-best-snappers-original.png","e53fd03e4b1872e717294244a0a19c93e8fc4b9fc07bbaf0bdd1078475d47599","https://cdn11.bigcommerce.com/s-rpptoybqug/images/stencil/1280x1280/products/952/1410/7377__47508.1773934617.png?c=1","Original photograph inspected in contact sheets and package rechecks. Correct full retail presentation; real alpha; no third-party watermark or generated packaging. Optimized without upscaling.","https://www.youtube.com/watch?v=NqCWt5awbrI","Reviewed exact product/model and presentation against the approved source page, indexed demo information and YouTube oEmbed metadata. Not a general search link or different package. Full playback of every video was not performed.","2026-09-24-reviewed-5"
"armadillo-fountain","Armadillo","Cutting Edge","Fountains","Fountain","Unknown","139","MYCY5YAXU47YAWMJR6OTMGPJ","Armadillo Fountain","8145270114612","https://staging.usa-fireworks.com/products/fountains/fountains-200-gram/armadillo/ | https://ocfireworks.com/armadillo-fountain/ | https://www.youtube.com/watch?v=DPgiUt7FJCY","Square row 139, code 8145270114612, original name 'Armadillo Fountain' and variant 'Regular' were checked against the linked product-level code, retail presentation, actual package photograph and corroborating catalog sources. Internal retailer model equality alone was not used. The displayed quantity and brand were checked on the package and sources; unverified durations, effects and prices are omitted.","docs/catalog/enrichment-2026-09/references/armadillo-fountain-original.png","bdbc38b54c49fb0f015a87954e99fe6b58abbb39e733f81baed4fd6f59852164","https://staging.usa-fireworks.com/wp-content/uploads/2024/11/original-7375.png","Original photograph inspected in contact sheets and package rechecks. Correct full retail presentation; real alpha; no third-party watermark or generated packaging. Optimized without upscaling.","https://www.youtube.com/watch?v=DPgiUt7FJCY","Reviewed exact product/model and presentation against the approved source page, indexed demo information and YouTube oEmbed metadata. Not a general search link or different package. Full playback of every video was not performed.","2026-09-24-reviewed-5"
"black-cat-50-pack","Black Cat Firecrackers 50 Pack","Black Cat","Firecrackers","50-count pack","Unknown","202","QQYB6NNR36NTVUWQKAVKSFLH","Black Cat 50ct BOGO","715244101504","https://usa-fireworks.com/products/firecrackers/black-cat-firecrackers-pack-of-50/ | https://beta2024.usa-fireworks.com/products/firecrackers/product-177-variation-1/","Square row 202, code 715244101504, original name 'Black Cat 50ct BOGO' and variant 'Regular' were checked against the linked product-level code, retail presentation, actual package photograph and corroborating catalog sources. Internal retailer model equality alone was not used. The displayed quantity and brand were checked on the package and sources; unverified durations, effects and prices are omitted.","docs/catalog/enrichment-2026-09/references/black-cat-50-pack-original.png","7729316ffaeb5fca42eed7f2186383f63ef8743d5a1adda0550de04e92a39840","https://usa-fireworks.com/wp-content/uploads/2026/09/original-55.png","Original photograph inspected in contact sheets and package rechecks. Correct full retail presentation; real alpha; no third-party watermark or generated packaging. Optimized without upscaling.","","Product/model and simpler name/brand YouTube queries checked; no exact, sufficiently supported demonstration was approved. Optional field intentionally empty.","2026-09-24-reviewed-5"
"black-cat-200-pack","Black Cat Firecrackers 200 Pack","Black Cat","Firecrackers","200-count pack","Unknown","207","IMSHHADLXVKXXU4KWSCGVL7P","Black Cat Firecracker 200ct BOGO","715244102006","https://usa-fireworks.com/products/firecrackers/black-cat-firecrackers-pack-of-200/","Square row 207, code 715244102006, original name 'Black Cat Firecracker 200ct BOGO' and variant 'Regular' were checked against the linked product-level code, retail presentation, actual package photograph and corroborating catalog sources. Internal retailer model equality alone was not used. The displayed quantity and brand were checked on the package and sources; unverified durations, effects and prices are omitted.","docs/catalog/enrichment-2026-09/references/black-cat-200-pack-original.png","d12732ce3e05f317bf66f54e74cf49f15bdca6def53daf2f2ee1468053210929","https://usa-fireworks.com/wp-content/uploads/2026/09/original-423.png","Original photograph inspected in contact sheets and package rechecks. Correct full retail presentation; real alpha; no third-party watermark or generated packaging. Optimized without upscaling.","","Product/model and simpler name/brand YouTube queries checked; no exact, sufficiently supported demonstration was approved. Optional field intentionally empty.","2026-09-24-reviewed-5"
"citrus-fountain","Citrus","Black Cat","Fountains","Fountain","Unknown","267","BDRHRJ7HW3ZEOVHORHON5YRU","Citrus Fountain","715244022236","https://usa-fireworks.com/products/fountains/fountains-200-gram/citrus/ | https://www.wincofireworks.com/product/citrus/ | https://www.youtube.com/watch?v=iziTm6Kz5EY","Square row 267, code 715244022236, original name 'Citrus Fountain' and variant 'Regular' were checked against the linked product-level code, retail presentation, actual package photograph and corroborating catalog sources. Internal retailer model equality alone was not used. The displayed quantity and brand were checked on the package and sources; unverified durations, effects and prices are omitted.","docs/catalog/enrichment-2026-09/references/citrus-fountain-original.png","9f1d63712ffc9955b3135b650abf9e9f9e228194248bcb958892972265c47828","https://usa-fireworks.com/wp-content/uploads/2026/09/original-862.png","Original photograph inspected in contact sheets and package rechecks. Correct full retail presentation; real alpha; no third-party watermark or generated packaging. Optimized without upscaling.","https://www.youtube.com/watch?v=iziTm6Kz5EY","Reviewed exact product/model and presentation against the approved source page, indexed demo information and YouTube oEmbed metadata. Not a general search link or different package. Full playback of every video was not performed.","2026-09-24-reviewed-5"
"cutting-edge-1000-roll","Cutting Edge 1000 Roll","Cutting Edge","Firecrackers","1000-count roll","Unknown","306","UCX3BSP3MEKX5BYC5OVIKUFY","Cutting Edge 1000 Ct Firecracker","8145270101216","https://usa-fireworks.com/products/firecrackers/cutting-edge-firecrackers-1000-roll/","Square row 306, code 8145270101216, original name 'Cutting Edge 1000 Ct Firecracker' and variant 'Regular' were checked against the linked product-level code, retail presentation, actual package photograph and corroborating catalog sources. Internal retailer model equality alone was not used. The displayed quantity and brand were checked on the package and sources; unverified durations, effects and prices are omitted.","docs/catalog/enrichment-2026-09/references/cutting-edge-1000-roll-original.png","8acf6baea7a1724d476d2fe5d241957dbfcf1828380daeb4651511c7da17d2c7","https://usa-fireworks.com/wp-content/uploads/2026/09/original-352.png","Original photograph inspected in contact sheets and package rechecks. Correct full retail presentation; real alpha; no third-party watermark or generated packaging. Optimized without upscaling.","","Product/model and simpler name/brand YouTube queries checked; no exact, sufficiently supported demonstration was approved. Optional field intentionally empty.","2026-09-24-reviewed-5"
"daytime-reveal-pink","Daytime Reveal Pink","Sky Bacon","Cakes","16 shots · Pink smoke","Unknown","313","GOIVSX5DISLUFTWXVSAEYSUG","Daytime Gender Reveal 16 Shot 200G","705108146932","https://usa-fireworks.com/products/gender-reveal/daytime-reveal-pink/ | https://reiglefamilyfireworks.com/MS469P-Daytime-Reveal-Pink-R-PC/ | https://www.youtube.com/watch?v=vfHbwYme_jE","Square row 313, code 705108146932, original name 'Daytime Gender Reveal 16 Shot 200G' and variant 'Regular' were checked against the linked product-level code, retail presentation, actual package photograph and corroborating catalog sources. Internal retailer model equality alone was not used. The displayed quantity and brand were checked on the package and sources; unverified durations, effects and prices are omitted.","docs/catalog/enrichment-2026-09/references/daytime-reveal-pink-original.png","b8fb8bc5130dcaeccea85621f17c85f52e6ed6feaa30ed25e58d7c6998b8e178","https://usa-fireworks.com/wp-content/uploads/2026/09/original-1043.png","Original photograph inspected in contact sheets and package rechecks. Correct full retail presentation; real alpha; no third-party watermark or generated packaging. Optimized without upscaling.","https://www.youtube.com/watch?v=vfHbwYme_jE","Reviewed exact product/model and presentation against the approved source page, indexed demo information and YouTube oEmbed metadata. Not a general search link or different package. Full playback of every video was not performed.","2026-09-24-reviewed-5"
"excalibur-24-pack","Excalibur","World-Class","Artillery Shells","4-inch shells · 24-pack","Unknown","344","KLAC5WRPOD32YE2RHQYR5D5T","Excalibur 4""Artillery Shells 24 Pack","8052530140116","https://bigdaddyksfireworksoutlet.com/product/excalibur/ | https://staging.usa-fireworks.com/products/artillery-shells/excalibur/ | https://www.kandkfireworks.com/product-page/excalibur-24-canister-shells | https://dosgringosfireworks.com/excalibur-fireworks-artillery-shells-24-pack/ | https://www.youtube.com/watch?v=JMnZhWxQXsQ","Square row 344, code 8052530140116, original name 'Excalibur 4""Artillery Shells 24 Pack' and variant 'Regular' were checked against the linked product-level code, retail presentation, actual package photograph and corroborating catalog sources. Internal retailer model equality alone was not used. The displayed quantity and brand were checked on the package and sources; unverified durations, effects and prices are omitted.","docs/catalog/enrichment-2026-09/references/excalibur-24-pack-original.png","fc22078c0eaf3b117e01e72685cfd68dbfb1cf5c98c4bf9356b754012ec31d80","https://bigdaddyksfireworksoutlet.com/wp-content/uploads/2016/07/excalibur.png","Original photograph inspected in contact sheets and package rechecks. Correct full retail presentation; real alpha; no third-party watermark or generated packaging. Optimized without upscaling.","https://www.youtube.com/watch?v=JMnZhWxQXsQ","Reviewed exact product/model and presentation against the approved source page, indexed demo information and YouTube oEmbed metadata. Not a general search link or different package. Full playback of every video was not performed.","2026-09-24-reviewed-5"
"flag-missile-200","Flag Missile Battery","Firehawk","Missiles","200 shots","Unknown","367","7ESPDX7VV2UTIDYELFY6DLBY","Flag Missile","100000208717","https://whitelightningfireworks.com/SM128-Flag-Missile-Battery-R-PC/ | https://76fireworkstore.com/SM128-Flag-Missile-Battery-R-PC | https://76fireworkstore.com/SM128-Flag-Missile-Battery-R-PC?setCurrencyId=1%5C | https://www.youtube.com/watch?v=IILa-qOFHj4","Square row 367, code 100000208717, original name 'Flag Missile' and variant 'Regular' were checked against the linked product-level code, retail presentation, actual package photograph and corroborating catalog sources. Internal retailer model equality alone was not used. The displayed quantity and brand were checked on the package and sources; unverified durations, effects and prices are omitted.","docs/catalog/enrichment-2026-09/references/flag-missile-200-original.png","d85d4a42bc6e2619181cd04920224455fb5f61c26933b97dddfd554cb049336b","https://cdn11.bigcommerce.com/s-hb1q1ykt9j/images/stencil/1280x1280/products/191/455/4018__17207.1742482047.png?c=1","Original photograph inspected in contact sheets and package rechecks. Correct full retail presentation; real alpha; no third-party watermark or generated packaging. Optimized without upscaling.","https://www.youtube.com/watch?v=IILa-qOFHj4","Reviewed exact product/model and presentation against the approved source page, indexed demo information and YouTube oEmbed metadata. Not a general search link or different package. Full playback of every video was not performed.","2026-09-24-reviewed-5"
"hot-dog","Hot Dog","World-Class","Cakes","16 shots · 200 gram","Unknown","459","XJZEMQJXB5U2J6MBX7XQ6PCY","Hot Dog 200 Gram 16 Shot","8052531342212","https://staging.usa-fireworks.com/products/aerial-all-cakes/aerial-200-gram-cakes/hot-dog/ | https://usa-fireworks.com/products/aerial-all-cakes/aerial-200-gram-cakes/hot-dog/","Square row 459, code 8052531342212, original name 'Hot Dog 200 Gram 16 Shot' and variant 'Regular' were checked against the linked product-level code, retail presentation, actual package photograph and corroborating catalog sources. Internal retailer model equality alone was not used. The displayed quantity and brand were checked on the package and sources; unverified durations, effects and prices are omitted.","docs/catalog/enrichment-2026-09/references/hot-dog-original.png","3ab65929dd9cf8226a2d803990f6800ec53bb2b3ff125fc7f57fe7d726d2c959","https://staging.usa-fireworks.com/wp-content/uploads/2024/11/original-7489-scaled.png","Original photograph inspected in contact sheets and package rechecks. Correct full retail presentation; real alpha; no third-party watermark or generated packaging. Optimized without upscaling.","","Product/model and simpler name/brand YouTube queries checked; no exact, sufficiently supported demonstration was approved. Optional field intentionally empty.","2026-09-24-reviewed-5"
"howler-fountain","Howler","Cutting Edge","Fountains","Fountain","Unknown","464","MKMB5MPSXF6UVGVQ3RMXR4EH","Howler Fountain","8145270114711","https://usa-fireworks.com/products/fountains/fountains-200-gram/howler-fountain/ | https://www.youtube.com/watch?v=H3wzaUcduE0","Square row 464, code 8145270114711, original name 'Howler Fountain' and variant 'Regular' were checked against the linked product-level code, retail presentation, actual package photograph and corroborating catalog sources. Internal retailer model equality alone was not used. The displayed quantity and brand were checked on the package and sources; unverified durations, effects and prices are omitted.","docs/catalog/enrichment-2026-09/references/howler-fountain-original.png","afc23b939c35f6abbf00fb3a1db7980d03068fc22e18b5a8fcbb9855ec6533c0","https://usa-fireworks.com/wp-content/uploads/2026/09/original-178.png","Original photograph inspected in contact sheets and package rechecks. Correct full retail presentation; real alpha; no third-party watermark or generated packaging. Optimized without upscaling.","https://www.youtube.com/watch?v=H3wzaUcduE0","Reviewed exact product/model and presentation against the approved source page, indexed demo information and YouTube oEmbed metadata. Not a general search link or different package. Full playback of every video was not performed.","2026-09-24-reviewed-5"
"junior-pyro-pack-sky-bacon","Junior Pyro Pack","Sky Bacon","Assortments","Blue backpack · Safe & Sane assortment","Unknown","517","CLEPS4WYDO4XJDMUPA2CKO23","Kids Backpack Girl an d Boys","193936959969","https://76fireworkstore.com/AT265B-Junior-Pyro-Pack-SS-R-PC | https://www.lastchancefireworks.com/shop/Assortment-Value-Packs/p/Junior-Pyro-Pack-Sky-Bacon.htm","Square row 517, code 193936959969, original name 'Kids Backpack Girl an d Boys' and variant 'Regular' were checked against the linked product-level code, retail presentation, actual package photograph and corroborating catalog sources. Internal retailer model equality alone was not used. The displayed quantity and brand were checked on the package and sources; unverified durations, effects and prices are omitted.","docs/catalog/enrichment-2026-09/references/junior-pyro-pack-sky-bacon-original.png","759e4c4a5ad64f8ea29c991ef25b61fd85876edd85def855887943a72fda5a9a","https://cdn11.bigcommerce.com/s-9mwycnqmio/images/stencil/1280x1280/products/3478/4752/4098__95885.1684210249.png?c=1","Original photograph inspected in contact sheets and package rechecks. Correct full retail presentation; real alpha; no third-party watermark or generated packaging. Optimized without upscaling.","","Product/model and simpler name/brand YouTube queries checked; no exact, sufficiently supported demonstration was approved. Optional field intentionally empty.","2026-09-24-reviewed-5"
"killer-bees-4-pack","Killer Bees","Sky Bacon","Fountains","4-pack","Unknown","521","BZP7WM6U5DGAMNC6KELDK7KF","Killer Bee","816597940465","https://whitelightningfireworks.com/FN275-Killer-Bees-244-R-PK/ | https://76fireworkstore.com/FN275-Killer-Bees-244-R-PK","Square row 521, code 816597940465, original name 'Killer Bee' and variant 'Regular' were checked against the linked product-level code, retail presentation, actual package photograph and corroborating catalog sources. Internal retailer model equality alone was not used. The displayed quantity and brand were checked on the package and sources; unverified durations, effects and prices are omitted.","docs/catalog/enrichment-2026-09/references/killer-bees-4-pack-original.png","cbf816611174808d640e9371ad6399a1e78f5b62b94d80e996e05cf0f74dfef1","https://cdn11.bigcommerce.com/s-hb1q1ykt9j/images/stencil/1280x1280/products/253/525/6752__55647.1742482117.png?c=1","Original photograph inspected in contact sheets and package rechecks. Correct full retail presentation; real alpha; no third-party watermark or generated packaging. Optimized without upscaling.","","Product/model and simpler name/brand YouTube queries checked; no exact, sufficiently supported demonstration was approved. Optional field intentionally empty.","2026-09-24-reviewed-5"
"m-200-salute-12-pack","M-200 Salute","Sky Bacon","Firecrackers","12-pack","Unknown","554","33DEEREZKI62DJXZO7UKLFFK","M-200 Salute","816597923727","https://shop.wazupfireworks.com/FR137-M-200-Salute-R-PK/ | https://dosgringosfireworks.com/FR137-M-200-Salute-R-PK/ | https://www.youtube.com/watch?v=64_aVUWVDpc","Square row 554, code 816597923727, original name 'M-200 Salute' and variant 'Regular' were checked against the linked product-level code, retail presentation, actual package photograph and corroborating catalog sources. Internal retailer model equality alone was not used. The displayed quantity and brand were checked on the package and sources; unverified durations, effects and prices are omitted.","docs/catalog/enrichment-2026-09/references/m-200-salute-12-pack-original.png","6cde640ac0ade73d6f2eb19801e6f437098d5608837718852ee80d1ad6bc29e7","https://cdn11.bigcommerce.com/s-5lvkv2owjj/images/stencil/1280x1280/products/795/1611/5304__71369.1718024853.png?c=1","Original photograph inspected in contact sheets and package rechecks. Correct full retail presentation; real alpha; no third-party watermark or generated packaging. Optimized without upscaling.","https://www.youtube.com/watch?v=64_aVUWVDpc","Reviewed exact product/model and presentation against the approved source page, indexed demo information and YouTube oEmbed metadata. Not a general search link or different package. Full playback of every video was not performed.","2026-09-24-reviewed-5"
"m-5000-world-class-12-pack","M-5000 Salute Crackers","World-Class","Firecrackers","12-pack","Unknown","556","WXWPSN4ND2Z3WGEC2GAJCWE6","M-5000 Salute Cracker 12 pcs BOGO","8052530020319","https://usa-fireworks.com/products/firecrackers-salutes/m-60-salute-crackers-12-pack/","Square row 556, code 8052530020319, original name 'M-5000 Salute Cracker 12 pcs BOGO' and variant 'Regular' were checked against the linked product-level code, retail presentation, actual package photograph and corroborating catalog sources. Internal retailer model equality alone was not used. The retailer heading says M-60 style, but the actual package is M-5000 and Square explicitly identifies the World-Class 12-pack. Do not reuse 36- or 72-pack photos.","docs/catalog/enrichment-2026-09/references/m-5000-world-class-12-pack-original.png","73924fbcc0c2bf7c68286f7cbfe263b27593f88dd3434bc1399e0ff43c4fd595","https://usa-fireworks.com/wp-content/uploads/2026/09/original-313.png","Original photograph inspected in contact sheets and package rechecks. Correct full retail presentation; real alpha; no third-party watermark or generated packaging. Optimized without upscaling.","","Product/model and simpler name/brand YouTube queries checked; no exact, sufficiently supported demonstration was approved. Optional field intentionally empty.","2026-09-24-reviewed-5"
"m-5000-cutting-edge-12-pack","M-5000 Salute Crackers","Cutting Edge","Firecrackers","12-pack","Unknown","557","3NQOHAQKGQEEURIQHZHJ4DRU","M-5000 Salute Crackers","8145270103616","https://usa-fireworks.com/products/firecrackers-salutes/m-5000-salute-crackers-12-pack/","Square row 557, code 8145270103616, original name 'M-5000 Salute Crackers' and variant 'Regular' were checked against the linked product-level code, retail presentation, actual package photograph and corroborating catalog sources. Internal retailer model equality alone was not used. The displayed quantity and brand were checked on the package and sources; unverified durations, effects and prices are omitted.","docs/catalog/enrichment-2026-09/references/m-5000-cutting-edge-12-pack-original.png","6504fdbec72b0877cbd88bb7be29873d256c5e13cf0e9047b1f9d9feba044fd6","https://usa-fireworks.com/wp-content/uploads/2026/09/original-314.png","Original photograph inspected in contact sheets and package rechecks. Correct full retail presentation; real alpha; no third-party watermark or generated packaging. Optimized without upscaling.","","Product/model and simpler name/brand YouTube queries checked; no exact, sufficiently supported demonstration was approved. Optional field intentionally empty.","2026-09-24-reviewed-5"
"major-mojo","Major Mojo","World-Class","Assortments","Fireworks assortment","Unknown","576","QHR2H5KR63JK43L2NX2HHNCI","Major Mojo Family Pack","805253396814","https://beta2024.usa-fireworks.com/products/assortments/major-mojo/ | https://www.jakesfireworks.com/fw_type/full-line-family-packs/ | https://www.gogofireworks.com/major-mojo","Square row 576, code 805253396814, original name 'Major Mojo Family Pack' and variant 'Regular' were checked against the linked product-level code, retail presentation, actual package photograph and corroborating catalog sources. Internal retailer model equality alone was not used. The actual assortment and World-Class distributor sources resolve the retailer page that lists both Boomer and World Class.","docs/catalog/enrichment-2026-09/references/major-mojo-original.png","286d8688de1ea8d97c77612f751df7c5be76e7e083ef13c2a8b82cb1dbf8e5a1","https://beta2024.usa-fireworks.com/wp-content/uploads/2024/05/original-5.png","Original photograph inspected in contact sheets and package rechecks. Correct full retail presentation; real alpha; no third-party watermark or generated packaging. Optimized without upscaling.","","Product/model and simpler name/brand YouTube queries checked; no exact, sufficiently supported demonstration was approved. Optional field intentionally empty.","2026-09-24-reviewed-5"
"mexican-jumping-beans","Mexican Jumping Beans","Red Rhino","Fountains","Fountain","Unknown","592","TCGFJ3MNAOY5DEHCFZ2BL2R5","Mexican Jumping Beans","8143270144011","https://staging.usa-fireworks.com/products/new-products/mexican-jumping-beans-48-second-fountain/ | https://dosgringosfireworks.com/mexican-jumping-beans/ | https://www.youtube.com/watch?v=YwVN6LjTX6M","Square row 592, code 8143270144011, original name 'Mexican Jumping Beans' and variant 'Regular' were checked against the linked product-level code, retail presentation, actual package photograph and corroborating catalog sources. Internal retailer model equality alone was not used. The displayed quantity and brand were checked on the package and sources; unverified durations, effects and prices are omitted.","docs/catalog/enrichment-2026-09/references/mexican-jumping-beans-original.png","9438131a619391e7673884deadb42b61b505cb615425c9ed1e5c0f07aefffcdd","https://staging.usa-fireworks.com/wp-content/uploads/2026/04/original-47.png","Original photograph inspected in contact sheets and package rechecks. Correct full retail presentation; real alpha; no third-party watermark or generated packaging. Optimized without upscaling.","https://www.youtube.com/watch?v=YwVN6LjTX6M","Reviewed exact product/model and presentation against the approved source page, indexed demo information and YouTube oEmbed metadata. Not a general search link or different package. Full playback of every video was not performed.","2026-09-24-reviewed-5"
"morning-glory-144-cutting-edge","14-inch Morning Glory","Cutting Edge","Sparklers","14-inch sparklers · 144-count box","Unknown","607","AV5JMGED5UC4OG7NH7O7O47E","Morning Glories 24\6 144 Pieces sparklers","8145270180211","https://usa-fireworks.com/products/sparklers/morning-glory-sparklers-box/","Square row 607, code 8145270180211, original name 'Morning Glories 24\6 144 Pieces sparklers' and variant 'Morning Glorys Pack 144' were checked against the linked product-level code, retail presentation, actual package photograph and corroborating catalog sources. Internal retailer model equality alone was not used. The displayed quantity and brand were checked on the package and sources; unverified durations, effects and prices are omitted.","docs/catalog/enrichment-2026-09/references/morning-glory-144-cutting-edge-original.png","0f1707418547e4e21572713feeabe3644733e39ed9cee1ca4d27585b9083d194","https://usa-fireworks.com/wp-content/uploads/2026/09/original-182.png","Original photograph inspected in contact sheets and package rechecks. Correct full retail presentation; real alpha; no third-party watermark or generated packaging. Optimized without upscaling.","","Product/model and simpler name/brand YouTube queries checked; no exact, sufficiently supported demonstration was approved. Optional field intentionally empty.","2026-09-24-reviewed-5"
"nishiki-blast-6-pack","Nishiki Blast","Raccoon","Artillery Shells","5-inch shells · 6-pack","Unknown","644","A5QPAZSLHSGWWLVXOQIFPISG","Nishiki Blast 5"" Artillery Shells 6 pack","757201306034","https://whitenightsfireworks.com/product/nishiki-blast/ | https://ocfireworks.com/nishiki-blast-5-canister-shell-6pk/ | https://www.kandkfireworks.com/product-page/5-nishiki-blast | https://americanwholesalefireworks.com/nishiki-blast-5/ | https://www.pyromart.com/mobscenefireworks/?category_id=282&cookies_accepted=Y&ec_wid=80&layout=short_list&page=1&sort_by=product&sort_order=asc | https://www.youtube.com/watch?v=K8poHnGn55w","Square row 644, code 757201306034, original name 'Nishiki Blast 5"" Artillery Shells 6 pack' and variant 'Regular' were checked against the linked product-level code, retail presentation, actual package photograph and corroborating catalog sources. Internal retailer model equality alone was not used. Use the photographed original six-shell presentation; do not replace it with the new compact C-model or the 24-pack Holy Nishiki.","docs/catalog/enrichment-2026-09/references/nishiki-blast-6-pack-original.png","382043334d5da05dcb3ae8019757dc059bc14523c190ea9492e61cfff3ecca1d","https://whitenightsfireworks.com/wp-content/uploads/2026/03/original-2.png","Original photograph inspected in contact sheets and package rechecks. Correct full retail presentation; real alpha; no third-party watermark or generated packaging. Optimized without upscaling.","https://www.youtube.com/watch?v=K8poHnGn55w","Reviewed exact product/model and presentation against the approved source page, indexed demo information and YouTube oEmbed metadata. Not a general search link or different package. Full playback of every video was not performed.","2026-09-24-reviewed-5"
"one-bad-mother-in-law","One Bad Mother-In-Law","World-Class","Cakes","16 shots · 500 gram","Unknown","653","D2NK6VMC6V5Q6F7UV5RP7HCA","One Bad Mother-In-Law 500 Gram","8052531503712","https://usa-fireworks.com/products/aerial-all-cakes/aerial-500-gram-cakes/one-bad-mother-in-law/ | https://staging.usa-fireworks.com/products/aerial-all-cakes/aerial-500-gram-cakes/one-bad-mother-in-law/ | https://bigdaddyksfireworksoutlet.com/product/one-bad-mother-in-law/ | https://ocfireworks.com/one-bad-mother-in-law/ | https://www.lastchancefireworks.com/shop/Multishot-Cakes/500-gram-Cakes/p/One-Bad-Mother-in-law-16-Shots-x60072822.htm | https://www.youtube.com/watch?v=RCZOKivGERU","Square row 653, code 8052531503712, original name 'One Bad Mother-In-Law 500 Gram' and variant 'Regular' were checked against the linked product-level code, retail presentation, actual package photograph and corroborating catalog sources. Internal retailer model equality alone was not used. The displayed quantity and brand were checked on the package and sources; unverified durations, effects and prices are omitted.","docs/catalog/enrichment-2026-09/references/one-bad-mother-in-law-original.png","651e947bd47de9e83104da05f8186d575f35e1c299017ae81b9f8c62f83df532","https://usa-fireworks.com/wp-content/uploads/2026/09/original-223.png","Original photograph inspected in contact sheets and package rechecks. Correct full retail presentation; real alpha; no third-party watermark or generated packaging. Optimized without upscaling.","https://www.youtube.com/watch?v=RCZOKivGERU","Reviewed exact product/model and presentation against the approved source page, indexed demo information and YouTube oEmbed metadata. Not a general search link or different package. Full playback of every video was not performed.","2026-09-24-reviewed-5"
"pizza-platter","Pizza Platter","Winda","Cakes","6 cakes · 15 shots per cake","Unknown","688","RG25535S4I3QWL6XUOT4SJVP","Pizza Platter","705108955640","https://lowcountryfireworks.com/GM981/ | https://www.getwinda.com/product-page/pizza-sampler | https://www.youtube.com/watch?v=dKCirafSi6s","Square row 688, code 705108955640, original name 'Pizza Platter' and variant 'Regular' were checked against the linked product-level code, retail presentation, actual package photograph and corroborating catalog sources. Internal retailer model equality alone was not used. Official Winda calls the six-cake case Pizza Platter; the retailer alias Pizza Sampler uses the same case UPC. Not a single pizza slice.","docs/catalog/enrichment-2026-09/references/pizza-platter-original.png","c88786d0d1d01f3b54040b59aaf084a081eccd5beda32a40db2ac2c8d42f6b33","https://cdn11.bigcommerce.com/s-7jhxhununw/images/stencil/1280x1280/products/1516/2159/9468__80087.1699835952.png?c=1","Original photograph inspected in contact sheets and package rechecks. Correct full retail presentation; real alpha; no third-party watermark or generated packaging. Optimized without upscaling.","https://www.youtube.com/watch?v=dKCirafSi6s","Reviewed exact product/model and presentation against the approved source page, indexed demo information and YouTube oEmbed metadata. Not a general search link or different package. Full playback of every video was not performed.","2026-09-24-reviewed-5"
"poopy-puppy","Poopy Puppy","Boomer","Novelties","Novelty firework","Unknown","692","UGWD5ORMIP3Z4SNOJNKZLSXD","Pooping Puppy","8052530222713","https://usa-fireworks.com/products/novelty/poopy-puppy/ | https://bigdaddyksfireworksoutlet.com/product/pooping-dog/","Square row 692, code 8052530222713, original name 'Pooping Puppy' and variant 'Regular' were checked against the linked product-level code, retail presentation, actual package photograph and corroborating catalog sources. Internal retailer model equality alone was not used. The displayed quantity and brand were checked on the package and sources; unverified durations, effects and prices are omitted.","docs/catalog/enrichment-2026-09/references/poopy-puppy-original.png","99d4b1fd582bf52a76d94df3787c216bec2520651e063ef410929032d80636c7","https://usa-fireworks.com/wp-content/uploads/2026/09/original-572.png","Original photograph inspected in contact sheets and package rechecks. Correct full retail presentation; real alpha; no third-party watermark or generated packaging. Optimized without upscaling.","","Product/model and simpler name/brand YouTube queries checked; no exact, sufficiently supported demonstration was approved. Optional field intentionally empty.","2026-09-24-reviewed-5"
"pyro-princess-pack","Pyro Princess Pack","Sky Bacon","Assortments","Pink backpack · Safe & Sane assortment","Unknown","733","D54L65LWKBKYAUHHVM6QNA6L","Pyro Princess Pack","193936959976","https://usa-fireworks.com/products/assortments/pyro-princess-pack/ | https://staging.usa-fireworks.com/products/new-products/pyro-princess-pack/ | https://lowcountryfireworks.com/AT265H-Pyro-Princess-Pack-SS-R-PC/ | https://leefamilyfirework.com/AT265H-Pyro-Princess-Pack-SS-R-PC/","Square row 733, code 193936959976, original name 'Pyro Princess Pack' and variant 'Regular' were checked against the linked product-level code, retail presentation, actual package photograph and corroborating catalog sources. Internal retailer model equality alone was not used. The displayed quantity and brand were checked on the package and sources; unverified durations, effects and prices are omitted.","docs/catalog/enrichment-2026-09/references/pyro-princess-pack-original.png","a65da8ee16249b886b4be432cd27f9c6dca633e2edfa2bd0e4a24ba7e94a1dcb","https://usa-fireworks.com/wp-content/uploads/2026/09/original-1019.png","Original photograph inspected in contact sheets and package rechecks. Correct full retail presentation; real alpha; no third-party watermark or generated packaging. Optimized without upscaling.","","Product/model and simpler name/brand YouTube queries checked; no exact, sufficiently supported demonstration was approved. Optional field intentionally empty.","2026-09-24-reviewed-5"
"jumbo-crackling-balls-3-pack","Jumbo Crackling Balls","Sky Bacon","Novelties","3-pack","Unknown","740","MKPXTJVO2ZN76CBI5QC3BF66","RYG Jumbo Crackling Balls","800000151227","https://nbfireworks.com/NV108-Jumbo-Crackling-Ball-R-PC/ | https://shop.pyrocrate.com/NV108-Jumbo-Crackling-Ball-R-PC/ | https://www.youtube.com/watch?v=OVKxVJw9H5o","Square row 740, code 800000151227, original name 'RYG Jumbo Crackling Balls' and variant 'Regular' were checked against the linked product-level code, retail presentation, actual package photograph and corroborating catalog sources. Internal retailer model equality alone was not used. The displayed quantity and brand were checked on the package and sources; unverified durations, effects and prices are omitted.","docs/catalog/enrichment-2026-09/references/jumbo-crackling-balls-3-pack-original.png","9c9b935ae93a2dc4de25a8cc5070a03080837cf31a2e8badaac24421e43321b8","https://cdn11.bigcommerce.com/s-k6i6scga00/images/stencil/1280x1280/products/1039/1551/4400__69911.1730740277.png?c=1","Original photograph inspected in contact sheets and package rechecks. Correct full retail presentation; real alpha; no third-party watermark or generated packaging. Optimized without upscaling.","https://www.youtube.com/watch?v=OVKxVJw9H5o","Reviewed exact product/model and presentation against the approved source page, indexed demo information and YouTube oEmbed metadata. Not a general search link or different package. Full playback of every video was not performed.","2026-09-24-reviewed-5"
"raccoon-5-inch-24-pack","Raccoon 5-inch Canister Shells","Raccoon","Artillery Shells","5-inch shells · 24-pack","Unknown","741","EFZMXOBWHIVMSUS6YEKZLHZW","Raccoon 5"" Artillery Shells 24 pack","757201324014","https://beta2024.usa-fireworks.com/products/artillery-shells/raccoon-5-canister-shells/ | https://americanwholesalefireworks.com/independence-day-24-pack/ | https://www.youtube.com/watch?v=VNKj9MZJL5k","Square row 741, code 757201324014, original name 'Raccoon 5"" Artillery Shells 24 pack' and variant 'Regular' were checked against the linked product-level code, retail presentation, actual package photograph and corroborating catalog sources. Internal retailer model equality alone was not used. Keep the original RA32401 24-pack and approved original photograph; do not silently rename it to the newer Independence Day branding.","docs/catalog/enrichment-2026-09/references/raccoon-5-inch-24-pack-original.png","88378a3ee5d2ba0b86948045e9f1fda4c368e1b70ffdfa6d265e4cf2272ab2c2","https://beta2024.usa-fireworks.com/wp-content/uploads/2022/04/original-242.png","Original photograph inspected in contact sheets and package rechecks. Correct full retail presentation; real alpha; no third-party watermark or generated packaging. Optimized without upscaling.","https://www.youtube.com/watch?v=VNKj9MZJL5k","Reviewed exact product/model and presentation against the approved source page, indexed demo information and YouTube oEmbed metadata. Not a general search link or different package. Full playback of every video was not performed.","2026-09-24-reviewed-5"
"american-saturn-missile-300","American Saturn Missile Battery","World-Class","Missiles","300 shots","Unknown","789","ADK4WL4CCEYTQAWKHGAW2QDM","Saturn Missile Battery 300 Shot","8052531311515","https://thefireworkssuperstore.com/shop/300-shots","Square row 789, code 8052531311515, original name 'Saturn Missile Battery 300 Shot' and variant 'American Saturn Missile' were checked against the linked product-level code, retail presentation, actual package photograph and corroborating catalog sources. Internal retailer model equality alone was not used. The displayed quantity and brand were checked on the package and sources; unverified durations, effects and prices are omitted.","docs/catalog/enrichment-2026-09/references/american-saturn-missile-300-original.png","01d6ccaa10c2f17c9e3686f0ba5c03c24093152b9d266e97e548fed9919a5bb6","https://thefireworkssuperstore.com/wp-content/uploads/2020/05/300-Shots-1.png","Original photograph inspected in contact sheets and package rechecks. Correct full retail presentation; real alpha; no third-party watermark or generated packaging. Optimized without upscaling.","","Product/model and simpler name/brand YouTube queries checked; no exact, sufficiently supported demonstration was approved. Optional field intentionally empty.","2026-09-24-reviewed-5"
"stars-and-stripes-assortment","Stars and Stripes","World-Class","Assortments","Fireworks assortment","Unknown","856","BD7G6JJ3PMQ6UGFJDF64A2XL","Stars Stripes Assortment","8052530040416","https://thefireworkssuperstore.com/shop/stars-and-stripes-assortment | https://bigdaddyksfireworksoutlet.com/product/stars-stripes/ | https://www.jakesfireworks.com/fw_type/full-line-family-packs/","Square row 856, code 8052530040416, original name 'Stars Stripes Assortment' and variant 'Regular' were checked against the linked product-level code, retail presentation, actual package photograph and corroborating catalog sources. Internal retailer model equality alone was not used. World-Class logo on the original assortment and the Jake's family-pack index establish its brand.","docs/catalog/enrichment-2026-09/references/stars-and-stripes-assortment-original.png","952175377c13ebca5b97b02da3676487b2f7854b9622cc94e5dce1bb88e5b2cc","https://thefireworkssuperstore.com/wp-content/uploads/2020/05/Stars-and-Stripes.png","Original photograph inspected in contact sheets and package rechecks. Correct full retail presentation; real alpha; no third-party watermark or generated packaging. Optimized without upscaling.","","Product/model and simpler name/brand YouTube queries checked; no exact, sufficiently supported demonstration was approved. Optional field intentionally empty.","2026-09-24-reviewed-5"
"super-cakes-4-pack","Super Cakes","Happy Family","Cakes","4 cakes","JLAS500-1","872","FZ4UOHXN2PATZIU7FO7IYHQR","Super Cakes 4","202112120298","https://h4fireworks.com/products/SUPER-CAKES-81-SHOTS-p554811939 | https://americanwholesalefireworks.com/super-cakes-case-of-4/ | https://www.youtube.com/watch?v=Pd_OvuU93nQ","Square row 872, code 202112120298, original name 'Super Cakes 4' and variant 'Regular' were checked against the linked product-level code, retail presentation, actual package photograph and corroborating catalog sources. Internal retailer model equality alone was not used. The Happy Family original image and official product page identify the four-cake set; the case is identified as 81 shots; a per-cake shot count is not asserted.","docs/catalog/enrichment-2026-09/references/super-cakes-4-pack-original.png","643424604c6de351f3e749d313791f2349a8b7b17e54d80b499957b844cfb277","https://d2j6dbq0eux0bg.cloudfront.net/images/69847523/3604890387.png","Original photograph inspected in contact sheets and package rechecks. Correct full retail presentation; real alpha; no third-party watermark or generated packaging. Optimized without upscaling.","https://www.youtube.com/watch?v=Pd_OvuU93nQ","Reviewed exact product/model and presentation against the approved source page, indexed demo information and YouTube oEmbed metadata. Not a general search link or different package. Full playback of every video was not performed.","2026-09-24-reviewed-5"
"super-magnum-12-pack","Super Magnum","Boomer","Artillery Shells","12 shells","Unknown","874","TAESPIMBJC3BD7QYPG2HVSW4","Super Magnum (12 pcs)","8052530140819","https://thefireworkssuperstore.com/shop/super-magnum-shells","Square row 874, code 8052530140819, original name 'Super Magnum (12 pcs)' and variant 'Regular' were checked against the linked product-level code, retail presentation, actual package photograph and corroborating catalog sources. Internal retailer model equality alone was not used. The inspected original Super Magnum package carries the Boomer logo and states 12 assorted shells.","docs/catalog/enrichment-2026-09/references/super-magnum-12-pack-original.png","c7ad4109b8d9c8e1d24886f4f8ab8f81e5d1e2ff56172405da6ff96a595f1cfa","https://thefireworkssuperstore.com/wp-content/uploads/2020/05/Super-Magnum-Shells.png","Original photograph inspected in contact sheets and package rechecks. Correct full retail presentation; real alpha; no third-party watermark or generated packaging. Optimized without upscaling.","","Product/model and simpler name/brand YouTube queries checked; no exact, sufficiently supported demonstration was approved. Optional field intentionally empty.","2026-09-24-reviewed-5"
"the-king-assortment","The King","World-Class","Assortments","Fireworks assortment","Unknown","895","YY2252GSY24VXZARC2U6X6BL","The King Assortment","8052530040119","https://thefireworkssuperstore.com/shop/the-king | https://ocfireworks.com/4-fiberglass-mortar-tube-single-tube/","Square row 895, code 8052530040119, original name 'The King Assortment' and variant 'The King Assortment' were checked against the linked product-level code, retail presentation, actual package photograph and corroborating catalog sources. Internal retailer model equality alone was not used. The displayed quantity and brand were checked on the package and sources; unverified durations, effects and prices are omitted.","docs/catalog/enrichment-2026-09/references/the-king-assortment-original.png","bdb3431eb47b53d6a6665d9fe534d2b7c82139196d286d8a781e46aee0f1f961","https://thefireworkssuperstore.com/wp-content/uploads/2020/05/The-King.png","Original photograph inspected in contact sheets and package rechecks. Correct full retail presentation; real alpha; no third-party watermark or generated packaging. Optimized without upscaling.","","Product/model and simpler name/brand YouTube queries checked; no exact, sufficiently supported demonstration was approved. Optional field intentionally empty.","2026-09-24-reviewed-5"
"tomahawk-missile","Tomahawk Missile","World-Class","Missiles","12-inch missile","Unknown","911","MPDVJ42G6H7A2ORWCX3DJGXI","Tomahawk Missile","8052530152218","https://usa-fireworks.com/products/missiles-rockets/tomahawk-missile/ | https://thefireworkssuperstore.com/shop/tomahawk | https://www.youtube.com/watch?v=BRkcysNW5HA","Square row 911, code 8052530152218, original name 'Tomahawk Missile' and variant 'Regular' were checked against the linked product-level code, retail presentation, actual package photograph and corroborating catalog sources. Internal retailer model equality alone was not used. The displayed quantity and brand were checked on the package and sources; unverified durations, effects and prices are omitted.","docs/catalog/enrichment-2026-09/references/tomahawk-missile-original.png","e2ef485d57fbbf6e14916fc040b6bf6e0bc1639f9bd7d06b9520cd0510c27cb4","https://usa-fireworks.com/wp-content/uploads/2026/09/original-163.png","Original photograph inspected in contact sheets and package rechecks. Correct full retail presentation; real alpha; no third-party watermark or generated packaging. Optimized without upscaling.","https://www.youtube.com/watch?v=BRkcysNW5HA","Reviewed exact product/model and presentation against the approved source page, indexed demo information and YouTube oEmbed metadata. Not a general search link or different package. Full playback of every video was not performed.","2026-09-24-reviewed-5"
"torpedo-snappers","Torpedo Snappers","Black Cat","Novelties","20-count box","Unknown","913","RINS3N3B7E4VFFP6N7JHNLEC","Torpedo","652009003454","https://usa-fireworks.com/products/novelty/torpedo-snappers/ | https://staging.usa-fireworks.com/products/novelty/torpedo-snapper/ | https://www.wincofireworks.com/product/torpedo-snapper/","Square row 913, code 652009003454, original name 'Torpedo' and variant 'Regular' were checked against the linked product-level code, retail presentation, actual package photograph and corroborating catalog sources. Internal retailer model equality alone was not used. Winco confirms the same UPC and packing 6/30/20: a retail box contains twenty snappers.","docs/catalog/enrichment-2026-09/references/torpedo-snappers-original.png","25d28012d768b43cd195d1b8df631ddbbf4659d9e09f4041d7f518ff5740739c","https://usa-fireworks.com/wp-content/uploads/2026/09/original-121.png","Original photograph inspected in contact sheets and package rechecks. Correct full retail presentation; real alpha; no third-party watermark or generated packaging. Optimized without upscaling.","","Product/model and simpler name/brand YouTube queries checked; no exact, sufficiently supported demonstration was approved. Optional field intentionally empty.","2026-09-24-reviewed-5"
"unicorn-chaser-2-pack","Unicorn Chaser","Sky Bacon","Novelties","2-pack","Unknown","935","DXLAVO75BIV7EE5NVWMNZOG7","Unicorn Chaser_BOGO","680149048431","https://whitelightningfireworks.com/NV154-Unicorn-Chaser-R-PK/","Square row 935, code 680149048431, original name 'Unicorn Chaser_BOGO' and variant 'Regular' were checked against the linked product-level code, retail presentation, actual package photograph and corroborating catalog sources. Internal retailer model equality alone was not used. The displayed quantity and brand were checked on the package and sources; unverified durations, effects and prices are omitted.","docs/catalog/enrichment-2026-09/references/unicorn-chaser-2-pack-original.png","53c09cd2df6616f4dd833bba60a05ce25bbb40f4a8f71f4ca0c500a7a5d915dd","https://cdn11.bigcommerce.com/s-hb1q1ykt9j/images/stencil/1280x1280/products/804/1210/5794__23670.1742482787.png?c=1","Original photograph inspected in contact sheets and package rechecks. Correct full retail presentation; real alpha; no third-party watermark or generated packaging. Optimized without upscaling.","","Product/model and simpler name/brand YouTube queries checked; no exact, sufficiently supported demonstration was approved. Optional field intentionally empty.","2026-09-24-reviewed-5"
"united-we-stand-48-pack","United We Stand","World-Class","Artillery Shells","48 shells · 84 breaks","Unknown","937","LLYFGENB2BOJMKH4BIIMI7O7","United We Stand Assortment","8052530142714","https://beta2024.usa-fireworks.com/products/artillery-shells/united-we-stand/ | https://staging.usa-fireworks.com/products/artillery-shells/united-we-stand/ | https://usa-fireworks.com/products/artillery-shells/united-we-stand/ | https://bigdaddyksfireworksoutlet.com/product/united-we-stand/ | https://www.jakesfireworks.com/firework/united-we-stand/ | https://www.youtube.com/watch?v=FpmloMND3wY","Square row 937, code 8052530142714, original name 'United We Stand Assortment' and variant 'Regular' were checked against the linked product-level code, retail presentation, actual package photograph and corroborating catalog sources. Internal retailer model equality alone was not used. The displayed quantity and brand were checked on the package and sources; unverified durations, effects and prices are omitted.","docs/catalog/enrichment-2026-09/references/united-we-stand-48-pack-original.png","7fca1e6c4541dd145a7de808faa8fbf517d891f10d38ad649ef7a92f0cdfda06","https://beta2024.usa-fireworks.com/wp-content/uploads/2022/02/original-788.png","Original photograph inspected in contact sheets and package rechecks. Correct full retail presentation; real alpha; no third-party watermark or generated packaging. Optimized without upscaling.","https://www.youtube.com/watch?v=FpmloMND3wY","Reviewed exact product/model and presentation against the approved source page, indexed demo information and YouTube oEmbed metadata. Not a general search link or different package. Full playback of every video was not performed.","2026-09-24-reviewed-5"
"vertical-limit","Vertical Limit","Cutting Edge","Cakes","16 shots · 200 gram","Unknown","942","53PY236TSO7UAIDCPQL23F4D","Vertical Limit 200 Gram 16 Shot","8145270145913","https://staging.usa-fireworks.com/products/aerial-all-cakes/aerial-200-gram-cakes/vertical-limit/ | https://www.youtube.com/watch?v=vbqaM8cz2ZE","Square row 942, code 8145270145913, original name 'Vertical Limit 200 Gram 16 Shot' and variant 'Regular' were checked against the linked product-level code, retail presentation, actual package photograph and corroborating catalog sources. Internal retailer model equality alone was not used. The displayed quantity and brand were checked on the package and sources; unverified durations, effects and prices are omitted.","docs/catalog/enrichment-2026-09/references/vertical-limit-original.png","6c8c1ae95368a1d3acbfa93f84f1e587fcf160af25418f82c874a7fe978e40bd","https://staging.usa-fireworks.com/wp-content/uploads/2024/11/original-7431.png","Original photograph inspected in contact sheets and package rechecks. Correct full retail presentation; real alpha; no third-party watermark or generated packaging. Optimized without upscaling.","https://www.youtube.com/watch?v=vbqaM8cz2ZE","Reviewed exact product/model and presentation against the approved source page, indexed demo information and YouTube oEmbed metadata. Not a general search link or different package. Full playback of every video was not performed.","2026-09-24-reviewed-5"
"viva-mexico","Viva Mexico","Sky Bacon","Cakes","19 shots · 500 gram","Unknown","947","GRLCY6BUJIQP24563LEUEXK4","Viva Mexico 500 Gram","800000323105","https://usa-fireworks.com/products/aerial-all-cakes/aerial-500-gram-cakes/viva-mexico/ | https://staging.usa-fireworks.com/products/aerial-all-cakes/aerial-500-gram-cakes/viva-mexico/ | https://www.youtube.com/watch?v=4DyNqNq3Rtk","Square row 947, code 800000323105, original name 'Viva Mexico 500 Gram' and variant 'Regular' were checked against the linked product-level code, retail presentation, actual package photograph and corroborating catalog sources. Internal retailer model equality alone was not used. The displayed quantity and brand were checked on the package and sources; unverified durations, effects and prices are omitted.","docs/catalog/enrichment-2026-09/references/viva-mexico-original.png","10ab6fa3128047d433e9a26dddbf70d768053cd75c5153ed60054c376eec899f","https://usa-fireworks.com/wp-content/uploads/2026/09/original-640.png","Original photograph inspected in contact sheets and package rechecks. Correct full retail presentation; real alpha; no third-party watermark or generated packaging. Optimized without upscaling.","https://www.youtube.com/watch?v=4DyNqNq3Rtk","Reviewed exact product/model and presentation against the approved source page, indexed demo information and YouTube oEmbed metadata. Not a general search link or different package. Full playback of every video was not performed.","2026-09-24-reviewed-5"
"watermelon-ninja","Watermelon Ninja","Sky Bacon","Fountains","Fountain","Unknown","958","Y67YAJM4MTK2Q3WK6TKIAQSU","Watermelon  Ninja","705108915040","https://76fireworkstore.com/FN150-Watermelon-Ninja-R-PC | https://www.youtube.com/watch?v=W-DZEcV-t9A","Square row 958, code 705108915040, original name 'Watermelon  Ninja' and variant 'Regular' were checked against the linked product-level code, retail presentation, actual package photograph and corroborating catalog sources. Internal retailer model equality alone was not used. The displayed quantity and brand were checked on the package and sources; unverified durations, effects and prices are omitted.","docs/catalog/enrichment-2026-09/references/watermelon-ninja-original.png","7859fa908f268816db0c5757bfdc191c1561dee555cba79feaa4a78c950bf7ca","https://cdn11.bigcommerce.com/s-9mwycnqmio/images/stencil/1280x1280/products/3617/4941/7636__11354.1684210395.png?c=1","Original photograph inspected in contact sheets and package rechecks. Correct full retail presentation; real alpha; no third-party watermark or generated packaging. Optimized without upscaling.","https://www.youtube.com/watch?v=W-DZEcV-t9A","Reviewed exact product/model and presentation against the approved source page, indexed demo information and YouTube oEmbed metadata. Not a general search link or different package. Full playback of every video was not performed.","2026-09-24-reviewed-5"
"what-boys-are-made-of","What Boys Are Made Of","World-Class","Assortments","Backpack assortment","Unknown","966","MM3BLPBIRXKHJ5V4YE4XWPAQ","What Boys Are Made Of","8052530044216","https://beta2024.usa-fireworks.com/products/assortments/what-boys-are-made-of/ | https://thefireworkssuperstore.com/shop/what-boys-are-made-of-backpack","Square row 966, code 8052530044216, original name 'What Boys Are Made Of' and variant 'Regular' were checked against the linked product-level code, retail presentation, actual package photograph and corroborating catalog sources. Internal retailer model equality alone was not used. The displayed quantity and brand were checked on the package and sources; unverified durations, effects and prices are omitted.","docs/catalog/enrichment-2026-09/references/what-boys-are-made-of-original.png","6519ba4ac80273e7360273dad8e6f6271fe492c3c0c26f60a2e9262cf6858334","https://beta2024.usa-fireworks.com/wp-content/uploads/2023/12/original-166.png","Original photograph inspected in contact sheets and package rechecks. Correct full retail presentation; real alpha; no third-party watermark or generated packaging. Optimized without upscaling.","","Product/model and simpler name/brand YouTube queries checked; no exact, sufficiently supported demonstration was approved. Optional field intentionally empty.","2026-09-24-reviewed-5"
"whats-that","What's That!?!","Sky Bacon","Cakes","Cake and girandola","Unknown","967","FLN6Q2HNLPI5J536VFRX5FV3","What's That 500 Gram","674662504420","https://lowcountryfireworks.com/GM1026-Whats-That-girandola-R-PC/?setCurrencyId=1%5C | https://www.youtube.com/watch?v=L2WsPuS3AI8","Square row 967, code 674662504420, original name 'What's That 500 Gram' and variant 'Regular' were checked against the linked product-level code, retail presentation, actual package photograph and corroborating catalog sources. Internal retailer model equality alone was not used. The displayed quantity and brand were checked on the package and sources; unverified durations, effects and prices are omitted.","docs/catalog/enrichment-2026-09/references/whats-that-original.png","ce8d86e1a1e5897b2dfa0cea98480d867b20757c94ec958c975b31e0b242d538","https://cdn11.bigcommerce.com/s-7jhxhununw/images/stencil/1280x1280/products/1809/2394/10493__81732.1717425554.png?c=1","Original photograph inspected in contact sheets and package rechecks. Correct full retail presentation; real alpha; no third-party watermark or generated packaging. Optimized without upscaling.","https://www.youtube.com/watch?v=L2WsPuS3AI8","Reviewed exact product/model and presentation against the approved source page, indexed demo information and YouTube oEmbed metadata. Not a general search link or different package. Full playback of every video was not performed.","2026-09-24-reviewed-5"
"frog-princess","Frog Princess","World-Class","Fountains","Pink frog fountain","Unknown","1011","DXJSL22TCSMUGGQINAP24X5T","frog princess","8052531144915","https://usa-fireworks.com/products/fountains/fountains-200-gram/frog-princess/ | https://wholesalefireworks.com/firework/frog-princess/","Square row 1011, code 8052531144915, original name 'frog princess' and variant 'Frog Princess' were checked against the linked product-level code, retail presentation, actual package photograph and corroborating catalog sources. Internal retailer model equality alone was not used. The displayed quantity and brand were checked on the package and sources; unverified durations, effects and prices are omitted.","docs/catalog/enrichment-2026-09/references/frog-princess-original.png","fc7795005830ffa108be394122e039167ba759040a1f8a992ced9c426e958327","https://usa-fireworks.com/wp-content/uploads/2026/09/original-492.png","Original photograph inspected in contact sheets and package rechecks. Correct full retail presentation; real alpha; no third-party watermark or generated packaging. Optimized without upscaling.","","Product/model and simpler name/brand YouTube queries checked; no exact, sufficiently supported demonstration was approved. Optional field intentionally empty.","2026-09-24-reviewed-5"
"frog-prince","Frog Prince","World-Class","Fountains","Green frog fountain","Unknown","1012","C5IJRH4ATYMQXYAVEYHQW35A","frog princess","8052531137719","https://usa-fireworks.com/products/fountains/fountains-200-gram/frog-prince/ | https://beta2024.usa-fireworks.com/products/fountains/fountains-200-gram/frog-prince/ | https://fireworkconnection.com/product/frog-prince/ | https://www.youtube.com/watch?v=X0bY7OMXY8c","Square row 1012, code 8052531137719, original name 'frog princess' and variant 'Frog Prince' were checked against the linked product-level code, retail presentation, actual package photograph and corroborating catalog sources. Internal retailer model equality alone was not used. The displayed quantity and brand were checked on the package and sources; unverified durations, effects and prices are omitted.","docs/catalog/enrichment-2026-09/references/frog-prince-original.png","3008e6a2929df586c2dd80e41ba6ba8b54553a6cf584a101623db7790f075bfa","https://usa-fireworks.com/wp-content/uploads/2026/09/original-190.png","Original photograph inspected in contact sheets and package rechecks. Correct full retail presentation; real alpha; no third-party watermark or generated packaging. Optimized without upscaling.","https://www.youtube.com/watch?v=X0bY7OMXY8c","Reviewed exact product/model and presentation against the approved source page, indexed demo information and YouTube oEmbed metadata. Not a general search link or different package. Full playback of every video was not performed.","2026-09-24-reviewed-5"
"goliath-36-shells","Goliath","World-Class","Artillery Shells","36 shells","Unknown","1015","4RIXDLTM62EP3YANE6EI3ISQ","goliath","805253026520","https://bigdaddyksfireworksoutlet.com/product/goliath/","Square row 1015, code 805253026520, original name 'goliath' and variant 'Regular' were checked against the linked product-level code, retail presentation, actual package photograph and corroborating catalog sources. Internal retailer model equality alone was not used. The displayed quantity and brand were checked on the package and sources; unverified durations, effects and prices are omitted.","docs/catalog/enrichment-2026-09/references/goliath-36-shells-original.png","4f3c70611c088971050b2e972620cf82b00d7e6f24e6f3154cb805ba882d46a4","https://bigdaddyksfireworksoutlet.com/wp-content/uploads/2017/05/Goliath.png","Original photograph inspected in contact sheets and package rechecks. Correct full retail presentation; real alpha; no third-party watermark or generated packaging. Optimized without upscaling.","","Product/model and simpler name/brand YouTube queries checked; no exact, sufficiently supported demonstration was approved. Optional field intentionally empty.","2026-09-24-reviewed-5"
"hoot-hoot-hooray","Hoot Hoot Hooray!","Winda","Fountains","Fountain","Unknown","1020","4OVKMNYNTWXUH5ITGCIUIWW5","hoot hoot hooray","705108321902","https://76fireworkstore.com/FN485-Hoot-Hoot-Hooray-P3219-R-PC | https://www.youtube.com/watch?v=sXjHknnfVe8","Square row 1020, code 705108321902, original name 'hoot hoot hooray' and variant 'Regular' were checked against the linked product-level code, retail presentation, actual package photograph and corroborating catalog sources. Internal retailer model equality alone was not used. The displayed quantity and brand were checked on the package and sources; unverified durations, effects and prices are omitted.","docs/catalog/enrichment-2026-09/references/hoot-hoot-hooray-original.png","a3dc8b9af029a962b993cd9726876242789281ee9c3cfbcf34b1836f9692f283","https://cdn11.bigcommerce.com/s-9mwycnqmio/images/stencil/1280x1280/products/5236/6768/9596__38611.1685571739.png?c=1","Original photograph inspected in contact sheets and package rechecks. Correct full retail presentation; real alpha; no third-party watermark or generated packaging. Optimized without upscaling.","https://www.youtube.com/watch?v=sXjHknnfVe8","Reviewed exact product/model and presentation against the approved source page, indexed demo information and YouTube oEmbed metadata. Not a general search link or different package. Full playback of every video was not performed.","2026-09-24-reviewed-5"
"smoke-crayon-8-pack","Smoke Crayon","Sky Bacon","Smoke","8-pack · Assorted colors","Unknown","1049","JHSEIAM24BK6XQH6KT7HOR6W","smoke crayon 8pc","674662505397","https://elevatedfireworks.com/collections/smoke/products/smoke-crayon-8-pack | https://centraliowafireworks.com/SK114-Smoke-Crayon-R-PC/ | https://www.youtube.com/watch?v=-fB_WRXNjRo","Square row 1049, code 674662505397, original name 'smoke crayon 8pc' and variant 'Regular' were checked against the linked product-level code, retail presentation, actual package photograph and corroborating catalog sources. Internal retailer model equality alone was not used. The displayed quantity and brand were checked on the package and sources; unverified durations, effects and prices are omitted.","docs/catalog/enrichment-2026-09/references/smoke-crayon-8-pack-original.png","bf3c53663c21ec115beff5aaf76bc33ad5d0aed2f6cc46e76ed4eddd2a4fd8c4","https://elevatedfireworks.com/cdn/shop/files/image_303d7293-5232-4db5-9ccc-1924e16576dd.png?v=1750777876&width=1920","Original photograph inspected in contact sheets and package rechecks. Correct full retail presentation; real alpha; no third-party watermark or generated packaging. Optimized without upscaling.","https://www.youtube.com/watch?v=-fB_WRXNjRo","Reviewed exact product/model and presentation against the approved source page, indexed demo information and YouTube oEmbed metadata. Not a general search link or different package. Full playback of every video was not performed.","2026-09-24-reviewed-5"
"openfire","Openfire","Brothers","Cakes","33 shots · 500 gram","BP2086","655","4QSJROFXXZ4LS3FKPOCQLOWI","Open Fire 500 Gram","687985208616","https://www.brotherspyrotechnics.com/ProductDetails/1025 | https://shop.midnightmadnessfireworks.com/GM131B-Openfire-brothers-33-shots-R-PC/ | https://skylinefireworksllc.com/GM131B-Openfire-brothers-33-shots-R-PC/ | https://www.wincofireworks.com/product/openfire/ | https://www.youtube.com/watch?v=_0OpXDqUtwE","Square row 655, code 687985208616, original name 'Open Fire 500 Gram' and variant 'Regular' were checked against the linked product-level code, retail presentation, actual package photograph and corroborating catalog sources. Internal retailer model equality alone was not used. The displayed quantity and brand were checked on the package and sources; unverified durations, effects and prices are omitted.","docs/catalog/enrichment-2026-09/references/openfire-original.png","55b1959250f1a0c3b39ac8215408400c7d557cb7dfbb3b1057cd5bfa603f077b","https://www.brotherspyrotechnics.com/api/Resource/GetImage?fileId=386&width=900&height=900","Original photograph inspected in contact sheets and package rechecks. Correct full retail presentation; real alpha; no third-party watermark or generated packaging. Optimized without upscaling.","https://www.youtube.com/watch?v=_0OpXDqUtwE","Reviewed exact product/model and presentation against the approved source page, indexed demo information and YouTube oEmbed metadata. Not a general search link or different package. Full playback of every video was not performed.","2026-09-24-reviewed-5"
"pure-fantasy","Pure Fantasy","Brothers","Fountains","Fountain","BP4264","709","K3CPITE3BIQOUTBNOLKATW72","Pure Fantasy  Fountain","687985426416","https://www.brotherspyrotechnics.com/ProductDetails/1059 | https://usa-fireworks.com/products/fountains/fountains-200-gram/pure-fantasy/ | https://fireworkconnection.com/product/pure-fantasy/ | https://wafireworks.com/FN251-Pure-Fantasy-R-PC/ | https://simpsonfireworks.com/FN251-Pure-Fantasy-R-PC/ | https://www.wincofireworks.com/product/pure-fantasy/ | https://www.youtube.com/watch?v=9adEvQcSx94","Square row 709, code 687985426416, original name 'Pure Fantasy  Fountain' and variant 'Regular' were checked against the linked product-level code, retail presentation, actual package photograph and corroborating catalog sources. Internal retailer model equality alone was not used. The displayed quantity and brand were checked on the package and sources; unverified durations, effects and prices are omitted.","docs/catalog/enrichment-2026-09/references/pure-fantasy-original.png","4c1e5de7c25726a9b1b68f77063ceb533212673a421d979eff61c7f9f3a78ff1","https://www.brotherspyrotechnics.com/api/Resource/GetImage?fileId=809&width=900&height=900","Original photograph inspected in contact sheets and package rechecks. Correct full retail presentation; real alpha; no third-party watermark or generated packaging. Optimized without upscaling.","https://www.youtube.com/watch?v=9adEvQcSx94","Reviewed exact product/model and presentation against the approved source page, indexed demo information and YouTube oEmbed metadata. Not a general search link or different package. Full playback of every video was not performed.","2026-09-24-reviewed-5"
"secret-vault","Secret Vault","Brothers","Assortments","Fireworks assortment","BP-A122","796","IDRRN7PXEHU5ESAIDFWNUFCC","Secret Vault Family Pack","687985912209","https://www.brotherspyrotechnics.com/ProductDetails/940 | https://shop.midnightmadnessfireworks.com/AT293-Secret-Vault-Assortment-R-PC/ | https://www.youtube.com/watch?v=a7MKz9ew5zI","Square row 796, code 687985912209, original name 'Secret Vault Family Pack' and variant 'Regular' were checked against the linked product-level code, retail presentation, actual package photograph and corroborating catalog sources. Internal retailer model equality alone was not used. The displayed quantity and brand were checked on the package and sources; unverified durations, effects and prices are omitted.","docs/catalog/enrichment-2026-09/references/secret-vault-original.png","ee2c669465da595676fcdf65e6d4c3e33986cd82bc0a63edf7f80eb6d4e5d2ab","https://www.brotherspyrotechnics.com/api/Resource/GetImage?fileId=1017&width=900&height=900","Original photograph inspected in contact sheets and package rechecks. Correct full retail presentation; real alpha; no third-party watermark or generated packaging. Optimized without upscaling.","https://www.youtube.com/watch?v=a7MKz9ew5zI","Reviewed exact product/model and presentation against the approved source page, indexed demo information and YouTube oEmbed metadata. Not a general search link or different package. Full playback of every video was not performed.","2026-09-24-reviewed-5"
"skybolt-rockets-5-pack","Skybolt","Brothers","Rockets","5 rockets","BP1217","814","LCUKICYEVG6O6GGZEFQMVWYJ","Skybolt (5 sticks)","687985121717","https://www.brotherspyrotechnics.com/ProductDetails/941 | https://usa-fireworks.com/products/missiles-rockets/sky-bolt-5-pack/ | https://pyromaniapyro.com/skybolt/ | https://americanwholesalefireworks.com/skybolt-rocket/ | https://www.lastchancefireworks.com/shop/c/p/Skybolt-Rocket-x63788399.htm | https://www.youtube.com/watch?v=UOJQVjB-d4w","Square row 814, code 687985121717, original name 'Skybolt (5 sticks)' and variant 'Regular' were checked against the linked product-level code, retail presentation, actual package photograph and corroborating catalog sources. Internal retailer model equality alone was not used. The displayed quantity and brand were checked on the package and sources; unverified durations, effects and prices are omitted.","docs/catalog/enrichment-2026-09/references/skybolt-rockets-5-pack-original.png","0d58201f3394144c91254345cdd38801c0b5c9358c4874473c1dcd366cb5f261","https://www.brotherspyrotechnics.com/api/Resource/GetImage?fileId=2029&width=900&height=900","Original photograph inspected in contact sheets and package rechecks. Correct full retail presentation; real alpha; no third-party watermark or generated packaging. Optimized without upscaling.","https://www.youtube.com/watch?v=UOJQVjB-d4w","Reviewed exact product/model and presentation against the approved source page, indexed demo information and YouTube oEmbed metadata. Not a general search link or different package. Full playback of every video was not performed.","2026-09-24-reviewed-5"
"super-sword","Super Sword","Brothers","Fountains","Handheld fountain","BP4340","876","AHKZ7C7WXML7I5RH7EVVP3NV","Super Sword Boy","687985434015","https://www.brotherspyrotechnics.com/ProductDetails/860 | https://fireworkconnection.com/product/super-sword/ | https://dosgringosfireworks.com/FN359-Super-Sword-R-PC/ | https://www.youtube.com/watch?v=O5VoX2zvR6Y","Square row 876, code 687985434015, original name 'Super Sword Boy' and variant 'Regular' were checked against the linked product-level code, retail presentation, actual package photograph and corroborating catalog sources. Internal retailer model equality alone was not used. The displayed quantity and brand were checked on the package and sources; unverified durations, effects and prices are omitted.","docs/catalog/enrichment-2026-09/references/super-sword-original.png","a49d9a5b8265052d5c9f0926839097a5309a89022272684d08c6014ef72e5a56","https://www.brotherspyrotechnics.com/api/Resource/GetImage?fileId=832&width=900&height=900","Original photograph inspected in contact sheets and package rechecks. Correct full retail presentation; real alpha; no third-party watermark or generated packaging. Optimized without upscaling.","https://www.youtube.com/watch?v=O5VoX2zvR6Y","Reviewed exact product/model and presentation against the approved source page, indexed demo information and YouTube oEmbed metadata. Not a general search link or different package. Full playback of every video was not performed.","2026-09-24-reviewed-5"
"gatlin-pack","Gatlin Pack","Black Cat","Roman Candles","8 candles · 5 shots per candle · Includes launch tube","Unknown","404","S27B6LDFK4CFX5ZLTUT7BE3Z","Gatlin pack 8pc roman candle","715244005055","https://www.wincofireworks.com/product/gatlin-pack-bc/ | https://www.youtube.com/watch?v=a-6idzB4GjU","Square row 404, code 715244005055, original name 'Gatlin pack 8pc roman candle' and variant 'Regular' were checked against the linked product-level code, retail presentation, actual package photograph and corroborating catalog sources. Internal retailer model equality alone was not used. Supplier packing 8/9 counts eight candles plus the launch tube; its explicit description confirms eight candles, not nine candles.","docs/catalog/enrichment-2026-09/references/gatlin-pack-original.png","36bf5bedcc47c403ff69dd5a740f25f4ee637ec3904f74afc116e33a36581dfa","https://www.wincofireworks.com/wp-content/uploads/2025/08/Gatlin-pack.png","Original photograph inspected in contact sheets and package rechecks. Correct full retail presentation; real alpha; no third-party watermark or generated packaging. Optimized without upscaling.","https://www.youtube.com/watch?v=a-6idzB4GjU","Reviewed exact product/model and presentation against the approved source page, indexed demo information and YouTube oEmbed metadata. Not a general search link or different package. Full playback of every video was not performed.","2026-09-24-reviewed-5"
"goal-fountain","Goal","Fox","Fountains","Soccer ball fountain","Unknown","417","4L7HAUXUJ733VND4WOHYQ5NN","Goal!","514677002200","https://www.wincofireworks.com/product/goal-2/ | https://bartzfireworks.com/brand/fox/","Square row 417, code 514677002200, original name 'Goal!' and variant 'Regular' were checked against the linked product-level code, retail presentation, actual package photograph and corroborating catalog sources. Internal retailer model equality alone was not used. The displayed quantity and brand were checked on the package and sources; unverified durations, effects and prices are omitted.","docs/catalog/enrichment-2026-09/references/goal-fountain-original.png","8771050481c765b360758b6726857c94664941531c51a351b67bbcb183aa3b8e","https://www.wincofireworks.com/wp-content/uploads/2025/08/FNF220-Goal.png","Original photograph inspected in contact sheets and package rechecks. Correct full retail presentation; real alpha; no third-party watermark or generated packaging. Optimized without upscaling.","","Product/model and simpler name/brand YouTube queries checked; no exact, sufficiently supported demonstration was approved. Optional field intentionally empty.","2026-09-24-reviewed-5"
"patriotic-fury","Patriotic Fury","Fox","Roman Candles","250 shots","Unknown","675","6Q5EU5MTXGXJTDIOWHLDA6L2","Patriotic Fury","514677005027","https://www.wincofireworks.com/product/patriotic-fury/ | https://elevatedfireworks.com/collections/america-250/products/patriotic-fury-roman-candle-assortment","Square row 675, code 514677005027, original name 'Patriotic Fury' and variant 'Regular' were checked against the linked product-level code, retail presentation, actual package photograph and corroborating catalog sources. Internal retailer model equality alone was not used. The displayed quantity and brand were checked on the package and sources; unverified durations, effects and prices are omitted.","docs/catalog/enrichment-2026-09/references/patriotic-fury-original.png","46b8c50687979aeaf4cd372cfb888f14dccbc470361c0f00c940413648a2a01c","https://www.wincofireworks.com/wp-content/uploads/2026/01/Patriotic_Fury1.png","Original photograph inspected in contact sheets and package rechecks. Correct full retail presentation; real alpha; no third-party watermark or generated packaging. Optimized without upscaling.","","Product/model and simpler name/brand YouTube queries checked; no exact, sufficiently supported demonstration was approved. Optional field intentionally empty.","2026-09-24-reviewed-5"
"silent-treatment","Silent Treatment","Unknown","Fountains","Fountain","Unknown","805","44TDILAVET7KFW3RUYZOHEBZ","Silent Treatment Fountain","514677002255","https://www.wincofireworks.com/product/silent-treatment/","Square row 805, code 514677002255, original name 'Silent Treatment Fountain' and variant 'Regular' were checked against the linked product-level code, retail presentation, actual package photograph and corroborating catalog sources. Internal retailer model equality alone was not used. Consumer brand remains unknown; the exact Winco UPC/name/photo establish identity without inventing a brand.","docs/catalog/enrichment-2026-09/references/silent-treatment-original.png","ae632bc292a14b0b25053f14531c1c2951ae0571e12cc1ff0bcf4ca11bd3bfd8","https://www.wincofireworks.com/wp-content/uploads/2025/08/Silent-Treatment.png","Original photograph inspected in contact sheets and package rechecks. Correct full retail presentation; real alpha; no third-party watermark or generated packaging. Optimized without upscaling.","","Product/model and simpler name/brand YouTube queries checked; no exact, sufficiently supported demonstration was approved. Optional field intentionally empty.","2026-09-24-reviewed-5"
"black-cat-missile-base-100","100 Shot Missile Base","Black Cat","Missiles","100 shots","Unknown","165","U3PPF3HY5PVYEJ3EA2TQTIWV","BC Missile Base 100 Shot","715244006809","https://www.wincofireworks.com/product/100-shot-missile-base-black-cat/","Square row 165 code 715244006809 matches current supplier UPC. The complete original product image, brand, retail presentation and packing were visually reviewed; no stock or price is imported.","docs/catalog/enrichment-2026-09/references/black-cat-missile-base-100-verified-unit.png","c47fff7ac9d273aa046386af25b39418724cbe3e3875c93d6051ffe8c250ae3c","https://www.wincofireworks.com/wp-content/uploads/2025/08/100-Shot-Missile-Base.png","Complete exact retail unit/package visually checked; genuine alpha, original packaging, no watermark or generated text. Resize only, no upscale.","","Exact YouTube demonstration not approved. Similar products and UK variants are not reused.","2026-09-24-supplier-6"
"black-cat-night-display","Night Display","Black Cat","Assortments","Aerial assortment","Unknown","218","TT2SFUZFZHFHXAQHVH2RAWZM","Black Cat Night Display","715244000012","https://www.wincofireworks.com/product/black-cat-night-display/","Square row 218 code 715244000012 matches current supplier UPC. The complete original product image, brand, retail presentation and packing were visually reviewed; no stock or price is imported.","docs/catalog/enrichment-2026-09/references/black-cat-night-display-verified-unit.png","71b2080d36f7646b5ae8eb7ebb0b856c7fc7840744704e2640bdafc973faf5cb","https://www.wincofireworks.com/wp-content/uploads/2025/08/Night-Display.png","Complete exact retail unit/package visually checked; genuine alpha, original packaging, no watermark or generated text. Resize only, no upscale.","","Exact YouTube demonstration not approved. Similar products and UK variants are not reused.","2026-09-24-supplier-6"
"black-cat-party-pack-4","Party Pack 4","Black Cat","Assortments","Fireworks assortment","Unknown","219","EROQU5GO4XDUEGIESZCKSHZE","Black Cat Party Pack 4 Family Pack","715244001002","https://www.wincofireworks.com/product/party-pack-4/","Square row 219 code 715244001002 matches current supplier UPC. The complete original product image, brand, retail presentation and packing were visually reviewed; no stock or price is imported.","docs/catalog/enrichment-2026-09/references/black-cat-party-pack-4-verified-unit.png","1b4f1c28069271ea0409568c951c957e5a913b3ef0e001cab3d053be2525c6d6","https://www.wincofireworks.com/wp-content/uploads/2025/08/Party-Pack-4.png","Complete exact retail unit/package visually checked; genuine alpha, original packaging, no watermark or generated text. Resize only, no upscale.","","Exact YouTube demonstration not approved. Similar products and UK variants are not reused.","2026-09-24-supplier-6"
"black-cat-combo-cakes","Black Cat Combo Cakes","Black Cat","Cakes","4 cakes · 15 shots per cake","Unknown","221","C7MGH6L5OBMU2I7P6XRLCCYG","Black Cat combo Cakes","715244963935","https://www.wincofireworks.com/product/combo-cakes/ | https://www.elitefireworks.com/products/black-cat-combo-cakes","Square row 221 code 715244963935 matches current supplier UPC. The complete original product image, brand, retail presentation and packing were visually reviewed; no stock or price is imported.","docs/catalog/enrichment-2026-09/references/black-cat-combo-cakes-verified-unit.png","845cde49b9a32bddbc7ac87fc8e6ff0b0926db58e3787321f358555a5d3a8601","https://www.wincofireworks.com/wp-content/uploads/2025/08/Assorted-Combo-Cakes-1.png","Complete exact retail unit/package visually checked; genuine alpha, original packaging, no watermark or generated text. Resize only, no upscale.","","Exact YouTube demonstration not approved. Similar products and UK variants are not reused.","2026-09-24-supplier-6"
"dragon-fire-black-cat","Dragon Fire","Black Cat","Fountains","Dragon-shaped novelty fountain","Unknown","332","CVUYVGDATU552XE7223KCXM7","Dragon Fire Fountain","811451015150","https://www.wincofireworks.com/product/dragon-fire/ | https://vimeo.com/520041765","Square row 332 code 811451015150 matches current supplier UPC. The complete original product image, brand, retail presentation and packing were visually reviewed; no stock or price is imported.","docs/catalog/enrichment-2026-09/references/dragon-fire-black-cat-verified-unit.png","9d5a581ea9fe88a44084bda40f2dffe23e2c61cba30d63b30a23be8dd23d45ba","https://www.wincofireworks.com/wp-content/uploads/2025/08/Dragon-Fire-1.png","Complete exact retail unit/package visually checked; genuine alpha, original packaging, no watermark or generated text. Resize only, no upscale.","","Exact YouTube demonstration not approved. Similar products and UK variants are not reused.","2026-09-24-supplier-6"
"hot-sauce","Hot Sauce","Black Cat","Fountains","Fountain","Unknown","462","FXE5QLUXVHWMCQYDRZA6DWMA","Hot Sauce Fountain","715244021970","https://www.wincofireworks.com/product/hot-sauce/","Square row 462 code 715244021970 matches current supplier UPC. The complete original product image, brand, retail presentation and packing were visually reviewed; no stock or price is imported.","docs/catalog/enrichment-2026-09/references/hot-sauce-verified-unit.png","64326e31dc3506449da29a75b846a9c94a18168892e1546e082d72ea768212c2","https://www.wincofireworks.com/wp-content/uploads/2025/08/Hot-Sauce.png","Complete exact retail unit/package visually checked; genuine alpha, original packaging, no watermark or generated text. Resize only, no upscale.","","Exact YouTube demonstration not approved. Similar products and UK variants are not reused.","2026-09-24-supplier-6"
"black-cat-assorted-snakes","Assorted Snakes","Black Cat","Novelties","6 boxes · Black snakes, colored snakes and glow worms","Unknown","834","CLCR26IVZCUSZQQ54T4PIWIO","Snake Package","715244003440","https://www.wincofireworks.com/product/assorted-snakes/","Square row 834 code 715244003440 matches current supplier UPC. The complete original product image, brand, retail presentation and packing were visually reviewed; no stock or price is imported.","docs/catalog/enrichment-2026-09/references/black-cat-assorted-snakes-verified-unit.png","f82e8f9442f65a99bb6d1e521dd6c6c8be85883f0440099e31b9cab5039c2865","https://www.wincofireworks.com/wp-content/uploads/2025/08/Assorted-Snakes.png","Complete exact retail unit/package visually checked; genuine alpha, original packaging, no watermark or generated text. Resize only, no upscale.","","Exact YouTube demonstration not approved. Similar products and UK variants are not reused.","2026-09-24-supplier-6"
"black-cat-1000-roll","Black Cat 1000 Roll","Black Cat","Firecrackers","1000-count roll","Unknown","186","63W6GHULIGTKDUDEOJI2ATNP","Black Cat 1000ct Firecracker","715244111107","https://dosgringosfireworks.com/black-cat-firecrackers-1000-roll/ | https://www.wincofireworks.com/product/black-cat-1000-roll/","Square row 186 code 715244111107 matches current supplier UPC. The complete original product image, brand, retail presentation and packing were visually reviewed; no stock or price is imported. Rejected multi-size group photograph and obtained this exact single roll: its label visibly states 1000, matching UPC 715244111107 on the retailer page.","docs/catalog/enrichment-2026-09/references/black-cat-1000-roll-verified-unit.png","eeecbac024828f6ea4d36fc5576c2081b07ee3cef1801c5248432bc3c42629b1","https://cdn11.bigcommerce.com/s-6lbg1eq4kz/products/651/images/1621/original-7556__52549.1738525490.386.513.png?c=1","Complete exact retail unit/package visually checked; genuine alpha, original packaging, no watermark or generated text. Resize only, no upscale.","","Exact YouTube demonstration not approved. Similar products and UK variants are not reused.","2026-09-24-supplier-6"
"dreams-from-heaven","Dreams from Heaven","Raccoon","Cakes","200 gram · 25 shots","RA22010","333","PQP2GSG52X57UH5U4X4ATBUH","Dreams From Heaven","757201220101","https://raccoonfireworksusa.com/product/dreams-from-heaven/ | https://dynamitefireworkswarehouse.com/products/Dreams-from-Heaven-25S-p604769558","Square code 757201220101 is explicitly present in the exact retailer product page, corroborated by official Raccoon model RA22010, name, category and retail presentation. Official complete package photograph inspected. No guessed code-prefix match.","docs/catalog/enrichment-2026-09/references/dreams-from-heaven-original.png","73f89016b3183fe3b17b0fa4cd2a62aac69a7d4a40352810fb848290345d0877","https://raccoonfireworksusa.com/wp-content/uploads/2026/08/RA22010.png","Official full product image with genuine alpha; label/name/model/quantity inspected against verified exact retail variant. No watermark or generated packaging.","","Exact model YouTube query returned no result. No generic video assigned.","2026-09-24-official-7"
"pirate-captain","Pirate Captain","Raccoon","Cakes","200 gram · 21 shots","RA22518","685","7NIKJPUYYNEFFUPR4OAZ5TLP","Pirate Captain","757201225182","https://raccoonfireworksusa.com/product/pirate-captain/ | https://supershowfireworks.com/products/pirate-captain-21-shot-by-ra","Square code 757201225182 is explicitly present in the exact retailer product page, corroborated by official Raccoon model RA22518, name, category and retail presentation. Official complete package photograph inspected. No guessed code-prefix match.","docs/catalog/enrichment-2026-09/references/pirate-captain-original.png","87e9cc9dc69d79c80d251f85251911865d8bd41d6a49ad581d30adadafeed3bd","https://raccoonfireworksusa.com/wp-content/uploads/2026/08/RA22518.png","Official full product image with genuine alpha; label/name/model/quantity inspected against verified exact retail variant. No watermark or generated packaging.","","Exact model YouTube query returned no result. No generic video assigned.","2026-09-24-official-7"
"ring-of-honor-6-pack","Ring of Honor","Raccoon","Artillery Shells","5-inch shells · 6-pack","RA30605","757","DVZ5SA2JXOMIZGASFEHJGIR3","Ring Of Honor 5"" Artillery Shells 6 Pack","757201306058","https://raccoonfireworksusa.com/product/5-ring-of-honor/ | https://www.elitefireworks.com/products/ring-of-honor","Square code 757201306058 is explicitly present in the exact retailer product page, corroborated by official Raccoon model RA30605, name, category and retail presentation. Official complete package photograph inspected. No guessed code-prefix match.","docs/catalog/enrichment-2026-09/references/ring-of-honor-6-pack-original.png","2b96a61dd648db9e59e7faa14348dd001fc2d2f9e18364c6b3137261a871d04c","https://raccoonfireworksusa.com/wp-content/uploads/2026/08/RA30605.png","Official full product image with genuine alpha; label/name/model/quantity inspected against verified exact retail variant. No watermark or generated packaging.","","Exact model YouTube query returned no result. No generic video assigned.","2026-09-24-official-7"
